ISO-10303-21;
HEADER;
FILE_DESCRIPTION(('Open CASCADE Model'),'2;1');
FILE_NAME('Open CASCADE Shape Model','2026-09-12T17:56:48',('Author'),(
    'Open CASCADE'),'Open CASCADE STEP processor 7.8','Open CASCADE 7.8'
  ,'Unknown');
FILE_SCHEMA(('AUTOMOTIVE_DESIGN { 1 0 10303 214 1 1 1 1 }'));
ENDSEC;
DATA;
#1 = APPLICATION_PROTOCOL_DEFINITION('international standard',
  'automotive_design',2000,#2);
#2 = APPLICATION_CONTEXT(
  'core data for automotive mechanical design processes');
#3 = SHAPE_DEFINITION_REPRESENTATION(#4,#10);
#4 = PRODUCT_DEFINITION_SHAPE('','',#5);
#5 = PRODUCT_DEFINITION('design','',#6,#9);
#6 = PRODUCT_DEFINITION_FORMATION('','',#7);
#7 = PRODUCT('Open CASCADE STEP translator 7.8 3',
  'Open CASCADE STEP translator 7.8 3','',(#8));
#8 = PRODUCT_CONTEXT('',#2,'mechanical');
#9 = PRODUCT_DEFINITION_CONTEXT('part definition',#2,'design');
#10 = ADVANCED_BREP_SHAPE_REPRESENTATION('',(#11,#15),#2951);
#11 = AXIS2_PLACEMENT_3D('',#12,#13,#14);
#12 = CARTESIAN_POINT('',(0.,0.,0.));
#13 = DIRECTION('',(0.,0.,1.));
#14 = DIRECTION('',(1.,0.,-0.));
#15 = MANIFOLD_SOLID_BREP('',#16);
#16 = CLOSED_SHELL('',(#17,#775,#896,#1007,#1127,#1209,#1295,#1412,#1523
    ,#1578,#1606,#1638,#1672,#2207,#2239,#2289,#2464,#2535,#2584,#2633,
    #2682,#2731,#2758,#2786,#2820,#2852,#2880,#2914,#2944));
#17 = ADVANCED_FACE('',(#18),#33,.F.);
#18 = FACE_BOUND('',#19,.F.);
#19 = EDGE_LOOP('',(#20,#124,#658,#726));
#20 = ORIENTED_EDGE('',*,*,#21,.T.);
#21 = EDGE_CURVE('',#22,#24,#26,.T.);
#22 = VERTEX_POINT('',#23);
#23 = CARTESIAN_POINT('',(-0.375,7.029146824527,-12.17483943394));
#24 = VERTEX_POINT('',#25);
#25 = CARTESIAN_POINT('',(0.,7.1374,-12.36233943394));
#26 = SURFACE_CURVE('',#27,(#32,#78),.PCURVE_S1.);
#27 = CIRCLE('',#28,0.25);
#28 = AXIS2_PLACEMENT_3D('',#29,#30,#31);
#29 = CARTESIAN_POINT('',(-0.25,7.1374,-12.36233943394));
#30 = DIRECTION('',(0.,0.866025403784,0.5));
#31 = DIRECTION('',(0.,0.5,-0.866025403784));
#32 = PCURVE('',#33,#50);
#33 = ( BOUNDED_SURFACE() B_SPLINE_SURFACE(3,3,(
    (#34,#35,#36,#37)
    ,(#38,#39,#40,#41)
    ,(#42,#43,#44,#45)
    ,(#46,#47,#48,#49
)),.UNSPECIFIED.,.F.,.F.,.F.) B_SPLINE_SURFACE_WITH_KNOTS((4,4),(4,4),(
    0.,1.),(0.,1.),.PIECEWISE_BEZIER_KNOTS.) 
GEOMETRIC_REPRESENTATION_ITEM() RATIONAL_B_SPLINE_SURFACE((
    (1.,0.333333333333,0.333333333333,1.)
    ,(0.666666666667,0.222222222222,0.222222222222,0.666666666667)
    ,(0.666666666667,0.222222222222,0.222222222222,0.666666666667)
,(1.,0.333333333333,0.333333333333,1.
))) REPRESENTATION_ITEM('') SURFACE() );
#34 = CARTESIAN_POINT('',(-0.375,7.029146824527,-12.17483943394));
#35 = CARTESIAN_POINT('',(-0.375,31.378825692411,1.883454215112));
#36 = CARTESIAN_POINT('',(-0.375,17.320532043357,26.233133082996));
#37 = CARTESIAN_POINT('',(-0.375,-7.029146824527,12.174839433942));
#38 = CARTESIAN_POINT('',(-0.1875,6.97502023679,-12.08108943394));
#39 = CARTESIAN_POINT('',(-0.1875,31.137199104675,1.868951039639));
#40 = CARTESIAN_POINT('',(-0.1875,17.187158631094,26.031129907523));
#41 = CARTESIAN_POINT('',(-0.1875,-6.97502023679,12.081089433942));
#42 = CARTESIAN_POINT('',(0.,7.029146824527,-12.17483943394));
#43 = CARTESIAN_POINT('',(-1.7763568394E-15,31.378825692411,
    1.883454215112));
#44 = CARTESIAN_POINT('',(-1.7763568394E-15,17.320532043357,
    26.233133082996));
#45 = CARTESIAN_POINT('',(0.,-7.029146824527,12.174839433942));
#46 = CARTESIAN_POINT('',(0.,7.1374,-12.36233943394));
#47 = CARTESIAN_POINT('',(0.,31.862078867884,1.912460566058));
#48 = CARTESIAN_POINT('',(0.,17.587278867884,26.637139433942));
#49 = CARTESIAN_POINT('',(0.,-7.1374,12.362339433942));
#50 = DEFINITIONAL_REPRESENTATION('',(#51),#77);
#51 = B_SPLINE_CURVE_WITH_KNOTS('',3,(#52,#53,#54,#55,#56,#57,#58,#59,
    #60,#61,#62,#63,#64,#65,#66,#67,#68,#69,#70,#71,#72,#73,#74,#75,#76)
  ,.UNSPECIFIED.,.F.,.F.,(4,1,1,1,1,1,1,1,1,1,1,1,1,1,1,1,1,1,1,1,1,1,4)
  ,(2.617993877991,2.713193655373,2.808393432755,2.903593210136,
    2.998792987518,3.093992764899,3.189192542281,3.284392319662,
    3.379592097044,3.474791874425,3.569991651807,3.665191429188,
    3.76039120657,3.855590983951,3.950790761333,4.045990538714,
    4.141190316096,4.236390093477,4.331589870859,4.42678964824,
    4.521989425622,4.617189203003,4.712388980385),
  .QUASI_UNIFORM_KNOTS.);
#52 = CARTESIAN_POINT('',(0.,0.));
#53 = CARTESIAN_POINT('',(1.831600734641E-02,0.));
#54 = CARTESIAN_POINT('',(5.396118242817E-02,0.));
#55 = CARTESIAN_POINT('',(0.104859092755,0.));
#56 = CARTESIAN_POINT('',(0.153599147128,0.));
#57 = CARTESIAN_POINT('',(0.200518687572,0.));
#58 = CARTESIAN_POINT('',(0.245920263855,0.));
#59 = CARTESIAN_POINT('',(0.290072244355,0.));
#60 = CARTESIAN_POINT('',(0.333217820667,0.));
#61 = CARTESIAN_POINT('',(0.375580179817,0.));
#62 = CARTESIAN_POINT('',(0.41736752939,0.));
#63 = CARTESIAN_POINT('',(0.458777305886,0.));
#64 = CARTESIAN_POINT('',(0.5,0.));
#65 = CARTESIAN_POINT('',(0.541222694114,0.));
#66 = CARTESIAN_POINT('',(0.58263247061,0.));
#67 = CARTESIAN_POINT('',(0.624419820183,0.));
#68 = CARTESIAN_POINT('',(0.666782179333,0.));
#69 = CARTESIAN_POINT('',(0.709927755645,0.));
#70 = CARTESIAN_POINT('',(0.754079736145,0.));
#71 = CARTESIAN_POINT('',(0.799481312428,0.));
#72 = CARTESIAN_POINT('',(0.846400852872,0.));
#73 = CARTESIAN_POINT('',(0.895140907245,0.));
#74 = CARTESIAN_POINT('',(0.946038817572,0.));
#75 = CARTESIAN_POINT('',(0.981683992654,-0.));
#76 = CARTESIAN_POINT('',(1.,0.));
#77 = ( GEOMETRIC_REPRESENTATION_CONTEXT(2) 
PARAMETRIC_REPRESENTATION_CONTEXT() REPRESENTATION_CONTEXT('2D SPACE',''
  ) );
#78 = PCURVE('',#79,#96);
#79 = ( BOUNDED_SURFACE() B_SPLINE_SURFACE(3,3,(
    (#80,#81,#82,#83)
    ,(#84,#85,#86,#87)
    ,(#88,#89,#90,#91)
    ,(#92,#93,#94,#95
)),.UNSPECIFIED.,.F.,.F.,.F.) B_SPLINE_SURFACE_WITH_KNOTS((4,4),(4,4),(
    0.,1.),(0.,1.),.PIECEWISE_BEZIER_KNOTS.) 
GEOMETRIC_REPRESENTATION_ITEM() RATIONAL_B_SPLINE_SURFACE((
    (1.,0.333333333333,0.333333333333,1.)
    ,(0.666666666667,0.222222222222,0.222222222222,0.666666666667)
    ,(0.666666666667,0.222222222222,0.222222222222,0.666666666667)
,(1.,0.333333333333,0.333333333333,1.
))) REPRESENTATION_ITEM('') SURFACE() );
#80 = CARTESIAN_POINT('',(-0.375,-7.029146824527,12.174839433942));
#81 = CARTESIAN_POINT('',(-0.375,-31.37882569241,-1.883454215112));
#82 = CARTESIAN_POINT('',(-0.375,-17.32053204335,-26.23313308299));
#83 = CARTESIAN_POINT('',(-0.375,7.029146824527,-12.17483943394));
#84 = CARTESIAN_POINT('',(-0.1875,-6.97502023679,12.081089433942));
#85 = CARTESIAN_POINT('',(-0.1875,-31.13719910467,-1.868951039639));
#86 = CARTESIAN_POINT('',(-0.1875,-17.18715863109,-26.03112990752));
#87 = CARTESIAN_POINT('',(-0.1875,6.97502023679,-12.08108943394));
#88 = CARTESIAN_POINT('',(0.,-7.029146824527,12.174839433942));
#89 = CARTESIAN_POINT('',(-1.7763568394E-15,-31.37882569241,
    -1.883454215112));
#90 = CARTESIAN_POINT('',(-1.7763568394E-15,-17.32053204335,
    -26.23313308299));
#91 = CARTESIAN_POINT('',(0.,7.029146824527,-12.17483943394));
#92 = CARTESIAN_POINT('',(0.,-7.1374,12.362339433942));
#93 = CARTESIAN_POINT('',(0.,-31.86207886788,-1.912460566058));
#94 = CARTESIAN_POINT('',(0.,-17.58727886788,-26.63713943394));
#95 = CARTESIAN_POINT('',(0.,7.1374,-12.36233943394));
#96 = DEFINITIONAL_REPRESENTATION('',(#97),#123);
#97 = B_SPLINE_CURVE_WITH_KNOTS('',3,(#98,#99,#100,#101,#102,#103,#104,
    #105,#106,#107,#108,#109,#110,#111,#112,#113,#114,#115,#116,#117,
    #118,#119,#120,#121,#122),.UNSPECIFIED.,.F.,.F.,(4,1,1,1,1,1,1,1,1,1
    ,1,1,1,1,1,1,1,1,1,1,1,1,4),(2.617993877991,2.713193655373,
    2.808393432755,2.903593210136,2.998792987518,3.093992764899,
    3.189192542281,3.284392319662,3.379592097044,3.474791874425,
    3.569991651807,3.665191429188,3.76039120657,3.855590983951,
    3.950790761333,4.045990538714,4.141190316096,4.236390093477,
    4.331589870859,4.42678964824,4.521989425622,4.617189203003,
    4.712388980385),.QUASI_UNIFORM_KNOTS.);
#98 = CARTESIAN_POINT('',(0.,1.));
#99 = CARTESIAN_POINT('',(1.831600734641E-02,1.));
#100 = CARTESIAN_POINT('',(5.396118242817E-02,1.));
#101 = CARTESIAN_POINT('',(0.104859092755,1.));
#102 = CARTESIAN_POINT('',(0.153599147128,1.));
#103 = CARTESIAN_POINT('',(0.200518687572,1.));
#104 = CARTESIAN_POINT('',(0.245920263855,1.));
#105 = CARTESIAN_POINT('',(0.290072244355,1.));
#106 = CARTESIAN_POINT('',(0.333217820667,1.));
#107 = CARTESIAN_POINT('',(0.375580179817,1.));
#108 = CARTESIAN_POINT('',(0.41736752939,1.));
#109 = CARTESIAN_POINT('',(0.458777305886,1.));
#110 = CARTESIAN_POINT('',(0.5,1.));
#111 = CARTESIAN_POINT('',(0.541222694114,1.));
#112 = CARTESIAN_POINT('',(0.58263247061,1.));
#113 = CARTESIAN_POINT('',(0.624419820183,1.));
#114 = CARTESIAN_POINT('',(0.666782179333,1.));
#115 = CARTESIAN_POINT('',(0.709927755645,1.));
#116 = CARTESIAN_POINT('',(0.754079736145,1.));
#117 = CARTESIAN_POINT('',(0.799481312428,1.));
#118 = CARTESIAN_POINT('',(0.846400852872,1.));
#119 = CARTESIAN_POINT('',(0.895140907245,1.));
#120 = CARTESIAN_POINT('',(0.946038817572,1.));
#121 = CARTESIAN_POINT('',(0.981683992654,1.));
#122 = CARTESIAN_POINT('',(1.,1.));
#123 = ( GEOMETRIC_REPRESENTATION_CONTEXT(2) 
PARAMETRIC_REPRESENTATION_CONTEXT() REPRESENTATION_CONTEXT('2D SPACE',''
  ) );
#124 = ORIENTED_EDGE('',*,*,#125,.T.);
#125 = EDGE_CURVE('',#24,#126,#128,.T.);
#126 = VERTEX_POINT('',#127);
#127 = CARTESIAN_POINT('',(0.,-7.1374,12.362339433942));
#128 = SURFACE_CURVE('',#129,(#232,#547),.PCURVE_S1.);
#129 = B_SPLINE_CURVE_WITH_KNOTS('',3,(#130,#131,#132,#133,#134,#135,
    #136,#137,#138,#139,#140,#141,#142,#143,#144,#145,#146,#147,#148,
    #149,#150,#151,#152,#153,#154,#155,#156,#157,#158,#159,#160,#161,
    #162,#163,#164,#165,#166,#167,#168,#169,#170,#171,#172,#173,#174,
    #175,#176,#177,#178,#179,#180,#181,#182,#183,#184,#185,#186,#187,
    #188,#189,#190,#191,#192,#193,#194,#195,#196,#197,#198,#199,#200,
    #201,#202,#203,#204,#205,#206,#207,#208,#209,#210,#211,#212,#213,
    #214,#215,#216,#217,#218,#219,#220,#221,#222,#223,#224,#225,#226,
    #227,#228,#229,#230,#231),.UNSPECIFIED.,.F.,.F.,(4,1,1,1,1,2,2,1,1,1
    ,1,2,2,1,1,1,2,2,2,1,1,1,2,2,1,1,1,1,2,2,1,1,1,1,2,2,2,1,1,1,1,2,2,1
    ,1,1,1,2,2,1,1,1,2,2,2,1,1,1,2,2,1,1,1,1,2,2,1,1,1,1,2,2,4),(0.,
    3.125E-02,4.6875E-02,5.46875E-02,5.859375E-02,6.0546875E-02,6.25E-02
    ,9.375E-02,0.109375,0.1171875,0.12109375,0.123046875,0.125,0.15625,
    0.171875,0.1796875,0.18359375,0.1875,0.25,0.28125,0.296875,0.3046875
    ,0.30859375,0.3125,0.34375,0.359375,0.3671875,0.37109375,0.373046875
    ,0.375,0.40625,0.421875,0.4296875,0.43359375,0.435546875,0.4375,0.5,
    0.53125,0.546875,0.5546875,0.55859375,0.560546875,0.5625,0.59375,
    0.609375,0.6171875,0.62109375,0.623046875,0.625,0.65625,0.671875,
    0.6796875,0.68359375,0.6875,0.75,0.78125,0.796875,0.8046875,
    0.80859375,0.8125,0.84375,0.859375,0.8671875,0.87109375,0.873046875,
    0.875,0.90625,0.921875,0.9296875,0.93359375,0.935546875,0.9375,1.),
  .UNSPECIFIED.);
#130 = CARTESIAN_POINT('',(0.,7.1374,-12.36233943394));
#131 = CARTESIAN_POINT('',(1.7763568394E-15,7.515393720731,
    -12.14410465752));
#132 = CARTESIAN_POINT('',(1.7763568394E-15,8.06518060564,
    -11.79228760113));
#133 = CARTESIAN_POINT('',(0.,8.676492169708,-11.33902080808));
#134 = CARTESIAN_POINT('',(0.,8.97462133466,-11.1016840214));
#135 = CARTESIAN_POINT('',(1.7763568394E-15,9.121804262866,
    -10.98033978053));
#136 = CARTESIAN_POINT('',(1.7763568394E-15,9.184479449039,
    -10.92776170996));
#137 = CARTESIAN_POINT('',(0.,9.226173303904,-10.89258224161));
#138 = CARTESIAN_POINT('',(1.7763568394E-15,9.245733327204,
    -10.87598897815));
#139 = CARTESIAN_POINT('',(-8.881784197001E-16,9.6197235979,
    -10.55677425153));
#140 = CARTESIAN_POINT('',(-8.881784197001E-16,10.123597981225,
    -10.08268467897));
#141 = CARTESIAN_POINT('',(-1.7763568394E-15,10.669255636361,
    -9.488571573813));
#142 = CARTESIAN_POINT('',(0.,10.93153551591,-9.181262870268));
#143 = CARTESIAN_POINT('',(0.,11.060038218679,-9.025045480755));
#144 = CARTESIAN_POINT('',(1.7763568394E-15,11.114545683365,
    -8.957545948591));
#145 = CARTESIAN_POINT('',(2.6645352591E-15,11.150758410441,
    -8.912424211065));
#146 = CARTESIAN_POINT('',(0.,11.168060760131,-8.890737376493));
#147 = CARTESIAN_POINT('',(2.6645352591E-15,11.486334816474,
    -8.489231766174));
#148 = CARTESIAN_POINT('',(0.,11.90499657015,-7.902622081386));
#149 = CARTESIAN_POINT('',(-8.881784197001E-16,12.339769212505,
    -7.183632204679));
#150 = CARTESIAN_POINT('',(1.7763568394E-15,12.543739016116,
    -6.815484288546));
#151 = CARTESIAN_POINT('',(2.6645352591E-15,12.628279678185,
    -6.655852400679));
#152 = CARTESIAN_POINT('',(1.7763568394E-15,12.684001237776,
    -6.54901909554));
#153 = CARTESIAN_POINT('',(1.7763568394E-15,12.710978904807,
    -6.496511026889));
#154 = CARTESIAN_POINT('',(1.7763568394E-15,13.183333592703,
    -5.562474819285));
#155 = CARTESIAN_POINT('',(1.7763568394E-15,13.533396283565,
    -4.646125833472));
#156 = CARTESIAN_POINT('',(1.7763568394E-15,13.915898835884,
    -3.218822240808));
#157 = CARTESIAN_POINT('',(1.7763568394E-15,14.069584414348,
    -2.499025198406));
#158 = CARTESIAN_POINT('',(0.,14.183144284921,-1.648507801647));
#159 = CARTESIAN_POINT('',(1.7763568394E-15,14.223489227465,
    -1.220560558111));
#160 = CARTESIAN_POINT('',(1.7763568394E-15,14.237258132968,
    -1.036578479777));
#161 = CARTESIAN_POINT('',(1.7763568394E-15,14.245654784602,
    -0.913795734928));
#162 = CARTESIAN_POINT('',(0.,14.249535941069,-0.851005033548));
#163 = CARTESIAN_POINT('',(-8.881784197001E-16,14.279610045089,
    -0.309348291868));
#164 = CARTESIAN_POINT('',(0.,14.283249479179,0.411328731047));
#165 = CARTESIAN_POINT('',(0.,14.223691585898,1.249437650632));
#166 = CARTESIAN_POINT('',(-8.881784197001E-16,14.177961664327,
    1.667821875303));
#167 = CARTESIAN_POINT('',(0.,14.151108959809,1.876846428859));
#168 = CARTESIAN_POINT('',(-1.7763568394E-15,14.138746141358,
    1.96639247493));
#169 = CARTESIAN_POINT('',(-1.7763568394E-15,14.130314369833,
    2.026081859987));
#170 = CARTESIAN_POINT('',(-8.881784197001E-16,14.125822860687,
    2.057146140465));
#171 = CARTESIAN_POINT('',(0.,14.053996139977,2.5435694541));
#172 = CARTESIAN_POINT('',(0.,13.919932433159,3.222301517456));
#173 = CARTESIAN_POINT('',(-8.881784197001E-16,13.706367539436,
    4.000184986207));
#174 = CARTESIAN_POINT('',(0.,13.585295783634,4.385634069291));
#175 = CARTESIAN_POINT('',(0.,13.521187578497,4.577485448011));
#176 = CARTESIAN_POINT('',(0.,13.492947134745,4.659520361143));
#177 = CARTESIAN_POINT('',(1.7763568394E-15,13.473950061423,
    4.714168724048));
#178 = CARTESIAN_POINT('',(-8.881784197001E-16,13.463808198208,
    4.743047423065));
#179 = CARTESIAN_POINT('',(0.,13.163165779034,5.591388161889));
#180 = CARTESIAN_POINT('',(-1.7763568394E-15,12.798693277526,
    6.381548122881));
#181 = CARTESIAN_POINT('',(-8.881784197001E-16,12.14416251215,
    7.515325938559));
#182 = CARTESIAN_POINT('',(0.,11.792388846725,8.06506198684));
#183 = CARTESIAN_POINT('',(0.,11.339096742274,8.676403205608));
#184 = CARTESIAN_POINT('',(0.,11.101728316351,8.974569438935));
#185 = CARTESIAN_POINT('',(0.,10.980363509965,9.121776461585));
#186 = CARTESIAN_POINT('',(1.7763568394E-15,10.927775608638,
    9.184463165432));
#187 = CARTESIAN_POINT('',(-8.881784197001E-16,10.892589360447,
    9.226164963519));
#188 = CARTESIAN_POINT('',(1.7763568394E-15,10.875988978156,
    9.245733327204));
#189 = CARTESIAN_POINT('',(2.6645352591E-15,10.556774251543,
    9.619723597894));
#190 = CARTESIAN_POINT('',(0.,10.082684678992,10.123597981215));
#191 = CARTESIAN_POINT('',(0.,9.488571573824,10.669255636353));
#192 = CARTESIAN_POINT('',(1.7763568394E-15,9.181262870274,
    10.931535515905));
#193 = CARTESIAN_POINT('',(1.7763568394E-15,9.025045480759,
    11.060038218676));
#194 = CARTESIAN_POINT('',(0.,8.957545948593,11.114545683363));
#195 = CARTESIAN_POINT('',(-1.7763568394E-15,8.912424211066,
    11.15075841044));
#196 = CARTESIAN_POINT('',(0.,8.890737376493,11.168060760131));
#197 = CARTESIAN_POINT('',(0.,8.489231766168,11.486334816478));
#198 = CARTESIAN_POINT('',(1.7763568394E-15,7.902622081375,
    11.904996570158));
#199 = CARTESIAN_POINT('',(0.,7.183632204672,12.339769212512));
#200 = CARTESIAN_POINT('',(1.7763568394E-15,6.815484288542,
    12.54373901612));
#201 = CARTESIAN_POINT('',(0.,6.655852400676,12.628279678188));
#202 = CARTESIAN_POINT('',(1.7763568394E-15,6.549019095539,
    12.684001237777));
#203 = CARTESIAN_POINT('',(1.7763568394E-15,6.496511026889,
    12.710978904807));
#204 = CARTESIAN_POINT('',(1.7763568394E-15,5.562474819285,
    13.183333592699));
#205 = CARTESIAN_POINT('',(1.7763568394E-15,4.64612583346,
    13.533396283565));
#206 = CARTESIAN_POINT('',(-8.881784197001E-16,3.218822240814,
    13.915898835884));
#207 = CARTESIAN_POINT('',(0.,2.499025198416,14.069584414348));
#208 = CARTESIAN_POINT('',(0.,1.648507801654,14.183144284921));
#209 = CARTESIAN_POINT('',(0.,1.220560558116,14.223489227466));
#210 = CARTESIAN_POINT('',(1.7763568394E-15,1.03657847978,
    14.237258132968));
#211 = CARTESIAN_POINT('',(2.6645352591E-15,0.913795734929,
    14.245654784602));
#212 = CARTESIAN_POINT('',(2.6645352591E-15,0.851005033549,
    14.249535941069));
#213 = CARTESIAN_POINT('',(0.,0.309348291862,14.279610045088));
#214 = CARTESIAN_POINT('',(0.,-0.411328731059,14.283249479179));
#215 = CARTESIAN_POINT('',(-8.881784197001E-16,-1.24943765064,
    14.223691585898));
#216 = CARTESIAN_POINT('',(0.,-1.667821875308,14.177961664327));
#217 = CARTESIAN_POINT('',(0.,-1.876846428861,14.151108959809));
#218 = CARTESIAN_POINT('',(-8.881784197001E-16,-1.966392474931,
    14.138746141358));
#219 = CARTESIAN_POINT('',(0.,-2.026081859988,14.130314369833));
#220 = CARTESIAN_POINT('',(-2.6645352591E-15,-2.057146140464,
    14.125822860687));
#221 = CARTESIAN_POINT('',(-8.881784197001E-16,-2.54356945411,
    14.053996139975));
#222 = CARTESIAN_POINT('',(-8.881784197001E-16,-3.222301517474,
    13.919932433155));
#223 = CARTESIAN_POINT('',(0.,-4.00018498622,13.706367539433));
#224 = CARTESIAN_POINT('',(1.7763568394E-15,-4.385634069299,
    13.585295783632));
#225 = CARTESIAN_POINT('',(-1.7763568394E-15,-4.577485448015,
    13.521187578496));
#226 = CARTESIAN_POINT('',(-1.7763568394E-15,-4.659520361145,
    13.492947134744));
#227 = CARTESIAN_POINT('',(0.,-4.71416872405,13.473950061422));
#228 = CARTESIAN_POINT('',(-8.881784197001E-16,-4.743042171117,
    13.46381005944));
#229 = CARTESIAN_POINT('',(1.7763568394E-15,-5.591556224224,
    13.16310621963));
#230 = CARTESIAN_POINT('',(2.6645352591E-15,-6.381104651497,
    12.798986756987));
#231 = CARTESIAN_POINT('',(0.,-7.1374,12.362339433942));
#232 = PCURVE('',#33,#233);
#233 = DEFINITIONAL_REPRESENTATION('',(#234),#546);
#234 = B_SPLINE_CURVE_WITH_KNOTS('',3,(#235,#236,#237,#238,#239,#240,
    #241,#242,#243,#244,#245,#246,#247,#248,#249,#250,#251,#252,#253,
    #254,#255,#256,#257,#258,#259,#260,#261,#262,#263,#264,#265,#266,
    #267,#268,#269,#270,#271,#272,#273,#274,#275,#276,#277,#278,#279,
    #280,#281,#282,#283,#284,#285,#286,#287,#288,#289,#290,#291,#292,
    #293,#294,#295,#296,#297,#298,#299,#300,#301,#302,#303,#304,#305,
    #306,#307,#308,#309,#310,#311,#312,#313,#314,#315,#316,#317,#318,
    #319,#320,#321,#322,#323,#324,#325,#326,#327,#328,#329,#330,#331,
    #332,#333,#334,#335,#336,#337,#338,#339,#340,#341,#342,#343,#344,
    #345,#346,#347,#348,#349,#350,#351,#352,#353,#354,#355,#356,#357,
    #358,#359,#360,#361,#362,#363,#364,#365,#366,#367,#368,#369,#370,
    #371,#372,#373,#374,#375,#376,#377,#378,#379,#380,#381,#382,#383,
    #384,#385,#386,#387,#388,#389,#390,#391,#392,#393,#394,#395,#396,
    #397,#398,#399,#400,#401,#402,#403,#404,#405,#406,#407,#408,#409,
    #410,#411,#412,#413,#414,#415,#416,#417,#418,#419,#420,#421,#422,
    #423,#424,#425,#426,#427,#428,#429,#430,#431,#432,#433,#434,#435,
    #436,#437,#438,#439,#440,#441,#442,#443,#444,#445,#446,#447,#448,
    #449,#450,#451,#452,#453,#454,#455,#456,#457,#458,#459,#460,#461,
    #462,#463,#464,#465,#466,#467,#468,#469,#470,#471,#472,#473,#474,
    #475,#476,#477,#478,#479,#480,#481,#482,#483,#484,#485,#486,#487,
    #488,#489,#490,#491,#492,#493,#494,#495,#496,#497,#498,#499,#500,
    #501,#502,#503,#504,#505,#506,#507,#508,#509,#510,#511,#512,#513,
    #514,#515,#516,#517,#518,#519,#520,#521,#522,#523,#524,#525,#526,
    #527,#528,#529,#530,#531,#532,#533,#534,#535,#536,#537,#538,#539,
    #540,#541,#542,#543,#544,#545),.UNSPECIFIED.,.F.,.F.,(4,1,1,1,1,1,1,
    1,1,1,1,1,1,1,1,1,1,1,1,1,1,1,1,1,1,1,1,1,1,1,1,1,1,1,1,1,1,1,1,1,1,
    1,1,1,1,1,1,1,1,1,1,1,1,1,1,1,1,1,1,1,1,1,1,1,1,1,1,1,1,1,1,1,1,1,1,
    1,1,1,1,1,1,1,1,1,1,1,1,1,1,1,1,1,1,1,1,1,1,1,1,1,1,1,1,1,1,1,1,1,1,
    1,1,1,1,1,1,1,1,1,1,1,1,1,1,1,1,1,1,1,1,1,1,1,1,1,1,1,1,1,1,1,1,1,1,
    1,1,1,1,1,1,1,1,1,1,1,1,1,1,1,1,1,1,1,1,1,1,1,1,1,1,1,1,1,1,1,1,1,1,
    1,1,1,1,1,1,1,1,1,1,1,1,1,1,1,1,1,1,1,1,1,1,1,1,1,1,1,1,1,1,1,1,1,1,
    1,1,1,1,1,1,1,1,1,1,1,1,1,1,1,1,1,1,1,1,1,1,1,1,1,1,1,1,1,1,1,1,1,1,
    1,1,1,1,1,1,1,1,1,1,1,1,1,1,1,1,1,1,1,1,1,1,1,1,1,1,1,1,1,1,1,1,1,1,
    1,1,1,1,1,1,1,1,1,1,1,1,1,1,1,1,1,1,1,1,1,1,1,1,1,1,1,1,1,4),(0.,
    3.246753246753E-03,6.493506493506E-03,9.74025974026E-03,
    1.298701298701E-02,1.623376623377E-02,1.948051948052E-02,
    2.272727272727E-02,2.597402597403E-02,2.922077922078E-02,
    3.246753246753E-02,3.571428571429E-02,3.896103896104E-02,
    4.220779220779E-02,4.545454545455E-02,4.87012987013E-02,
    5.194805194805E-02,5.519480519481E-02,5.844155844156E-02,
    6.168831168831E-02,6.493506493506E-02,6.818181818182E-02,
    7.142857142857E-02,7.467532467532E-02,7.792207792208E-02,
    8.116883116883E-02,8.441558441558E-02,8.766233766234E-02,
    9.090909090909E-02,9.415584415584E-02,9.74025974026E-02,
    0.100649350649,0.103896103896,0.107142857143,0.11038961039,
    0.113636363636,0.116883116883,0.12012987013,0.123376623377,
    0.126623376623,0.12987012987,0.133116883117,0.136363636364,
    0.13961038961,0.142857142857,0.146103896104,0.149350649351,
    0.152597402597,0.155844155844,0.159090909091,0.162337662338,
    0.165584415584,0.168831168831,0.172077922078,0.175324675325,
    0.178571428571,0.181818181818,0.185064935065,0.188311688312,
    0.191558441558,0.194805194805,0.198051948052,0.201298701299,
    0.204545454545,0.207792207792,0.211038961039,0.214285714286,
    0.217532467532,0.220779220779,0.224025974026,0.227272727273,
    0.230519480519,0.233766233766,0.237012987013,0.24025974026,
    0.243506493506,0.246753246753,0.25,0.253246753247,0.256493506494,
    0.25974025974,0.262987012987,0.266233766234,0.269480519481,
    0.272727272727,0.275974025974,0.279220779221,0.282467532468,
    0.285714285714,0.288961038961,0.292207792208,0.295454545455,
    0.298701298701,0.301948051948,0.305194805195,0.308441558442,
    0.311688311688,0.314935064935,0.318181818182,0.321428571429,
    0.324675324675,0.327922077922,0.331168831169,0.334415584416,
    0.337662337662,0.340909090909,0.344155844156,0.347402597403,
    0.350649350649,0.353896103896,0.357142857143,0.36038961039,
    0.363636363636,0.366883116883,0.37012987013,0.373376623377,
    0.376623376623,0.37987012987,0.383116883117,0.386363636364,
    0.38961038961,0.392857142857,0.396103896104,0.399350649351,
    0.402597402597,0.405844155844,0.409090909091,0.412337662338,
    0.415584415584,0.418831168831,0.422077922078,0.425324675325,
    0.428571428571,0.431818181818,0.435064935065,0.438311688312,
    0.441558441558,0.444805194805,0.448051948052,0.451298701299,
    0.454545454545,0.457792207792,0.461038961039,0.464285714286,
    0.467532467532,0.470779220779,0.474025974026,0.477272727273,
    0.480519480519,0.483766233766,0.487012987013,0.49025974026,
    0.493506493506,0.496753246753,0.5,0.503246753247,0.506493506494,
    0.50974025974,0.512987012987,0.516233766234,0.519480519481,
    0.522727272727,0.525974025974,0.529220779221,0.532467532468,
    0.535714285714,0.538961038961,0.542207792208,0.545454545455,
    0.548701298701,0.551948051948,0.555194805195,0.558441558442,
    0.561688311688,0.564935064935,0.568181818182,0.571428571429,
    0.574675324675,0.577922077922,0.581168831169,0.584415584416,
    0.587662337662,0.590909090909,0.594155844156,0.597402597403,
    0.600649350649,0.603896103896,0.607142857143,0.61038961039,
    0.613636363636,0.616883116883,0.62012987013,0.623376623377,
    0.626623376623,0.62987012987,0.633116883117,0.636363636364,
    0.63961038961,0.642857142857,0.646103896104,0.649350649351,
    0.652597402597,0.655844155844,0.659090909091,0.662337662338,
    0.665584415584,0.668831168831,0.672077922078,0.675324675325,
    0.678571428571,0.681818181818,0.685064935065,0.688311688312,
    0.691558441558,0.694805194805,0.698051948052,0.701298701299,
    0.704545454545,0.707792207792,0.711038961039,0.714285714286,
    0.717532467532,0.720779220779,0.724025974026,0.727272727273,
    0.730519480519,0.733766233766,0.737012987013,0.74025974026,
    0.743506493506,0.746753246753,0.75,0.753246753247,0.756493506494,
    0.75974025974,0.762987012987,0.766233766234,0.769480519481,
    0.772727272727,0.775974025974,0.779220779221,0.782467532468,
    0.785714285714,0.788961038961,0.792207792208,0.795454545455,
    0.798701298701,0.801948051948,0.805194805195,0.808441558442,
    0.811688311688,0.814935064935,0.818181818182,0.821428571429,
    0.824675324675,0.827922077922,0.831168831169,0.834415584416,
    0.837662337662,0.840909090909,0.844155844156,0.847402597403,
    0.850649350649,0.853896103896,0.857142857143,0.86038961039,
    0.863636363636,0.866883116883,0.87012987013,0.873376623377,
    0.876623376623,0.87987012987,0.883116883117,0.886363636364,
    0.88961038961,0.892857142857,0.896103896104,0.899350649351,
    0.902597402597,0.905844155844,0.909090909091,0.912337662338,
    0.915584415584,0.918831168831,0.922077922078,0.925324675325,
    0.928571428571,0.931818181818,0.935064935065,0.938311688312,
    0.941558441558,0.944805194805,0.948051948052,0.951298701299,
    0.954545454545,0.957792207792,0.961038961039,0.964285714286,
    0.967532467532,0.970779220779,0.974025974026,0.977272727273,
    0.980519480519,0.983766233766,0.987012987013,0.99025974026,
    0.993506493506,0.996753246753,1.),.QUASI_UNIFORM_KNOTS.);
#235 = CARTESIAN_POINT('',(1.,0.));
#236 = CARTESIAN_POINT('',(1.000000421628,1.588372401478E-03));
#237 = CARTESIAN_POINT('',(1.000000814458,4.748647301649E-03));
#238 = CARTESIAN_POINT('',(1.00000065657,9.44099273342E-03));
#239 = CARTESIAN_POINT('',(1.000000698876,1.408662847963E-02));
#240 = CARTESIAN_POINT('',(1.000000687541,1.868686122253E-02));
#241 = CARTESIAN_POINT('',(1.000000690578,2.324296587146E-02));
#242 = CARTESIAN_POINT('',(1.000000689764,2.775618217966E-02));
#243 = CARTESIAN_POINT('',(1.000000689982,3.222771659729E-02));
#244 = CARTESIAN_POINT('',(1.000000689924,3.665874347706E-02));
#245 = CARTESIAN_POINT('',(1.000000689939,4.10504055114E-02));
#246 = CARTESIAN_POINT('',(1.000000689935,4.540381630933E-02));
#247 = CARTESIAN_POINT('',(1.000000689936,4.972005432297E-02));
#248 = CARTESIAN_POINT('',(1.000000689936,5.400019103611E-02));
#249 = CARTESIAN_POINT('',(1.000000689936,5.824518995627E-02));
#250 = CARTESIAN_POINT('',(1.000000689936,6.245628478249E-02));
#251 = CARTESIAN_POINT('',(1.000000689936,6.66335755791E-02));
#252 = CARTESIAN_POINT('',(1.000000689936,7.078126825917E-02));
#253 = CARTESIAN_POINT('',(1.000000689936,7.488812577589E-02));
#254 = CARTESIAN_POINT('',(1.000000689936,7.900042785998E-02));
#255 = CARTESIAN_POINT('',(1.000000689936,8.294968488462E-02));
#256 = CARTESIAN_POINT('',(1.000000689936,8.72449363896E-02));
#257 = CARTESIAN_POINT('',(1.000000689936,9.146204125517E-02));
#258 = CARTESIAN_POINT('',(1.000000689936,9.565174176191E-02));
#259 = CARTESIAN_POINT('',(1.000000689936,9.980188354644E-02));
#260 = CARTESIAN_POINT('',(1.000000689936,0.103917129092));
#261 = CARTESIAN_POINT('',(1.000000689936,0.107997599993));
#262 = CARTESIAN_POINT('',(1.000000689936,0.112044600343));
#263 = CARTESIAN_POINT('',(1.000000689937,0.116059084036));
#264 = CARTESIAN_POINT('',(1.000000689931,0.120042066687));
#265 = CARTESIAN_POINT('',(1.000000689955,0.123994516245));
#266 = CARTESIAN_POINT('',(1.000000689866,0.127917381592));
#267 = CARTESIAN_POINT('',(1.000000690198,0.131811591739));
#268 = CARTESIAN_POINT('',(1.000000688959,0.135678034214));
#269 = CARTESIAN_POINT('',(1.000000693582,0.139517645801));
#270 = CARTESIAN_POINT('',(1.000000676329,0.143331075079));
#271 = CARTESIAN_POINT('',(1.00000074072,0.147119944653));
#272 = CARTESIAN_POINT('',(1.000000500408,0.15088214208));
#273 = CARTESIAN_POINT('',(1.000001397264,0.154629398253));
#274 = CARTESIAN_POINT('',(0.999998050152,0.158321685743));
#275 = CARTESIAN_POINT('',(1.000001397264,0.162098976047));
#276 = CARTESIAN_POINT('',(1.000000500408,0.165934906791));
#277 = CARTESIAN_POINT('',(1.00000074072,0.169716855219));
#278 = CARTESIAN_POINT('',(1.000000676329,0.173476226207));
#279 = CARTESIAN_POINT('',(1.000000693582,0.177205805555));
#280 = CARTESIAN_POINT('',(1.000000688959,0.180908700055));
#281 = CARTESIAN_POINT('',(1.000000690198,0.184585225452));
#282 = CARTESIAN_POINT('',(1.000000689866,0.188236419778));
#283 = CARTESIAN_POINT('',(1.000000689955,0.191863103216));
#284 = CARTESIAN_POINT('',(1.000000689931,0.195466129552));
#285 = CARTESIAN_POINT('',(1.000000689937,0.199046320458));
#286 = CARTESIAN_POINT('',(1.000000689936,0.202604485249));
#287 = CARTESIAN_POINT('',(1.000000689936,0.206141402306));
#288 = CARTESIAN_POINT('',(1.000000689936,0.209657883191));
#289 = CARTESIAN_POINT('',(1.000000689936,0.213154532534));
#290 = CARTESIAN_POINT('',(1.000000689936,0.216632648772));
#291 = CARTESIAN_POINT('',(1.000000689936,0.220090862663));
#292 = CARTESIAN_POINT('',(1.000000689936,0.22353768407));
#293 = CARTESIAN_POINT('',(1.000000689936,0.226944681305));
#294 = CARTESIAN_POINT('',(1.000000689936,0.230376015223));
#295 = CARTESIAN_POINT('',(1.000000689936,0.23384738524));
#296 = CARTESIAN_POINT('',(1.000000689936,0.237279046211));
#297 = CARTESIAN_POINT('',(1.000000689936,0.240693338071));
#298 = CARTESIAN_POINT('',(1.000000689936,0.24408522958));
#299 = CARTESIAN_POINT('',(1.000000689936,0.247457004631));
#300 = CARTESIAN_POINT('',(1.000000689936,0.250808970049));
#301 = CARTESIAN_POINT('',(1.000000689936,0.254141945103));
#302 = CARTESIAN_POINT('',(1.000000689937,0.257456594895));
#303 = CARTESIAN_POINT('',(1.000000689934,0.26075360949));
#304 = CARTESIAN_POINT('',(1.000000689945,0.264033656008));
#305 = CARTESIAN_POINT('',(1.000000689904,0.267297391878));
#306 = CARTESIAN_POINT('',(1.000000690055,0.270545462386));
#307 = CARTESIAN_POINT('',(1.000000689494,0.27377849978));
#308 = CARTESIAN_POINT('',(1.000000691587,0.276997124938));
#309 = CARTESIAN_POINT('',(1.000000683776,0.280201952755));
#310 = CARTESIAN_POINT('',(1.000000712925,0.283393560594));
#311 = CARTESIAN_POINT('',(1.000000604139,0.286572615585));
#312 = CARTESIAN_POINT('',(1.000001010137,0.289739399308));
#313 = CARTESIAN_POINT('',(0.999999494932,0.292895577681));
#314 = CARTESIAN_POINT('',(1.000001010137,0.296037602849));
#315 = CARTESIAN_POINT('',(1.000000604139,0.299162041223));
#316 = CARTESIAN_POINT('',(1.000000712925,0.302270652565));
#317 = CARTESIAN_POINT('',(1.000000683776,0.305363792576));
#318 = CARTESIAN_POINT('',(1.000000691587,0.308442182109));
#319 = CARTESIAN_POINT('',(1.000000689494,0.311506431377));
#320 = CARTESIAN_POINT('',(1.000000690053,0.314557169375));
#321 = CARTESIAN_POINT('',(1.000000689909,0.317595008305));
#322 = CARTESIAN_POINT('',(1.000000689925,0.320620554025));
#323 = CARTESIAN_POINT('',(1.000000690006,0.323634402979));
#324 = CARTESIAN_POINT('',(1.000000689669,0.326637144035));
#325 = CARTESIAN_POINT('',(1.000000690936,0.329629351155));
#326 = CARTESIAN_POINT('',(1.000000686203,0.332611618093));
#327 = CARTESIAN_POINT('',(1.000000703867,0.335584423588));
#328 = CARTESIAN_POINT('',(1.000000637945,0.338548637462));
#329 = CARTESIAN_POINT('',(1.000000883968,0.341503631676));
#330 = CARTESIAN_POINT('',(0.999999965798,0.344454330591));
#331 = CARTESIAN_POINT('',(1.000003392454,0.347384899419));
#332 = CARTESIAN_POINT('',(0.999990604001,0.350356940679));
#333 = CARTESIAN_POINT('',(1.000003392454,0.353202926267));
#334 = CARTESIAN_POINT('',(0.999999965798,0.356058739363));
#335 = CARTESIAN_POINT('',(1.000000883968,0.358897854953));
#336 = CARTESIAN_POINT('',(1.000000637945,0.361728048568));
#337 = CARTESIAN_POINT('',(1.000000703867,0.36454789783));
#338 = CARTESIAN_POINT('',(1.000000686203,0.367358438229));
#339 = CARTESIAN_POINT('',(1.000000690936,0.370160040974));
#340 = CARTESIAN_POINT('',(1.000000689671,0.37295324768));
#341 = CARTESIAN_POINT('',(1.000000689998,0.375738548639));
#342 = CARTESIAN_POINT('',(1.000000689955,0.378516441129));
#343 = CARTESIAN_POINT('',(1.000000689797,0.381287415355));
#344 = CARTESIAN_POINT('',(1.000000690473,0.384051953268));
#345 = CARTESIAN_POINT('',(1.000000687927,0.386810546925));
#346 = CARTESIAN_POINT('',(1.000000697436,0.389563630105));
#347 = CARTESIAN_POINT('',(1.000000661947,0.392311826556));
#348 = CARTESIAN_POINT('',(1.000000794393,0.395055032825));
#349 = CARTESIAN_POINT('',(1.000000300096,0.397795835333));
#350 = CARTESIAN_POINT('',(1.00000214484,0.400526760162));
#351 = CARTESIAN_POINT('',(0.999995260159,0.403277857015));
#352 = CARTESIAN_POINT('',(1.00000214484,0.405948696844));
#353 = CARTESIAN_POINT('',(1.000000300096,0.408545265891));
#354 = CARTESIAN_POINT('',(1.000000794393,0.411152918489));
#355 = CARTESIAN_POINT('',(1.000000661947,0.413749315016));
#356 = CARTESIAN_POINT('',(1.000000697436,0.416340969321));
#357 = CARTESIAN_POINT('',(1.000000687927,0.418926660972));
#358 = CARTESIAN_POINT('',(1.000000690474,0.421507238936));
#359 = CARTESIAN_POINT('',(1.000000689792,0.424082994709));
#360 = CARTESIAN_POINT('',(1.000000689972,0.426654366215));
#361 = CARTESIAN_POINT('',(1.000000689934,0.429221749174));
#362 = CARTESIAN_POINT('',(1.000000689907,0.431785547828));
#363 = CARTESIAN_POINT('',(1.000000690056,0.434346160768));
#364 = CARTESIAN_POINT('',(1.000000689486,0.436903986966));
#365 = CARTESIAN_POINT('',(1.000000691615,0.43945941592));
#366 = CARTESIAN_POINT('',(1.000000683672,0.442012861099));
#367 = CARTESIAN_POINT('',(1.000000713316,0.44456463617));
#368 = CARTESIAN_POINT('',(1.000000602682,0.447115416328));
#369 = CARTESIAN_POINT('',(1.000001015572,0.449664517521));
#370 = CARTESIAN_POINT('',(0.999999474646,0.452216317522));
#371 = CARTESIAN_POINT('',(1.000001015572,0.45475629281));
#372 = CARTESIAN_POINT('',(1.000000602682,0.457118880283));
#373 = CARTESIAN_POINT('',(1.000000713316,0.459524465714));
#374 = CARTESIAN_POINT('',(1.000000683672,0.461914375826));
#375 = CARTESIAN_POINT('',(1.000000691615,0.464304710051));
#376 = CARTESIAN_POINT('',(1.000000689486,0.466691531615));
#377 = CARTESIAN_POINT('',(1.000000690056,0.469076271531));
#378 = CARTESIAN_POINT('',(1.000000689905,0.47145892164));
#379 = CARTESIAN_POINT('',(1.00000068994,0.473839858549));
#380 = CARTESIAN_POINT('',(1.000000689951,0.476219354934));
#381 = CARTESIAN_POINT('',(1.000000689874,0.478597710496));
#382 = CARTESIAN_POINT('',(1.00000069017,0.48097521692));
#383 = CARTESIAN_POINT('',(1.000000689064,0.48335216719));
#384 = CARTESIAN_POINT('',(1.000000693191,0.485728853464));
#385 = CARTESIAN_POINT('',(1.000000677789,0.488105566353));
#386 = CARTESIAN_POINT('',(1.00000073527,0.490482600014));
#387 = CARTESIAN_POINT('',(1.000000520747,0.492860232597));
#388 = CARTESIAN_POINT('',(1.000001321357,0.495238799443));
#389 = CARTESIAN_POINT('',(0.99999833344,0.497618419926));
#390 = CARTESIAN_POINT('',(1.00000021215,0.500000016968));
#391 = CARTESIAN_POINT('',(1.000000817958,0.502381512203));
#392 = CARTESIAN_POINT('',(1.000000655633,0.504760859028));
#393 = CARTESIAN_POINT('',(1.000000699128,0.507139012163));
#394 = CARTESIAN_POINT('',(1.000000687473,0.509516122807));
#395 = CARTESIAN_POINT('',(1.000000690596,0.511892558136));
#396 = CARTESIAN_POINT('',(1.000000689759,0.514268628132));
#397 = CARTESIAN_POINT('',(1.000000689983,0.516644658762));
#398 = CARTESIAN_POINT('',(1.000000689923,0.519020972442));
#399 = CARTESIAN_POINT('',(1.000000689939,0.521397892988));
#400 = CARTESIAN_POINT('',(1.000000689935,0.523775745364));
#401 = CARTESIAN_POINT('',(1.000000689936,0.526154851756));
#402 = CARTESIAN_POINT('',(1.000000689936,0.528535547519));
#403 = CARTESIAN_POINT('',(1.000000689936,0.530918121341));
#404 = CARTESIAN_POINT('',(1.000000689936,0.533303038657));
#405 = CARTESIAN_POINT('',(1.000000689936,0.535690107832));
#406 = CARTESIAN_POINT('',(1.000000689936,0.538081592029));
#407 = CARTESIAN_POINT('',(1.000000689936,0.540470595562));
#408 = CARTESIAN_POINT('',(1.000000689936,0.542884406631));
#409 = CARTESIAN_POINT('',(1.000000689936,0.545222740019));
#410 = CARTESIAN_POINT('',(1.000000689936,0.547788005837));
#411 = CARTESIAN_POINT('',(1.000000689936,0.550330851425));
#412 = CARTESIAN_POINT('',(1.000000689936,0.552880420095));
#413 = CARTESIAN_POINT('',(1.000000689936,0.555429390762));
#414 = CARTESIAN_POINT('',(1.000000689936,0.557980215764));
#415 = CARTESIAN_POINT('',(1.000000689936,0.560532731214));
#416 = CARTESIAN_POINT('',(1.000000689936,0.563087477209));
#417 = CARTESIAN_POINT('',(1.000000689937,0.56564480786));
#418 = CARTESIAN_POINT('',(1.000000689931,0.568205129846));
#419 = CARTESIAN_POINT('',(1.000000689955,0.570768838789));
#420 = CARTESIAN_POINT('',(1.000000689866,0.573336335174));
#421 = CARTESIAN_POINT('',(1.000000690198,0.575908024363));
#422 = CARTESIAN_POINT('',(1.000000688959,0.578484300684));
#423 = CARTESIAN_POINT('',(1.000000693582,0.581065611169));
#424 = CARTESIAN_POINT('',(1.000000676329,0.583652216588));
#425 = CARTESIAN_POINT('',(1.00000074072,0.586245083674));
#426 = CARTESIAN_POINT('',(1.000000500408,0.588842555277));
#427 = CARTESIAN_POINT('',(1.000001397264,0.591452777615));
#428 = CARTESIAN_POINT('',(0.999998050152,0.594047321218));
#429 = CARTESIAN_POINT('',(1.000001397264,0.596725043159));
#430 = CARTESIAN_POINT('',(1.000000500408,0.599469413523));
#431 = CARTESIAN_POINT('',(1.00000074072,0.60220007486));
#432 = CARTESIAN_POINT('',(1.000000676329,0.604939133549));
#433 = CARTESIAN_POINT('',(1.000000693582,0.60768124658));
#434 = CARTESIAN_POINT('',(1.000000688959,0.610428432012));
#435 = CARTESIAN_POINT('',(1.000000690198,0.613180740831));
#436 = CARTESIAN_POINT('',(1.000000689866,0.615938757627));
#437 = CARTESIAN_POINT('',(1.000000689955,0.618702929513));
#438 = CARTESIAN_POINT('',(1.000000689931,0.621473746718));
#439 = CARTESIAN_POINT('',(1.000000689937,0.624251693203));
#440 = CARTESIAN_POINT('',(1.000000689936,0.627037263528));
#441 = CARTESIAN_POINT('',(1.000000689936,0.629830945054));
#442 = CARTESIAN_POINT('',(1.000000689936,0.632633272565));
#443 = CARTESIAN_POINT('',(1.000000689936,0.63544462752));
#444 = CARTESIAN_POINT('',(1.000000689936,0.638265988596));
#445 = CARTESIAN_POINT('',(1.000000689936,0.641096126892));
#446 = CARTESIAN_POINT('',(1.000000689936,0.643942079028));
#447 = CARTESIAN_POINT('',(1.000000689936,0.646780055957));
#448 = CARTESIAN_POINT('',(1.000000689936,0.649663523762));
#449 = CARTESIAN_POINT('',(1.000000689936,0.652607060979));
#450 = CARTESIAN_POINT('',(1.000000689936,0.655543352335));
#451 = CARTESIAN_POINT('',(1.000000689936,0.658491060845));
#452 = CARTESIAN_POINT('',(1.000000689936,0.661445820471));
#453 = CARTESIAN_POINT('',(1.000000689936,0.664409444671));
#454 = CARTESIAN_POINT('',(1.000000689936,0.667382100112));
#455 = CARTESIAN_POINT('',(1.000000689936,0.67036440385));
#456 = CARTESIAN_POINT('',(1.000000689937,0.67335686153));
#457 = CARTESIAN_POINT('',(1.000000689934,0.676360018065));
#458 = CARTESIAN_POINT('',(1.000000689945,0.679374417404));
#459 = CARTESIAN_POINT('',(1.000000689904,0.682400613514));
#460 = CARTESIAN_POINT('',(1.000000690055,0.685439167433));
#461 = CARTESIAN_POINT('',(1.000000689494,0.688490648859));
#462 = CARTESIAN_POINT('',(1.000000691587,0.691555633563));
#463 = CARTESIAN_POINT('',(1.000000683776,0.694634712976));
#464 = CARTESIAN_POINT('',(1.000000712925,0.697728459594));
#465 = CARTESIAN_POINT('',(1.000000604139,0.700837555242));
#466 = CARTESIAN_POINT('',(1.000001010136,0.703962316377));
#467 = CARTESIAN_POINT('',(0.999999494932,0.707104462729));
#468 = CARTESIAN_POINT('',(1.000001010136,0.710260519825));
#469 = CARTESIAN_POINT('',(1.000000604139,0.713426975114));
#470 = CARTESIAN_POINT('',(1.000000712925,0.71660552903));
#471 = CARTESIAN_POINT('',(1.000000683776,0.719796500795));
#472 = CARTESIAN_POINT('',(1.000000691587,0.723000593729));
#473 = CARTESIAN_POINT('',(1.000000689494,0.726218422605));
#474 = CARTESIAN_POINT('',(1.000000690053,0.729450641681));
#475 = CARTESIAN_POINT('',(1.000000689909,0.732697909311));
#476 = CARTESIAN_POINT('',(1.000000689925,0.735960899043));
#477 = CARTESIAN_POINT('',(1.000000690006,0.739240294517));
#478 = CARTESIAN_POINT('',(1.000000689669,0.7425367961));
#479 = CARTESIAN_POINT('',(1.000000690936,0.745851107118));
#480 = CARTESIAN_POINT('',(1.000000686203,0.749183978639));
#481 = CARTESIAN_POINT('',(1.000000703867,0.752536047863));
#482 = CARTESIAN_POINT('',(1.000000637945,0.755908439783));
#483 = CARTESIAN_POINT('',(1.000000883968,0.759300525288));
#484 = CARTESIAN_POINT('',(0.999999965799,0.762718288259));
#485 = CARTESIAN_POINT('',(1.000003392454,0.766143101203));
#486 = CARTESIAN_POINT('',(0.999990604001,0.769648255634));
#487 = CARTESIAN_POINT('',(1.000003392454,0.773035036771));
#488 = CARTESIAN_POINT('',(0.999999965799,0.776463251329));
#489 = CARTESIAN_POINT('',(1.000000883968,0.779901848762));
#490 = CARTESIAN_POINT('',(1.000000637945,0.783360027051));
#491 = CARTESIAN_POINT('',(1.000000703867,0.786836219473));
#492 = CARTESIAN_POINT('',(1.000000686203,0.790331763556));
#493 = CARTESIAN_POINT('',(1.000000690936,0.793847239041));
#494 = CARTESIAN_POINT('',(1.000000689671,0.797383449534));
#495 = CARTESIAN_POINT('',(1.000000689998,0.800941160426));
#496 = CARTESIAN_POINT('',(1.000000689955,0.80452116797));
#497 = CARTESIAN_POINT('',(1.000000689797,0.80812428496));
#498 = CARTESIAN_POINT('',(1.000000690473,0.811751336402));
#499 = CARTESIAN_POINT('',(1.000000687927,0.81540318664));
#500 = CARTESIAN_POINT('',(1.000000697436,0.819080644879));
#501 = CARTESIAN_POINT('',(1.000000661947,0.822784812493));
#502 = CARTESIAN_POINT('',(1.000000794393,0.82651579512));
#503 = CARTESIAN_POINT('',(1.000000300096,0.830277507735));
#504 = CARTESIAN_POINT('',(1.00000214484,0.834059746328));
#505 = CARTESIAN_POINT('',(0.99999526016,0.837905098313));
#506 = CARTESIAN_POINT('',(1.00000214484,0.841672688766));
#507 = CARTESIAN_POINT('',(1.000000300096,0.845367800052));
#508 = CARTESIAN_POINT('',(1.000000794393,0.849111343349));
#509 = CARTESIAN_POINT('',(1.000000661947,0.852871909661));
#510 = CARTESIAN_POINT('',(1.000000697436,0.856658929083));
#511 = CARTESIAN_POINT('',(1.000000687927,0.860470913762));
#512 = CARTESIAN_POINT('',(1.000000690474,0.864309328208));
#513 = CARTESIAN_POINT('',(1.000000689792,0.868174871746));
#514 = CARTESIAN_POINT('',(1.000000689972,0.872068475969));
#515 = CARTESIAN_POINT('',(1.000000689934,0.875991038894));
#516 = CARTESIAN_POINT('',(1.000000689907,0.879943495804));
#517 = CARTESIAN_POINT('',(1.000000690056,0.883926801003));
#518 = CARTESIAN_POINT('',(1.000000689486,0.887941936951));
#519 = CARTESIAN_POINT('',(1.000000691615,0.891989899194));
#520 = CARTESIAN_POINT('',(1.000000683672,0.896071750295));
#521 = CARTESIAN_POINT('',(1.000000713316,0.900188423556));
#522 = CARTESIAN_POINT('',(1.000000602682,0.904341459401));
#523 = CARTESIAN_POINT('',(1.000001015572,0.90853026033));
#524 = CARTESIAN_POINT('',(0.999999474647,0.912762338454));
#525 = CARTESIAN_POINT('',(1.000001015572,0.917015075993));
#526 = CARTESIAN_POINT('',(1.000000602682,0.921006967423));
#527 = CARTESIAN_POINT('',(1.000000713316,0.925106071254));
#528 = CARTESIAN_POINT('',(1.000000683672,0.929214875753));
#529 = CARTESIAN_POINT('',(1.000000691615,0.933360648131));
#530 = CARTESIAN_POINT('',(1.000000689486,0.937537251799));
#531 = CARTESIAN_POINT('',(1.000000690057,0.94174753202));
#532 = CARTESIAN_POINT('',(1.000000689904,0.945991959827));
#533 = CARTESIAN_POINT('',(1.000000689945,0.950271675867));
#534 = CARTESIAN_POINT('',(1.000000689933,0.954587674677));
#535 = CARTESIAN_POINT('',(1.00000068994,0.95894102624));
#536 = CARTESIAN_POINT('',(1.000000689924,0.963332816045));
#537 = CARTESIAN_POINT('',(1.000000689982,0.967764162297));
#538 = CARTESIAN_POINT('',(1.000000689764,0.972236213788));
#539 = CARTESIAN_POINT('',(1.000000690578,0.976750149817));
#540 = CARTESIAN_POINT('',(1.000000687541,0.98130718281));
#541 = CARTESIAN_POINT('',(1.000000698876,0.985908558249));
#542 = CARTESIAN_POINT('',(1.00000065657,0.990555556898));
#543 = CARTESIAN_POINT('',(1.000000814458,0.995249491442));
#544 = CARTESIAN_POINT('',(1.000000421628,0.998410980678));
#545 = CARTESIAN_POINT('',(1.,1.));
#546 = ( GEOMETRIC_REPRESENTATION_CONTEXT(2) 
PARAMETRIC_REPRESENTATION_CONTEXT() REPRESENTATION_CONTEXT('2D SPACE',''
  ) );
#547 = PCURVE('',#548,#553);
#548 = PLANE('',#549);
#549 = AXIS2_PLACEMENT_3D('',#550,#551,#552);
#550 = CARTESIAN_POINT('',(0.,13.473190219376,7.77875));
#551 = DIRECTION('',(-1.,0.,0.));
#552 = DIRECTION('',(0.,-0.5,0.866025403784));
#553 = DEFINITIONAL_REPRESENTATION('',(#554),#657);
#554 = B_SPLINE_CURVE_WITH_KNOTS('',3,(#555,#556,#557,#558,#559,#560,
    #561,#562,#563,#564,#565,#566,#567,#568,#569,#570,#571,#572,#573,
    #574,#575,#576,#577,#578,#579,#580,#581,#582,#583,#584,#585,#586,
    #587,#588,#589,#590,#591,#592,#593,#594,#595,#596,#597,#598,#599,
    #600,#601,#602,#603,#604,#605,#606,#607,#608,#609,#610,#611,#612,
    #613,#614,#615,#616,#617,#618,#619,#620,#621,#622,#623,#624,#625,
    #626,#627,#628,#629,#630,#631,#632,#633,#634,#635,#636,#637,#638,
    #639,#640,#641,#642,#643,#644,#645,#646,#647,#648,#649,#650,#651,
    #652,#653,#654,#655,#656),.UNSPECIFIED.,.F.,.F.,(4,1,1,1,1,2,2,1,1,1
    ,1,2,2,1,1,1,2,2,2,1,1,1,2,2,1,1,1,1,2,2,1,1,1,1,2,2,2,1,1,1,1,2,2,1
    ,1,1,1,2,2,1,1,1,2,2,2,1,1,1,2,2,1,1,1,1,2,2,1,1,1,1,2,2,4),(0.,
    3.125E-02,4.6875E-02,5.46875E-02,5.859375E-02,6.0546875E-02,6.25E-02
    ,9.375E-02,0.109375,0.1171875,0.12109375,0.123046875,0.125,0.15625,
    0.171875,0.1796875,0.18359375,0.1875,0.25,0.28125,0.296875,0.3046875
    ,0.30859375,0.3125,0.34375,0.359375,0.3671875,0.37109375,0.373046875
    ,0.375,0.40625,0.421875,0.4296875,0.43359375,0.435546875,0.4375,0.5,
    0.53125,0.546875,0.5546875,0.55859375,0.560546875,0.5625,0.59375,
    0.609375,0.6171875,0.62109375,0.623046875,0.625,0.65625,0.671875,
    0.6796875,0.68359375,0.6875,0.75,0.78125,0.796875,0.8046875,
    0.80859375,0.8125,0.84375,0.859375,0.8671875,0.87109375,0.873046875,
    0.875,0.90625,0.921875,0.9296875,0.93359375,0.935546875,0.9375,1.),
  .UNSPECIFIED.);
#555 = CARTESIAN_POINT('',(-14.2748,-15.5575));
#556 = CARTESIAN_POINT('',(-14.2748,-15.12103044716));
#557 = CARTESIAN_POINT('',(-14.24501093413,-14.46899250997));
#558 = CARTESIAN_POINT('',(-14.15812615869,-13.71294776933));
#559 = CARTESIAN_POINT('',(-14.10165105465,-13.33609194554));
#560 = CARTESIAN_POINT('',(-14.07015532355,-13.14795567027));
#561 = CARTESIAN_POINT('',(-14.05595897185,-13.06738833158));
#562 = CARTESIAN_POINT('',(-14.046339586,-13.01369065991));
#563 = CARTESIAN_POINT('',(-14.04174940996,-12.9884545511));
#564 = CARTESIAN_POINT('',(-13.95229648279,-12.5049621126));
#565 = CARTESIAN_POINT('',(-13.79366006095,-11.83154931004));
#566 = CARTESIAN_POINT('',(-13.55197184673,-11.06193936634));
#567 = CARTESIAN_POINT('',(-13.41697464243,-10.68114397598));
#568 = CARTESIAN_POINT('',(-13.34593776598,-10.49174867617));
#569 = CARTESIAN_POINT('',(-13.31473518872,-10.41079406097));
#570 = CARTESIAN_POINT('',(-13.2937649813,-10.35687205062));
#571 = CARTESIAN_POINT('',(-13.28363480648,-10.33104435896));
#572 = CARTESIAN_POINT('',(-13.09505777635,-9.854658135647));
#573 = CARTESIAN_POINT('',(-12.79636976406,-9.198781578976));
#574 = CARTESIAN_POINT('',(-12.39109258694,-8.462762487473));
#575 = CARTESIAN_POINT('',(-12.17425204103,-8.102045497874));
#576 = CARTESIAN_POINT('',(-12.07827710192,-7.949015192936));
#577 = CARTESIAN_POINT('',(-12.01361752549,-7.847342254223));
#578 = CARTESIAN_POINT('',(-11.98163303765,-7.797724874914));
#579 = CARTESIAN_POINT('',(-11.40891129776,-6.921635611797));
#580 = CARTESIAN_POINT('',(-10.79036114274,-6.160297935687));
#581 = CARTESIAN_POINT('',(-9.745531248748,-5.115389212034));
#582 = CARTESIAN_POINT('',(-9.199011513691,-4.622395075688));
#583 = CARTESIAN_POINT('',(-8.519221777023,-4.098790644542));
#584 = CARTESIAN_POINT('',(-8.168781063914,-3.849877277616));
#585 = CARTESIAN_POINT('',(-8.016332362987,-3.745962016501));
#586 = CARTESIAN_POINT('',(-7.914197712618,-3.677298930456));
#587 = CARTESIAN_POINT('',(-7.861759948335,-3.642542399669));
#588 = CARTESIAN_POINT('',(-7.40770850192,-3.345669090752));
#589 = CARTESIAN_POINT('',(-6.785403609196,-2.982178736916));
#590 = CARTESIAN_POINT('',(-6.029801047057,-2.614702925702));
#591 = CARTESIAN_POINT('',(-5.644604719163,-2.445114087159));
#592 = CARTESIAN_POINT('',(-5.450157793511,-2.363856934655));
#593 = CARTESIAN_POINT('',(-5.36642723358,-2.32979042646));
#594 = CARTESIAN_POINT('',(-5.31051882402,-2.307247862271));
#595 = CARTESIAN_POINT('',(-5.281370613404,-2.295605483054));
#596 = CARTESIAN_POINT('',(-4.824202306448,-2.114597591041));
#597 = CARTESIAN_POINT('',(-4.169371243809,-1.891334135194));
#598 = CARTESIAN_POINT('',(-3.388921951826,-1.687345024138));
#599 = CARTESIAN_POINT('',(-2.994577376108,-1.599471698802));
#600 = CARTESIAN_POINT('',(-2.796375105818,-1.559065343682));
#601 = CARTESIAN_POINT('',(-2.711210565172,-1.542504828819));
#602 = CARTESIAN_POINT('',(-2.654385157959,-1.531632595461));
#603 = CARTESIAN_POINT('',(-2.624304539375,-1.525976357138));
#604 = CARTESIAN_POINT('',(-1.739298698901,-1.362169960186));
#605 = CARTESIAN_POINT('',(-0.872763848875,-1.282732424976));
#606 = CARTESIAN_POINT('',(0.436381924438,-1.282683787512));
#607 = CARTESIAN_POINT('',(1.088354140337,-1.312460694012));
#608 = CARTESIAN_POINT('',(1.844437218397,-1.399352562417));
#609 = CARTESIAN_POINT('',(2.22134096397,-1.455836532659));
#610 = CARTESIAN_POINT('',(2.409508388393,-1.48733802679));
#611 = CARTESIAN_POINT('',(2.490090617067,-1.501537133348));
#612 = CARTESIAN_POINT('',(2.54379855769,-1.511158419101));
#613 = CARTESIAN_POINT('',(2.569045448897,-1.515750590035));
#614 = CARTESIAN_POINT('',(3.052537887389,-1.605203517199));
#615 = CARTESIAN_POINT('',(3.725950689936,-1.763839939037));
#616 = CARTESIAN_POINT('',(4.49556063364,-2.005528153265));
#617 = CARTESIAN_POINT('',(4.876356024008,-2.140525357567));
#618 = CARTESIAN_POINT('',(5.065751323821,-2.211562234015));
#619 = CARTESIAN_POINT('',(5.146705939019,-2.24276481127));
#620 = CARTESIAN_POINT('',(5.200627949371,-2.263735018693));
#621 = CARTESIAN_POINT('',(5.226455641035,-2.273865193516));
#622 = CARTESIAN_POINT('',(5.70284186436,-2.462442223646));
#623 = CARTESIAN_POINT('',(6.358718421036,-2.761130235942));
#624 = CARTESIAN_POINT('',(7.094737512536,-3.166407413055));
#625 = CARTESIAN_POINT('',(7.455454502131,-3.383247958969));
#626 = CARTESIAN_POINT('',(7.608484807067,-3.479222898081));
#627 = CARTESIAN_POINT('',(7.710157745779,-3.543882474506));
#628 = CARTESIAN_POINT('',(7.759775125086,-3.575866962345));
#629 = CARTESIAN_POINT('',(8.6358643882,-4.148588702238));
#630 = CARTESIAN_POINT('',(9.397202064319,-4.767138857262));
#631 = CARTESIAN_POINT('',(10.442110787963,-5.811968751247));
#632 = CARTESIAN_POINT('',(10.935104924307,-6.3584884863));
#633 = CARTESIAN_POINT('',(11.458709355455,-7.03827822297));
#634 = CARTESIAN_POINT('',(11.707622722382,-7.388718936082));
#635 = CARTESIAN_POINT('',(11.811537983497,-7.54116763701));
#636 = CARTESIAN_POINT('',(11.880201069544,-7.643302287381));
#637 = CARTESIAN_POINT('',(11.914957600331,-7.695740051664));
#638 = CARTESIAN_POINT('',(12.211830909251,-8.149791498086));
#639 = CARTESIAN_POINT('',(12.575321263089,-8.772096390814));
#640 = CARTESIAN_POINT('',(12.942797074302,-9.52769895295));
#641 = CARTESIAN_POINT('',(13.112385912843,-9.912895280841));
#642 = CARTESIAN_POINT('',(13.193643065347,-10.10734220649));
#643 = CARTESIAN_POINT('',(13.227709573541,-10.19107276642));
#644 = CARTESIAN_POINT('',(13.250252137729,-10.24698117598));
#645 = CARTESIAN_POINT('',(13.261894516946,-10.27612938659));
#646 = CARTESIAN_POINT('',(13.442902408962,-10.73329769356));
#647 = CARTESIAN_POINT('',(13.666165864812,-11.3881287562));
#648 = CARTESIAN_POINT('',(13.870154975866,-12.16857804818));
#649 = CARTESIAN_POINT('',(13.9580283012,-12.5629226239));
#650 = CARTESIAN_POINT('',(13.998434656319,-12.76112489418));
#651 = CARTESIAN_POINT('',(14.014995171181,-12.84628943483));
#652 = CARTESIAN_POINT('',(14.02586740454,-12.90311484204));
#653 = CARTESIAN_POINT('',(14.031522628762,-12.93318998168));
#654 = CARTESIAN_POINT('',(14.195362491024,-13.81837662705));
#655 = CARTESIAN_POINT('',(14.2748,-14.68420535391));
#656 = CARTESIAN_POINT('',(14.2748,-15.5575));
#657 = ( GEOMETRIC_REPRESENTATION_CONTEXT(2) 
PARAMETRIC_REPRESENTATION_CONTEXT() REPRESENTATION_CONTEXT('2D SPACE',''
  ) );
#658 = ORIENTED_EDGE('',*,*,#659,.F.);
#659 = EDGE_CURVE('',#660,#126,#662,.T.);
#660 = VERTEX_POINT('',#661);
#661 = CARTESIAN_POINT('',(-0.375,-7.029146824527,12.174839433942));
#662 = SURFACE_CURVE('',#663,(#668,#697),.PCURVE_S1.);
#663 = CIRCLE('',#664,0.25);
#664 = AXIS2_PLACEMENT_3D('',#665,#666,#667);
#665 = CARTESIAN_POINT('',(-0.25,-7.1374,12.362339433942));
#666 = DIRECTION('',(-0.,-0.866025403784,-0.5));
#667 = DIRECTION('',(0.,-0.5,0.866025403784));
#668 = PCURVE('',#33,#669);
#669 = DEFINITIONAL_REPRESENTATION('',(#670),#696);
#670 = B_SPLINE_CURVE_WITH_KNOTS('',3,(#671,#672,#673,#674,#675,#676,
    #677,#678,#679,#680,#681,#682,#683,#684,#685,#686,#687,#688,#689,
    #690,#691,#692,#693,#694,#695),.UNSPECIFIED.,.F.,.F.,(4,1,1,1,1,1,1,
    1,1,1,1,1,1,1,1,1,1,1,1,1,1,1,4),(2.617993877991,2.713193655373,
    2.808393432755,2.903593210136,2.998792987518,3.093992764899,
    3.189192542281,3.284392319662,3.379592097044,3.474791874425,
    3.569991651807,3.665191429188,3.76039120657,3.855590983951,
    3.950790761333,4.045990538714,4.141190316096,4.236390093477,
    4.331589870859,4.42678964824,4.521989425622,4.617189203003,
    4.712388980385),.QUASI_UNIFORM_KNOTS.);
#671 = CARTESIAN_POINT('',(0.,1.));
#672 = CARTESIAN_POINT('',(1.831600734641E-02,1.));
#673 = CARTESIAN_POINT('',(5.396118242817E-02,1.));
#674 = CARTESIAN_POINT('',(0.104859092755,1.));
#675 = CARTESIAN_POINT('',(0.153599147128,1.));
#676 = CARTESIAN_POINT('',(0.200518687572,1.));
#677 = CARTESIAN_POINT('',(0.245920263855,1.));
#678 = CARTESIAN_POINT('',(0.290072244355,1.));
#679 = CARTESIAN_POINT('',(0.333217820667,1.));
#680 = CARTESIAN_POINT('',(0.375580179817,1.));
#681 = CARTESIAN_POINT('',(0.41736752939,1.));
#682 = CARTESIAN_POINT('',(0.458777305886,1.));
#683 = CARTESIAN_POINT('',(0.5,1.));
#684 = CARTESIAN_POINT('',(0.541222694114,1.));
#685 = CARTESIAN_POINT('',(0.58263247061,1.));
#686 = CARTESIAN_POINT('',(0.624419820183,1.));
#687 = CARTESIAN_POINT('',(0.666782179333,1.));
#688 = CARTESIAN_POINT('',(0.709927755645,1.));
#689 = CARTESIAN_POINT('',(0.754079736145,1.));
#690 = CARTESIAN_POINT('',(0.799481312428,1.));
#691 = CARTESIAN_POINT('',(0.846400852872,1.));
#692 = CARTESIAN_POINT('',(0.895140907245,1.));
#693 = CARTESIAN_POINT('',(0.946038817572,1.));
#694 = CARTESIAN_POINT('',(0.981683992654,1.));
#695 = CARTESIAN_POINT('',(1.,1.));
#696 = ( GEOMETRIC_REPRESENTATION_CONTEXT(2) 
PARAMETRIC_REPRESENTATION_CONTEXT() REPRESENTATION_CONTEXT('2D SPACE',''
  ) );
#697 = PCURVE('',#79,#698);
#698 = DEFINITIONAL_REPRESENTATION('',(#699),#725);
#699 = B_SPLINE_CURVE_WITH_KNOTS('',3,(#700,#701,#702,#703,#704,#705,
    #706,#707,#708,#709,#710,#711,#712,#713,#714,#715,#716,#717,#718,
    #719,#720,#721,#722,#723,#724),.UNSPECIFIED.,.F.,.F.,(4,1,1,1,1,1,1,
    1,1,1,1,1,1,1,1,1,1,1,1,1,1,1,4),(2.617993877991,2.713193655373,
    2.808393432755,2.903593210136,2.998792987518,3.093992764899,
    3.189192542281,3.284392319662,3.379592097044,3.474791874425,
    3.569991651807,3.665191429188,3.76039120657,3.855590983951,
    3.950790761333,4.045990538714,4.141190316096,4.236390093477,
    4.331589870859,4.42678964824,4.521989425622,4.617189203003,
    4.712388980385),.QUASI_UNIFORM_KNOTS.);
#700 = CARTESIAN_POINT('',(0.,0.));
#701 = CARTESIAN_POINT('',(1.831600734641E-02,0.));
#702 = CARTESIAN_POINT('',(5.396118242817E-02,0.));
#703 = CARTESIAN_POINT('',(0.104859092755,0.));
#704 = CARTESIAN_POINT('',(0.153599147128,0.));
#705 = CARTESIAN_POINT('',(0.200518687572,0.));
#706 = CARTESIAN_POINT('',(0.245920263855,0.));
#707 = CARTESIAN_POINT('',(0.290072244355,0.));
#708 = CARTESIAN_POINT('',(0.333217820667,0.));
#709 = CARTESIAN_POINT('',(0.375580179817,0.));
#710 = CARTESIAN_POINT('',(0.41736752939,0.));
#711 = CARTESIAN_POINT('',(0.458777305886,0.));
#712 = CARTESIAN_POINT('',(0.5,0.));
#713 = CARTESIAN_POINT('',(0.541222694114,0.));
#714 = CARTESIAN_POINT('',(0.58263247061,0.));
#715 = CARTESIAN_POINT('',(0.624419820183,0.));
#716 = CARTESIAN_POINT('',(0.666782179333,0.));
#717 = CARTESIAN_POINT('',(0.709927755645,0.));
#718 = CARTESIAN_POINT('',(0.754079736145,0.));
#719 = CARTESIAN_POINT('',(0.799481312428,0.));
#720 = CARTESIAN_POINT('',(0.846400852872,0.));
#721 = CARTESIAN_POINT('',(0.895140907245,0.));
#722 = CARTESIAN_POINT('',(0.946038817572,0.));
#723 = CARTESIAN_POINT('',(0.981683992654,-0.));
#724 = CARTESIAN_POINT('',(1.,0.));
#725 = ( GEOMETRIC_REPRESENTATION_CONTEXT(2) 
PARAMETRIC_REPRESENTATION_CONTEXT() REPRESENTATION_CONTEXT('2D SPACE',''
  ) );
#726 = ORIENTED_EDGE('',*,*,#727,.T.);
#727 = EDGE_CURVE('',#660,#22,#728,.T.);
#728 = SURFACE_CURVE('',#729,(#734,#763),.PCURVE_S1.);
#729 = CIRCLE('',#730,14.058293649054);
#730 = AXIS2_PLACEMENT_3D('',#731,#732,#733);
#731 = CARTESIAN_POINT('',(-0.375,0.,0.));
#732 = DIRECTION('',(-1.,0.,-0.));
#733 = DIRECTION('',(0.,0.5,-0.866025403784));
#734 = PCURVE('',#33,#735);
#735 = DEFINITIONAL_REPRESENTATION('',(#736),#762);
#736 = B_SPLINE_CURVE_WITH_KNOTS('',3,(#737,#738,#739,#740,#741,#742,
    #743,#744,#745,#746,#747,#748,#749,#750,#751,#752,#753,#754,#755,
    #756,#757,#758,#759,#760,#761),.UNSPECIFIED.,.F.,.F.,(4,1,1,1,1,1,1,
    1,1,1,1,1,1,1,1,1,1,1,1,1,1,1,4),(3.14159265359,3.284392319662,
    3.427191985734,3.569991651807,3.712791317879,3.855590983951,
    3.998390650023,4.141190316096,4.283989982168,4.42678964824,
    4.569589314312,4.712388980385,4.855188646457,4.997988312529,
    5.140787978601,5.283587644674,5.426387310746,5.569186976818,
    5.711986642891,5.854786308963,5.997585975035,6.140385641107,
    6.28318530718),.QUASI_UNIFORM_KNOTS.);
#737 = CARTESIAN_POINT('',(0.,1.));
#738 = CARTESIAN_POINT('',(0.,0.976252642514));
#739 = CARTESIAN_POINT('',(0.,0.931948683956));
#740 = CARTESIAN_POINT('',(0.,0.873315440011));
#741 = CARTESIAN_POINT('',(0.,0.820561425866));
#742 = CARTESIAN_POINT('',(0.,0.772421788032));
#743 = CARTESIAN_POINT('',(0.,0.727875357125));
#744 = CARTESIAN_POINT('',(0.,0.68613087718));
#745 = CARTESIAN_POINT('',(0.,0.646543283156));
#746 = CARTESIAN_POINT('',(0.,0.608575469012));
#747 = CARTESIAN_POINT('',(0.,0.571764894481));
#748 = CARTESIAN_POINT('',(0.,0.535699835049));
#749 = CARTESIAN_POINT('',(0.,0.5));
#750 = CARTESIAN_POINT('',(0.,0.464300164951));
#751 = CARTESIAN_POINT('',(0.,0.428235105519));
#752 = CARTESIAN_POINT('',(0.,0.391424530988));
#753 = CARTESIAN_POINT('',(0.,0.353456716844));
#754 = CARTESIAN_POINT('',(0.,0.31386912282));
#755 = CARTESIAN_POINT('',(0.,0.272124642875));
#756 = CARTESIAN_POINT('',(0.,0.227578211968));
#757 = CARTESIAN_POINT('',(0.,0.179438574134));
#758 = CARTESIAN_POINT('',(0.,0.126684559989));
#759 = CARTESIAN_POINT('',(0.,6.805131604372E-02));
#760 = CARTESIAN_POINT('',(-0.,2.374735748557E-02));
#761 = CARTESIAN_POINT('',(0.,0.));
#762 = ( GEOMETRIC_REPRESENTATION_CONTEXT(2) 
PARAMETRIC_REPRESENTATION_CONTEXT() REPRESENTATION_CONTEXT('2D SPACE',''
  ) );
#763 = PCURVE('',#764,#769);
#764 = CONICAL_SURFACE('',#765,14.2748,0.523598775598);
#765 = AXIS2_PLACEMENT_3D('',#766,#767,#768);
#766 = CARTESIAN_POINT('',(-0.75,0.,0.));
#767 = DIRECTION('',(-1.,0.,0.));
#768 = DIRECTION('',(0.,-0.5,0.866025403784));
#769 = DEFINITIONAL_REPRESENTATION('',(#770),#774);
#770 = LINE('',#771,#772);
#771 = CARTESIAN_POINT('',(-3.14159265359,-0.375));
#772 = VECTOR('',#773,1.);
#773 = DIRECTION('',(1.,0.));
#774 = ( GEOMETRIC_REPRESENTATION_CONTEXT(2) 
PARAMETRIC_REPRESENTATION_CONTEXT() REPRESENTATION_CONTEXT('2D SPACE',''
  ) );
#775 = ADVANCED_FACE('',(#776),#790,.F.);
#776 = FACE_BOUND('',#777,.F.);
#777 = EDGE_LOOP('',(#778,#813,#846,#869));
#778 = ORIENTED_EDGE('',*,*,#779,.T.);
#779 = EDGE_CURVE('',#780,#782,#784,.T.);
#780 = VERTEX_POINT('',#781);
#781 = CARTESIAN_POINT('',(1.2065,6.35,-10.99852262806));
#782 = VERTEX_POINT('',#783);
#783 = CARTESIAN_POINT('',(1.5875,6.35,-10.99852262806));
#784 = SURFACE_CURVE('',#785,(#789,#801),.PCURVE_S1.);
#785 = LINE('',#786,#787);
#786 = CARTESIAN_POINT('',(-6.35,6.35,-10.99852262806));
#787 = VECTOR('',#788,1.);
#788 = DIRECTION('',(1.,0.,0.));
#789 = PCURVE('',#790,#795);
#790 = CYLINDRICAL_SURFACE('',#791,12.7);
#791 = AXIS2_PLACEMENT_3D('',#792,#793,#794);
#792 = CARTESIAN_POINT('',(-6.35,0.,0.));
#793 = DIRECTION('',(1.,0.,0.));
#794 = DIRECTION('',(0.,0.5,-0.866025403784));
#795 = DEFINITIONAL_REPRESENTATION('',(#796),#800);
#796 = LINE('',#797,#798);
#797 = CARTESIAN_POINT('',(6.28318530718,0.));
#798 = VECTOR('',#799,1.);
#799 = DIRECTION('',(0.,1.));
#800 = ( GEOMETRIC_REPRESENTATION_CONTEXT(2) 
PARAMETRIC_REPRESENTATION_CONTEXT() REPRESENTATION_CONTEXT('2D SPACE',''
  ) );
#801 = PCURVE('',#802,#807);
#802 = CYLINDRICAL_SURFACE('',#803,12.7);
#803 = AXIS2_PLACEMENT_3D('',#804,#805,#806);
#804 = CARTESIAN_POINT('',(-6.35,0.,0.));
#805 = DIRECTION('',(1.,0.,0.));
#806 = DIRECTION('',(0.,0.5,-0.866025403784));
#807 = DEFINITIONAL_REPRESENTATION('',(#808),#812);
#808 = LINE('',#809,#810);
#809 = CARTESIAN_POINT('',(0.,0.));
#810 = VECTOR('',#811,1.);
#811 = DIRECTION('',(0.,1.));
#812 = ( GEOMETRIC_REPRESENTATION_CONTEXT(2) 
PARAMETRIC_REPRESENTATION_CONTEXT() REPRESENTATION_CONTEXT('2D SPACE',''
  ) );
#813 = ORIENTED_EDGE('',*,*,#814,.T.);
#814 = EDGE_CURVE('',#782,#815,#817,.T.);
#815 = VERTEX_POINT('',#816);
#816 = CARTESIAN_POINT('',(1.5875,-6.35,10.998522628062));
#817 = SURFACE_CURVE('',#818,(#823,#830),.PCURVE_S1.);
#818 = CIRCLE('',#819,12.7);
#819 = AXIS2_PLACEMENT_3D('',#820,#821,#822);
#820 = CARTESIAN_POINT('',(1.5875,0.,0.));
#821 = DIRECTION('',(-1.,0.,-0.));
#822 = DIRECTION('',(0.,0.5,-0.866025403784));
#823 = PCURVE('',#790,#824);
#824 = DEFINITIONAL_REPRESENTATION('',(#825),#829);
#825 = LINE('',#826,#827);
#826 = CARTESIAN_POINT('',(6.28318530718,7.9375));
#827 = VECTOR('',#828,1.);
#828 = DIRECTION('',(-1.,0.));
#829 = ( GEOMETRIC_REPRESENTATION_CONTEXT(2) 
PARAMETRIC_REPRESENTATION_CONTEXT() REPRESENTATION_CONTEXT('2D SPACE',''
  ) );
#830 = PCURVE('',#831,#836);
#831 = PLANE('',#832);
#832 = AXIS2_PLACEMENT_3D('',#833,#834,#835);
#833 = CARTESIAN_POINT('',(1.5875,10.998522628062,6.35));
#834 = DIRECTION('',(1.,0.,0.));
#835 = DIRECTION('',(0.,0.5,-0.866025403784));
#836 = DEFINITIONAL_REPRESENTATION('',(#837),#845);
#837 = ( BOUNDED_CURVE() B_SPLINE_CURVE(2,(#838,#839,#840,#841,#842,#843
,#844),.UNSPECIFIED.,.T.,.F.) B_SPLINE_CURVE_WITH_KNOTS((1,2,2,2,2,1),(
    -2.094395102393,0.,2.094395102393,4.188790204786,6.28318530718,
8.377580409573),.UNSPECIFIED.) CURVE() GEOMETRIC_REPRESENTATION_ITEM() 
RATIONAL_B_SPLINE_CURVE((1.,0.5,1.,0.5,1.,0.5,1.)) REPRESENTATION_ITEM(
  '') );
#838 = CARTESIAN_POINT('',(12.7,-12.7));
#839 = CARTESIAN_POINT('',(12.7,-34.69704525612));
#840 = CARTESIAN_POINT('',(-6.35,-23.69852262806));
#841 = CARTESIAN_POINT('',(-25.4,-12.7));
#842 = CARTESIAN_POINT('',(-6.35,-1.701477371938));
#843 = CARTESIAN_POINT('',(12.7,9.297045256125));
#844 = CARTESIAN_POINT('',(12.7,-12.7));
#845 = ( GEOMETRIC_REPRESENTATION_CONTEXT(2) 
PARAMETRIC_REPRESENTATION_CONTEXT() REPRESENTATION_CONTEXT('2D SPACE',''
  ) );
#846 = ORIENTED_EDGE('',*,*,#847,.F.);
#847 = EDGE_CURVE('',#848,#815,#850,.T.);
#848 = VERTEX_POINT('',#849);
#849 = CARTESIAN_POINT('',(1.2065,-6.35,10.998522628062));
#850 = SURFACE_CURVE('',#851,(#855,#862),.PCURVE_S1.);
#851 = LINE('',#852,#853);
#852 = CARTESIAN_POINT('',(-6.35,-6.35,10.998522628062));
#853 = VECTOR('',#854,1.);
#854 = DIRECTION('',(1.,0.,0.));
#855 = PCURVE('',#790,#856);
#856 = DEFINITIONAL_REPRESENTATION('',(#857),#861);
#857 = LINE('',#858,#859);
#858 = CARTESIAN_POINT('',(3.14159265359,0.));
#859 = VECTOR('',#860,1.);
#860 = DIRECTION('',(0.,1.));
#861 = ( GEOMETRIC_REPRESENTATION_CONTEXT(2) 
PARAMETRIC_REPRESENTATION_CONTEXT() REPRESENTATION_CONTEXT('2D SPACE',''
  ) );
#862 = PCURVE('',#802,#863);
#863 = DEFINITIONAL_REPRESENTATION('',(#864),#868);
#864 = LINE('',#865,#866);
#865 = CARTESIAN_POINT('',(3.14159265359,0.));
#866 = VECTOR('',#867,1.);
#867 = DIRECTION('',(0.,1.));
#868 = ( GEOMETRIC_REPRESENTATION_CONTEXT(2) 
PARAMETRIC_REPRESENTATION_CONTEXT() REPRESENTATION_CONTEXT('2D SPACE',''
  ) );
#869 = ORIENTED_EDGE('',*,*,#870,.T.);
#870 = EDGE_CURVE('',#848,#780,#871,.T.);
#871 = SURFACE_CURVE('',#872,(#877,#884),.PCURVE_S1.);
#872 = CIRCLE('',#873,12.7);
#873 = AXIS2_PLACEMENT_3D('',#874,#875,#876);
#874 = CARTESIAN_POINT('',(1.2065,0.,0.));
#875 = DIRECTION('',(1.,-0.,0.));
#876 = DIRECTION('',(0.,0.5,-0.866025403784));
#877 = PCURVE('',#790,#878);
#878 = DEFINITIONAL_REPRESENTATION('',(#879),#883);
#879 = LINE('',#880,#881);
#880 = CARTESIAN_POINT('',(0.,7.5565));
#881 = VECTOR('',#882,1.);
#882 = DIRECTION('',(1.,0.));
#883 = ( GEOMETRIC_REPRESENTATION_CONTEXT(2) 
PARAMETRIC_REPRESENTATION_CONTEXT() REPRESENTATION_CONTEXT('2D SPACE',''
  ) );
#884 = PCURVE('',#885,#890);
#885 = PLANE('',#886);
#886 = AXIS2_PLACEMENT_3D('',#887,#888,#889);
#887 = CARTESIAN_POINT('',(1.2065,8.358877197327,4.826));
#888 = DIRECTION('',(1.,0.,0.));
#889 = DIRECTION('',(0.,0.5,-0.866025403784));
#890 = DEFINITIONAL_REPRESENTATION('',(#891),#895);
#891 = CIRCLE('',#892,12.7);
#892 = AXIS2_PLACEMENT_2D('',#893,#894);
#893 = CARTESIAN_POINT('',(0.,-9.652));
#894 = DIRECTION('',(1.,0.));
#895 = ( GEOMETRIC_REPRESENTATION_CONTEXT(2) 
PARAMETRIC_REPRESENTATION_CONTEXT() REPRESENTATION_CONTEXT('2D SPACE',''
  ) );
#896 = ADVANCED_FACE('',(#897),#912,.T.);
#897 = FACE_BOUND('',#898,.T.);
#898 = EDGE_LOOP('',(#899,#934,#962,#986));
#899 = ORIENTED_EDGE('',*,*,#900,.T.);
#900 = EDGE_CURVE('',#901,#903,#905,.T.);
#901 = VERTEX_POINT('',#902);
#902 = CARTESIAN_POINT('',(0.,7.77875,-13.47319021937));
#903 = VERTEX_POINT('',#904);
#904 = CARTESIAN_POINT('',(0.,-7.77875,13.473190219376));
#905 = SURFACE_CURVE('',#906,(#911,#923),.PCURVE_S1.);
#906 = CIRCLE('',#907,15.5575);
#907 = AXIS2_PLACEMENT_3D('',#908,#909,#910);
#908 = CARTESIAN_POINT('',(0.,0.,0.));
#909 = DIRECTION('',(1.,-0.,0.));
#910 = DIRECTION('',(0.,0.5,-0.866025403784));
#911 = PCURVE('',#912,#917);
#912 = CYLINDRICAL_SURFACE('',#913,15.5575);
#913 = AXIS2_PLACEMENT_3D('',#914,#915,#916);
#914 = CARTESIAN_POINT('',(-6.35,0.,0.));
#915 = DIRECTION('',(1.,0.,0.));
#916 = DIRECTION('',(0.,0.5,-0.866025403784));
#917 = DEFINITIONAL_REPRESENTATION('',(#918),#922);
#918 = LINE('',#919,#920);
#919 = CARTESIAN_POINT('',(0.,6.35));
#920 = VECTOR('',#921,1.);
#921 = DIRECTION('',(1.,0.));
#922 = ( GEOMETRIC_REPRESENTATION_CONTEXT(2) 
PARAMETRIC_REPRESENTATION_CONTEXT() REPRESENTATION_CONTEXT('2D SPACE',''
  ) );
#923 = PCURVE('',#548,#924);
#924 = DEFINITIONAL_REPRESENTATION('',(#925),#933);
#925 = ( BOUNDED_CURVE() B_SPLINE_CURVE(2,(#926,#927,#928,#929,#930,#931
,#932),.UNSPECIFIED.,.T.,.F.) B_SPLINE_CURVE_WITH_KNOTS((1,2,2,2,2,1),(
    -2.094395102393,0.,2.094395102393,4.188790204786,6.28318530718,
8.377580409573),.UNSPECIFIED.) CURVE() GEOMETRIC_REPRESENTATION_ITEM() 
RATIONAL_B_SPLINE_CURVE((1.,0.5,1.,0.5,1.,0.5,1.)) REPRESENTATION_ITEM(
  '') );
#926 = CARTESIAN_POINT('',(-15.5575,-15.5575));
#927 = CARTESIAN_POINT('',(-15.5575,11.388880438753));
#928 = CARTESIAN_POINT('',(7.77875,-2.084309780624));
#929 = CARTESIAN_POINT('',(31.115,-15.5575));
#930 = CARTESIAN_POINT('',(7.77875,-29.03069021937));
#931 = CARTESIAN_POINT('',(-15.5575,-42.50388043875));
#932 = CARTESIAN_POINT('',(-15.5575,-15.5575));
#933 = ( GEOMETRIC_REPRESENTATION_CONTEXT(2) 
PARAMETRIC_REPRESENTATION_CONTEXT() REPRESENTATION_CONTEXT('2D SPACE',''
  ) );
#934 = ORIENTED_EDGE('',*,*,#935,.T.);
#935 = EDGE_CURVE('',#903,#936,#938,.T.);
#936 = VERTEX_POINT('',#937);
#937 = CARTESIAN_POINT('',(1.5875,-7.77875,13.473190219376));
#938 = SURFACE_CURVE('',#939,(#943,#950),.PCURVE_S1.);
#939 = LINE('',#940,#941);
#940 = CARTESIAN_POINT('',(-6.35,-7.77875,13.473190219376));
#941 = VECTOR('',#942,1.);
#942 = DIRECTION('',(1.,0.,0.));
#943 = PCURVE('',#912,#944);
#944 = DEFINITIONAL_REPRESENTATION('',(#945),#949);
#945 = LINE('',#946,#947);
#946 = CARTESIAN_POINT('',(3.14159265359,0.));
#947 = VECTOR('',#948,1.);
#948 = DIRECTION('',(0.,1.));
#949 = ( GEOMETRIC_REPRESENTATION_CONTEXT(2) 
PARAMETRIC_REPRESENTATION_CONTEXT() REPRESENTATION_CONTEXT('2D SPACE',''
  ) );
#950 = PCURVE('',#951,#956);
#951 = CYLINDRICAL_SURFACE('',#952,15.5575);
#952 = AXIS2_PLACEMENT_3D('',#953,#954,#955);
#953 = CARTESIAN_POINT('',(-6.35,0.,0.));
#954 = DIRECTION('',(1.,0.,0.));
#955 = DIRECTION('',(0.,0.5,-0.866025403784));
#956 = DEFINITIONAL_REPRESENTATION('',(#957),#961);
#957 = LINE('',#958,#959);
#958 = CARTESIAN_POINT('',(3.14159265359,0.));
#959 = VECTOR('',#960,1.);
#960 = DIRECTION('',(0.,1.));
#961 = ( GEOMETRIC_REPRESENTATION_CONTEXT(2) 
PARAMETRIC_REPRESENTATION_CONTEXT() REPRESENTATION_CONTEXT('2D SPACE',''
  ) );
#962 = ORIENTED_EDGE('',*,*,#963,.F.);
#963 = EDGE_CURVE('',#964,#936,#966,.T.);
#964 = VERTEX_POINT('',#965);
#965 = CARTESIAN_POINT('',(1.5875,7.77875,-13.47319021937));
#966 = SURFACE_CURVE('',#967,(#972,#979),.PCURVE_S1.);
#967 = CIRCLE('',#968,15.5575);
#968 = AXIS2_PLACEMENT_3D('',#969,#970,#971);
#969 = CARTESIAN_POINT('',(1.5875,0.,0.));
#970 = DIRECTION('',(1.,-0.,0.));
#971 = DIRECTION('',(0.,0.5,-0.866025403784));
#972 = PCURVE('',#912,#973);
#973 = DEFINITIONAL_REPRESENTATION('',(#974),#978);
#974 = LINE('',#975,#976);
#975 = CARTESIAN_POINT('',(0.,7.9375));
#976 = VECTOR('',#977,1.);
#977 = DIRECTION('',(1.,0.));
#978 = ( GEOMETRIC_REPRESENTATION_CONTEXT(2) 
PARAMETRIC_REPRESENTATION_CONTEXT() REPRESENTATION_CONTEXT('2D SPACE',''
  ) );
#979 = PCURVE('',#831,#980);
#980 = DEFINITIONAL_REPRESENTATION('',(#981),#985);
#981 = CIRCLE('',#982,15.5575);
#982 = AXIS2_PLACEMENT_2D('',#983,#984);
#983 = CARTESIAN_POINT('',(0.,-12.7));
#984 = DIRECTION('',(1.,0.));
#985 = ( GEOMETRIC_REPRESENTATION_CONTEXT(2) 
PARAMETRIC_REPRESENTATION_CONTEXT() REPRESENTATION_CONTEXT('2D SPACE',''
  ) );
#986 = ORIENTED_EDGE('',*,*,#987,.F.);
#987 = EDGE_CURVE('',#901,#964,#988,.T.);
#988 = SURFACE_CURVE('',#989,(#993,#1000),.PCURVE_S1.);
#989 = LINE('',#990,#991);
#990 = CARTESIAN_POINT('',(-6.35,7.77875,-13.47319021937));
#991 = VECTOR('',#992,1.);
#992 = DIRECTION('',(1.,0.,0.));
#993 = PCURVE('',#912,#994);
#994 = DEFINITIONAL_REPRESENTATION('',(#995),#999);
#995 = LINE('',#996,#997);
#996 = CARTESIAN_POINT('',(0.,0.));
#997 = VECTOR('',#998,1.);
#998 = DIRECTION('',(0.,1.));
#999 = ( GEOMETRIC_REPRESENTATION_CONTEXT(2) 
PARAMETRIC_REPRESENTATION_CONTEXT() REPRESENTATION_CONTEXT('2D SPACE',''
  ) );
#1000 = PCURVE('',#951,#1001);
#1001 = DEFINITIONAL_REPRESENTATION('',(#1002),#1006);
#1002 = LINE('',#1003,#1004);
#1003 = CARTESIAN_POINT('',(6.28318530718,0.));
#1004 = VECTOR('',#1005,1.);
#1005 = DIRECTION('',(0.,1.));
#1006 = ( GEOMETRIC_REPRESENTATION_CONTEXT(2) 
PARAMETRIC_REPRESENTATION_CONTEXT() REPRESENTATION_CONTEXT('2D SPACE',''
  ) );
#1007 = ADVANCED_FACE('',(#1008),#1023,.T.);
#1008 = FACE_BOUND('',#1009,.T.);
#1009 = EDGE_LOOP('',(#1010,#1045,#1073,#1106));
#1010 = ORIENTED_EDGE('',*,*,#1011,.F.);
#1011 = EDGE_CURVE('',#1012,#1014,#1016,.T.);
#1012 = VERTEX_POINT('',#1013);
#1013 = CARTESIAN_POINT('',(1.2065,-4.826,8.358877197327));
#1014 = VERTEX_POINT('',#1015);
#1015 = CARTESIAN_POINT('',(1.2065,4.826,-8.358877197327));
#1016 = SURFACE_CURVE('',#1017,(#1022,#1034),.PCURVE_S1.);
#1017 = CIRCLE('',#1018,9.652);
#1018 = AXIS2_PLACEMENT_3D('',#1019,#1020,#1021);
#1019 = CARTESIAN_POINT('',(1.2065,0.,0.));
#1020 = DIRECTION('',(-1.,0.,-0.));
#1021 = DIRECTION('',(0.,0.5,-0.866025403784));
#1022 = PCURVE('',#1023,#1028);
#1023 = CYLINDRICAL_SURFACE('',#1024,9.652);
#1024 = AXIS2_PLACEMENT_3D('',#1025,#1026,#1027);
#1025 = CARTESIAN_POINT('',(-6.35,0.,0.));
#1026 = DIRECTION('',(1.,0.,0.));
#1027 = DIRECTION('',(0.,0.5,-0.866025403784));
#1028 = DEFINITIONAL_REPRESENTATION('',(#1029),#1033);
#1029 = LINE('',#1030,#1031);
#1030 = CARTESIAN_POINT('',(6.28318530718,7.5565));
#1031 = VECTOR('',#1032,1.);
#1032 = DIRECTION('',(-1.,0.));
#1033 = ( GEOMETRIC_REPRESENTATION_CONTEXT(2) 
PARAMETRIC_REPRESENTATION_CONTEXT() REPRESENTATION_CONTEXT('2D SPACE',''
  ) );
#1034 = PCURVE('',#885,#1035);
#1035 = DEFINITIONAL_REPRESENTATION('',(#1036),#1044);
#1036 = ( BOUNDED_CURVE() B_SPLINE_CURVE(2,(#1037,#1038,#1039,#1040,
#1041,#1042,#1043),.UNSPECIFIED.,.T.,.F.) B_SPLINE_CURVE_WITH_KNOTS((1,2
    ,2,2,2,1),(-2.094395102393,0.,2.094395102393,4.188790204786,
6.28318530718,8.377580409573),.UNSPECIFIED.) CURVE() 
GEOMETRIC_REPRESENTATION_ITEM() RATIONAL_B_SPLINE_CURVE((1.,0.5,1.,0.5,
1.,0.5,1.)) REPRESENTATION_ITEM('') );
#1037 = CARTESIAN_POINT('',(9.652,-9.652));
#1038 = CARTESIAN_POINT('',(9.652,-26.36975439465));
#1039 = CARTESIAN_POINT('',(-4.826,-18.01087719732));
#1040 = CARTESIAN_POINT('',(-19.304,-9.652));
#1041 = CARTESIAN_POINT('',(-4.826,-1.293122802673));
#1042 = CARTESIAN_POINT('',(9.652,7.065754394655));
#1043 = CARTESIAN_POINT('',(9.652,-9.652));
#1044 = ( GEOMETRIC_REPRESENTATION_CONTEXT(2) 
PARAMETRIC_REPRESENTATION_CONTEXT() REPRESENTATION_CONTEXT('2D SPACE',''
  ) );
#1045 = ORIENTED_EDGE('',*,*,#1046,.T.);
#1046 = EDGE_CURVE('',#1012,#1047,#1049,.T.);
#1047 = VERTEX_POINT('',#1048);
#1048 = CARTESIAN_POINT('',(1.5875,-4.826,8.358877197327));
#1049 = SURFACE_CURVE('',#1050,(#1054,#1061),.PCURVE_S1.);
#1050 = LINE('',#1051,#1052);
#1051 = CARTESIAN_POINT('',(-6.35,-4.826,8.358877197327));
#1052 = VECTOR('',#1053,1.);
#1053 = DIRECTION('',(1.,0.,0.));
#1054 = PCURVE('',#1023,#1055);
#1055 = DEFINITIONAL_REPRESENTATION('',(#1056),#1060);
#1056 = LINE('',#1057,#1058);
#1057 = CARTESIAN_POINT('',(3.14159265359,0.));
#1058 = VECTOR('',#1059,1.);
#1059 = DIRECTION('',(0.,1.));
#1060 = ( GEOMETRIC_REPRESENTATION_CONTEXT(2) 
PARAMETRIC_REPRESENTATION_CONTEXT() REPRESENTATION_CONTEXT('2D SPACE',''
  ) );
#1061 = PCURVE('',#1062,#1067);
#1062 = CYLINDRICAL_SURFACE('',#1063,9.652);
#1063 = AXIS2_PLACEMENT_3D('',#1064,#1065,#1066);
#1064 = CARTESIAN_POINT('',(-6.35,0.,0.));
#1065 = DIRECTION('',(1.,0.,0.));
#1066 = DIRECTION('',(0.,0.5,-0.866025403784));
#1067 = DEFINITIONAL_REPRESENTATION('',(#1068),#1072);
#1068 = LINE('',#1069,#1070);
#1069 = CARTESIAN_POINT('',(3.14159265359,0.));
#1070 = VECTOR('',#1071,1.);
#1071 = DIRECTION('',(0.,1.));
#1072 = ( GEOMETRIC_REPRESENTATION_CONTEXT(2) 
PARAMETRIC_REPRESENTATION_CONTEXT() REPRESENTATION_CONTEXT('2D SPACE',''
  ) );
#1073 = ORIENTED_EDGE('',*,*,#1074,.T.);
#1074 = EDGE_CURVE('',#1047,#1075,#1077,.T.);
#1075 = VERTEX_POINT('',#1076);
#1076 = CARTESIAN_POINT('',(1.5875,4.826,-8.358877197327));
#1077 = SURFACE_CURVE('',#1078,(#1083,#1090),.PCURVE_S1.);
#1078 = CIRCLE('',#1079,9.652);
#1079 = AXIS2_PLACEMENT_3D('',#1080,#1081,#1082);
#1080 = CARTESIAN_POINT('',(1.5875,0.,0.));
#1081 = DIRECTION('',(-1.,0.,-0.));
#1082 = DIRECTION('',(0.,0.5,-0.866025403784));
#1083 = PCURVE('',#1023,#1084);
#1084 = DEFINITIONAL_REPRESENTATION('',(#1085),#1089);
#1085 = LINE('',#1086,#1087);
#1086 = CARTESIAN_POINT('',(6.28318530718,7.9375));
#1087 = VECTOR('',#1088,1.);
#1088 = DIRECTION('',(-1.,0.));
#1089 = ( GEOMETRIC_REPRESENTATION_CONTEXT(2) 
PARAMETRIC_REPRESENTATION_CONTEXT() REPRESENTATION_CONTEXT('2D SPACE',''
  ) );
#1090 = PCURVE('',#1091,#1096);
#1091 = PLANE('',#1092);
#1092 = AXIS2_PLACEMENT_3D('',#1093,#1094,#1095);
#1093 = CARTESIAN_POINT('',(1.5875,5.499261314031,3.175));
#1094 = DIRECTION('',(1.,0.,0.));
#1095 = DIRECTION('',(0.,0.5,-0.866025403784));
#1096 = DEFINITIONAL_REPRESENTATION('',(#1097),#1105);
#1097 = ( BOUNDED_CURVE() B_SPLINE_CURVE(2,(#1098,#1099,#1100,#1101,
#1102,#1103,#1104),.UNSPECIFIED.,.T.,.F.) B_SPLINE_CURVE_WITH_KNOTS((1,2
    ,2,2,2,1),(-2.094395102393,0.,2.094395102393,4.188790204786,
6.28318530718,8.377580409573),.UNSPECIFIED.) CURVE() 
GEOMETRIC_REPRESENTATION_ITEM() RATIONAL_B_SPLINE_CURVE((1.,0.5,1.,0.5,
1.,0.5,1.)) REPRESENTATION_ITEM('') );
#1098 = CARTESIAN_POINT('',(9.652,-6.35));
#1099 = CARTESIAN_POINT('',(9.652,-23.06775439465));
#1100 = CARTESIAN_POINT('',(-4.826,-14.70887719732));
#1101 = CARTESIAN_POINT('',(-19.304,-6.35));
#1102 = CARTESIAN_POINT('',(-4.826,2.008877197327));
#1103 = CARTESIAN_POINT('',(9.652,10.367754394655));
#1104 = CARTESIAN_POINT('',(9.652,-6.35));
#1105 = ( GEOMETRIC_REPRESENTATION_CONTEXT(2) 
PARAMETRIC_REPRESENTATION_CONTEXT() REPRESENTATION_CONTEXT('2D SPACE',''
  ) );
#1106 = ORIENTED_EDGE('',*,*,#1107,.F.);
#1107 = EDGE_CURVE('',#1014,#1075,#1108,.T.);
#1108 = SURFACE_CURVE('',#1109,(#1113,#1120),.PCURVE_S1.);
#1109 = LINE('',#1110,#1111);
#1110 = CARTESIAN_POINT('',(-6.35,4.826,-8.358877197327));
#1111 = VECTOR('',#1112,1.);
#1112 = DIRECTION('',(1.,0.,0.));
#1113 = PCURVE('',#1023,#1114);
#1114 = DEFINITIONAL_REPRESENTATION('',(#1115),#1119);
#1115 = LINE('',#1116,#1117);
#1116 = CARTESIAN_POINT('',(0.,0.));
#1117 = VECTOR('',#1118,1.);
#1118 = DIRECTION('',(0.,1.));
#1119 = ( GEOMETRIC_REPRESENTATION_CONTEXT(2) 
PARAMETRIC_REPRESENTATION_CONTEXT() REPRESENTATION_CONTEXT('2D SPACE',''
  ) );
#1120 = PCURVE('',#1062,#1121);
#1121 = DEFINITIONAL_REPRESENTATION('',(#1122),#1126);
#1122 = LINE('',#1123,#1124);
#1123 = CARTESIAN_POINT('',(6.28318530718,0.));
#1124 = VECTOR('',#1125,1.);
#1125 = DIRECTION('',(0.,1.));
#1126 = ( GEOMETRIC_REPRESENTATION_CONTEXT(2) 
PARAMETRIC_REPRESENTATION_CONTEXT() REPRESENTATION_CONTEXT('2D SPACE',''
  ) );
#1127 = ADVANCED_FACE('',(#1128),#764,.T.);
#1128 = FACE_BOUND('',#1129,.T.);
#1129 = EDGE_LOOP('',(#1130,#1131,#1159,#1188));
#1130 = ORIENTED_EDGE('',*,*,#727,.T.);
#1131 = ORIENTED_EDGE('',*,*,#1132,.T.);
#1132 = EDGE_CURVE('',#22,#1133,#1135,.T.);
#1133 = VERTEX_POINT('',#1134);
#1134 = CARTESIAN_POINT('',(-0.75,7.1374,-12.36233943394));
#1135 = SURFACE_CURVE('',#1136,(#1140,#1147),.PCURVE_S1.);
#1136 = LINE('',#1137,#1138);
#1137 = CARTESIAN_POINT('',(-0.75,7.1374,-12.36233943394));
#1138 = VECTOR('',#1139,1.);
#1139 = DIRECTION('',(-0.866025403784,0.25,-0.433012701892));
#1140 = PCURVE('',#764,#1141);
#1141 = DEFINITIONAL_REPRESENTATION('',(#1142),#1146);
#1142 = LINE('',#1143,#1144);
#1143 = CARTESIAN_POINT('',(3.14159265359,-4.807406715959E-17));
#1144 = VECTOR('',#1145,1.);
#1145 = DIRECTION('',(0.,1.));
#1146 = ( GEOMETRIC_REPRESENTATION_CONTEXT(2) 
PARAMETRIC_REPRESENTATION_CONTEXT() REPRESENTATION_CONTEXT('2D SPACE',''
  ) );
#1147 = PCURVE('',#1148,#1153);
#1148 = CONICAL_SURFACE('',#1149,14.2748,0.523598775598);
#1149 = AXIS2_PLACEMENT_3D('',#1150,#1151,#1152);
#1150 = CARTESIAN_POINT('',(-0.75,0.,0.));
#1151 = DIRECTION('',(-1.,0.,0.));
#1152 = DIRECTION('',(0.,-0.5,0.866025403784));
#1153 = DEFINITIONAL_REPRESENTATION('',(#1154),#1158);
#1154 = LINE('',#1155,#1156);
#1155 = CARTESIAN_POINT('',(3.14159265359,-4.807406715959E-17));
#1156 = VECTOR('',#1157,1.);
#1157 = DIRECTION('',(0.,1.));
#1158 = ( GEOMETRIC_REPRESENTATION_CONTEXT(2) 
PARAMETRIC_REPRESENTATION_CONTEXT() REPRESENTATION_CONTEXT('2D SPACE',''
  ) );
#1159 = ORIENTED_EDGE('',*,*,#1160,.T.);
#1160 = EDGE_CURVE('',#1133,#1161,#1163,.T.);
#1161 = VERTEX_POINT('',#1162);
#1162 = CARTESIAN_POINT('',(-0.75,-7.1374,12.362339433942));
#1163 = SURFACE_CURVE('',#1164,(#1169,#1176),.PCURVE_S1.);
#1164 = CIRCLE('',#1165,14.2748);
#1165 = AXIS2_PLACEMENT_3D('',#1166,#1167,#1168);
#1166 = CARTESIAN_POINT('',(-0.75,0.,0.));
#1167 = DIRECTION('',(1.,0.,0.));
#1168 = DIRECTION('',(0.,-0.5,0.866025403784));
#1169 = PCURVE('',#764,#1170);
#1170 = DEFINITIONAL_REPRESENTATION('',(#1171),#1175);
#1171 = LINE('',#1172,#1173);
#1172 = CARTESIAN_POINT('',(6.28318530718,2.870637778657E-15));
#1173 = VECTOR('',#1174,1.);
#1174 = DIRECTION('',(-1.,0.));
#1175 = ( GEOMETRIC_REPRESENTATION_CONTEXT(2) 
PARAMETRIC_REPRESENTATION_CONTEXT() REPRESENTATION_CONTEXT('2D SPACE',''
  ) );
#1176 = PCURVE('',#1177,#1182);
#1177 = CYLINDRICAL_SURFACE('',#1178,14.2748);
#1178 = AXIS2_PLACEMENT_3D('',#1179,#1180,#1181);
#1179 = CARTESIAN_POINT('',(-6.35,0.,0.));
#1180 = DIRECTION('',(1.,0.,0.));
#1181 = DIRECTION('',(0.,0.5,-0.866025403784));
#1182 = DEFINITIONAL_REPRESENTATION('',(#1183),#1187);
#1183 = LINE('',#1184,#1185);
#1184 = CARTESIAN_POINT('',(-3.14159265359,5.6));
#1185 = VECTOR('',#1186,1.);
#1186 = DIRECTION('',(1.,0.));
#1187 = ( GEOMETRIC_REPRESENTATION_CONTEXT(2) 
PARAMETRIC_REPRESENTATION_CONTEXT() REPRESENTATION_CONTEXT('2D SPACE',''
  ) );
#1188 = ORIENTED_EDGE('',*,*,#1189,.F.);
#1189 = EDGE_CURVE('',#660,#1161,#1190,.T.);
#1190 = SURFACE_CURVE('',#1191,(#1195,#1202),.PCURVE_S1.);
#1191 = LINE('',#1192,#1193);
#1192 = CARTESIAN_POINT('',(-0.75,-7.1374,12.362339433942));
#1193 = VECTOR('',#1194,1.);
#1194 = DIRECTION('',(-0.866025403784,-0.25,0.433012701892));
#1195 = PCURVE('',#764,#1196);
#1196 = DEFINITIONAL_REPRESENTATION('',(#1197),#1201);
#1197 = LINE('',#1198,#1199);
#1198 = CARTESIAN_POINT('',(0.,-4.807406715959E-17));
#1199 = VECTOR('',#1200,1.);
#1200 = DIRECTION('',(0.,1.));
#1201 = ( GEOMETRIC_REPRESENTATION_CONTEXT(2) 
PARAMETRIC_REPRESENTATION_CONTEXT() REPRESENTATION_CONTEXT('2D SPACE',''
  ) );
#1202 = PCURVE('',#1148,#1203);
#1203 = DEFINITIONAL_REPRESENTATION('',(#1204),#1208);
#1204 = LINE('',#1205,#1206);
#1205 = CARTESIAN_POINT('',(6.28318530718,-4.807406715959E-17));
#1206 = VECTOR('',#1207,1.);
#1207 = DIRECTION('',(0.,1.));
#1208 = ( GEOMETRIC_REPRESENTATION_CONTEXT(2) 
PARAMETRIC_REPRESENTATION_CONTEXT() REPRESENTATION_CONTEXT('2D SPACE',''
  ) );
#1209 = ADVANCED_FACE('',(#1210),#1177,.T.);
#1210 = FACE_BOUND('',#1211,.T.);
#1211 = EDGE_LOOP('',(#1212,#1247,#1273,#1274));
#1212 = ORIENTED_EDGE('',*,*,#1213,.T.);
#1213 = EDGE_CURVE('',#1214,#1216,#1218,.T.);
#1214 = VERTEX_POINT('',#1215);
#1215 = CARTESIAN_POINT('',(-6.35,7.1374,-12.36233943394));
#1216 = VERTEX_POINT('',#1217);
#1217 = CARTESIAN_POINT('',(-6.35,-7.1374,12.362339433942));
#1218 = SURFACE_CURVE('',#1219,(#1224,#1231),.PCURVE_S1.);
#1219 = CIRCLE('',#1220,14.2748);
#1220 = AXIS2_PLACEMENT_3D('',#1221,#1222,#1223);
#1221 = CARTESIAN_POINT('',(-6.35,0.,0.));
#1222 = DIRECTION('',(1.,-0.,0.));
#1223 = DIRECTION('',(0.,0.5,-0.866025403784));
#1224 = PCURVE('',#1177,#1225);
#1225 = DEFINITIONAL_REPRESENTATION('',(#1226),#1230);
#1226 = LINE('',#1227,#1228);
#1227 = CARTESIAN_POINT('',(0.,0.));
#1228 = VECTOR('',#1229,1.);
#1229 = DIRECTION('',(1.,0.));
#1230 = ( GEOMETRIC_REPRESENTATION_CONTEXT(2) 
PARAMETRIC_REPRESENTATION_CONTEXT() REPRESENTATION_CONTEXT('2D SPACE',''
  ) );
#1231 = PCURVE('',#1232,#1237);
#1232 = PLANE('',#1233);
#1233 = AXIS2_PLACEMENT_3D('',#1234,#1235,#1236);
#1234 = CARTESIAN_POINT('',(-6.35,12.362339433942,7.1374));
#1235 = DIRECTION('',(-1.,0.,0.));
#1236 = DIRECTION('',(0.,-0.5,0.866025403784));
#1237 = DEFINITIONAL_REPRESENTATION('',(#1238),#1246);
#1238 = ( BOUNDED_CURVE() B_SPLINE_CURVE(2,(#1239,#1240,#1241,#1242,
#1243,#1244,#1245),.UNSPECIFIED.,.T.,.F.) B_SPLINE_CURVE_WITH_KNOTS((1,2
    ,2,2,2,1),(-2.094395102393,0.,2.094395102393,4.188790204786,
6.28318530718,8.377580409573),.UNSPECIFIED.) CURVE() 
GEOMETRIC_REPRESENTATION_ITEM() RATIONAL_B_SPLINE_CURVE((1.,0.5,1.,0.5,
1.,0.5,1.)) REPRESENTATION_ITEM('') );
#1239 = CARTESIAN_POINT('',(-14.2748,-14.2748));
#1240 = CARTESIAN_POINT('',(-14.2748,10.449878867884));
#1241 = CARTESIAN_POINT('',(7.1374,-1.912460566058));
#1242 = CARTESIAN_POINT('',(28.5496,-14.2748));
#1243 = CARTESIAN_POINT('',(7.1374,-26.63713943394));
#1244 = CARTESIAN_POINT('',(-14.2748,-38.99947886788));
#1245 = CARTESIAN_POINT('',(-14.2748,-14.2748));
#1246 = ( GEOMETRIC_REPRESENTATION_CONTEXT(2) 
PARAMETRIC_REPRESENTATION_CONTEXT() REPRESENTATION_CONTEXT('2D SPACE',''
  ) );
#1247 = ORIENTED_EDGE('',*,*,#1248,.T.);
#1248 = EDGE_CURVE('',#1216,#1161,#1249,.T.);
#1249 = SURFACE_CURVE('',#1250,(#1254,#1261),.PCURVE_S1.);
#1250 = LINE('',#1251,#1252);
#1251 = CARTESIAN_POINT('',(-6.35,-7.1374,12.362339433942));
#1252 = VECTOR('',#1253,1.);
#1253 = DIRECTION('',(1.,0.,0.));
#1254 = PCURVE('',#1177,#1255);
#1255 = DEFINITIONAL_REPRESENTATION('',(#1256),#1260);
#1256 = LINE('',#1257,#1258);
#1257 = CARTESIAN_POINT('',(3.14159265359,0.));
#1258 = VECTOR('',#1259,1.);
#1259 = DIRECTION('',(0.,1.));
#1260 = ( GEOMETRIC_REPRESENTATION_CONTEXT(2) 
PARAMETRIC_REPRESENTATION_CONTEXT() REPRESENTATION_CONTEXT('2D SPACE',''
  ) );
#1261 = PCURVE('',#1262,#1267);
#1262 = CYLINDRICAL_SURFACE('',#1263,14.2748);
#1263 = AXIS2_PLACEMENT_3D('',#1264,#1265,#1266);
#1264 = CARTESIAN_POINT('',(-6.35,0.,0.));
#1265 = DIRECTION('',(1.,0.,0.));
#1266 = DIRECTION('',(0.,0.5,-0.866025403784));
#1267 = DEFINITIONAL_REPRESENTATION('',(#1268),#1272);
#1268 = LINE('',#1269,#1270);
#1269 = CARTESIAN_POINT('',(3.14159265359,0.));
#1270 = VECTOR('',#1271,1.);
#1271 = DIRECTION('',(0.,1.));
#1272 = ( GEOMETRIC_REPRESENTATION_CONTEXT(2) 
PARAMETRIC_REPRESENTATION_CONTEXT() REPRESENTATION_CONTEXT('2D SPACE',''
  ) );
#1273 = ORIENTED_EDGE('',*,*,#1160,.F.);
#1274 = ORIENTED_EDGE('',*,*,#1275,.F.);
#1275 = EDGE_CURVE('',#1214,#1133,#1276,.T.);
#1276 = SURFACE_CURVE('',#1277,(#1281,#1288),.PCURVE_S1.);
#1277 = LINE('',#1278,#1279);
#1278 = CARTESIAN_POINT('',(-6.35,7.1374,-12.36233943394));
#1279 = VECTOR('',#1280,1.);
#1280 = DIRECTION('',(1.,0.,0.));
#1281 = PCURVE('',#1177,#1282);
#1282 = DEFINITIONAL_REPRESENTATION('',(#1283),#1287);
#1283 = LINE('',#1284,#1285);
#1284 = CARTESIAN_POINT('',(0.,0.));
#1285 = VECTOR('',#1286,1.);
#1286 = DIRECTION('',(0.,1.));
#1287 = ( GEOMETRIC_REPRESENTATION_CONTEXT(2) 
PARAMETRIC_REPRESENTATION_CONTEXT() REPRESENTATION_CONTEXT('2D SPACE',''
  ) );
#1288 = PCURVE('',#1262,#1289);
#1289 = DEFINITIONAL_REPRESENTATION('',(#1290),#1294);
#1290 = LINE('',#1291,#1292);
#1291 = CARTESIAN_POINT('',(6.28318530718,0.));
#1292 = VECTOR('',#1293,1.);
#1293 = DIRECTION('',(0.,1.));
#1294 = ( GEOMETRIC_REPRESENTATION_CONTEXT(2) 
PARAMETRIC_REPRESENTATION_CONTEXT() REPRESENTATION_CONTEXT('2D SPACE',''
  ) );
#1295 = ADVANCED_FACE('',(#1296),#1311,.T.);
#1296 = FACE_BOUND('',#1297,.T.);
#1297 = EDGE_LOOP('',(#1298,#1334,#1362,#1391));
#1298 = ORIENTED_EDGE('',*,*,#1299,.F.);
#1299 = EDGE_CURVE('',#1300,#1302,#1304,.T.);
#1300 = VERTEX_POINT('',#1301);
#1301 = CARTESIAN_POINT('',(-6.35,-4.826,8.358877197327));
#1302 = VERTEX_POINT('',#1303);
#1303 = CARTESIAN_POINT('',(-6.35,4.826,-8.358877197327));
#1304 = SURFACE_CURVE('',#1305,(#1310,#1322),.PCURVE_S1.);
#1305 = CIRCLE('',#1306,9.652);
#1306 = AXIS2_PLACEMENT_3D('',#1307,#1308,#1309);
#1307 = CARTESIAN_POINT('',(-6.35,0.,0.));
#1308 = DIRECTION('',(-1.,0.,-0.));
#1309 = DIRECTION('',(0.,0.5,-0.866025403784));
#1310 = PCURVE('',#1311,#1316);
#1311 = CYLINDRICAL_SURFACE('',#1312,9.652);
#1312 = AXIS2_PLACEMENT_3D('',#1313,#1314,#1315);
#1313 = CARTESIAN_POINT('',(-6.35,0.,0.));
#1314 = DIRECTION('',(1.,0.,0.));
#1315 = DIRECTION('',(0.,0.5,-0.866025403784));
#1316 = DEFINITIONAL_REPRESENTATION('',(#1317),#1321);
#1317 = LINE('',#1318,#1319);
#1318 = CARTESIAN_POINT('',(6.28318530718,0.));
#1319 = VECTOR('',#1320,1.);
#1320 = DIRECTION('',(-1.,0.));
#1321 = ( GEOMETRIC_REPRESENTATION_CONTEXT(2) 
PARAMETRIC_REPRESENTATION_CONTEXT() REPRESENTATION_CONTEXT('2D SPACE',''
  ) );
#1322 = PCURVE('',#1323,#1328);
#1323 = PLANE('',#1324);
#1324 = AXIS2_PLACEMENT_3D('',#1325,#1326,#1327);
#1325 = CARTESIAN_POINT('',(-6.35,8.358877197327,4.826));
#1326 = DIRECTION('',(-1.,0.,0.));
#1327 = DIRECTION('',(0.,-0.5,0.866025403784));
#1328 = DEFINITIONAL_REPRESENTATION('',(#1329),#1333);
#1329 = CIRCLE('',#1330,9.652);
#1330 = AXIS2_PLACEMENT_2D('',#1331,#1332);
#1331 = CARTESIAN_POINT('',(0.,-9.652));
#1332 = DIRECTION('',(-1.,0.));
#1333 = ( GEOMETRIC_REPRESENTATION_CONTEXT(2) 
PARAMETRIC_REPRESENTATION_CONTEXT() REPRESENTATION_CONTEXT('2D SPACE',''
  ) );
#1334 = ORIENTED_EDGE('',*,*,#1335,.T.);
#1335 = EDGE_CURVE('',#1300,#1336,#1338,.T.);
#1336 = VERTEX_POINT('',#1337);
#1337 = CARTESIAN_POINT('',(-5.969,-4.826,8.358877197327));
#1338 = SURFACE_CURVE('',#1339,(#1343,#1350),.PCURVE_S1.);
#1339 = LINE('',#1340,#1341);
#1340 = CARTESIAN_POINT('',(-6.35,-4.826,8.358877197327));
#1341 = VECTOR('',#1342,1.);
#1342 = DIRECTION('',(1.,0.,0.));
#1343 = PCURVE('',#1311,#1344);
#1344 = DEFINITIONAL_REPRESENTATION('',(#1345),#1349);
#1345 = LINE('',#1346,#1347);
#1346 = CARTESIAN_POINT('',(3.14159265359,0.));
#1347 = VECTOR('',#1348,1.);
#1348 = DIRECTION('',(0.,1.));
#1349 = ( GEOMETRIC_REPRESENTATION_CONTEXT(2) 
PARAMETRIC_REPRESENTATION_CONTEXT() REPRESENTATION_CONTEXT('2D SPACE',''
  ) );
#1350 = PCURVE('',#1351,#1356);
#1351 = CYLINDRICAL_SURFACE('',#1352,9.652);
#1352 = AXIS2_PLACEMENT_3D('',#1353,#1354,#1355);
#1353 = CARTESIAN_POINT('',(-6.35,0.,0.));
#1354 = DIRECTION('',(1.,0.,0.));
#1355 = DIRECTION('',(0.,0.5,-0.866025403784));
#1356 = DEFINITIONAL_REPRESENTATION('',(#1357),#1361);
#1357 = LINE('',#1358,#1359);
#1358 = CARTESIAN_POINT('',(3.14159265359,0.));
#1359 = VECTOR('',#1360,1.);
#1360 = DIRECTION('',(0.,1.));
#1361 = ( GEOMETRIC_REPRESENTATION_CONTEXT(2) 
PARAMETRIC_REPRESENTATION_CONTEXT() REPRESENTATION_CONTEXT('2D SPACE',''
  ) );
#1362 = ORIENTED_EDGE('',*,*,#1363,.T.);
#1363 = EDGE_CURVE('',#1336,#1364,#1366,.T.);
#1364 = VERTEX_POINT('',#1365);
#1365 = CARTESIAN_POINT('',(-5.969,4.826,-8.358877197327));
#1366 = SURFACE_CURVE('',#1367,(#1372,#1379),.PCURVE_S1.);
#1367 = CIRCLE('',#1368,9.652);
#1368 = AXIS2_PLACEMENT_3D('',#1369,#1370,#1371);
#1369 = CARTESIAN_POINT('',(-5.969,0.,0.));
#1370 = DIRECTION('',(-1.,0.,-0.));
#1371 = DIRECTION('',(0.,0.5,-0.866025403784));
#1372 = PCURVE('',#1311,#1373);
#1373 = DEFINITIONAL_REPRESENTATION('',(#1374),#1378);
#1374 = LINE('',#1375,#1376);
#1375 = CARTESIAN_POINT('',(6.28318530718,0.381));
#1376 = VECTOR('',#1377,1.);
#1377 = DIRECTION('',(-1.,0.));
#1378 = ( GEOMETRIC_REPRESENTATION_CONTEXT(2) 
PARAMETRIC_REPRESENTATION_CONTEXT() REPRESENTATION_CONTEXT('2D SPACE',''
  ) );
#1379 = PCURVE('',#1380,#1385);
#1380 = PLANE('',#1381);
#1381 = AXIS2_PLACEMENT_3D('',#1382,#1383,#1384);
#1382 = CARTESIAN_POINT('',(-5.969,8.358877197327,4.826));
#1383 = DIRECTION('',(-1.,0.,0.));
#1384 = DIRECTION('',(0.,-0.5,0.866025403784));
#1385 = DEFINITIONAL_REPRESENTATION('',(#1386),#1390);
#1386 = CIRCLE('',#1387,9.652);
#1387 = AXIS2_PLACEMENT_2D('',#1388,#1389);
#1388 = CARTESIAN_POINT('',(0.,-9.652));
#1389 = DIRECTION('',(-1.,0.));
#1390 = ( GEOMETRIC_REPRESENTATION_CONTEXT(2) 
PARAMETRIC_REPRESENTATION_CONTEXT() REPRESENTATION_CONTEXT('2D SPACE',''
  ) );
#1391 = ORIENTED_EDGE('',*,*,#1392,.F.);
#1392 = EDGE_CURVE('',#1302,#1364,#1393,.T.);
#1393 = SURFACE_CURVE('',#1394,(#1398,#1405),.PCURVE_S1.);
#1394 = LINE('',#1395,#1396);
#1395 = CARTESIAN_POINT('',(-6.35,4.826,-8.358877197327));
#1396 = VECTOR('',#1397,1.);
#1397 = DIRECTION('',(1.,0.,0.));
#1398 = PCURVE('',#1311,#1399);
#1399 = DEFINITIONAL_REPRESENTATION('',(#1400),#1404);
#1400 = LINE('',#1401,#1402);
#1401 = CARTESIAN_POINT('',(0.,0.));
#1402 = VECTOR('',#1403,1.);
#1403 = DIRECTION('',(0.,1.));
#1404 = ( GEOMETRIC_REPRESENTATION_CONTEXT(2) 
PARAMETRIC_REPRESENTATION_CONTEXT() REPRESENTATION_CONTEXT('2D SPACE',''
  ) );
#1405 = PCURVE('',#1351,#1406);
#1406 = DEFINITIONAL_REPRESENTATION('',(#1407),#1411);
#1407 = LINE('',#1408,#1409);
#1408 = CARTESIAN_POINT('',(6.28318530718,0.));
#1409 = VECTOR('',#1410,1.);
#1410 = DIRECTION('',(0.,1.));
#1411 = ( GEOMETRIC_REPRESENTATION_CONTEXT(2) 
PARAMETRIC_REPRESENTATION_CONTEXT() REPRESENTATION_CONTEXT('2D SPACE',''
  ) );
#1412 = ADVANCED_FACE('',(#1413),#1427,.F.);
#1413 = FACE_BOUND('',#1414,.F.);
#1414 = EDGE_LOOP('',(#1415,#1450,#1474,#1497));
#1415 = ORIENTED_EDGE('',*,*,#1416,.T.);
#1416 = EDGE_CURVE('',#1417,#1419,#1421,.T.);
#1417 = VERTEX_POINT('',#1418);
#1418 = CARTESIAN_POINT('',(-6.35,6.35,-10.99852262806));
#1419 = VERTEX_POINT('',#1420);
#1420 = CARTESIAN_POINT('',(-5.969,6.35,-10.99852262806));
#1421 = SURFACE_CURVE('',#1422,(#1426,#1438),.PCURVE_S1.);
#1422 = LINE('',#1423,#1424);
#1423 = CARTESIAN_POINT('',(-6.35,6.35,-10.99852262806));
#1424 = VECTOR('',#1425,1.);
#1425 = DIRECTION('',(1.,0.,0.));
#1426 = PCURVE('',#1427,#1432);
#1427 = CYLINDRICAL_SURFACE('',#1428,12.7);
#1428 = AXIS2_PLACEMENT_3D('',#1429,#1430,#1431);
#1429 = CARTESIAN_POINT('',(-6.35,0.,0.));
#1430 = DIRECTION('',(1.,0.,0.));
#1431 = DIRECTION('',(0.,0.5,-0.866025403784));
#1432 = DEFINITIONAL_REPRESENTATION('',(#1433),#1437);
#1433 = LINE('',#1434,#1435);
#1434 = CARTESIAN_POINT('',(6.28318530718,0.));
#1435 = VECTOR('',#1436,1.);
#1436 = DIRECTION('',(0.,1.));
#1437 = ( GEOMETRIC_REPRESENTATION_CONTEXT(2) 
PARAMETRIC_REPRESENTATION_CONTEXT() REPRESENTATION_CONTEXT('2D SPACE',''
  ) );
#1438 = PCURVE('',#1439,#1444);
#1439 = CYLINDRICAL_SURFACE('',#1440,12.7);
#1440 = AXIS2_PLACEMENT_3D('',#1441,#1442,#1443);
#1441 = CARTESIAN_POINT('',(-6.35,0.,0.));
#1442 = DIRECTION('',(1.,0.,0.));
#1443 = DIRECTION('',(0.,0.5,-0.866025403784));
#1444 = DEFINITIONAL_REPRESENTATION('',(#1445),#1449);
#1445 = LINE('',#1446,#1447);
#1446 = CARTESIAN_POINT('',(0.,0.));
#1447 = VECTOR('',#1448,1.);
#1448 = DIRECTION('',(0.,1.));
#1449 = ( GEOMETRIC_REPRESENTATION_CONTEXT(2) 
PARAMETRIC_REPRESENTATION_CONTEXT() REPRESENTATION_CONTEXT('2D SPACE',''
  ) );
#1450 = ORIENTED_EDGE('',*,*,#1451,.T.);
#1451 = EDGE_CURVE('',#1419,#1452,#1454,.T.);
#1452 = VERTEX_POINT('',#1453);
#1453 = CARTESIAN_POINT('',(-5.969,-6.35,10.998522628062));
#1454 = SURFACE_CURVE('',#1455,(#1460,#1467),.PCURVE_S1.);
#1455 = CIRCLE('',#1456,12.7);
#1456 = AXIS2_PLACEMENT_3D('',#1457,#1458,#1459);
#1457 = CARTESIAN_POINT('',(-5.969,0.,0.));
#1458 = DIRECTION('',(-1.,0.,-0.));
#1459 = DIRECTION('',(0.,0.5,-0.866025403784));
#1460 = PCURVE('',#1427,#1461);
#1461 = DEFINITIONAL_REPRESENTATION('',(#1462),#1466);
#1462 = LINE('',#1463,#1464);
#1463 = CARTESIAN_POINT('',(6.28318530718,0.381));
#1464 = VECTOR('',#1465,1.);
#1465 = DIRECTION('',(-1.,0.));
#1466 = ( GEOMETRIC_REPRESENTATION_CONTEXT(2) 
PARAMETRIC_REPRESENTATION_CONTEXT() REPRESENTATION_CONTEXT('2D SPACE',''
  ) );
#1467 = PCURVE('',#1380,#1468);
#1468 = DEFINITIONAL_REPRESENTATION('',(#1469),#1473);
#1469 = CIRCLE('',#1470,12.7);
#1470 = AXIS2_PLACEMENT_2D('',#1471,#1472);
#1471 = CARTESIAN_POINT('',(0.,-9.652));
#1472 = DIRECTION('',(-1.,0.));
#1473 = ( GEOMETRIC_REPRESENTATION_CONTEXT(2) 
PARAMETRIC_REPRESENTATION_CONTEXT() REPRESENTATION_CONTEXT('2D SPACE',''
  ) );
#1474 = ORIENTED_EDGE('',*,*,#1475,.F.);
#1475 = EDGE_CURVE('',#1476,#1452,#1478,.T.);
#1476 = VERTEX_POINT('',#1477);
#1477 = CARTESIAN_POINT('',(-6.35,-6.35,10.998522628062));
#1478 = SURFACE_CURVE('',#1479,(#1483,#1490),.PCURVE_S1.);
#1479 = LINE('',#1480,#1481);
#1480 = CARTESIAN_POINT('',(-6.35,-6.35,10.998522628062));
#1481 = VECTOR('',#1482,1.);
#1482 = DIRECTION('',(1.,0.,0.));
#1483 = PCURVE('',#1427,#1484);
#1484 = DEFINITIONAL_REPRESENTATION('',(#1485),#1489);
#1485 = LINE('',#1486,#1487);
#1486 = CARTESIAN_POINT('',(3.14159265359,0.));
#1487 = VECTOR('',#1488,1.);
#1488 = DIRECTION('',(0.,1.));
#1489 = ( GEOMETRIC_REPRESENTATION_CONTEXT(2) 
PARAMETRIC_REPRESENTATION_CONTEXT() REPRESENTATION_CONTEXT('2D SPACE',''
  ) );
#1490 = PCURVE('',#1439,#1491);
#1491 = DEFINITIONAL_REPRESENTATION('',(#1492),#1496);
#1492 = LINE('',#1493,#1494);
#1493 = CARTESIAN_POINT('',(3.14159265359,0.));
#1494 = VECTOR('',#1495,1.);
#1495 = DIRECTION('',(0.,1.));
#1496 = ( GEOMETRIC_REPRESENTATION_CONTEXT(2) 
PARAMETRIC_REPRESENTATION_CONTEXT() REPRESENTATION_CONTEXT('2D SPACE',''
  ) );
#1497 = ORIENTED_EDGE('',*,*,#1498,.T.);
#1498 = EDGE_CURVE('',#1476,#1417,#1499,.T.);
#1499 = SURFACE_CURVE('',#1500,(#1505,#1512),.PCURVE_S1.);
#1500 = CIRCLE('',#1501,12.7);
#1501 = AXIS2_PLACEMENT_3D('',#1502,#1503,#1504);
#1502 = CARTESIAN_POINT('',(-6.35,0.,0.));
#1503 = DIRECTION('',(1.,-0.,0.));
#1504 = DIRECTION('',(0.,0.5,-0.866025403784));
#1505 = PCURVE('',#1427,#1506);
#1506 = DEFINITIONAL_REPRESENTATION('',(#1507),#1511);
#1507 = LINE('',#1508,#1509);
#1508 = CARTESIAN_POINT('',(0.,0.));
#1509 = VECTOR('',#1510,1.);
#1510 = DIRECTION('',(1.,0.));
#1511 = ( GEOMETRIC_REPRESENTATION_CONTEXT(2) 
PARAMETRIC_REPRESENTATION_CONTEXT() REPRESENTATION_CONTEXT('2D SPACE',''
  ) );
#1512 = PCURVE('',#1232,#1513);
#1513 = DEFINITIONAL_REPRESENTATION('',(#1514),#1522);
#1514 = ( BOUNDED_CURVE() B_SPLINE_CURVE(2,(#1515,#1516,#1517,#1518,
#1519,#1520,#1521),.UNSPECIFIED.,.T.,.F.) B_SPLINE_CURVE_WITH_KNOTS((1,2
    ,2,2,2,1),(-2.094395102393,0.,2.094395102393,4.188790204786,
6.28318530718,8.377580409573),.UNSPECIFIED.) CURVE() 
GEOMETRIC_REPRESENTATION_ITEM() RATIONAL_B_SPLINE_CURVE((1.,0.5,1.,0.5,
1.,0.5,1.)) REPRESENTATION_ITEM('') );
#1515 = CARTESIAN_POINT('',(-12.7,-14.2748));
#1516 = CARTESIAN_POINT('',(-12.7,7.722245256125));
#1517 = CARTESIAN_POINT('',(6.35,-3.276277371938));
#1518 = CARTESIAN_POINT('',(25.4,-14.2748));
#1519 = CARTESIAN_POINT('',(6.35,-25.27332262806));
#1520 = CARTESIAN_POINT('',(-12.7,-36.27184525612));
#1521 = CARTESIAN_POINT('',(-12.7,-14.2748));
#1522 = ( GEOMETRIC_REPRESENTATION_CONTEXT(2) 
PARAMETRIC_REPRESENTATION_CONTEXT() REPRESENTATION_CONTEXT('2D SPACE',''
  ) );
#1523 = ADVANCED_FACE('',(#1524,#1553),#831,.T.);
#1524 = FACE_BOUND('',#1525,.T.);
#1525 = EDGE_LOOP('',(#1526,#1527));
#1526 = ORIENTED_EDGE('',*,*,#814,.T.);
#1527 = ORIENTED_EDGE('',*,*,#1528,.T.);
#1528 = EDGE_CURVE('',#815,#782,#1529,.T.);
#1529 = SURFACE_CURVE('',#1530,(#1535,#1546),.PCURVE_S1.);
#1530 = CIRCLE('',#1531,12.7);
#1531 = AXIS2_PLACEMENT_3D('',#1532,#1533,#1534);
#1532 = CARTESIAN_POINT('',(1.5875,0.,0.));
#1533 = DIRECTION('',(-1.,0.,-0.));
#1534 = DIRECTION('',(0.,0.5,-0.866025403784));
#1535 = PCURVE('',#831,#1536);
#1536 = DEFINITIONAL_REPRESENTATION('',(#1537),#1545);
#1537 = ( BOUNDED_CURVE() B_SPLINE_CURVE(2,(#1538,#1539,#1540,#1541,
#1542,#1543,#1544),.UNSPECIFIED.,.T.,.F.) B_SPLINE_CURVE_WITH_KNOTS((1,2
    ,2,2,2,1),(-2.094395102393,0.,2.094395102393,4.188790204786,
6.28318530718,8.377580409573),.UNSPECIFIED.) CURVE() 
GEOMETRIC_REPRESENTATION_ITEM() RATIONAL_B_SPLINE_CURVE((1.,0.5,1.,0.5,
1.,0.5,1.)) REPRESENTATION_ITEM('') );
#1538 = CARTESIAN_POINT('',(12.7,-12.7));
#1539 = CARTESIAN_POINT('',(12.7,-34.69704525612));
#1540 = CARTESIAN_POINT('',(-6.35,-23.69852262806));
#1541 = CARTESIAN_POINT('',(-25.4,-12.7));
#1542 = CARTESIAN_POINT('',(-6.35,-1.701477371938));
#1543 = CARTESIAN_POINT('',(12.7,9.297045256125));
#1544 = CARTESIAN_POINT('',(12.7,-12.7));
#1545 = ( GEOMETRIC_REPRESENTATION_CONTEXT(2) 
PARAMETRIC_REPRESENTATION_CONTEXT() REPRESENTATION_CONTEXT('2D SPACE',''
  ) );
#1546 = PCURVE('',#802,#1547);
#1547 = DEFINITIONAL_REPRESENTATION('',(#1548),#1552);
#1548 = LINE('',#1549,#1550);
#1549 = CARTESIAN_POINT('',(6.28318530718,7.9375));
#1550 = VECTOR('',#1551,1.);
#1551 = DIRECTION('',(-1.,0.));
#1552 = ( GEOMETRIC_REPRESENTATION_CONTEXT(2) 
PARAMETRIC_REPRESENTATION_CONTEXT() REPRESENTATION_CONTEXT('2D SPACE',''
  ) );
#1553 = FACE_BOUND('',#1554,.T.);
#1554 = EDGE_LOOP('',(#1555,#1556));
#1555 = ORIENTED_EDGE('',*,*,#963,.T.);
#1556 = ORIENTED_EDGE('',*,*,#1557,.T.);
#1557 = EDGE_CURVE('',#936,#964,#1558,.T.);
#1558 = SURFACE_CURVE('',#1559,(#1564,#1571),.PCURVE_S1.);
#1559 = CIRCLE('',#1560,15.5575);
#1560 = AXIS2_PLACEMENT_3D('',#1561,#1562,#1563);
#1561 = CARTESIAN_POINT('',(1.5875,0.,0.));
#1562 = DIRECTION('',(1.,-0.,0.));
#1563 = DIRECTION('',(0.,0.5,-0.866025403784));
#1564 = PCURVE('',#831,#1565);
#1565 = DEFINITIONAL_REPRESENTATION('',(#1566),#1570);
#1566 = CIRCLE('',#1567,15.5575);
#1567 = AXIS2_PLACEMENT_2D('',#1568,#1569);
#1568 = CARTESIAN_POINT('',(0.,-12.7));
#1569 = DIRECTION('',(1.,0.));
#1570 = ( GEOMETRIC_REPRESENTATION_CONTEXT(2) 
PARAMETRIC_REPRESENTATION_CONTEXT() REPRESENTATION_CONTEXT('2D SPACE',''
  ) );
#1571 = PCURVE('',#951,#1572);
#1572 = DEFINITIONAL_REPRESENTATION('',(#1573),#1577);
#1573 = LINE('',#1574,#1575);
#1574 = CARTESIAN_POINT('',(0.,7.9375));
#1575 = VECTOR('',#1576,1.);
#1576 = DIRECTION('',(1.,0.));
#1577 = ( GEOMETRIC_REPRESENTATION_CONTEXT(2) 
PARAMETRIC_REPRESENTATION_CONTEXT() REPRESENTATION_CONTEXT('2D SPACE',''
  ) );
#1578 = ADVANCED_FACE('',(#1579),#802,.F.);
#1579 = FACE_BOUND('',#1580,.F.);
#1580 = EDGE_LOOP('',(#1581,#1582,#1583,#1605));
#1581 = ORIENTED_EDGE('',*,*,#1528,.T.);
#1582 = ORIENTED_EDGE('',*,*,#779,.F.);
#1583 = ORIENTED_EDGE('',*,*,#1584,.T.);
#1584 = EDGE_CURVE('',#780,#848,#1585,.T.);
#1585 = SURFACE_CURVE('',#1586,(#1591,#1598),.PCURVE_S1.);
#1586 = CIRCLE('',#1587,12.7);
#1587 = AXIS2_PLACEMENT_3D('',#1588,#1589,#1590);
#1588 = CARTESIAN_POINT('',(1.2065,0.,0.));
#1589 = DIRECTION('',(1.,-0.,0.));
#1590 = DIRECTION('',(0.,0.5,-0.866025403784));
#1591 = PCURVE('',#802,#1592);
#1592 = DEFINITIONAL_REPRESENTATION('',(#1593),#1597);
#1593 = LINE('',#1594,#1595);
#1594 = CARTESIAN_POINT('',(0.,7.5565));
#1595 = VECTOR('',#1596,1.);
#1596 = DIRECTION('',(1.,0.));
#1597 = ( GEOMETRIC_REPRESENTATION_CONTEXT(2) 
PARAMETRIC_REPRESENTATION_CONTEXT() REPRESENTATION_CONTEXT('2D SPACE',''
  ) );
#1598 = PCURVE('',#885,#1599);
#1599 = DEFINITIONAL_REPRESENTATION('',(#1600),#1604);
#1600 = CIRCLE('',#1601,12.7);
#1601 = AXIS2_PLACEMENT_2D('',#1602,#1603);
#1602 = CARTESIAN_POINT('',(0.,-9.652));
#1603 = DIRECTION('',(1.,0.));
#1604 = ( GEOMETRIC_REPRESENTATION_CONTEXT(2) 
PARAMETRIC_REPRESENTATION_CONTEXT() REPRESENTATION_CONTEXT('2D SPACE',''
  ) );
#1605 = ORIENTED_EDGE('',*,*,#847,.T.);
#1606 = ADVANCED_FACE('',(#1607),#951,.T.);
#1607 = FACE_BOUND('',#1608,.T.);
#1608 = EDGE_LOOP('',(#1609,#1610,#1636,#1637));
#1609 = ORIENTED_EDGE('',*,*,#935,.F.);
#1610 = ORIENTED_EDGE('',*,*,#1611,.T.);
#1611 = EDGE_CURVE('',#903,#901,#1612,.T.);
#1612 = SURFACE_CURVE('',#1613,(#1618,#1625),.PCURVE_S1.);
#1613 = CIRCLE('',#1614,15.5575);
#1614 = AXIS2_PLACEMENT_3D('',#1615,#1616,#1617);
#1615 = CARTESIAN_POINT('',(0.,0.,0.));
#1616 = DIRECTION('',(1.,-0.,0.));
#1617 = DIRECTION('',(0.,0.5,-0.866025403784));
#1618 = PCURVE('',#951,#1619);
#1619 = DEFINITIONAL_REPRESENTATION('',(#1620),#1624);
#1620 = LINE('',#1621,#1622);
#1621 = CARTESIAN_POINT('',(0.,6.35));
#1622 = VECTOR('',#1623,1.);
#1623 = DIRECTION('',(1.,0.));
#1624 = ( GEOMETRIC_REPRESENTATION_CONTEXT(2) 
PARAMETRIC_REPRESENTATION_CONTEXT() REPRESENTATION_CONTEXT('2D SPACE',''
  ) );
#1625 = PCURVE('',#548,#1626);
#1626 = DEFINITIONAL_REPRESENTATION('',(#1627),#1635);
#1627 = ( BOUNDED_CURVE() B_SPLINE_CURVE(2,(#1628,#1629,#1630,#1631,
#1632,#1633,#1634),.UNSPECIFIED.,.T.,.F.) B_SPLINE_CURVE_WITH_KNOTS((1,2
    ,2,2,2,1),(-2.094395102393,0.,2.094395102393,4.188790204786,
6.28318530718,8.377580409573),.UNSPECIFIED.) CURVE() 
GEOMETRIC_REPRESENTATION_ITEM() RATIONAL_B_SPLINE_CURVE((1.,0.5,1.,0.5,
1.,0.5,1.)) REPRESENTATION_ITEM('') );
#1628 = CARTESIAN_POINT('',(-15.5575,-15.5575));
#1629 = CARTESIAN_POINT('',(-15.5575,11.388880438753));
#1630 = CARTESIAN_POINT('',(7.77875,-2.084309780624));
#1631 = CARTESIAN_POINT('',(31.115,-15.5575));
#1632 = CARTESIAN_POINT('',(7.77875,-29.03069021937));
#1633 = CARTESIAN_POINT('',(-15.5575,-42.50388043875));
#1634 = CARTESIAN_POINT('',(-15.5575,-15.5575));
#1635 = ( GEOMETRIC_REPRESENTATION_CONTEXT(2) 
PARAMETRIC_REPRESENTATION_CONTEXT() REPRESENTATION_CONTEXT('2D SPACE',''
  ) );
#1636 = ORIENTED_EDGE('',*,*,#987,.T.);
#1637 = ORIENTED_EDGE('',*,*,#1557,.F.);
#1638 = ADVANCED_FACE('',(#1639,#1668),#885,.T.);
#1639 = FACE_BOUND('',#1640,.T.);
#1640 = EDGE_LOOP('',(#1641,#1667));
#1641 = ORIENTED_EDGE('',*,*,#1642,.T.);
#1642 = EDGE_CURVE('',#1014,#1012,#1643,.T.);
#1643 = SURFACE_CURVE('',#1644,(#1649,#1660),.PCURVE_S1.);
#1644 = CIRCLE('',#1645,9.652);
#1645 = AXIS2_PLACEMENT_3D('',#1646,#1647,#1648);
#1646 = CARTESIAN_POINT('',(1.2065,0.,0.));
#1647 = DIRECTION('',(-1.,0.,-0.));
#1648 = DIRECTION('',(0.,0.5,-0.866025403784));
#1649 = PCURVE('',#885,#1650);
#1650 = DEFINITIONAL_REPRESENTATION('',(#1651),#1659);
#1651 = ( BOUNDED_CURVE() B_SPLINE_CURVE(2,(#1652,#1653,#1654,#1655,
#1656,#1657,#1658),.UNSPECIFIED.,.T.,.F.) B_SPLINE_CURVE_WITH_KNOTS((1,2
    ,2,2,2,1),(-2.094395102393,0.,2.094395102393,4.188790204786,
6.28318530718,8.377580409573),.UNSPECIFIED.) CURVE() 
GEOMETRIC_REPRESENTATION_ITEM() RATIONAL_B_SPLINE_CURVE((1.,0.5,1.,0.5,
1.,0.5,1.)) REPRESENTATION_ITEM('') );
#1652 = CARTESIAN_POINT('',(9.652,-9.652));
#1653 = CARTESIAN_POINT('',(9.652,-26.36975439465));
#1654 = CARTESIAN_POINT('',(-4.826,-18.01087719732));
#1655 = CARTESIAN_POINT('',(-19.304,-9.652));
#1656 = CARTESIAN_POINT('',(-4.826,-1.293122802673));
#1657 = CARTESIAN_POINT('',(9.652,7.065754394655));
#1658 = CARTESIAN_POINT('',(9.652,-9.652));
#1659 = ( GEOMETRIC_REPRESENTATION_CONTEXT(2) 
PARAMETRIC_REPRESENTATION_CONTEXT() REPRESENTATION_CONTEXT('2D SPACE',''
  ) );
#1660 = PCURVE('',#1062,#1661);
#1661 = DEFINITIONAL_REPRESENTATION('',(#1662),#1666);
#1662 = LINE('',#1663,#1664);
#1663 = CARTESIAN_POINT('',(6.28318530718,7.5565));
#1664 = VECTOR('',#1665,1.);
#1665 = DIRECTION('',(-1.,0.));
#1666 = ( GEOMETRIC_REPRESENTATION_CONTEXT(2) 
PARAMETRIC_REPRESENTATION_CONTEXT() REPRESENTATION_CONTEXT('2D SPACE',''
  ) );
#1667 = ORIENTED_EDGE('',*,*,#1011,.T.);
#1668 = FACE_BOUND('',#1669,.T.);
#1669 = EDGE_LOOP('',(#1670,#1671));
#1670 = ORIENTED_EDGE('',*,*,#1584,.T.);
#1671 = ORIENTED_EDGE('',*,*,#870,.T.);
#1672 = ADVANCED_FACE('',(#1673,#1677),#548,.T.);
#1673 = FACE_BOUND('',#1674,.T.);
#1674 = EDGE_LOOP('',(#1675,#1676));
#1675 = ORIENTED_EDGE('',*,*,#900,.F.);
#1676 = ORIENTED_EDGE('',*,*,#1611,.F.);
#1677 = FACE_BOUND('',#1678,.T.);
#1678 = EDGE_LOOP('',(#1679,#1680));
#1679 = ORIENTED_EDGE('',*,*,#125,.T.);
#1680 = ORIENTED_EDGE('',*,*,#1681,.T.);
#1681 = EDGE_CURVE('',#126,#24,#1682,.T.);
#1682 = SURFACE_CURVE('',#1683,(#1786,#1892),.PCURVE_S1.);
#1683 = B_SPLINE_CURVE_WITH_KNOTS('',3,(#1684,#1685,#1686,#1687,#1688,
    #1689,#1690,#1691,#1692,#1693,#1694,#1695,#1696,#1697,#1698,#1699,
    #1700,#1701,#1702,#1703,#1704,#1705,#1706,#1707,#1708,#1709,#1710,
    #1711,#1712,#1713,#1714,#1715,#1716,#1717,#1718,#1719,#1720,#1721,
    #1722,#1723,#1724,#1725,#1726,#1727,#1728,#1729,#1730,#1731,#1732,
    #1733,#1734,#1735,#1736,#1737,#1738,#1739,#1740,#1741,#1742,#1743,
    #1744,#1745,#1746,#1747,#1748,#1749,#1750,#1751,#1752,#1753,#1754,
    #1755,#1756,#1757,#1758,#1759,#1760,#1761,#1762,#1763,#1764,#1765,
    #1766,#1767,#1768,#1769,#1770,#1771,#1772,#1773,#1774,#1775,#1776,
    #1777,#1778,#1779,#1780,#1781,#1782,#1783,#1784,#1785),
  .UNSPECIFIED.,.F.,.F.,(4,1,1,1,1,2,2,1,1,1,1,2,2,1,1,1,2,2,2,1,1,1,2,2
    ,1,1,1,1,2,2,1,1,1,1,2,2,2,1,1,1,1,2,2,1,1,1,1,2,2,1,1,1,2,2,2,1,1,1
    ,2,2,1,1,1,1,2,2,1,1,1,1,2,2,4),(0.,3.125E-02,4.6875E-02,5.46875E-02
    ,5.859375E-02,6.0546875E-02,6.25E-02,9.375E-02,0.109375,0.1171875,
    0.12109375,0.123046875,0.125,0.15625,0.171875,0.1796875,0.18359375,
    0.1875,0.25,0.28125,0.296875,0.3046875,0.30859375,0.3125,0.34375,
    0.359375,0.3671875,0.37109375,0.373046875,0.375,0.40625,0.421875,
    0.4296875,0.43359375,0.435546875,0.4375,0.5,0.53125,0.546875,
    0.5546875,0.55859375,0.560546875,0.5625,0.59375,0.609375,0.6171875,
    0.62109375,0.623046875,0.625,0.65625,0.671875,0.6796875,0.68359375,
    0.6875,0.75,0.78125,0.796875,0.8046875,0.80859375,0.8125,0.84375,
    0.859375,0.8671875,0.87109375,0.873046875,0.875,0.90625,0.921875,
    0.9296875,0.93359375,0.935546875,0.9375,1.),.UNSPECIFIED.);
#1684 = CARTESIAN_POINT('',(0.,-7.1374,12.362339433942));
#1685 = CARTESIAN_POINT('',(-8.881784197001E-16,-7.515393720723,
    12.144104657531));
#1686 = CARTESIAN_POINT('',(0.,-8.065180605627,11.792287601142));
#1687 = CARTESIAN_POINT('',(1.7763568394E-15,-8.676492169698,
    11.339020808086));
#1688 = CARTESIAN_POINT('',(2.6645352591E-15,-8.974621334654,
    11.101684021408));
#1689 = CARTESIAN_POINT('',(-8.881784197001E-16,-9.121804262863,
    10.980339780532));
#1690 = CARTESIAN_POINT('',(2.6645352591E-15,-9.184479449037,
    10.927761709969));
#1691 = CARTESIAN_POINT('',(1.7763568394E-15,-9.226173303903,
    10.892582241617));
#1692 = CARTESIAN_POINT('',(0.,-9.245733327204,10.875988978157));
#1693 = CARTESIAN_POINT('',(-8.881784197001E-16,-9.619723597899,
    10.556774251538));
#1694 = CARTESIAN_POINT('',(0.,-10.12359798122,10.082684678984));
#1695 = CARTESIAN_POINT('',(0.,-10.66925563636,9.488571573817));
#1696 = CARTESIAN_POINT('',(-1.7763568394E-15,-10.9315355159,
    9.181262870271));
#1697 = CARTESIAN_POINT('',(0.,-11.06003821867,9.025045480756));
#1698 = CARTESIAN_POINT('',(1.7763568394E-15,-11.11454568336,
    8.957545948592));
#1699 = CARTESIAN_POINT('',(2.6645352591E-15,-11.15075841044,
    8.912424211066));
#1700 = CARTESIAN_POINT('',(1.7763568394E-15,-11.16806076013,
    8.890737376494));
#1701 = CARTESIAN_POINT('',(1.7763568394E-15,-11.48633481648,
    8.489231766162));
#1702 = CARTESIAN_POINT('',(0.,-11.90499657016,7.902622081366));
#1703 = CARTESIAN_POINT('',(0.,-12.33976921251,7.183632204664));
#1704 = CARTESIAN_POINT('',(1.7763568394E-15,-12.54373901612,
    6.815484288537));
#1705 = CARTESIAN_POINT('',(-8.881784197001E-16,-12.62827967818,
    6.655852400674));
#1706 = CARTESIAN_POINT('',(1.7763568394E-15,-12.68400123777,
    6.549019095537));
#1707 = CARTESIAN_POINT('',(1.7763568394E-15,-12.7109789048,
    6.49651102689));
#1708 = CARTESIAN_POINT('',(1.7763568394E-15,-13.1833335927,
    5.562474819275));
#1709 = CARTESIAN_POINT('',(0.,-13.53339628356,4.646125833476));
#1710 = CARTESIAN_POINT('',(0.,-13.91589883588,3.218822240806));
#1711 = CARTESIAN_POINT('',(0.,-14.06958441435,2.499025198403));
#1712 = CARTESIAN_POINT('',(-8.881784197001E-16,-14.18314428492,
    1.648507801644));
#1713 = CARTESIAN_POINT('',(1.7763568394E-15,-14.22348922746,
    1.22056055811));
#1714 = CARTESIAN_POINT('',(1.7763568394E-15,-14.23725813296,
    1.036578479776));
#1715 = CARTESIAN_POINT('',(-1.7763568394E-15,-14.2456547846,
    0.913795734927));
#1716 = CARTESIAN_POINT('',(1.7763568394E-15,-14.24953594106,
    0.85100503355));
#1717 = CARTESIAN_POINT('',(0.,-14.27961004508,0.309348291852));
#1718 = CARTESIAN_POINT('',(1.7763568394E-15,-14.28324947917,
    -0.411328731075));
#1719 = CARTESIAN_POINT('',(0.,-14.22369158589,-1.249437650653));
#1720 = CARTESIAN_POINT('',(1.7763568394E-15,-14.17796166432,
    -1.667821875316));
#1721 = CARTESIAN_POINT('',(-1.7763568394E-15,-14.1511089598,
    -1.876846428865));
#1722 = CARTESIAN_POINT('',(-8.881784197001E-16,-14.13874614135,
    -1.966392474934));
#1723 = CARTESIAN_POINT('',(1.7763568394E-15,-14.13031436983,
    -2.026081859989));
#1724 = CARTESIAN_POINT('',(1.7763568394E-15,-14.12582286068,
    -2.057146140464));
#1725 = CARTESIAN_POINT('',(0.,-14.05399613997,-2.543569454113));
#1726 = CARTESIAN_POINT('',(1.7763568394E-15,-13.91993243315,
    -3.22230151748));
#1727 = CARTESIAN_POINT('',(1.7763568394E-15,-13.70636753943,
    -4.000184986225));
#1728 = CARTESIAN_POINT('',(0.,-13.58529578363,-4.385634069302));
#1729 = CARTESIAN_POINT('',(0.,-13.52118757849,-4.577485448016));
#1730 = CARTESIAN_POINT('',(0.,-13.49294713474,-4.659520361146));
#1731 = CARTESIAN_POINT('',(1.7763568394E-15,-13.47395006142,
    -4.71416872405));
#1732 = CARTESIAN_POINT('',(1.7763568394E-15,-13.4638081982,
    -4.743047423065));
#1733 = CARTESIAN_POINT('',(-1.7763568394E-15,-13.16316577903,
    -5.591388161894));
#1734 = CARTESIAN_POINT('',(-8.881784197001E-16,-12.79869327752,
    -6.381548122885));
#1735 = CARTESIAN_POINT('',(0.,-12.14416251215,-7.515325938558));
#1736 = CARTESIAN_POINT('',(1.7763568394E-15,-11.79238884672,
    -8.065061986837));
#1737 = CARTESIAN_POINT('',(-8.881784197001E-16,-11.33909674227,
    -8.676403205606));
#1738 = CARTESIAN_POINT('',(0.,-11.10172831635,-8.974569438934));
#1739 = CARTESIAN_POINT('',(0.,-10.98036350996,-9.121776461584));
#1740 = CARTESIAN_POINT('',(-8.881784197001E-16,-10.92777560863,
    -9.184463165431));
#1741 = CARTESIAN_POINT('',(-8.881784197001E-16,-10.89258936044,
    -9.226164963519));
#1742 = CARTESIAN_POINT('',(1.7763568394E-15,-10.87598897815,
    -9.245733327203));
#1743 = CARTESIAN_POINT('',(1.7763568394E-15,-10.55677425153,
    -9.619723597902));
#1744 = CARTESIAN_POINT('',(0.,-10.08268467898,-10.12359798123));
#1745 = CARTESIAN_POINT('',(0.,-9.488571573815,-10.66925563636));
#1746 = CARTESIAN_POINT('',(1.7763568394E-15,-9.181262870269,
    -10.93153551591));
#1747 = CARTESIAN_POINT('',(0.,-9.025045480756,-11.06003821868));
#1748 = CARTESIAN_POINT('',(0.,-8.957545948591,-11.11454568336));
#1749 = CARTESIAN_POINT('',(2.6645352591E-15,-8.912424211065,
    -11.15075841044));
#1750 = CARTESIAN_POINT('',(1.7763568394E-15,-8.890737376494,
    -11.16806076013));
#1751 = CARTESIAN_POINT('',(1.7763568394E-15,-8.489231766154,
    -11.48633481648));
#1752 = CARTESIAN_POINT('',(0.,-7.90262208135,-11.90499657017));
#1753 = CARTESIAN_POINT('',(0.,-7.183632204653,-12.33976921252));
#1754 = CARTESIAN_POINT('',(0.,-6.815484288531,-12.54373901612));
#1755 = CARTESIAN_POINT('',(1.7763568394E-15,-6.65585240067,
    -12.62827967819));
#1756 = CARTESIAN_POINT('',(0.,-6.549019095535,-12.68400123777));
#1757 = CARTESIAN_POINT('',(-1.7763568394E-15,-6.496511026889,
    -12.7109789048));
#1758 = CARTESIAN_POINT('',(-8.881784197001E-16,-5.562474819289,
    -13.18333359269));
#1759 = CARTESIAN_POINT('',(-1.7763568394E-15,-4.646125833447,
    -13.53339628356));
#1760 = CARTESIAN_POINT('',(-8.881784197001E-16,-3.218822240821,
    -13.91589883588));
#1761 = CARTESIAN_POINT('',(0.,-2.499025198428,-14.06958441434));
#1762 = CARTESIAN_POINT('',(-1.7763568394E-15,-1.648507801663,
    -14.18314428492));
#1763 = CARTESIAN_POINT('',(1.7763568394E-15,-1.220560558121,
    -14.22348922746));
#1764 = CARTESIAN_POINT('',(2.6645352591E-15,-1.036578479783,
    -14.23725813296));
#1765 = CARTESIAN_POINT('',(-8.881784197001E-16,-0.913795734931,
    -14.2456547846));
#1766 = CARTESIAN_POINT('',(1.7763568394E-15,-0.851005033549,
    -14.24953594106));
#1767 = CARTESIAN_POINT('',(1.7763568394E-15,-0.309348291855,
    -14.27961004508));
#1768 = CARTESIAN_POINT('',(0.,0.41132873107,-14.28324947918));
#1769 = CARTESIAN_POINT('',(0.,1.249437650649,-14.22369158589));
#1770 = CARTESIAN_POINT('',(0.,1.667821875313,-14.17796166432));
#1771 = CARTESIAN_POINT('',(1.7763568394E-15,1.876846428864,
    -14.1511089598));
#1772 = CARTESIAN_POINT('',(0.,1.966392474933,-14.13874614135));
#1773 = CARTESIAN_POINT('',(4.440892098501E-15,2.026081859989,
    -14.13031436983));
#1774 = CARTESIAN_POINT('',(1.7763568394E-15,2.057146140464,
    -14.12582286068));
#1775 = CARTESIAN_POINT('',(-8.881784197001E-16,2.543569454117,
    -14.05399613997));
#1776 = CARTESIAN_POINT('',(0.,3.222301517486,-13.91993243315));
#1777 = CARTESIAN_POINT('',(0.,4.00018498623,-13.70636753943));
#1778 = CARTESIAN_POINT('',(1.7763568394E-15,4.385634069304,
    -13.58529578363));
#1779 = CARTESIAN_POINT('',(-8.881784197001E-16,4.577485448018,
    -13.52118757849));
#1780 = CARTESIAN_POINT('',(0.,4.659520361147,-13.49294713474));
#1781 = CARTESIAN_POINT('',(2.6645352591E-15,4.714168724051,
    -13.47395006142));
#1782 = CARTESIAN_POINT('',(1.7763568394E-15,4.743042171117,
    -13.46381005944));
#1783 = CARTESIAN_POINT('',(0.,5.591556224224,-13.16310621963));
#1784 = CARTESIAN_POINT('',(1.7763568394E-15,6.381104651497,
    -12.79898675698));
#1785 = CARTESIAN_POINT('',(0.,7.1374,-12.36233943394));
#1786 = PCURVE('',#548,#1787);
#1787 = DEFINITIONAL_REPRESENTATION('',(#1788),#1891);
#1788 = B_SPLINE_CURVE_WITH_KNOTS('',3,(#1789,#1790,#1791,#1792,#1793,
    #1794,#1795,#1796,#1797,#1798,#1799,#1800,#1801,#1802,#1803,#1804,
    #1805,#1806,#1807,#1808,#1809,#1810,#1811,#1812,#1813,#1814,#1815,
    #1816,#1817,#1818,#1819,#1820,#1821,#1822,#1823,#1824,#1825,#1826,
    #1827,#1828,#1829,#1830,#1831,#1832,#1833,#1834,#1835,#1836,#1837,
    #1838,#1839,#1840,#1841,#1842,#1843,#1844,#1845,#1846,#1847,#1848,
    #1849,#1850,#1851,#1852,#1853,#1854,#1855,#1856,#1857,#1858,#1859,
    #1860,#1861,#1862,#1863,#1864,#1865,#1866,#1867,#1868,#1869,#1870,
    #1871,#1872,#1873,#1874,#1875,#1876,#1877,#1878,#1879,#1880,#1881,
    #1882,#1883,#1884,#1885,#1886,#1887,#1888,#1889,#1890),
  .UNSPECIFIED.,.F.,.F.,(4,1,1,1,1,2,2,1,1,1,1,2,2,1,1,1,2,2,2,1,1,1,2,2
    ,1,1,1,1,2,2,1,1,1,1,2,2,2,1,1,1,1,2,2,1,1,1,1,2,2,1,1,1,2,2,2,1,1,1
    ,2,2,1,1,1,1,2,2,1,1,1,1,2,2,4),(0.,3.125E-02,4.6875E-02,5.46875E-02
    ,5.859375E-02,6.0546875E-02,6.25E-02,9.375E-02,0.109375,0.1171875,
    0.12109375,0.123046875,0.125,0.15625,0.171875,0.1796875,0.18359375,
    0.1875,0.25,0.28125,0.296875,0.3046875,0.30859375,0.3125,0.34375,
    0.359375,0.3671875,0.37109375,0.373046875,0.375,0.40625,0.421875,
    0.4296875,0.43359375,0.435546875,0.4375,0.5,0.53125,0.546875,
    0.5546875,0.55859375,0.560546875,0.5625,0.59375,0.609375,0.6171875,
    0.62109375,0.623046875,0.625,0.65625,0.671875,0.6796875,0.68359375,
    0.6875,0.75,0.78125,0.796875,0.8046875,0.80859375,0.8125,0.84375,
    0.859375,0.8671875,0.87109375,0.873046875,0.875,0.90625,0.921875,
    0.9296875,0.93359375,0.935546875,0.9375,1.),.UNSPECIFIED.);
#1789 = CARTESIAN_POINT('',(14.2748,-15.5575));
#1790 = CARTESIAN_POINT('',(14.2748,-15.99396955282));
#1791 = CARTESIAN_POINT('',(14.245010934134,-16.64600749001));
#1792 = CARTESIAN_POINT('',(14.158126158692,-17.40205223065));
#1793 = CARTESIAN_POINT('',(14.101651054655,-17.77890805445));
#1794 = CARTESIAN_POINT('',(14.070155323557,-17.96704432972));
#1795 = CARTESIAN_POINT('',(14.055958971855,-18.04761166841));
#1796 = CARTESIAN_POINT('',(14.046339586003,-18.10130934008));
#1797 = CARTESIAN_POINT('',(14.041749409965,-18.12654544889));
#1798 = CARTESIAN_POINT('',(13.952296482799,-18.61003788739));
#1799 = CARTESIAN_POINT('',(13.79366006096,-19.28345068994));
#1800 = CARTESIAN_POINT('',(13.551971846733,-20.05306063365));
#1801 = CARTESIAN_POINT('',(13.416974642432,-20.43385602401));
#1802 = CARTESIAN_POINT('',(13.345937765984,-20.62325132382));
#1803 = CARTESIAN_POINT('',(13.314735188729,-20.70420593902));
#1804 = CARTESIAN_POINT('',(13.293764981307,-20.75812794937));
#1805 = CARTESIAN_POINT('',(13.283634806484,-20.78395564103));
#1806 = CARTESIAN_POINT('',(13.095057776351,-21.26034186436));
#1807 = CARTESIAN_POINT('',(12.796369764052,-21.91621842104));
#1808 = CARTESIAN_POINT('',(12.391092586941,-22.65223751254));
#1809 = CARTESIAN_POINT('',(12.174252041028,-23.01295450213));
#1810 = CARTESIAN_POINT('',(12.078277101918,-23.16598480706));
#1811 = CARTESIAN_POINT('',(12.013617525494,-23.26765774578));
#1812 = CARTESIAN_POINT('',(11.981633037656,-23.31727512508));
#1813 = CARTESIAN_POINT('',(11.408911297756,-24.1933643882));
#1814 = CARTESIAN_POINT('',(10.79036114275,-24.95470206431));
#1815 = CARTESIAN_POINT('',(9.745531248747,-25.99961078796));
#1816 = CARTESIAN_POINT('',(9.199011513689,-26.49260492431));
#1817 = CARTESIAN_POINT('',(8.519221777022,-27.01620935546));
#1818 = CARTESIAN_POINT('',(8.168781063914,-27.26512272238));
#1819 = CARTESIAN_POINT('',(8.016332362987,-27.36903798349));
#1820 = CARTESIAN_POINT('',(7.914197712618,-27.43770106954));
#1821 = CARTESIAN_POINT('',(7.861759948337,-27.47245760033));
#1822 = CARTESIAN_POINT('',(7.407708501906,-27.76933090925));
#1823 = CARTESIAN_POINT('',(6.785403609172,-28.13282126309));
#1824 = CARTESIAN_POINT('',(6.029801047039,-28.5002970743));
#1825 = CARTESIAN_POINT('',(5.644604719153,-28.66988591284));
#1826 = CARTESIAN_POINT('',(5.450157793505,-28.75114306534));
#1827 = CARTESIAN_POINT('',(5.366427233576,-28.78520957354));
#1828 = CARTESIAN_POINT('',(5.310518824019,-28.80775213773));
#1829 = CARTESIAN_POINT('',(5.281370613405,-28.81939451694));
#1830 = CARTESIAN_POINT('',(4.824202306434,-29.00040240896));
#1831 = CARTESIAN_POINT('',(4.169371243785,-29.22366586481));
#1832 = CARTESIAN_POINT('',(3.388921951808,-29.42765497586));
#1833 = CARTESIAN_POINT('',(2.994577376097,-29.5155283012));
#1834 = CARTESIAN_POINT('',(2.796375105812,-29.55593465631));
#1835 = CARTESIAN_POINT('',(2.711210565169,-29.57249517118));
#1836 = CARTESIAN_POINT('',(2.654385157958,-29.58336740454));
#1837 = CARTESIAN_POINT('',(2.624304539375,-29.58902364286));
#1838 = CARTESIAN_POINT('',(1.739298698896,-29.75283003981));
#1839 = CARTESIAN_POINT('',(0.872763848871,-29.83226757502));
#1840 = CARTESIAN_POINT('',(-0.436381924436,-29.83231621248));
#1841 = CARTESIAN_POINT('',(-1.088354140334,-29.80253930598));
#1842 = CARTESIAN_POINT('',(-1.844437218394,-29.71564743758));
#1843 = CARTESIAN_POINT('',(-2.221340963968,-29.65916346734));
#1844 = CARTESIAN_POINT('',(-2.409508388392,-29.62766197321));
#1845 = CARTESIAN_POINT('',(-2.490090617067,-29.61346286665));
#1846 = CARTESIAN_POINT('',(-2.54379855769,-29.60384158089));
#1847 = CARTESIAN_POINT('',(-2.569045448896,-29.59924940996));
#1848 = CARTESIAN_POINT('',(-3.0525378874,-29.50979648279));
#1849 = CARTESIAN_POINT('',(-3.725950689956,-29.35116006096));
#1850 = CARTESIAN_POINT('',(-4.495560633655,-29.10947184673));
#1851 = CARTESIAN_POINT('',(-4.876356024017,-28.97447464243));
#1852 = CARTESIAN_POINT('',(-5.065751323826,-28.90343776598));
#1853 = CARTESIAN_POINT('',(-5.146705939022,-28.87223518872));
#1854 = CARTESIAN_POINT('',(-5.200627949372,-28.8512649813));
#1855 = CARTESIAN_POINT('',(-5.226455641034,-28.84113480648));
#1856 = CARTESIAN_POINT('',(-5.702841864374,-28.65255777634));
#1857 = CARTESIAN_POINT('',(-6.35871842106,-28.35386976404));
#1858 = CARTESIAN_POINT('',(-7.094737512555,-27.94859258693));
#1859 = CARTESIAN_POINT('',(-7.455454502142,-27.73175204102));
#1860 = CARTESIAN_POINT('',(-7.608484807073,-27.63577710191));
#1861 = CARTESIAN_POINT('',(-7.710157745782,-27.57111752549));
#1862 = CARTESIAN_POINT('',(-7.759775125086,-27.53913303765));
#1863 = CARTESIAN_POINT('',(-8.635864388195,-26.96641129776));
#1864 = CARTESIAN_POINT('',(-9.397202064326,-26.34786114272));
#1865 = CARTESIAN_POINT('',(-10.44211078795,-25.30303124875));
#1866 = CARTESIAN_POINT('',(-10.9351049243,-24.7565115137));
#1867 = CARTESIAN_POINT('',(-11.45870935545,-24.07672177703));
#1868 = CARTESIAN_POINT('',(-11.70762272237,-23.72628106392));
#1869 = CARTESIAN_POINT('',(-11.81153798349,-23.57383236299));
#1870 = CARTESIAN_POINT('',(-11.88020106954,-23.47169771262));
#1871 = CARTESIAN_POINT('',(-11.91495760033,-23.41925994833));
#1872 = CARTESIAN_POINT('',(-12.21183090925,-22.9652085019));
#1873 = CARTESIAN_POINT('',(-12.57532126309,-22.34290360917));
#1874 = CARTESIAN_POINT('',(-12.9427970743,-21.58730104704));
#1875 = CARTESIAN_POINT('',(-13.11238591284,-21.20210471915));
#1876 = CARTESIAN_POINT('',(-13.19364306534,-21.0076577935));
#1877 = CARTESIAN_POINT('',(-13.22770957354,-20.92392723357));
#1878 = CARTESIAN_POINT('',(-13.25025213773,-20.86801882401));
#1879 = CARTESIAN_POINT('',(-13.26189451694,-20.8388706134));
#1880 = CARTESIAN_POINT('',(-13.44290240896,-20.38170230643));
#1881 = CARTESIAN_POINT('',(-13.66616586481,-19.72687124377));
#1882 = CARTESIAN_POINT('',(-13.87015497586,-18.9464219518));
#1883 = CARTESIAN_POINT('',(-13.9580283012,-18.55207737609));
#1884 = CARTESIAN_POINT('',(-13.99843465632,-18.35387510581));
#1885 = CARTESIAN_POINT('',(-14.01499517118,-18.26871056516));
#1886 = CARTESIAN_POINT('',(-14.02586740454,-18.21188515795));
#1887 = CARTESIAN_POINT('',(-14.03152262876,-18.18181001831));
#1888 = CARTESIAN_POINT('',(-14.19536249102,-17.29662337294));
#1889 = CARTESIAN_POINT('',(-14.2748,-16.43079464609));
#1890 = CARTESIAN_POINT('',(-14.2748,-15.5575));
#1891 = ( GEOMETRIC_REPRESENTATION_CONTEXT(2) 
PARAMETRIC_REPRESENTATION_CONTEXT() REPRESENTATION_CONTEXT('2D SPACE',''
  ) );
#1892 = PCURVE('',#79,#1893);
#1893 = DEFINITIONAL_REPRESENTATION('',(#1894),#2206);
#1894 = B_SPLINE_CURVE_WITH_KNOTS('',3,(#1895,#1896,#1897,#1898,#1899,
    #1900,#1901,#1902,#1903,#1904,#1905,#1906,#1907,#1908,#1909,#1910,
    #1911,#1912,#1913,#1914,#1915,#1916,#1917,#1918,#1919,#1920,#1921,
    #1922,#1923,#1924,#1925,#1926,#1927,#1928,#1929,#1930,#1931,#1932,
    #1933,#1934,#1935,#1936,#1937,#1938,#1939,#1940,#1941,#1942,#1943,
    #1944,#1945,#1946,#1947,#1948,#1949,#1950,#1951,#1952,#1953,#1954,
    #1955,#1956,#1957,#1958,#1959,#1960,#1961,#1962,#1963,#1964,#1965,
    #1966,#1967,#1968,#1969,#1970,#1971,#1972,#1973,#1974,#1975,#1976,
    #1977,#1978,#1979,#1980,#1981,#1982,#1983,#1984,#1985,#1986,#1987,
    #1988,#1989,#1990,#1991,#1992,#1993,#1994,#1995,#1996,#1997,#1998,
    #1999,#2000,#2001,#2002,#2003,#2004,#2005,#2006,#2007,#2008,#2009,
    #2010,#2011,#2012,#2013,#2014,#2015,#2016,#2017,#2018,#2019,#2020,
    #2021,#2022,#2023,#2024,#2025,#2026,#2027,#2028,#2029,#2030,#2031,
    #2032,#2033,#2034,#2035,#2036,#2037,#2038,#2039,#2040,#2041,#2042,
    #2043,#2044,#2045,#2046,#2047,#2048,#2049,#2050,#2051,#2052,#2053,
    #2054,#2055,#2056,#2057,#2058,#2059,#2060,#2061,#2062,#2063,#2064,
    #2065,#2066,#2067,#2068,#2069,#2070,#2071,#2072,#2073,#2074,#2075,
    #2076,#2077,#2078,#2079,#2080,#2081,#2082,#2083,#2084,#2085,#2086,
    #2087,#2088,#2089,#2090,#2091,#2092,#2093,#2094,#2095,#2096,#2097,
    #2098,#2099,#2100,#2101,#2102,#2103,#2104,#2105,#2106,#2107,#2108,
    #2109,#2110,#2111,#2112,#2113,#2114,#2115,#2116,#2117,#2118,#2119,
    #2120,#2121,#2122,#2123,#2124,#2125,#2126,#2127,#2128,#2129,#2130,
    #2131,#2132,#2133,#2134,#2135,#2136,#2137,#2138,#2139,#2140,#2141,
    #2142,#2143,#2144,#2145,#2146,#2147,#2148,#2149,#2150,#2151,#2152,
    #2153,#2154,#2155,#2156,#2157,#2158,#2159,#2160,#2161,#2162,#2163,
    #2164,#2165,#2166,#2167,#2168,#2169,#2170,#2171,#2172,#2173,#2174,
    #2175,#2176,#2177,#2178,#2179,#2180,#2181,#2182,#2183,#2184,#2185,
    #2186,#2187,#2188,#2189,#2190,#2191,#2192,#2193,#2194,#2195,#2196,
    #2197,#2198,#2199,#2200,#2201,#2202,#2203,#2204,#2205),
  .UNSPECIFIED.,.F.,.F.,(4,1,1,1,1,1,1,1,1,1,1,1,1,1,1,1,1,1,1,1,1,1,1,1
    ,1,1,1,1,1,1,1,1,1,1,1,1,1,1,1,1,1,1,1,1,1,1,1,1,1,1,1,1,1,1,1,1,1,1
    ,1,1,1,1,1,1,1,1,1,1,1,1,1,1,1,1,1,1,1,1,1,1,1,1,1,1,1,1,1,1,1,1,1,1
    ,1,1,1,1,1,1,1,1,1,1,1,1,1,1,1,1,1,1,1,1,1,1,1,1,1,1,1,1,1,1,1,1,1,1
    ,1,1,1,1,1,1,1,1,1,1,1,1,1,1,1,1,1,1,1,1,1,1,1,1,1,1,1,1,1,1,1,1,1,1
    ,1,1,1,1,1,1,1,1,1,1,1,1,1,1,1,1,1,1,1,1,1,1,1,1,1,1,1,1,1,1,1,1,1,1
    ,1,1,1,1,1,1,1,1,1,1,1,1,1,1,1,1,1,1,1,1,1,1,1,1,1,1,1,1,1,1,1,1,1,1
    ,1,1,1,1,1,1,1,1,1,1,1,1,1,1,1,1,1,1,1,1,1,1,1,1,1,1,1,1,1,1,1,1,1,1
    ,1,1,1,1,1,1,1,1,1,1,1,1,1,1,1,1,1,1,1,1,1,1,1,1,1,1,1,1,1,1,1,1,1,1
    ,1,1,1,1,1,1,1,1,1,1,1,1,4),(0.,3.246753246753E-03,
    6.493506493506E-03,9.74025974026E-03,1.298701298701E-02,
    1.623376623377E-02,1.948051948052E-02,2.272727272727E-02,
    2.597402597403E-02,2.922077922078E-02,3.246753246753E-02,
    3.571428571429E-02,3.896103896104E-02,4.220779220779E-02,
    4.545454545455E-02,4.87012987013E-02,5.194805194805E-02,
    5.519480519481E-02,5.844155844156E-02,6.168831168831E-02,
    6.493506493506E-02,6.818181818182E-02,7.142857142857E-02,
    7.467532467532E-02,7.792207792208E-02,8.116883116883E-02,
    8.441558441558E-02,8.766233766234E-02,9.090909090909E-02,
    9.415584415584E-02,9.74025974026E-02,0.100649350649,0.103896103896,
    0.107142857143,0.11038961039,0.113636363636,0.116883116883,
    0.12012987013,0.123376623377,0.126623376623,0.12987012987,
    0.133116883117,0.136363636364,0.13961038961,0.142857142857,
    0.146103896104,0.149350649351,0.152597402597,0.155844155844,
    0.159090909091,0.162337662338,0.165584415584,0.168831168831,
    0.172077922078,0.175324675325,0.178571428571,0.181818181818,
    0.185064935065,0.188311688312,0.191558441558,0.194805194805,
    0.198051948052,0.201298701299,0.204545454545,0.207792207792,
    0.211038961039,0.214285714286,0.217532467532,0.220779220779,
    0.224025974026,0.227272727273,0.230519480519,0.233766233766,
    0.237012987013,0.24025974026,0.243506493506,0.246753246753,0.25,
    0.253246753247,0.256493506494,0.25974025974,0.262987012987,
    0.266233766234,0.269480519481,0.272727272727,0.275974025974,
    0.279220779221,0.282467532468,0.285714285714,0.288961038961,
    0.292207792208,0.295454545455,0.298701298701,0.301948051948,
    0.305194805195,0.308441558442,0.311688311688,0.314935064935,
    0.318181818182,0.321428571429,0.324675324675,0.327922077922,
    0.331168831169,0.334415584416,0.337662337662,0.340909090909,
    0.344155844156,0.347402597403,0.350649350649,0.353896103896,
    0.357142857143,0.36038961039,0.363636363636,0.366883116883,
    0.37012987013,0.373376623377,0.376623376623,0.37987012987,
    0.383116883117,0.386363636364,0.38961038961,0.392857142857,
    0.396103896104,0.399350649351,0.402597402597,0.405844155844,
    0.409090909091,0.412337662338,0.415584415584,0.418831168831,
    0.422077922078,0.425324675325,0.428571428571,0.431818181818,
    0.435064935065,0.438311688312,0.441558441558,0.444805194805,
    0.448051948052,0.451298701299,0.454545454545,0.457792207792,
    0.461038961039,0.464285714286,0.467532467532,0.470779220779,
    0.474025974026,0.477272727273,0.480519480519,0.483766233766,
    0.487012987013,0.49025974026,0.493506493506,0.496753246753,0.5,
    0.503246753247,0.506493506494,0.50974025974,0.512987012987,
    0.516233766234,0.519480519481,0.522727272727,0.525974025974,
    0.529220779221,0.532467532468,0.535714285714,0.538961038961,
    0.542207792208,0.545454545455,0.548701298701,0.551948051948,
    0.555194805195,0.558441558442,0.561688311688,0.564935064935,
    0.568181818182,0.571428571429,0.574675324675,0.577922077922,
    0.581168831169,0.584415584416,0.587662337662,0.590909090909,
    0.594155844156,0.597402597403,0.600649350649,0.603896103896,
    0.607142857143,0.61038961039,0.613636363636,0.616883116883,
    0.62012987013,0.623376623377,0.626623376623,0.62987012987,
    0.633116883117,0.636363636364,0.63961038961,0.642857142857,
    0.646103896104,0.649350649351,0.652597402597,0.655844155844,
    0.659090909091,0.662337662338,0.665584415584,0.668831168831,
    0.672077922078,0.675324675325,0.678571428571,0.681818181818,
    0.685064935065,0.688311688312,0.691558441558,0.694805194805,
    0.698051948052,0.701298701299,0.704545454545,0.707792207792,
    0.711038961039,0.714285714286,0.717532467532,0.720779220779,
    0.724025974026,0.727272727273,0.730519480519,0.733766233766,
    0.737012987013,0.74025974026,0.743506493506,0.746753246753,0.75,
    0.753246753247,0.756493506494,0.75974025974,0.762987012987,
    0.766233766234,0.769480519481,0.772727272727,0.775974025974,
    0.779220779221,0.782467532468,0.785714285714,0.788961038961,
    0.792207792208,0.795454545455,0.798701298701,0.801948051948,
    0.805194805195,0.808441558442,0.811688311688,0.814935064935,
    0.818181818182,0.821428571429,0.824675324675,0.827922077922,
    0.831168831169,0.834415584416,0.837662337662,0.840909090909,
    0.844155844156,0.847402597403,0.850649350649,0.853896103896,
    0.857142857143,0.86038961039,0.863636363636,0.866883116883,
    0.87012987013,0.873376623377,0.876623376623,0.87987012987,
    0.883116883117,0.886363636364,0.88961038961,0.892857142857,
    0.896103896104,0.899350649351,0.902597402597,0.905844155844,
    0.909090909091,0.912337662338,0.915584415584,0.918831168831,
    0.922077922078,0.925324675325,0.928571428571,0.931818181818,
    0.935064935065,0.938311688312,0.941558441558,0.944805194805,
    0.948051948052,0.951298701299,0.954545454545,0.957792207792,
    0.961038961039,0.964285714286,0.967532467532,0.970779220779,
    0.974025974026,0.977272727273,0.980519480519,0.983766233766,
    0.987012987013,0.99025974026,0.993506493506,0.996753246753,1.),
  .QUASI_UNIFORM_KNOTS.);
#1895 = CARTESIAN_POINT('',(1.,0.));
#1896 = CARTESIAN_POINT('',(1.000000421628,1.588372401835E-03));
#1897 = CARTESIAN_POINT('',(1.000000814458,4.74864730159E-03));
#1898 = CARTESIAN_POINT('',(1.00000065657,9.440992732551E-03));
#1899 = CARTESIAN_POINT('',(1.000000698876,1.408662848216E-02));
#1900 = CARTESIAN_POINT('',(1.000000687541,1.868686123285E-02));
#1901 = CARTESIAN_POINT('',(1.000000690578,2.324296587739E-02));
#1902 = CARTESIAN_POINT('',(1.000000689764,2.775618214362E-02));
#1903 = CARTESIAN_POINT('',(1.000000689982,3.222771660153E-02));
#1904 = CARTESIAN_POINT('',(1.000000689924,3.665874349378E-02));
#1905 = CARTESIAN_POINT('',(1.000000689939,4.105040543783E-02));
#1906 = CARTESIAN_POINT('',(1.000000689935,4.540381632418E-02));
#1907 = CARTESIAN_POINT('',(1.000000689936,4.972005433464E-02));
#1908 = CARTESIAN_POINT('',(1.000000689936,5.400019097216E-02));
#1909 = CARTESIAN_POINT('',(1.000000689936,5.824519000872E-02));
#1910 = CARTESIAN_POINT('',(1.000000689936,6.245628476802E-02));
#1911 = CARTESIAN_POINT('',(1.000000689936,6.663357558262E-02));
#1912 = CARTESIAN_POINT('',(1.000000689936,7.078126825791E-02));
#1913 = CARTESIAN_POINT('',(1.000000689936,7.488812577609E-02));
#1914 = CARTESIAN_POINT('',(1.000000689936,7.900042785944E-02));
#1915 = CARTESIAN_POINT('',(1.000000689936,8.294968488598E-02));
#1916 = CARTESIAN_POINT('',(1.000000689936,8.724493638464E-02));
#1917 = CARTESIAN_POINT('',(1.000000689936,9.146204127357E-02));
#1918 = CARTESIAN_POINT('',(1.000000689936,9.565174169307E-02));
#1919 = CARTESIAN_POINT('',(1.000000689936,9.980188354963E-02));
#1920 = CARTESIAN_POINT('',(1.000000689936,0.103917129148));
#1921 = CARTESIAN_POINT('',(1.000000689936,0.107997600052));
#1922 = CARTESIAN_POINT('',(1.000000689936,0.112044600327));
#1923 = CARTESIAN_POINT('',(1.000000689937,0.116059084041));
#1924 = CARTESIAN_POINT('',(1.000000689931,0.120042066684));
#1925 = CARTESIAN_POINT('',(1.000000689955,0.123994516253));
#1926 = CARTESIAN_POINT('',(1.000000689866,0.127917381565));
#1927 = CARTESIAN_POINT('',(1.000000690198,0.131811591674));
#1928 = CARTESIAN_POINT('',(1.000000688959,0.135678034201));
#1929 = CARTESIAN_POINT('',(1.000000693582,0.139517645914));
#1930 = CARTESIAN_POINT('',(1.000000676329,0.143331075075));
#1931 = CARTESIAN_POINT('',(1.00000074072,0.147119944556));
#1932 = CARTESIAN_POINT('',(1.000000500408,0.150882142147));
#1933 = CARTESIAN_POINT('',(1.000001397264,0.154629398235));
#1934 = CARTESIAN_POINT('',(0.999998050153,0.158321685748));
#1935 = CARTESIAN_POINT('',(1.000001397264,0.162098976045));
#1936 = CARTESIAN_POINT('',(1.000000500408,0.165934906795));
#1937 = CARTESIAN_POINT('',(1.00000074072,0.169716855206));
#1938 = CARTESIAN_POINT('',(1.000000676329,0.173476226253));
#1939 = CARTESIAN_POINT('',(1.000000693582,0.177205805529));
#1940 = CARTESIAN_POINT('',(1.000000688959,0.180908700118));
#1941 = CARTESIAN_POINT('',(1.000000690198,0.184585225436));
#1942 = CARTESIAN_POINT('',(1.000000689866,0.188236419783));
#1943 = CARTESIAN_POINT('',(1.000000689955,0.191863103214));
#1944 = CARTESIAN_POINT('',(1.000000689931,0.195466129556));
#1945 = CARTESIAN_POINT('',(1.000000689937,0.199046320446));
#1946 = CARTESIAN_POINT('',(1.000000689936,0.202604485294));
#1947 = CARTESIAN_POINT('',(1.000000689936,0.206141402298));
#1948 = CARTESIAN_POINT('',(1.000000689936,0.209657883182));
#1949 = CARTESIAN_POINT('',(1.000000689936,0.213154532582));
#1950 = CARTESIAN_POINT('',(1.000000689936,0.216632648592));
#1951 = CARTESIAN_POINT('',(1.000000689936,0.220090862873));
#1952 = CARTESIAN_POINT('',(1.000000689936,0.223537684014));
#1953 = CARTESIAN_POINT('',(1.000000689936,0.226944681321));
#1954 = CARTESIAN_POINT('',(1.000000689936,0.230376015216));
#1955 = CARTESIAN_POINT('',(1.000000689936,0.233847385252));
#1956 = CARTESIAN_POINT('',(1.000000689936,0.237279046173));
#1957 = CARTESIAN_POINT('',(1.000000689936,0.24069333821));
#1958 = CARTESIAN_POINT('',(1.000000689936,0.244085229573));
#1959 = CARTESIAN_POINT('',(1.000000689936,0.247457004517));
#1960 = CARTESIAN_POINT('',(1.000000689936,0.250808970008));
#1961 = CARTESIAN_POINT('',(1.000000689936,0.254141945033));
#1962 = CARTESIAN_POINT('',(1.000000689937,0.257456594933));
#1963 = CARTESIAN_POINT('',(1.000000689934,0.260753609409));
#1964 = CARTESIAN_POINT('',(1.000000689945,0.264033655971));
#1965 = CARTESIAN_POINT('',(1.000000689904,0.267297392105));
#1966 = CARTESIAN_POINT('',(1.000000690055,0.270545462273));
#1967 = CARTESIAN_POINT('',(1.000000689494,0.273778500007));
#1968 = CARTESIAN_POINT('',(1.000000691587,0.276997124877));
#1969 = CARTESIAN_POINT('',(1.000000683776,0.280201952772));
#1970 = CARTESIAN_POINT('',(1.000000712925,0.283393560589));
#1971 = CARTESIAN_POINT('',(1.000000604139,0.286572615586));
#1972 = CARTESIAN_POINT('',(1.000001010137,0.289739399307));
#1973 = CARTESIAN_POINT('',(0.999999494932,0.292895577681));
#1974 = CARTESIAN_POINT('',(1.000001010137,0.296037602848));
#1975 = CARTESIAN_POINT('',(1.000000604139,0.299162041226));
#1976 = CARTESIAN_POINT('',(1.000000712925,0.302270652556));
#1977 = CARTESIAN_POINT('',(1.000000683776,0.30536379261));
#1978 = CARTESIAN_POINT('',(1.000000691587,0.30844218198));
#1979 = CARTESIAN_POINT('',(1.000000689494,0.311506431295));
#1980 = CARTESIAN_POINT('',(1.000000690053,0.314557169134));
#1981 = CARTESIAN_POINT('',(1.000000689909,0.317595008447));
#1982 = CARTESIAN_POINT('',(1.000000689925,0.320620554233));
#1983 = CARTESIAN_POINT('',(1.000000690006,0.323634402924));
#1984 = CARTESIAN_POINT('',(1.000000689669,0.32663714405));
#1985 = CARTESIAN_POINT('',(1.000000690936,0.329629351151));
#1986 = CARTESIAN_POINT('',(1.000000686203,0.332611618094));
#1987 = CARTESIAN_POINT('',(1.000000703867,0.335584423588));
#1988 = CARTESIAN_POINT('',(1.000000637945,0.338548637462));
#1989 = CARTESIAN_POINT('',(1.000000883968,0.341503631676));
#1990 = CARTESIAN_POINT('',(0.999999965799,0.344454330591));
#1991 = CARTESIAN_POINT('',(1.000003392454,0.34738489942));
#1992 = CARTESIAN_POINT('',(0.999990604001,0.350356940677));
#1993 = CARTESIAN_POINT('',(1.000003392454,0.353202926272));
#1994 = CARTESIAN_POINT('',(0.999999965799,0.356058739343));
#1995 = CARTESIAN_POINT('',(1.000000883968,0.358897855029));
#1996 = CARTESIAN_POINT('',(1.000000637945,0.361728048559));
#1997 = CARTESIAN_POINT('',(1.000000703867,0.364547897791));
#1998 = CARTESIAN_POINT('',(1.000000686203,0.367358438394));
#1999 = CARTESIAN_POINT('',(1.000000690936,0.37016004093));
#2000 = CARTESIAN_POINT('',(1.000000689671,0.372953247693));
#2001 = CARTESIAN_POINT('',(1.000000689998,0.375738548632));
#2002 = CARTESIAN_POINT('',(1.000000689955,0.378516441144));
#2003 = CARTESIAN_POINT('',(1.000000689797,0.381287415301));
#2004 = CARTESIAN_POINT('',(1.000000690473,0.38405195347));
#2005 = CARTESIAN_POINT('',(1.000000687927,0.386810546891));
#2006 = CARTESIAN_POINT('',(1.000000697436,0.38956363004));
#2007 = CARTESIAN_POINT('',(1.000000661947,0.392311826574));
#2008 = CARTESIAN_POINT('',(1.000000794393,0.395055032821));
#2009 = CARTESIAN_POINT('',(1.000000300096,0.397795835335));
#2010 = CARTESIAN_POINT('',(1.00000214484,0.400526760162));
#2011 = CARTESIAN_POINT('',(0.999995260161,0.403277857015));
#2012 = CARTESIAN_POINT('',(1.00000214484,0.405948696844));
#2013 = CARTESIAN_POINT('',(1.000000300096,0.408545265891));
#2014 = CARTESIAN_POINT('',(1.000000794393,0.411152918489));
#2015 = CARTESIAN_POINT('',(1.000000661947,0.413749315016));
#2016 = CARTESIAN_POINT('',(1.000000697436,0.416340969321));
#2017 = CARTESIAN_POINT('',(1.000000687927,0.418926660972));
#2018 = CARTESIAN_POINT('',(1.000000690474,0.421507238936));
#2019 = CARTESIAN_POINT('',(1.000000689792,0.424082994709));
#2020 = CARTESIAN_POINT('',(1.000000689972,0.426654366215));
#2021 = CARTESIAN_POINT('',(1.000000689934,0.429221749175));
#2022 = CARTESIAN_POINT('',(1.000000689907,0.431785547828));
#2023 = CARTESIAN_POINT('',(1.000000690056,0.434346160769));
#2024 = CARTESIAN_POINT('',(1.000000689486,0.436903986963));
#2025 = CARTESIAN_POINT('',(1.000000691615,0.439459415931));
#2026 = CARTESIAN_POINT('',(1.000000683672,0.442012861058));
#2027 = CARTESIAN_POINT('',(1.000000713316,0.444564636182));
#2028 = CARTESIAN_POINT('',(1.000000602682,0.447115416325));
#2029 = CARTESIAN_POINT('',(1.000001015572,0.449664517522));
#2030 = CARTESIAN_POINT('',(0.999999474647,0.452216317521));
#2031 = CARTESIAN_POINT('',(1.000001015572,0.45475629281));
#2032 = CARTESIAN_POINT('',(1.000000602682,0.457118880283));
#2033 = CARTESIAN_POINT('',(1.000000713316,0.459524465714));
#2034 = CARTESIAN_POINT('',(1.000000683672,0.461914375826));
#2035 = CARTESIAN_POINT('',(1.000000691615,0.464304710051));
#2036 = CARTESIAN_POINT('',(1.000000689486,0.466691531615));
#2037 = CARTESIAN_POINT('',(1.000000690056,0.469076271531));
#2038 = CARTESIAN_POINT('',(1.000000689905,0.47145892164));
#2039 = CARTESIAN_POINT('',(1.00000068994,0.473839858549));
#2040 = CARTESIAN_POINT('',(1.000000689951,0.476219354934));
#2041 = CARTESIAN_POINT('',(1.000000689874,0.478597710496));
#2042 = CARTESIAN_POINT('',(1.00000069017,0.48097521692));
#2043 = CARTESIAN_POINT('',(1.000000689064,0.48335216719));
#2044 = CARTESIAN_POINT('',(1.000000693191,0.485728853464));
#2045 = CARTESIAN_POINT('',(1.000000677789,0.488105566353));
#2046 = CARTESIAN_POINT('',(1.00000073527,0.490482600014));
#2047 = CARTESIAN_POINT('',(1.000000520747,0.492860232597));
#2048 = CARTESIAN_POINT('',(1.000001321357,0.495238799443));
#2049 = CARTESIAN_POINT('',(0.99999833344,0.497618419926));
#2050 = CARTESIAN_POINT('',(1.00000021215,0.500000016968));
#2051 = CARTESIAN_POINT('',(1.000000817958,0.502381512203));
#2052 = CARTESIAN_POINT('',(1.000000655633,0.504760859028));
#2053 = CARTESIAN_POINT('',(1.000000699128,0.507139012163));
#2054 = CARTESIAN_POINT('',(1.000000687473,0.509516122807));
#2055 = CARTESIAN_POINT('',(1.000000690596,0.511892558136));
#2056 = CARTESIAN_POINT('',(1.000000689759,0.514268628132));
#2057 = CARTESIAN_POINT('',(1.000000689983,0.516644658762));
#2058 = CARTESIAN_POINT('',(1.000000689923,0.519020972442));
#2059 = CARTESIAN_POINT('',(1.000000689939,0.521397892988));
#2060 = CARTESIAN_POINT('',(1.000000689935,0.523775745364));
#2061 = CARTESIAN_POINT('',(1.000000689936,0.526154851755));
#2062 = CARTESIAN_POINT('',(1.000000689936,0.528535547519));
#2063 = CARTESIAN_POINT('',(1.000000689936,0.530918121341));
#2064 = CARTESIAN_POINT('',(1.000000689936,0.533303038657));
#2065 = CARTESIAN_POINT('',(1.000000689936,0.535690107832));
#2066 = CARTESIAN_POINT('',(1.000000689936,0.538081592029));
#2067 = CARTESIAN_POINT('',(1.000000689936,0.540470595562));
#2068 = CARTESIAN_POINT('',(1.000000689936,0.542884406631));
#2069 = CARTESIAN_POINT('',(1.000000689936,0.545222740019));
#2070 = CARTESIAN_POINT('',(1.000000689936,0.547788005837));
#2071 = CARTESIAN_POINT('',(1.000000689936,0.550330851425));
#2072 = CARTESIAN_POINT('',(1.000000689936,0.552880420096));
#2073 = CARTESIAN_POINT('',(1.000000689936,0.555429390763));
#2074 = CARTESIAN_POINT('',(1.000000689936,0.557980215764));
#2075 = CARTESIAN_POINT('',(1.000000689936,0.560532731214));
#2076 = CARTESIAN_POINT('',(1.000000689936,0.56308747721));
#2077 = CARTESIAN_POINT('',(1.000000689937,0.56564480786));
#2078 = CARTESIAN_POINT('',(1.000000689931,0.568205129846));
#2079 = CARTESIAN_POINT('',(1.000000689955,0.57076883879));
#2080 = CARTESIAN_POINT('',(1.000000689866,0.573336335174));
#2081 = CARTESIAN_POINT('',(1.000000690198,0.575908024363));
#2082 = CARTESIAN_POINT('',(1.000000688959,0.578484300684));
#2083 = CARTESIAN_POINT('',(1.000000693582,0.581065611169));
#2084 = CARTESIAN_POINT('',(1.000000676329,0.583652216588));
#2085 = CARTESIAN_POINT('',(1.00000074072,0.586245083674));
#2086 = CARTESIAN_POINT('',(1.000000500408,0.588842555277));
#2087 = CARTESIAN_POINT('',(1.000001397264,0.591452777615));
#2088 = CARTESIAN_POINT('',(0.999998050153,0.594047321218));
#2089 = CARTESIAN_POINT('',(1.000001397264,0.59672504316));
#2090 = CARTESIAN_POINT('',(1.000000500408,0.599469413523));
#2091 = CARTESIAN_POINT('',(1.00000074072,0.60220007486));
#2092 = CARTESIAN_POINT('',(1.000000676329,0.60493913355));
#2093 = CARTESIAN_POINT('',(1.000000693582,0.60768124658));
#2094 = CARTESIAN_POINT('',(1.000000688959,0.610428432013));
#2095 = CARTESIAN_POINT('',(1.000000690198,0.613180740831));
#2096 = CARTESIAN_POINT('',(1.000000689866,0.615938757627));
#2097 = CARTESIAN_POINT('',(1.000000689955,0.618702929513));
#2098 = CARTESIAN_POINT('',(1.000000689931,0.62147374672));
#2099 = CARTESIAN_POINT('',(1.000000689937,0.624251693199));
#2100 = CARTESIAN_POINT('',(1.000000689936,0.627037263546));
#2101 = CARTESIAN_POINT('',(1.000000689936,0.629830944988));
#2102 = CARTESIAN_POINT('',(1.000000689936,0.632633272812));
#2103 = CARTESIAN_POINT('',(1.000000689936,0.635444627454));
#2104 = CARTESIAN_POINT('',(1.000000689936,0.638265988614));
#2105 = CARTESIAN_POINT('',(1.000000689936,0.641096126888));
#2106 = CARTESIAN_POINT('',(1.000000689936,0.643942079029));
#2107 = CARTESIAN_POINT('',(1.000000689936,0.646780055957));
#2108 = CARTESIAN_POINT('',(1.000000689936,0.649663523762));
#2109 = CARTESIAN_POINT('',(1.000000689936,0.652607060979));
#2110 = CARTESIAN_POINT('',(1.000000689936,0.655543352335));
#2111 = CARTESIAN_POINT('',(1.000000689936,0.658491060845));
#2112 = CARTESIAN_POINT('',(1.000000689936,0.661445820471));
#2113 = CARTESIAN_POINT('',(1.000000689936,0.664409444671));
#2114 = CARTESIAN_POINT('',(1.000000689936,0.667382100112));
#2115 = CARTESIAN_POINT('',(1.000000689936,0.670364403851));
#2116 = CARTESIAN_POINT('',(1.000000689937,0.673356861528));
#2117 = CARTESIAN_POINT('',(1.000000689934,0.676360018073));
#2118 = CARTESIAN_POINT('',(1.000000689945,0.679374417372));
#2119 = CARTESIAN_POINT('',(1.000000689904,0.682400613632));
#2120 = CARTESIAN_POINT('',(1.000000690055,0.685439167371));
#2121 = CARTESIAN_POINT('',(1.000000689494,0.688490648991));
#2122 = CARTESIAN_POINT('',(1.000000691587,0.691555633528));
#2123 = CARTESIAN_POINT('',(1.000000683776,0.694634712985));
#2124 = CARTESIAN_POINT('',(1.000000712925,0.697728459591));
#2125 = CARTESIAN_POINT('',(1.000000604139,0.700837555241));
#2126 = CARTESIAN_POINT('',(1.000001010137,0.703962316381));
#2127 = CARTESIAN_POINT('',(0.999999494932,0.707104462715));
#2128 = CARTESIAN_POINT('',(1.000001010137,0.710260519879));
#2129 = CARTESIAN_POINT('',(1.000000604139,0.713426974911));
#2130 = CARTESIAN_POINT('',(1.000000712925,0.716605529084));
#2131 = CARTESIAN_POINT('',(1.000000683776,0.719796500778));
#2132 = CARTESIAN_POINT('',(1.000000691587,0.723000593742));
#2133 = CARTESIAN_POINT('',(1.000000689494,0.72621842257));
#2134 = CARTESIAN_POINT('',(1.000000690053,0.729450641807));
#2135 = CARTESIAN_POINT('',(1.000000689909,0.732697909435));
#2136 = CARTESIAN_POINT('',(1.000000689925,0.735960899037));
#2137 = CARTESIAN_POINT('',(1.000000690006,0.739240294413));
#2138 = CARTESIAN_POINT('',(1.000000689669,0.742536796108));
#2139 = CARTESIAN_POINT('',(1.000000690936,0.745851107186));
#2140 = CARTESIAN_POINT('',(1.000000686203,0.749183978558));
#2141 = CARTESIAN_POINT('',(1.000000703867,0.75253604775));
#2142 = CARTESIAN_POINT('',(1.000000637945,0.755908439831));
#2143 = CARTESIAN_POINT('',(1.000000883968,0.759300525205));
#2144 = CARTESIAN_POINT('',(0.999999965799,0.762718288281));
#2145 = CARTESIAN_POINT('',(1.000003392454,0.766143101196));
#2146 = CARTESIAN_POINT('',(0.999990604001,0.769648255639));
#2147 = CARTESIAN_POINT('',(1.000003392454,0.773035036757));
#2148 = CARTESIAN_POINT('',(0.999999965799,0.776463251379));
#2149 = CARTESIAN_POINT('',(1.000000883968,0.779901848576));
#2150 = CARTESIAN_POINT('',(1.000000637945,0.7833600271));
#2151 = CARTESIAN_POINT('',(1.000000703867,0.786836219465));
#2152 = CARTESIAN_POINT('',(1.000000686203,0.790331763539));
#2153 = CARTESIAN_POINT('',(1.000000690936,0.793847239118));
#2154 = CARTESIAN_POINT('',(1.000000689671,0.797383449547));
#2155 = CARTESIAN_POINT('',(1.000000689998,0.800941160298));
#2156 = CARTESIAN_POINT('',(1.000000689955,0.804521168004));
#2157 = CARTESIAN_POINT('',(1.000000689797,0.808124284952));
#2158 = CARTESIAN_POINT('',(1.000000690473,0.811751336402));
#2159 = CARTESIAN_POINT('',(1.000000687927,0.815403186648));
#2160 = CARTESIAN_POINT('',(1.000000697436,0.819080644848));
#2161 = CARTESIAN_POINT('',(1.000000661947,0.822784812465));
#2162 = CARTESIAN_POINT('',(1.000000794393,0.826515795128));
#2163 = CARTESIAN_POINT('',(1.000000300096,0.830277507733));
#2164 = CARTESIAN_POINT('',(1.00000214484,0.834059746329));
#2165 = CARTESIAN_POINT('',(0.999995260161,0.837905098312));
#2166 = CARTESIAN_POINT('',(1.00000214484,0.841672688767));
#2167 = CARTESIAN_POINT('',(1.000000300096,0.845367800047));
#2168 = CARTESIAN_POINT('',(1.000000794393,0.849111343368));
#2169 = CARTESIAN_POINT('',(1.000000661947,0.852871909592));
#2170 = CARTESIAN_POINT('',(1.000000697436,0.856658929108));
#2171 = CARTESIAN_POINT('',(1.000000687927,0.86047091373));
#2172 = CARTESIAN_POINT('',(1.000000690474,0.864309328313));
#2173 = CARTESIAN_POINT('',(1.000000689792,0.868174871632));
#2174 = CARTESIAN_POINT('',(1.000000689972,0.872068476));
#2175 = CARTESIAN_POINT('',(1.000000689934,0.875991038886));
#2176 = CARTESIAN_POINT('',(1.000000689907,0.879943495808));
#2177 = CARTESIAN_POINT('',(1.000000690056,0.883926801));
#2178 = CARTESIAN_POINT('',(1.000000689486,0.887941936965));
#2179 = CARTESIAN_POINT('',(1.000000691615,0.891989899146));
#2180 = CARTESIAN_POINT('',(1.000000683672,0.896071750255));
#2181 = CARTESIAN_POINT('',(1.000000713316,0.900188423567));
#2182 = CARTESIAN_POINT('',(1.000000602682,0.904341459398));
#2183 = CARTESIAN_POINT('',(1.000001015572,0.908530260331));
#2184 = CARTESIAN_POINT('',(0.999999474647,0.912762338454));
#2185 = CARTESIAN_POINT('',(1.000001015572,0.917015075993));
#2186 = CARTESIAN_POINT('',(1.000000602682,0.921006967423));
#2187 = CARTESIAN_POINT('',(1.000000713316,0.925106071256));
#2188 = CARTESIAN_POINT('',(1.000000683672,0.929214875747));
#2189 = CARTESIAN_POINT('',(1.000000691615,0.933360648154));
#2190 = CARTESIAN_POINT('',(1.000000689486,0.937537251777));
#2191 = CARTESIAN_POINT('',(1.000000690057,0.941747532088));
#2192 = CARTESIAN_POINT('',(1.000000689904,0.94599195984));
#2193 = CARTESIAN_POINT('',(1.000000689945,0.950271675747));
#2194 = CARTESIAN_POINT('',(1.000000689933,0.95458767493));
#2195 = CARTESIAN_POINT('',(1.00000068994,0.958941026302));
#2196 = CARTESIAN_POINT('',(1.000000689924,0.963332815933));
#2197 = CARTESIAN_POINT('',(1.000000689982,0.967764162326));
#2198 = CARTESIAN_POINT('',(1.000000689764,0.97223621378));
#2199 = CARTESIAN_POINT('',(1.000000690578,0.976750149819));
#2200 = CARTESIAN_POINT('',(1.000000687541,0.981307182809));
#2201 = CARTESIAN_POINT('',(1.000000698876,0.985908558249));
#2202 = CARTESIAN_POINT('',(1.00000065657,0.990555556898));
#2203 = CARTESIAN_POINT('',(1.000000814458,0.995249491442));
#2204 = CARTESIAN_POINT('',(1.000000421628,0.998410980678));
#2205 = CARTESIAN_POINT('',(1.,1.));
#2206 = ( GEOMETRIC_REPRESENTATION_CONTEXT(2) 
PARAMETRIC_REPRESENTATION_CONTEXT() REPRESENTATION_CONTEXT('2D SPACE',''
  ) );
#2207 = ADVANCED_FACE('',(#2208),#1062,.T.);
#2208 = FACE_BOUND('',#2209,.T.);
#2209 = EDGE_LOOP('',(#2210,#2211,#2212,#2213));
#2210 = ORIENTED_EDGE('',*,*,#1046,.F.);
#2211 = ORIENTED_EDGE('',*,*,#1642,.F.);
#2212 = ORIENTED_EDGE('',*,*,#1107,.T.);
#2213 = ORIENTED_EDGE('',*,*,#2214,.T.);
#2214 = EDGE_CURVE('',#1075,#1047,#2215,.T.);
#2215 = SURFACE_CURVE('',#2216,(#2221,#2228),.PCURVE_S1.);
#2216 = CIRCLE('',#2217,9.652);
#2217 = AXIS2_PLACEMENT_3D('',#2218,#2219,#2220);
#2218 = CARTESIAN_POINT('',(1.5875,0.,0.));
#2219 = DIRECTION('',(-1.,0.,-0.));
#2220 = DIRECTION('',(0.,0.5,-0.866025403784));
#2221 = PCURVE('',#1062,#2222);
#2222 = DEFINITIONAL_REPRESENTATION('',(#2223),#2227);
#2223 = LINE('',#2224,#2225);
#2224 = CARTESIAN_POINT('',(6.28318530718,7.9375));
#2225 = VECTOR('',#2226,1.);
#2226 = DIRECTION('',(-1.,0.));
#2227 = ( GEOMETRIC_REPRESENTATION_CONTEXT(2) 
PARAMETRIC_REPRESENTATION_CONTEXT() REPRESENTATION_CONTEXT('2D SPACE',''
  ) );
#2228 = PCURVE('',#1091,#2229);
#2229 = DEFINITIONAL_REPRESENTATION('',(#2230),#2238);
#2230 = ( BOUNDED_CURVE() B_SPLINE_CURVE(2,(#2231,#2232,#2233,#2234,
#2235,#2236,#2237),.UNSPECIFIED.,.T.,.F.) B_SPLINE_CURVE_WITH_KNOTS((1,2
    ,2,2,2,1),(-2.094395102393,0.,2.094395102393,4.188790204786,
6.28318530718,8.377580409573),.UNSPECIFIED.) CURVE() 
GEOMETRIC_REPRESENTATION_ITEM() RATIONAL_B_SPLINE_CURVE((1.,0.5,1.,0.5,
1.,0.5,1.)) REPRESENTATION_ITEM('') );
#2231 = CARTESIAN_POINT('',(9.652,-6.35));
#2232 = CARTESIAN_POINT('',(9.652,-23.06775439465));
#2233 = CARTESIAN_POINT('',(-4.826,-14.70887719732));
#2234 = CARTESIAN_POINT('',(-19.304,-6.35));
#2235 = CARTESIAN_POINT('',(-4.826,2.008877197327));
#2236 = CARTESIAN_POINT('',(9.652,10.367754394655));
#2237 = CARTESIAN_POINT('',(9.652,-6.35));
#2238 = ( GEOMETRIC_REPRESENTATION_CONTEXT(2) 
PARAMETRIC_REPRESENTATION_CONTEXT() REPRESENTATION_CONTEXT('2D SPACE',''
  ) );
#2239 = ADVANCED_FACE('',(#2240),#79,.F.);
#2240 = FACE_BOUND('',#2241,.F.);
#2241 = EDGE_LOOP('',(#2242,#2243,#2244,#2288));
#2242 = ORIENTED_EDGE('',*,*,#1681,.T.);
#2243 = ORIENTED_EDGE('',*,*,#21,.F.);
#2244 = ORIENTED_EDGE('',*,*,#2245,.T.);
#2245 = EDGE_CURVE('',#22,#660,#2246,.T.);
#2246 = SURFACE_CURVE('',#2247,(#2252,#2281),.PCURVE_S1.);
#2247 = CIRCLE('',#2248,14.058293649054);
#2248 = AXIS2_PLACEMENT_3D('',#2249,#2250,#2251);
#2249 = CARTESIAN_POINT('',(-0.375,0.,0.));
#2250 = DIRECTION('',(-1.,0.,-0.));
#2251 = DIRECTION('',(0.,0.5,-0.866025403784));
#2252 = PCURVE('',#79,#2253);
#2253 = DEFINITIONAL_REPRESENTATION('',(#2254),#2280);
#2254 = B_SPLINE_CURVE_WITH_KNOTS('',3,(#2255,#2256,#2257,#2258,#2259,
    #2260,#2261,#2262,#2263,#2264,#2265,#2266,#2267,#2268,#2269,#2270,
    #2271,#2272,#2273,#2274,#2275,#2276,#2277,#2278,#2279),
  .UNSPECIFIED.,.F.,.F.,(4,1,1,1,1,1,1,1,1,1,1,1,1,1,1,1,1,1,1,1,1,1,4),
  (0.,0.142799666072,0.285599332145,0.428398998217,0.571198664289,
    0.713998330361,0.856797996434,0.999597662506,1.142397328578,
    1.28519699465,1.427996660723,1.570796326795,1.713595992867,
    1.856395658939,1.999195325012,2.141994991084,2.284794657156,
    2.427594323228,2.570393989301,2.713193655373,2.855993321445,
    2.998792987518,3.14159265359),.QUASI_UNIFORM_KNOTS.);
#2255 = CARTESIAN_POINT('',(0.,1.));
#2256 = CARTESIAN_POINT('',(0.,0.976252642514));
#2257 = CARTESIAN_POINT('',(0.,0.931948683956));
#2258 = CARTESIAN_POINT('',(0.,0.873315440011));
#2259 = CARTESIAN_POINT('',(0.,0.820561425866));
#2260 = CARTESIAN_POINT('',(0.,0.772421788032));
#2261 = CARTESIAN_POINT('',(0.,0.727875357125));
#2262 = CARTESIAN_POINT('',(0.,0.68613087718));
#2263 = CARTESIAN_POINT('',(0.,0.646543283156));
#2264 = CARTESIAN_POINT('',(0.,0.608575469012));
#2265 = CARTESIAN_POINT('',(0.,0.571764894481));
#2266 = CARTESIAN_POINT('',(0.,0.535699835049));
#2267 = CARTESIAN_POINT('',(0.,0.5));
#2268 = CARTESIAN_POINT('',(0.,0.464300164951));
#2269 = CARTESIAN_POINT('',(0.,0.428235105519));
#2270 = CARTESIAN_POINT('',(0.,0.391424530988));
#2271 = CARTESIAN_POINT('',(0.,0.353456716844));
#2272 = CARTESIAN_POINT('',(0.,0.31386912282));
#2273 = CARTESIAN_POINT('',(0.,0.272124642875));
#2274 = CARTESIAN_POINT('',(0.,0.227578211968));
#2275 = CARTESIAN_POINT('',(0.,0.179438574134));
#2276 = CARTESIAN_POINT('',(0.,0.126684559989));
#2277 = CARTESIAN_POINT('',(0.,6.805131604372E-02));
#2278 = CARTESIAN_POINT('',(-0.,2.374735748557E-02));
#2279 = CARTESIAN_POINT('',(0.,0.));
#2280 = ( GEOMETRIC_REPRESENTATION_CONTEXT(2) 
PARAMETRIC_REPRESENTATION_CONTEXT() REPRESENTATION_CONTEXT('2D SPACE',''
  ) );
#2281 = PCURVE('',#1148,#2282);
#2282 = DEFINITIONAL_REPRESENTATION('',(#2283),#2287);
#2283 = LINE('',#2284,#2285);
#2284 = CARTESIAN_POINT('',(3.14159265359,-0.375));
#2285 = VECTOR('',#2286,1.);
#2286 = DIRECTION('',(1.,0.));
#2287 = ( GEOMETRIC_REPRESENTATION_CONTEXT(2) 
PARAMETRIC_REPRESENTATION_CONTEXT() REPRESENTATION_CONTEXT('2D SPACE',''
  ) );
#2288 = ORIENTED_EDGE('',*,*,#659,.T.);
#2289 = ADVANCED_FACE('',(#2290,#2294),#1091,.T.);
#2290 = FACE_BOUND('',#2291,.T.);
#2291 = EDGE_LOOP('',(#2292,#2293));
#2292 = ORIENTED_EDGE('',*,*,#2214,.F.);
#2293 = ORIENTED_EDGE('',*,*,#1074,.F.);
#2294 = FACE_BOUND('',#2295,.T.);
#2295 = EDGE_LOOP('',(#2296,#2326,#2354,#2382,#2410,#2438));
#2296 = ORIENTED_EDGE('',*,*,#2297,.T.);
#2297 = EDGE_CURVE('',#2298,#2300,#2302,.T.);
#2298 = VERTEX_POINT('',#2299);
#2299 = CARTESIAN_POINT('',(1.5875,-6.36,-3.671947712046));
#2300 = VERTEX_POINT('',#2301);
#2301 = CARTESIAN_POINT('',(1.5875,-6.36,3.671947712046));
#2302 = SURFACE_CURVE('',#2303,(#2307,#2314),.PCURVE_S1.);
#2303 = LINE('',#2304,#2305);
#2304 = CARTESIAN_POINT('',(1.5875,-6.36,-3.671947712046));
#2305 = VECTOR('',#2306,1.);
#2306 = DIRECTION('',(0.,-5.551115123126E-16,1.));
#2307 = PCURVE('',#1091,#2308);
#2308 = DEFINITIONAL_REPRESENTATION('',(#2309),#2313);
#2309 = LINE('',#2310,#2311);
#2310 = CARTESIAN_POINT('',(1.734173478582E-15,-13.69389542409));
#2311 = VECTOR('',#2312,1.);
#2312 = DIRECTION('',(-0.866025403784,0.5));
#2313 = ( GEOMETRIC_REPRESENTATION_CONTEXT(2) 
PARAMETRIC_REPRESENTATION_CONTEXT() REPRESENTATION_CONTEXT('2D SPACE',''
  ) );
#2314 = PCURVE('',#2315,#2320);
#2315 = PLANE('',#2316);
#2316 = AXIS2_PLACEMENT_3D('',#2317,#2318,#2319);
#2317 = CARTESIAN_POINT('',(-6.35,-6.36,3.671947712046));
#2318 = DIRECTION('',(0.,-1.,-3.330669073875E-16));
#2319 = DIRECTION('',(0.,3.330669073875E-16,-1.));
#2320 = DEFINITIONAL_REPRESENTATION('',(#2321),#2325);
#2321 = LINE('',#2322,#2323);
#2322 = CARTESIAN_POINT('',(7.343895424092,7.9375));
#2323 = VECTOR('',#2324,1.);
#2324 = DIRECTION('',(-1.,0.));
#2325 = ( GEOMETRIC_REPRESENTATION_CONTEXT(2) 
PARAMETRIC_REPRESENTATION_CONTEXT() REPRESENTATION_CONTEXT('2D SPACE',''
  ) );
#2326 = ORIENTED_EDGE('',*,*,#2327,.T.);
#2327 = EDGE_CURVE('',#2300,#2328,#2330,.T.);
#2328 = VERTEX_POINT('',#2329);
#2329 = CARTESIAN_POINT('',(1.5875,8.881784197001E-16,7.343895424092));
#2330 = SURFACE_CURVE('',#2331,(#2335,#2342),.PCURVE_S1.);
#2331 = LINE('',#2332,#2333);
#2332 = CARTESIAN_POINT('',(1.5875,2.319261314031,8.682921568069));
#2333 = VECTOR('',#2334,1.);
#2334 = DIRECTION('',(0.,0.866025403784,0.5));
#2335 = PCURVE('',#1091,#2336);
#2336 = DEFINITIONAL_REPRESENTATION('',(#2337),#2341);
#2337 = LINE('',#2338,#2339);
#2338 = CARTESIAN_POINT('',(-6.36,0.));
#2339 = VECTOR('',#2340,1.);
#2340 = DIRECTION('',(0.,1.));
#2341 = ( GEOMETRIC_REPRESENTATION_CONTEXT(2) 
PARAMETRIC_REPRESENTATION_CONTEXT() REPRESENTATION_CONTEXT('2D SPACE',''
  ) );
#2342 = PCURVE('',#2343,#2348);
#2343 = PLANE('',#2344);
#2344 = AXIS2_PLACEMENT_3D('',#2345,#2346,#2347);
#2345 = CARTESIAN_POINT('',(-6.35,0.,7.343895424092));
#2346 = DIRECTION('',(0.,-0.5,0.866025403784));
#2347 = DIRECTION('',(0.,-0.866025403784,-0.5));
#2348 = DEFINITIONAL_REPRESENTATION('',(#2349),#2353);
#2349 = LINE('',#2350,#2351);
#2350 = CARTESIAN_POINT('',(-2.678052287954,7.9375));
#2351 = VECTOR('',#2352,1.);
#2352 = DIRECTION('',(-1.,0.));
#2353 = ( GEOMETRIC_REPRESENTATION_CONTEXT(2) 
PARAMETRIC_REPRESENTATION_CONTEXT() REPRESENTATION_CONTEXT('2D SPACE',''
  ) );
#2354 = ORIENTED_EDGE('',*,*,#2355,.T.);
#2355 = EDGE_CURVE('',#2328,#2356,#2358,.T.);
#2356 = VERTEX_POINT('',#2357);
#2357 = CARTESIAN_POINT('',(1.5875,6.36,3.671947712046));
#2358 = SURFACE_CURVE('',#2359,(#2363,#2370),.PCURVE_S1.);
#2359 = LINE('',#2360,#2361);
#2360 = CARTESIAN_POINT('',(1.5875,0.,7.343895424092));
#2361 = VECTOR('',#2362,1.);
#2362 = DIRECTION('',(0.,0.866025403784,-0.5));
#2363 = PCURVE('',#1091,#2364);
#2364 = DEFINITIONAL_REPRESENTATION('',(#2365),#2369);
#2365 = LINE('',#2366,#2367);
#2366 = CARTESIAN_POINT('',(-6.36,-2.678052287954));
#2367 = VECTOR('',#2368,1.);
#2368 = DIRECTION('',(0.866025403784,0.5));
#2369 = ( GEOMETRIC_REPRESENTATION_CONTEXT(2) 
PARAMETRIC_REPRESENTATION_CONTEXT() REPRESENTATION_CONTEXT('2D SPACE',''
  ) );
#2370 = PCURVE('',#2371,#2376);
#2371 = PLANE('',#2372);
#2372 = AXIS2_PLACEMENT_3D('',#2373,#2374,#2375);
#2373 = CARTESIAN_POINT('',(-6.35,6.36,3.671947712046));
#2374 = DIRECTION('',(0.,0.5,0.866025403784));
#2375 = DIRECTION('',(0.,-0.866025403784,0.5));
#2376 = DEFINITIONAL_REPRESENTATION('',(#2377),#2381);
#2377 = LINE('',#2378,#2379);
#2378 = CARTESIAN_POINT('',(7.343895424092,7.9375));
#2379 = VECTOR('',#2380,1.);
#2380 = DIRECTION('',(-1.,0.));
#2381 = ( GEOMETRIC_REPRESENTATION_CONTEXT(2) 
PARAMETRIC_REPRESENTATION_CONTEXT() REPRESENTATION_CONTEXT('2D SPACE',''
  ) );
#2382 = ORIENTED_EDGE('',*,*,#2383,.T.);
#2383 = EDGE_CURVE('',#2356,#2384,#2386,.T.);
#2384 = VERTEX_POINT('',#2385);
#2385 = CARTESIAN_POINT('',(1.5875,6.36,-3.671947712046));
#2386 = SURFACE_CURVE('',#2387,(#2391,#2398),.PCURVE_S1.);
#2387 = LINE('',#2388,#2389);
#2388 = CARTESIAN_POINT('',(1.5875,6.36,3.671947712046));
#2389 = VECTOR('',#2390,1.);
#2390 = DIRECTION('',(0.,-5.551115123126E-17,-1.));
#2391 = PCURVE('',#1091,#2392);
#2392 = DEFINITIONAL_REPRESENTATION('',(#2393),#2397);
#2393 = LINE('',#2394,#2395);
#2394 = CARTESIAN_POINT('',(-2.9702697629E-16,0.993895424092));
#2395 = VECTOR('',#2396,1.);
#2396 = DIRECTION('',(0.866025403784,-0.5));
#2397 = ( GEOMETRIC_REPRESENTATION_CONTEXT(2) 
PARAMETRIC_REPRESENTATION_CONTEXT() REPRESENTATION_CONTEXT('2D SPACE',''
  ) );
#2398 = PCURVE('',#2399,#2404);
#2399 = PLANE('',#2400);
#2400 = AXIS2_PLACEMENT_3D('',#2401,#2402,#2403);
#2401 = CARTESIAN_POINT('',(-6.35,6.36,-3.671947712046));
#2402 = DIRECTION('',(0.,1.,1.665334536938E-16));
#2403 = DIRECTION('',(0.,-1.665334536938E-16,1.));
#2404 = DEFINITIONAL_REPRESENTATION('',(#2405),#2409);
#2405 = LINE('',#2406,#2407);
#2406 = CARTESIAN_POINT('',(7.343895424092,7.9375));
#2407 = VECTOR('',#2408,1.);
#2408 = DIRECTION('',(-1.,0.));
#2409 = ( GEOMETRIC_REPRESENTATION_CONTEXT(2) 
PARAMETRIC_REPRESENTATION_CONTEXT() REPRESENTATION_CONTEXT('2D SPACE',''
  ) );
#2410 = ORIENTED_EDGE('',*,*,#2411,.T.);
#2411 = EDGE_CURVE('',#2384,#2412,#2414,.T.);
#2412 = VERTEX_POINT('',#2413);
#2413 = CARTESIAN_POINT('',(1.5875,6.661338147751E-15,-7.343895424092));
#2414 = SURFACE_CURVE('',#2415,(#2419,#2426),.PCURVE_S1.);
#2415 = LINE('',#2416,#2417);
#2416 = CARTESIAN_POINT('',(1.5875,8.679261314031,-2.332921568069));
#2417 = VECTOR('',#2418,1.);
#2418 = DIRECTION('',(0.,-0.866025403784,-0.5));
#2419 = PCURVE('',#1091,#2420);
#2420 = DEFINITIONAL_REPRESENTATION('',(#2421),#2425);
#2421 = LINE('',#2422,#2423);
#2422 = CARTESIAN_POINT('',(6.36,0.));
#2423 = VECTOR('',#2424,1.);
#2424 = DIRECTION('',(0.,-1.));
#2425 = ( GEOMETRIC_REPRESENTATION_CONTEXT(2) 
PARAMETRIC_REPRESENTATION_CONTEXT() REPRESENTATION_CONTEXT('2D SPACE',''
  ) );
#2426 = PCURVE('',#2427,#2432);
#2427 = PLANE('',#2428);
#2428 = AXIS2_PLACEMENT_3D('',#2429,#2430,#2431);
#2429 = CARTESIAN_POINT('',(-6.35,6.661338147751E-15,-7.343895424092));
#2430 = DIRECTION('',(0.,0.5,-0.866025403784));
#2431 = DIRECTION('',(0.,0.866025403784,0.5));
#2432 = DEFINITIONAL_REPRESENTATION('',(#2433),#2437);
#2433 = LINE('',#2434,#2435);
#2434 = CARTESIAN_POINT('',(10.021947712046,7.9375));
#2435 = VECTOR('',#2436,1.);
#2436 = DIRECTION('',(-1.,0.));
#2437 = ( GEOMETRIC_REPRESENTATION_CONTEXT(2) 
PARAMETRIC_REPRESENTATION_CONTEXT() REPRESENTATION_CONTEXT('2D SPACE',''
  ) );
#2438 = ORIENTED_EDGE('',*,*,#2439,.T.);
#2439 = EDGE_CURVE('',#2412,#2298,#2440,.T.);
#2440 = SURFACE_CURVE('',#2441,(#2445,#2452),.PCURVE_S1.);
#2441 = LINE('',#2442,#2443);
#2442 = CARTESIAN_POINT('',(1.5875,7.993605777301E-15,-7.343895424092));
#2443 = VECTOR('',#2444,1.);
#2444 = DIRECTION('',(0.,-0.866025403784,0.5));
#2445 = PCURVE('',#1091,#2446);
#2446 = DEFINITIONAL_REPRESENTATION('',(#2447),#2451);
#2447 = LINE('',#2448,#2449);
#2448 = CARTESIAN_POINT('',(6.36,-10.02194771204));
#2449 = VECTOR('',#2450,1.);
#2450 = DIRECTION('',(-0.866025403784,-0.5));
#2451 = ( GEOMETRIC_REPRESENTATION_CONTEXT(2) 
PARAMETRIC_REPRESENTATION_CONTEXT() REPRESENTATION_CONTEXT('2D SPACE',''
  ) );
#2452 = PCURVE('',#2453,#2458);
#2453 = PLANE('',#2454);
#2454 = AXIS2_PLACEMENT_3D('',#2455,#2456,#2457);
#2455 = CARTESIAN_POINT('',(-6.35,-6.36,-3.671947712046));
#2456 = DIRECTION('',(0.,-0.5,-0.866025403784));
#2457 = DIRECTION('',(0.,0.866025403784,-0.5));
#2458 = DEFINITIONAL_REPRESENTATION('',(#2459),#2463);
#2459 = LINE('',#2460,#2461);
#2460 = CARTESIAN_POINT('',(7.343895424092,7.9375));
#2461 = VECTOR('',#2462,1.);
#2462 = DIRECTION('',(-1.,0.));
#2463 = ( GEOMETRIC_REPRESENTATION_CONTEXT(2) 
PARAMETRIC_REPRESENTATION_CONTEXT() REPRESENTATION_CONTEXT('2D SPACE',''
  ) );
#2464 = ADVANCED_FACE('',(#2465),#2343,.F.);
#2465 = FACE_BOUND('',#2466,.T.);
#2466 = EDGE_LOOP('',(#2467,#2490,#2513,#2534));
#2467 = ORIENTED_EDGE('',*,*,#2468,.F.);
#2468 = EDGE_CURVE('',#2469,#2300,#2471,.T.);
#2469 = VERTEX_POINT('',#2470);
#2470 = CARTESIAN_POINT('',(-6.35,-6.36,3.671947712046));
#2471 = SURFACE_CURVE('',#2472,(#2476,#2483),.PCURVE_S1.);
#2472 = LINE('',#2473,#2474);
#2473 = CARTESIAN_POINT('',(-6.35,-6.36,3.671947712046));
#2474 = VECTOR('',#2475,1.);
#2475 = DIRECTION('',(1.,0.,0.));
#2476 = PCURVE('',#2343,#2477);
#2477 = DEFINITIONAL_REPRESENTATION('',(#2478),#2482);
#2478 = LINE('',#2479,#2480);
#2479 = CARTESIAN_POINT('',(7.343895424092,0.));
#2480 = VECTOR('',#2481,1.);
#2481 = DIRECTION('',(0.,1.));
#2482 = ( GEOMETRIC_REPRESENTATION_CONTEXT(2) 
PARAMETRIC_REPRESENTATION_CONTEXT() REPRESENTATION_CONTEXT('2D SPACE',''
  ) );
#2483 = PCURVE('',#2315,#2484);
#2484 = DEFINITIONAL_REPRESENTATION('',(#2485),#2489);
#2485 = LINE('',#2486,#2487);
#2486 = CARTESIAN_POINT('',(0.,0.));
#2487 = VECTOR('',#2488,1.);
#2488 = DIRECTION('',(0.,1.));
#2489 = ( GEOMETRIC_REPRESENTATION_CONTEXT(2) 
PARAMETRIC_REPRESENTATION_CONTEXT() REPRESENTATION_CONTEXT('2D SPACE',''
  ) );
#2490 = ORIENTED_EDGE('',*,*,#2491,.F.);
#2491 = EDGE_CURVE('',#2492,#2469,#2494,.T.);
#2492 = VERTEX_POINT('',#2493);
#2493 = CARTESIAN_POINT('',(-6.35,-8.881784197001E-16,7.343895424092));
#2494 = SURFACE_CURVE('',#2495,(#2499,#2506),.PCURVE_S1.);
#2495 = LINE('',#2496,#2497);
#2496 = CARTESIAN_POINT('',(-6.35,0.,7.343895424092));
#2497 = VECTOR('',#2498,1.);
#2498 = DIRECTION('',(0.,-0.866025403784,-0.5));
#2499 = PCURVE('',#2343,#2500);
#2500 = DEFINITIONAL_REPRESENTATION('',(#2501),#2505);
#2501 = LINE('',#2502,#2503);
#2502 = CARTESIAN_POINT('',(0.,0.));
#2503 = VECTOR('',#2504,1.);
#2504 = DIRECTION('',(1.,0.));
#2505 = ( GEOMETRIC_REPRESENTATION_CONTEXT(2) 
PARAMETRIC_REPRESENTATION_CONTEXT() REPRESENTATION_CONTEXT('2D SPACE',''
  ) );
#2506 = PCURVE('',#1323,#2507);
#2507 = DEFINITIONAL_REPRESENTATION('',(#2508),#2512);
#2508 = LINE('',#2509,#2510);
#2509 = CARTESIAN_POINT('',(6.36,-5.980052287954));
#2510 = VECTOR('',#2511,1.);
#2511 = DIRECTION('',(-1.181064936114E-16,-1.));
#2512 = ( GEOMETRIC_REPRESENTATION_CONTEXT(2) 
PARAMETRIC_REPRESENTATION_CONTEXT() REPRESENTATION_CONTEXT('2D SPACE',''
  ) );
#2513 = ORIENTED_EDGE('',*,*,#2514,.F.);
#2514 = EDGE_CURVE('',#2328,#2492,#2515,.T.);
#2515 = SURFACE_CURVE('',#2516,(#2520,#2527),.PCURVE_S1.);
#2516 = LINE('',#2517,#2518);
#2517 = CARTESIAN_POINT('',(-6.35,0.,7.343895424092));
#2518 = VECTOR('',#2519,1.);
#2519 = DIRECTION('',(-1.,-0.,0.));
#2520 = PCURVE('',#2343,#2521);
#2521 = DEFINITIONAL_REPRESENTATION('',(#2522),#2526);
#2522 = LINE('',#2523,#2524);
#2523 = CARTESIAN_POINT('',(0.,0.));
#2524 = VECTOR('',#2525,1.);
#2525 = DIRECTION('',(0.,-1.));
#2526 = ( GEOMETRIC_REPRESENTATION_CONTEXT(2) 
PARAMETRIC_REPRESENTATION_CONTEXT() REPRESENTATION_CONTEXT('2D SPACE',''
  ) );
#2527 = PCURVE('',#2371,#2528);
#2528 = DEFINITIONAL_REPRESENTATION('',(#2529),#2533);
#2529 = LINE('',#2530,#2531);
#2530 = CARTESIAN_POINT('',(7.343895424092,0.));
#2531 = VECTOR('',#2532,1.);
#2532 = DIRECTION('',(0.,-1.));
#2533 = ( GEOMETRIC_REPRESENTATION_CONTEXT(2) 
PARAMETRIC_REPRESENTATION_CONTEXT() REPRESENTATION_CONTEXT('2D SPACE',''
  ) );
#2534 = ORIENTED_EDGE('',*,*,#2327,.F.);
#2535 = ADVANCED_FACE('',(#2536),#2315,.F.);
#2536 = FACE_BOUND('',#2537,.T.);
#2537 = EDGE_LOOP('',(#2538,#2561,#2582,#2583));
#2538 = ORIENTED_EDGE('',*,*,#2539,.F.);
#2539 = EDGE_CURVE('',#2540,#2298,#2542,.T.);
#2540 = VERTEX_POINT('',#2541);
#2541 = CARTESIAN_POINT('',(-6.35,-6.36,-3.671947712046));
#2542 = SURFACE_CURVE('',#2543,(#2547,#2554),.PCURVE_S1.);
#2543 = LINE('',#2544,#2545);
#2544 = CARTESIAN_POINT('',(-6.35,-6.36,-3.671947712046));
#2545 = VECTOR('',#2546,1.);
#2546 = DIRECTION('',(1.,0.,0.));
#2547 = PCURVE('',#2315,#2548);
#2548 = DEFINITIONAL_REPRESENTATION('',(#2549),#2553);
#2549 = LINE('',#2550,#2551);
#2550 = CARTESIAN_POINT('',(7.343895424092,0.));
#2551 = VECTOR('',#2552,1.);
#2552 = DIRECTION('',(0.,1.));
#2553 = ( GEOMETRIC_REPRESENTATION_CONTEXT(2) 
PARAMETRIC_REPRESENTATION_CONTEXT() REPRESENTATION_CONTEXT('2D SPACE',''
  ) );
#2554 = PCURVE('',#2453,#2555);
#2555 = DEFINITIONAL_REPRESENTATION('',(#2556),#2560);
#2556 = LINE('',#2557,#2558);
#2557 = CARTESIAN_POINT('',(-1.570467925116E-15,0.));
#2558 = VECTOR('',#2559,1.);
#2559 = DIRECTION('',(0.,1.));
#2560 = ( GEOMETRIC_REPRESENTATION_CONTEXT(2) 
PARAMETRIC_REPRESENTATION_CONTEXT() REPRESENTATION_CONTEXT('2D SPACE',''
  ) );
#2561 = ORIENTED_EDGE('',*,*,#2562,.F.);
#2562 = EDGE_CURVE('',#2469,#2540,#2563,.T.);
#2563 = SURFACE_CURVE('',#2564,(#2568,#2575),.PCURVE_S1.);
#2564 = LINE('',#2565,#2566);
#2565 = CARTESIAN_POINT('',(-6.35,-6.36,3.671947712046));
#2566 = VECTOR('',#2567,1.);
#2567 = DIRECTION('',(0.,2.775557561563E-16,-1.));
#2568 = PCURVE('',#2315,#2569);
#2569 = DEFINITIONAL_REPRESENTATION('',(#2570),#2574);
#2570 = LINE('',#2571,#2572);
#2571 = CARTESIAN_POINT('',(0.,0.));
#2572 = VECTOR('',#2573,1.);
#2573 = DIRECTION('',(1.,0.));
#2574 = ( GEOMETRIC_REPRESENTATION_CONTEXT(2) 
PARAMETRIC_REPRESENTATION_CONTEXT() REPRESENTATION_CONTEXT('2D SPACE',''
  ) );
#2575 = PCURVE('',#1323,#2576);
#2576 = DEFINITIONAL_REPRESENTATION('',(#2577),#2581);
#2577 = LINE('',#2578,#2579);
#2578 = CARTESIAN_POINT('',(6.36,-13.32394771204));
#2579 = VECTOR('',#2580,1.);
#2580 = DIRECTION('',(-0.866025403784,-0.5));
#2581 = ( GEOMETRIC_REPRESENTATION_CONTEXT(2) 
PARAMETRIC_REPRESENTATION_CONTEXT() REPRESENTATION_CONTEXT('2D SPACE',''
  ) );
#2582 = ORIENTED_EDGE('',*,*,#2468,.T.);
#2583 = ORIENTED_EDGE('',*,*,#2297,.F.);
#2584 = ADVANCED_FACE('',(#2585),#2453,.F.);
#2585 = FACE_BOUND('',#2586,.T.);
#2586 = EDGE_LOOP('',(#2587,#2610,#2631,#2632));
#2587 = ORIENTED_EDGE('',*,*,#2588,.F.);
#2588 = EDGE_CURVE('',#2589,#2412,#2591,.T.);
#2589 = VERTEX_POINT('',#2590);
#2590 = CARTESIAN_POINT('',(-6.35,7.549516567451E-15,-7.343895424092));
#2591 = SURFACE_CURVE('',#2592,(#2596,#2603),.PCURVE_S1.);
#2592 = LINE('',#2593,#2594);
#2593 = CARTESIAN_POINT('',(-6.35,7.549516567451E-15,-7.343895424092));
#2594 = VECTOR('',#2595,1.);
#2595 = DIRECTION('',(1.,0.,0.));
#2596 = PCURVE('',#2453,#2597);
#2597 = DEFINITIONAL_REPRESENTATION('',(#2598),#2602);
#2598 = LINE('',#2599,#2600);
#2599 = CARTESIAN_POINT('',(7.343895424092,0.));
#2600 = VECTOR('',#2601,1.);
#2601 = DIRECTION('',(0.,1.));
#2602 = ( GEOMETRIC_REPRESENTATION_CONTEXT(2) 
PARAMETRIC_REPRESENTATION_CONTEXT() REPRESENTATION_CONTEXT('2D SPACE',''
  ) );
#2603 = PCURVE('',#2427,#2604);
#2604 = DEFINITIONAL_REPRESENTATION('',(#2605),#2609);
#2605 = LINE('',#2606,#2607);
#2606 = CARTESIAN_POINT('',(8.881784197001E-16,0.));
#2607 = VECTOR('',#2608,1.);
#2608 = DIRECTION('',(0.,1.));
#2609 = ( GEOMETRIC_REPRESENTATION_CONTEXT(2) 
PARAMETRIC_REPRESENTATION_CONTEXT() REPRESENTATION_CONTEXT('2D SPACE',''
  ) );
#2610 = ORIENTED_EDGE('',*,*,#2611,.F.);
#2611 = EDGE_CURVE('',#2540,#2589,#2612,.T.);
#2612 = SURFACE_CURVE('',#2613,(#2617,#2624),.PCURVE_S1.);
#2613 = LINE('',#2614,#2615);
#2614 = CARTESIAN_POINT('',(-6.35,-6.36,-3.671947712046));
#2615 = VECTOR('',#2616,1.);
#2616 = DIRECTION('',(0.,0.866025403784,-0.5));
#2617 = PCURVE('',#2453,#2618);
#2618 = DEFINITIONAL_REPRESENTATION('',(#2619),#2623);
#2619 = LINE('',#2620,#2621);
#2620 = CARTESIAN_POINT('',(0.,0.));
#2621 = VECTOR('',#2622,1.);
#2622 = DIRECTION('',(1.,0.));
#2623 = ( GEOMETRIC_REPRESENTATION_CONTEXT(2) 
PARAMETRIC_REPRESENTATION_CONTEXT() REPRESENTATION_CONTEXT('2D SPACE',''
  ) );
#2624 = PCURVE('',#1323,#2625);
#2625 = DEFINITIONAL_REPRESENTATION('',(#2626),#2630);
#2626 = LINE('',#2627,#2628);
#2627 = CARTESIAN_POINT('',(-1.734173478582E-15,-16.99589542409));
#2628 = VECTOR('',#2629,1.);
#2629 = DIRECTION('',(-0.866025403784,0.5));
#2630 = ( GEOMETRIC_REPRESENTATION_CONTEXT(2) 
PARAMETRIC_REPRESENTATION_CONTEXT() REPRESENTATION_CONTEXT('2D SPACE',''
  ) );
#2631 = ORIENTED_EDGE('',*,*,#2539,.T.);
#2632 = ORIENTED_EDGE('',*,*,#2439,.F.);
#2633 = ADVANCED_FACE('',(#2634),#2427,.F.);
#2634 = FACE_BOUND('',#2635,.T.);
#2635 = EDGE_LOOP('',(#2636,#2659,#2680,#2681));
#2636 = ORIENTED_EDGE('',*,*,#2637,.F.);
#2637 = EDGE_CURVE('',#2638,#2384,#2640,.T.);
#2638 = VERTEX_POINT('',#2639);
#2639 = CARTESIAN_POINT('',(-6.35,6.36,-3.671947712046));
#2640 = SURFACE_CURVE('',#2641,(#2645,#2652),.PCURVE_S1.);
#2641 = LINE('',#2642,#2643);
#2642 = CARTESIAN_POINT('',(-6.35,6.36,-3.671947712046));
#2643 = VECTOR('',#2644,1.);
#2644 = DIRECTION('',(1.,0.,0.));
#2645 = PCURVE('',#2427,#2646);
#2646 = DEFINITIONAL_REPRESENTATION('',(#2647),#2651);
#2647 = LINE('',#2648,#2649);
#2648 = CARTESIAN_POINT('',(7.343895424092,0.));
#2649 = VECTOR('',#2650,1.);
#2650 = DIRECTION('',(0.,1.));
#2651 = ( GEOMETRIC_REPRESENTATION_CONTEXT(2) 
PARAMETRIC_REPRESENTATION_CONTEXT() REPRESENTATION_CONTEXT('2D SPACE',''
  ) );
#2652 = PCURVE('',#2399,#2653);
#2653 = DEFINITIONAL_REPRESENTATION('',(#2654),#2658);
#2654 = LINE('',#2655,#2656);
#2655 = CARTESIAN_POINT('',(-1.982459358957E-15,0.));
#2656 = VECTOR('',#2657,1.);
#2657 = DIRECTION('',(0.,1.));
#2658 = ( GEOMETRIC_REPRESENTATION_CONTEXT(2) 
PARAMETRIC_REPRESENTATION_CONTEXT() REPRESENTATION_CONTEXT('2D SPACE',''
  ) );
#2659 = ORIENTED_EDGE('',*,*,#2660,.F.);
#2660 = EDGE_CURVE('',#2589,#2638,#2661,.T.);
#2661 = SURFACE_CURVE('',#2662,(#2666,#2673),.PCURVE_S1.);
#2662 = LINE('',#2663,#2664);
#2663 = CARTESIAN_POINT('',(-6.35,6.661338147751E-15,-7.343895424092));
#2664 = VECTOR('',#2665,1.);
#2665 = DIRECTION('',(0.,0.866025403784,0.5));
#2666 = PCURVE('',#2427,#2667);
#2667 = DEFINITIONAL_REPRESENTATION('',(#2668),#2672);
#2668 = LINE('',#2669,#2670);
#2669 = CARTESIAN_POINT('',(0.,0.));
#2670 = VECTOR('',#2671,1.);
#2671 = DIRECTION('',(1.,0.));
#2672 = ( GEOMETRIC_REPRESENTATION_CONTEXT(2) 
PARAMETRIC_REPRESENTATION_CONTEXT() REPRESENTATION_CONTEXT('2D SPACE',''
  ) );
#2673 = PCURVE('',#1323,#2674);
#2674 = DEFINITIONAL_REPRESENTATION('',(#2675),#2679);
#2675 = LINE('',#2676,#2677);
#2676 = CARTESIAN_POINT('',(-6.36,-13.32394771204));
#2677 = VECTOR('',#2678,1.);
#2678 = DIRECTION('',(2.362129872228E-16,1.));
#2679 = ( GEOMETRIC_REPRESENTATION_CONTEXT(2) 
PARAMETRIC_REPRESENTATION_CONTEXT() REPRESENTATION_CONTEXT('2D SPACE',''
  ) );
#2680 = ORIENTED_EDGE('',*,*,#2588,.T.);
#2681 = ORIENTED_EDGE('',*,*,#2411,.F.);
#2682 = ADVANCED_FACE('',(#2683),#2399,.F.);
#2683 = FACE_BOUND('',#2684,.T.);
#2684 = EDGE_LOOP('',(#2685,#2708,#2729,#2730));
#2685 = ORIENTED_EDGE('',*,*,#2686,.F.);
#2686 = EDGE_CURVE('',#2687,#2356,#2689,.T.);
#2687 = VERTEX_POINT('',#2688);
#2688 = CARTESIAN_POINT('',(-6.35,6.36,3.671947712046));
#2689 = SURFACE_CURVE('',#2690,(#2694,#2701),.PCURVE_S1.);
#2690 = LINE('',#2691,#2692);
#2691 = CARTESIAN_POINT('',(-6.35,6.36,3.671947712046));
#2692 = VECTOR('',#2693,1.);
#2693 = DIRECTION('',(1.,0.,0.));
#2694 = PCURVE('',#2399,#2695);
#2695 = DEFINITIONAL_REPRESENTATION('',(#2696),#2700);
#2696 = LINE('',#2697,#2698);
#2697 = CARTESIAN_POINT('',(7.343895424092,0.));
#2698 = VECTOR('',#2699,1.);
#2699 = DIRECTION('',(0.,1.));
#2700 = ( GEOMETRIC_REPRESENTATION_CONTEXT(2) 
PARAMETRIC_REPRESENTATION_CONTEXT() REPRESENTATION_CONTEXT('2D SPACE',''
  ) );
#2701 = PCURVE('',#2371,#2702);
#2702 = DEFINITIONAL_REPRESENTATION('',(#2703),#2707);
#2703 = LINE('',#2704,#2705);
#2704 = CARTESIAN_POINT('',(1.377900478596E-15,0.));
#2705 = VECTOR('',#2706,1.);
#2706 = DIRECTION('',(0.,1.));
#2707 = ( GEOMETRIC_REPRESENTATION_CONTEXT(2) 
PARAMETRIC_REPRESENTATION_CONTEXT() REPRESENTATION_CONTEXT('2D SPACE',''
  ) );
#2708 = ORIENTED_EDGE('',*,*,#2709,.F.);
#2709 = EDGE_CURVE('',#2638,#2687,#2710,.T.);
#2710 = SURFACE_CURVE('',#2711,(#2715,#2722),.PCURVE_S1.);
#2711 = LINE('',#2712,#2713);
#2712 = CARTESIAN_POINT('',(-6.35,6.36,-3.671947712046));
#2713 = VECTOR('',#2714,1.);
#2714 = DIRECTION('',(0.,-1.110223024625E-16,1.));
#2715 = PCURVE('',#2399,#2716);
#2716 = DEFINITIONAL_REPRESENTATION('',(#2717),#2721);
#2717 = LINE('',#2718,#2719);
#2718 = CARTESIAN_POINT('',(0.,0.));
#2719 = VECTOR('',#2720,1.);
#2720 = DIRECTION('',(1.,0.));
#2721 = ( GEOMETRIC_REPRESENTATION_CONTEXT(2) 
PARAMETRIC_REPRESENTATION_CONTEXT() REPRESENTATION_CONTEXT('2D SPACE',''
  ) );
#2722 = PCURVE('',#1323,#2723);
#2723 = DEFINITIONAL_REPRESENTATION('',(#2724),#2728);
#2724 = LINE('',#2725,#2726);
#2725 = CARTESIAN_POINT('',(-6.36,-5.980052287954));
#2726 = VECTOR('',#2727,1.);
#2727 = DIRECTION('',(0.866025403784,0.5));
#2728 = ( GEOMETRIC_REPRESENTATION_CONTEXT(2) 
PARAMETRIC_REPRESENTATION_CONTEXT() REPRESENTATION_CONTEXT('2D SPACE',''
  ) );
#2729 = ORIENTED_EDGE('',*,*,#2637,.T.);
#2730 = ORIENTED_EDGE('',*,*,#2383,.F.);
#2731 = ADVANCED_FACE('',(#2732),#2371,.F.);
#2732 = FACE_BOUND('',#2733,.T.);
#2733 = EDGE_LOOP('',(#2734,#2735,#2756,#2757));
#2734 = ORIENTED_EDGE('',*,*,#2514,.T.);
#2735 = ORIENTED_EDGE('',*,*,#2736,.F.);
#2736 = EDGE_CURVE('',#2687,#2492,#2737,.T.);
#2737 = SURFACE_CURVE('',#2738,(#2742,#2749),.PCURVE_S1.);
#2738 = LINE('',#2739,#2740);
#2739 = CARTESIAN_POINT('',(-6.35,6.36,3.671947712046));
#2740 = VECTOR('',#2741,1.);
#2741 = DIRECTION('',(0.,-0.866025403784,0.5));
#2742 = PCURVE('',#2371,#2743);
#2743 = DEFINITIONAL_REPRESENTATION('',(#2744),#2748);
#2744 = LINE('',#2745,#2746);
#2745 = CARTESIAN_POINT('',(0.,0.));
#2746 = VECTOR('',#2747,1.);
#2747 = DIRECTION('',(1.,0.));
#2748 = ( GEOMETRIC_REPRESENTATION_CONTEXT(2) 
PARAMETRIC_REPRESENTATION_CONTEXT() REPRESENTATION_CONTEXT('2D SPACE',''
  ) );
#2749 = PCURVE('',#1323,#2750);
#2750 = DEFINITIONAL_REPRESENTATION('',(#2751),#2755);
#2751 = LINE('',#2752,#2753);
#2752 = CARTESIAN_POINT('',(2.9702697629E-16,-2.308104575908));
#2753 = VECTOR('',#2754,1.);
#2754 = DIRECTION('',(0.866025403784,-0.5));
#2755 = ( GEOMETRIC_REPRESENTATION_CONTEXT(2) 
PARAMETRIC_REPRESENTATION_CONTEXT() REPRESENTATION_CONTEXT('2D SPACE',''
  ) );
#2756 = ORIENTED_EDGE('',*,*,#2686,.T.);
#2757 = ORIENTED_EDGE('',*,*,#2355,.F.);
#2758 = ADVANCED_FACE('',(#2759),#1148,.T.);
#2759 = FACE_BOUND('',#2760,.T.);
#2760 = EDGE_LOOP('',(#2761,#2762,#2763,#2764));
#2761 = ORIENTED_EDGE('',*,*,#1132,.F.);
#2762 = ORIENTED_EDGE('',*,*,#2245,.T.);
#2763 = ORIENTED_EDGE('',*,*,#1189,.T.);
#2764 = ORIENTED_EDGE('',*,*,#2765,.T.);
#2765 = EDGE_CURVE('',#1161,#1133,#2766,.T.);
#2766 = SURFACE_CURVE('',#2767,(#2772,#2779),.PCURVE_S1.);
#2767 = CIRCLE('',#2768,14.2748);
#2768 = AXIS2_PLACEMENT_3D('',#2769,#2770,#2771);
#2769 = CARTESIAN_POINT('',(-0.75,0.,0.));
#2770 = DIRECTION('',(1.,0.,0.));
#2771 = DIRECTION('',(0.,-0.5,0.866025403784));
#2772 = PCURVE('',#1148,#2773);
#2773 = DEFINITIONAL_REPRESENTATION('',(#2774),#2778);
#2774 = LINE('',#2775,#2776);
#2775 = CARTESIAN_POINT('',(6.28318530718,2.870637778657E-15));
#2776 = VECTOR('',#2777,1.);
#2777 = DIRECTION('',(-1.,0.));
#2778 = ( GEOMETRIC_REPRESENTATION_CONTEXT(2) 
PARAMETRIC_REPRESENTATION_CONTEXT() REPRESENTATION_CONTEXT('2D SPACE',''
  ) );
#2779 = PCURVE('',#1262,#2780);
#2780 = DEFINITIONAL_REPRESENTATION('',(#2781),#2785);
#2781 = LINE('',#2782,#2783);
#2782 = CARTESIAN_POINT('',(3.14159265359,5.6));
#2783 = VECTOR('',#2784,1.);
#2784 = DIRECTION('',(1.,0.));
#2785 = ( GEOMETRIC_REPRESENTATION_CONTEXT(2) 
PARAMETRIC_REPRESENTATION_CONTEXT() REPRESENTATION_CONTEXT('2D SPACE',''
  ) );
#2786 = ADVANCED_FACE('',(#2787,#2812),#1323,.T.);
#2787 = FACE_BOUND('',#2788,.T.);
#2788 = EDGE_LOOP('',(#2789,#2811));
#2789 = ORIENTED_EDGE('',*,*,#2790,.T.);
#2790 = EDGE_CURVE('',#1302,#1300,#2791,.T.);
#2791 = SURFACE_CURVE('',#2792,(#2797,#2804),.PCURVE_S1.);
#2792 = CIRCLE('',#2793,9.652);
#2793 = AXIS2_PLACEMENT_3D('',#2794,#2795,#2796);
#2794 = CARTESIAN_POINT('',(-6.35,0.,0.));
#2795 = DIRECTION('',(-1.,0.,-0.));
#2796 = DIRECTION('',(0.,0.5,-0.866025403784));
#2797 = PCURVE('',#1323,#2798);
#2798 = DEFINITIONAL_REPRESENTATION('',(#2799),#2803);
#2799 = CIRCLE('',#2800,9.652);
#2800 = AXIS2_PLACEMENT_2D('',#2801,#2802);
#2801 = CARTESIAN_POINT('',(0.,-9.652));
#2802 = DIRECTION('',(-1.,0.));
#2803 = ( GEOMETRIC_REPRESENTATION_CONTEXT(2) 
PARAMETRIC_REPRESENTATION_CONTEXT() REPRESENTATION_CONTEXT('2D SPACE',''
  ) );
#2804 = PCURVE('',#1351,#2805);
#2805 = DEFINITIONAL_REPRESENTATION('',(#2806),#2810);
#2806 = LINE('',#2807,#2808);
#2807 = CARTESIAN_POINT('',(6.28318530718,0.));
#2808 = VECTOR('',#2809,1.);
#2809 = DIRECTION('',(-1.,0.));
#2810 = ( GEOMETRIC_REPRESENTATION_CONTEXT(2) 
PARAMETRIC_REPRESENTATION_CONTEXT() REPRESENTATION_CONTEXT('2D SPACE',''
  ) );
#2811 = ORIENTED_EDGE('',*,*,#1299,.T.);
#2812 = FACE_BOUND('',#2813,.T.);
#2813 = EDGE_LOOP('',(#2814,#2815,#2816,#2817,#2818,#2819));
#2814 = ORIENTED_EDGE('',*,*,#2660,.T.);
#2815 = ORIENTED_EDGE('',*,*,#2709,.T.);
#2816 = ORIENTED_EDGE('',*,*,#2736,.T.);
#2817 = ORIENTED_EDGE('',*,*,#2491,.T.);
#2818 = ORIENTED_EDGE('',*,*,#2562,.T.);
#2819 = ORIENTED_EDGE('',*,*,#2611,.T.);
#2820 = ADVANCED_FACE('',(#2821),#1262,.T.);
#2821 = FACE_BOUND('',#2822,.T.);
#2822 = EDGE_LOOP('',(#2823,#2824,#2850,#2851));
#2823 = ORIENTED_EDGE('',*,*,#1248,.F.);
#2824 = ORIENTED_EDGE('',*,*,#2825,.T.);
#2825 = EDGE_CURVE('',#1216,#1214,#2826,.T.);
#2826 = SURFACE_CURVE('',#2827,(#2832,#2839),.PCURVE_S1.);
#2827 = CIRCLE('',#2828,14.2748);
#2828 = AXIS2_PLACEMENT_3D('',#2829,#2830,#2831);
#2829 = CARTESIAN_POINT('',(-6.35,0.,0.));
#2830 = DIRECTION('',(1.,-0.,0.));
#2831 = DIRECTION('',(0.,0.5,-0.866025403784));
#2832 = PCURVE('',#1262,#2833);
#2833 = DEFINITIONAL_REPRESENTATION('',(#2834),#2838);
#2834 = LINE('',#2835,#2836);
#2835 = CARTESIAN_POINT('',(0.,0.));
#2836 = VECTOR('',#2837,1.);
#2837 = DIRECTION('',(1.,0.));
#2838 = ( GEOMETRIC_REPRESENTATION_CONTEXT(2) 
PARAMETRIC_REPRESENTATION_CONTEXT() REPRESENTATION_CONTEXT('2D SPACE',''
  ) );
#2839 = PCURVE('',#1232,#2840);
#2840 = DEFINITIONAL_REPRESENTATION('',(#2841),#2849);
#2841 = ( BOUNDED_CURVE() B_SPLINE_CURVE(2,(#2842,#2843,#2844,#2845,
#2846,#2847,#2848),.UNSPECIFIED.,.T.,.F.) B_SPLINE_CURVE_WITH_KNOTS((1,2
    ,2,2,2,1),(-2.094395102393,0.,2.094395102393,4.188790204786,
6.28318530718,8.377580409573),.UNSPECIFIED.) CURVE() 
GEOMETRIC_REPRESENTATION_ITEM() RATIONAL_B_SPLINE_CURVE((1.,0.5,1.,0.5,
1.,0.5,1.)) REPRESENTATION_ITEM('') );
#2842 = CARTESIAN_POINT('',(-14.2748,-14.2748));
#2843 = CARTESIAN_POINT('',(-14.2748,10.449878867884));
#2844 = CARTESIAN_POINT('',(7.1374,-1.912460566058));
#2845 = CARTESIAN_POINT('',(28.5496,-14.2748));
#2846 = CARTESIAN_POINT('',(7.1374,-26.63713943394));
#2847 = CARTESIAN_POINT('',(-14.2748,-38.99947886788));
#2848 = CARTESIAN_POINT('',(-14.2748,-14.2748));
#2849 = ( GEOMETRIC_REPRESENTATION_CONTEXT(2) 
PARAMETRIC_REPRESENTATION_CONTEXT() REPRESENTATION_CONTEXT('2D SPACE',''
  ) );
#2850 = ORIENTED_EDGE('',*,*,#1275,.T.);
#2851 = ORIENTED_EDGE('',*,*,#2765,.F.);
#2852 = ADVANCED_FACE('',(#2853),#1351,.T.);
#2853 = FACE_BOUND('',#2854,.T.);
#2854 = EDGE_LOOP('',(#2855,#2856,#2857,#2858));
#2855 = ORIENTED_EDGE('',*,*,#1335,.F.);
#2856 = ORIENTED_EDGE('',*,*,#2790,.F.);
#2857 = ORIENTED_EDGE('',*,*,#1392,.T.);
#2858 = ORIENTED_EDGE('',*,*,#2859,.T.);
#2859 = EDGE_CURVE('',#1364,#1336,#2860,.T.);
#2860 = SURFACE_CURVE('',#2861,(#2866,#2873),.PCURVE_S1.);
#2861 = CIRCLE('',#2862,9.652);
#2862 = AXIS2_PLACEMENT_3D('',#2863,#2864,#2865);
#2863 = CARTESIAN_POINT('',(-5.969,0.,0.));
#2864 = DIRECTION('',(-1.,0.,-0.));
#2865 = DIRECTION('',(0.,0.5,-0.866025403784));
#2866 = PCURVE('',#1351,#2867);
#2867 = DEFINITIONAL_REPRESENTATION('',(#2868),#2872);
#2868 = LINE('',#2869,#2870);
#2869 = CARTESIAN_POINT('',(6.28318530718,0.381));
#2870 = VECTOR('',#2871,1.);
#2871 = DIRECTION('',(-1.,0.));
#2872 = ( GEOMETRIC_REPRESENTATION_CONTEXT(2) 
PARAMETRIC_REPRESENTATION_CONTEXT() REPRESENTATION_CONTEXT('2D SPACE',''
  ) );
#2873 = PCURVE('',#1380,#2874);
#2874 = DEFINITIONAL_REPRESENTATION('',(#2875),#2879);
#2875 = CIRCLE('',#2876,9.652);
#2876 = AXIS2_PLACEMENT_2D('',#2877,#2878);
#2877 = CARTESIAN_POINT('',(0.,-9.652));
#2878 = DIRECTION('',(-1.,0.));
#2879 = ( GEOMETRIC_REPRESENTATION_CONTEXT(2) 
PARAMETRIC_REPRESENTATION_CONTEXT() REPRESENTATION_CONTEXT('2D SPACE',''
  ) );
#2880 = ADVANCED_FACE('',(#2881,#2885),#1232,.T.);
#2881 = FACE_BOUND('',#2882,.T.);
#2882 = EDGE_LOOP('',(#2883,#2884));
#2883 = ORIENTED_EDGE('',*,*,#1213,.F.);
#2884 = ORIENTED_EDGE('',*,*,#2825,.F.);
#2885 = FACE_BOUND('',#2886,.T.);
#2886 = EDGE_LOOP('',(#2887,#2913));
#2887 = ORIENTED_EDGE('',*,*,#2888,.T.);
#2888 = EDGE_CURVE('',#1417,#1476,#2889,.T.);
#2889 = SURFACE_CURVE('',#2890,(#2895,#2906),.PCURVE_S1.);
#2890 = CIRCLE('',#2891,12.7);
#2891 = AXIS2_PLACEMENT_3D('',#2892,#2893,#2894);
#2892 = CARTESIAN_POINT('',(-6.35,0.,0.));
#2893 = DIRECTION('',(1.,-0.,0.));
#2894 = DIRECTION('',(0.,0.5,-0.866025403784));
#2895 = PCURVE('',#1232,#2896);
#2896 = DEFINITIONAL_REPRESENTATION('',(#2897),#2905);
#2897 = ( BOUNDED_CURVE() B_SPLINE_CURVE(2,(#2898,#2899,#2900,#2901,
#2902,#2903,#2904),.UNSPECIFIED.,.T.,.F.) B_SPLINE_CURVE_WITH_KNOTS((1,2
    ,2,2,2,1),(-2.094395102393,0.,2.094395102393,4.188790204786,
6.28318530718,8.377580409573),.UNSPECIFIED.) CURVE() 
GEOMETRIC_REPRESENTATION_ITEM() RATIONAL_B_SPLINE_CURVE((1.,0.5,1.,0.5,
1.,0.5,1.)) REPRESENTATION_ITEM('') );
#2898 = CARTESIAN_POINT('',(-12.7,-14.2748));
#2899 = CARTESIAN_POINT('',(-12.7,7.722245256125));
#2900 = CARTESIAN_POINT('',(6.35,-3.276277371938));
#2901 = CARTESIAN_POINT('',(25.4,-14.2748));
#2902 = CARTESIAN_POINT('',(6.35,-25.27332262806));
#2903 = CARTESIAN_POINT('',(-12.7,-36.27184525612));
#2904 = CARTESIAN_POINT('',(-12.7,-14.2748));
#2905 = ( GEOMETRIC_REPRESENTATION_CONTEXT(2) 
PARAMETRIC_REPRESENTATION_CONTEXT() REPRESENTATION_CONTEXT('2D SPACE',''
  ) );
#2906 = PCURVE('',#1439,#2907);
#2907 = DEFINITIONAL_REPRESENTATION('',(#2908),#2912);
#2908 = LINE('',#2909,#2910);
#2909 = CARTESIAN_POINT('',(0.,0.));
#2910 = VECTOR('',#2911,1.);
#2911 = DIRECTION('',(1.,0.));
#2912 = ( GEOMETRIC_REPRESENTATION_CONTEXT(2) 
PARAMETRIC_REPRESENTATION_CONTEXT() REPRESENTATION_CONTEXT('2D SPACE',''
  ) );
#2913 = ORIENTED_EDGE('',*,*,#1498,.T.);
#2914 = ADVANCED_FACE('',(#2915,#2940),#1380,.T.);
#2915 = FACE_BOUND('',#2916,.T.);
#2916 = EDGE_LOOP('',(#2917,#2918));
#2917 = ORIENTED_EDGE('',*,*,#1451,.T.);
#2918 = ORIENTED_EDGE('',*,*,#2919,.T.);
#2919 = EDGE_CURVE('',#1452,#1419,#2920,.T.);
#2920 = SURFACE_CURVE('',#2921,(#2926,#2933),.PCURVE_S1.);
#2921 = CIRCLE('',#2922,12.7);
#2922 = AXIS2_PLACEMENT_3D('',#2923,#2924,#2925);
#2923 = CARTESIAN_POINT('',(-5.969,0.,0.));
#2924 = DIRECTION('',(-1.,0.,-0.));
#2925 = DIRECTION('',(0.,0.5,-0.866025403784));
#2926 = PCURVE('',#1380,#2927);
#2927 = DEFINITIONAL_REPRESENTATION('',(#2928),#2932);
#2928 = CIRCLE('',#2929,12.7);
#2929 = AXIS2_PLACEMENT_2D('',#2930,#2931);
#2930 = CARTESIAN_POINT('',(0.,-9.652));
#2931 = DIRECTION('',(-1.,0.));
#2932 = ( GEOMETRIC_REPRESENTATION_CONTEXT(2) 
PARAMETRIC_REPRESENTATION_CONTEXT() REPRESENTATION_CONTEXT('2D SPACE',''
  ) );
#2933 = PCURVE('',#1439,#2934);
#2934 = DEFINITIONAL_REPRESENTATION('',(#2935),#2939);
#2935 = LINE('',#2936,#2937);
#2936 = CARTESIAN_POINT('',(6.28318530718,0.381));
#2937 = VECTOR('',#2938,1.);
#2938 = DIRECTION('',(-1.,0.));
#2939 = ( GEOMETRIC_REPRESENTATION_CONTEXT(2) 
PARAMETRIC_REPRESENTATION_CONTEXT() REPRESENTATION_CONTEXT('2D SPACE',''
  ) );
#2940 = FACE_BOUND('',#2941,.T.);
#2941 = EDGE_LOOP('',(#2942,#2943));
#2942 = ORIENTED_EDGE('',*,*,#2859,.F.);
#2943 = ORIENTED_EDGE('',*,*,#1363,.F.);
#2944 = ADVANCED_FACE('',(#2945),#1439,.F.);
#2945 = FACE_BOUND('',#2946,.F.);
#2946 = EDGE_LOOP('',(#2947,#2948,#2949,#2950));
#2947 = ORIENTED_EDGE('',*,*,#2919,.T.);
#2948 = ORIENTED_EDGE('',*,*,#1416,.F.);
#2949 = ORIENTED_EDGE('',*,*,#2888,.T.);
#2950 = ORIENTED_EDGE('',*,*,#1475,.T.);
#2951 = ( GEOMETRIC_REPRESENTATION_CONTEXT(3) 
GLOBAL_UNCERTAINTY_ASSIGNED_CONTEXT((#2955)) 
GLOBAL_UNIT_ASSIGNED_CONTEXT((#2952,#2953,#2954)) REPRESENTATION_CONTEXT
('Context #1','3D Context with UNIT and UNCERTAINTY') );
#2952 = ( LENGTH_UNIT() NAMED_UNIT(*) SI_UNIT(.MILLI.,.METRE.) );
#2953 = ( NAMED_UNIT(*) PLANE_ANGLE_UNIT() SI_UNIT($,.RADIAN.) );
#2954 = ( NAMED_UNIT(*) SI_UNIT($,.STERADIAN.) SOLID_ANGLE_UNIT() );
#2955 = UNCERTAINTY_MEASURE_WITH_UNIT(LENGTH_MEASURE(1.E-05),#2952,
  'distance_accuracy_value','confusion accuracy');
#2956 = PRODUCT_RELATED_PRODUCT_CATEGORY('part',$,(#7));
ENDSEC;
END-ISO-10303-21;
