ISO-10303-21;
HEADER;
FILE_DESCRIPTION(('Open CASCADE Model'),'2;1');
FILE_NAME('Open CASCADE Shape Model','2026-09-12T17:59:12',('Author'),(
    'Open CASCADE'),'Open CASCADE STEP processor 7.8','Open CASCADE 7.8'
  ,'Unknown');
FILE_SCHEMA(('AUTOMOTIVE_DESIGN { 1 0 10303 214 1 1 1 1 }'));
ENDSEC;
DATA;
#1 = APPLICATION_PROTOCOL_DEFINITION('international standard',
  'automotive_design',2000,#2);
#2 = APPLICATION_CONTEXT(
  'core data for automotive mechanical design processes');
#3 = SHAPE_DEFINITION_REPRESENTATION(#4,#10);
#4 = PRODUCT_DEFINITION_SHAPE('','',#5);
#5 = PRODUCT_DEFINITION('design','',#6,#9);
#6 = PRODUCT_DEFINITION_FORMATION('','',#7);
#7 = PRODUCT('Open CASCADE STEP translator 7.8 6',
  'Open CASCADE STEP translator 7.8 6','',(#8));
#8 = PRODUCT_CONTEXT('',#2,'mechanical');
#9 = PRODUCT_DEFINITION_CONTEXT('part definition',#2,'design');
#10 = ADVANCED_BREP_SHAPE_REPRESENTATION('',(#11,#15),#8707);
#11 = AXIS2_PLACEMENT_3D('',#12,#13,#14);
#12 = CARTESIAN_POINT('',(0.,0.,0.));
#13 = DIRECTION('',(0.,0.,1.));
#14 = DIRECTION('',(1.,0.,-0.));
#15 = MANIFOLD_SOLID_BREP('',#16);
#16 = CLOSED_SHELL('',(#17,#61,#105,#149,#193,#237,#281,#325,#367,#409,
    #451,#493,#535,#577,#621,#655,#1465,#2137,#2149,#2189,#2220,#2251,
    #2282,#2313,#2335,#2380,#2430,#2475,#2525,#2570,#2620,#2665,#2715,
    #2760,#2810,#2855,#2905,#2950,#3000,#3045,#3095,#3140,#3190,#3235,
    #3285,#3330,#3380,#3425,#3475,#3523,#3581,#3629,#3687,#3735,#3793,
    #3841,#3899,#3947,#4005,#4053,#4111,#4159,#4217,#4265,#4323,#4371,
    #4429,#4477,#4535,#4583,#4641,#4689,#4747,#4771,#4789,#4807,#4825,
    #4843,#4855,#4867,#4936,#4954,#4972,#5036,#5092,#5110,#5128,#5179,
    #5248,#5266,#5284,#5348,#5404,#5422,#5440,#5491,#5560,#5578,#5596,
    #5660,#5716,#5734,#5752,#5803,#5872,#5890,#5908,#5972,#6028,#6046,
    #6064,#6115,#6184,#6202,#6220,#6284,#6340,#6358,#6376,#6427,#6496,
    #6514,#6532,#6596,#6652,#6670,#6688,#6739,#6763,#6781,#6799,#6817,
    #6835,#6847,#6859,#6921,#6939,#6957,#7019,#7075,#7093,#7111,#7167,
    #7229,#7247,#7265,#7327,#7383,#7401,#7419,#7475,#7537,#7555,#7573,
    #7635,#7691,#7709,#7727,#7783,#7845,#7863,#7881,#7943,#7999,#8017,
    #8035,#8091,#8153,#8171,#8189,#8251,#8307,#8325,#8343,#8399,#8461,
    #8479,#8497,#8559,#8615,#8633,#8651));
#17 = ADVANCED_FACE('',(#18),#56,.T.);
#18 = FACE_BOUND('',#19,.T.);
#19 = EDGE_LOOP('',(#20,#31,#40,#49));
#20 = ORIENTED_EDGE('',*,*,#21,.T.);
#21 = EDGE_CURVE('',#22,#24,#26,.T.);
#22 = VERTEX_POINT('',#23);
#23 = CARTESIAN_POINT('',(-6.35,5.667728510894,-20.11737523261));
#24 = VERTEX_POINT('',#25);
#25 = CARTESIAN_POINT('',(-6.096,5.5988497118,-19.87289269533));
#26 = CIRCLE('',#27,0.254);
#27 = AXIS2_PLACEMENT_3D('',#28,#29,#30);
#28 = CARTESIAN_POINT('',(-6.096,5.667728510894,-20.11737523261));
#29 = DIRECTION('',(-0.,0.962529674334,0.271176374389));
#30 = DIRECTION('',(0.,-0.271176374389,0.962529674334));
#31 = ORIENTED_EDGE('',*,*,#32,.T.);
#32 = EDGE_CURVE('',#24,#33,#35,.T.);
#33 = VERTEX_POINT('',#34);
#34 = CARTESIAN_POINT('',(-6.096,14.411005064938,-14.78519243005));
#35 = CIRCLE('',#36,20.646524699703);
#36 = AXIS2_PLACEMENT_3D('',#37,#38,#39);
#37 = CARTESIAN_POINT('',(-6.096,0.,0.));
#38 = DIRECTION('',(1.,0.,-0.));
#39 = DIRECTION('',(0.,0.866025403784,0.5));
#40 = ORIENTED_EDGE('',*,*,#41,.F.);
#41 = EDGE_CURVE('',#42,#33,#44,.T.);
#42 = VERTEX_POINT('',#43);
#43 = CARTESIAN_POINT('',(-6.35,14.588293753458,-14.96708448849));
#44 = CIRCLE('',#45,0.254);
#45 = AXIS2_PLACEMENT_3D('',#46,#47,#48);
#46 = CARTESIAN_POINT('',(-6.096,14.588293753458,-14.96708448849));
#47 = DIRECTION('',(-0.,0.716110466294,0.697986962675));
#48 = DIRECTION('',(0.,-0.697986962675,0.716110466294));
#49 = ORIENTED_EDGE('',*,*,#50,.F.);
#50 = EDGE_CURVE('',#22,#42,#51,.T.);
#51 = CIRCLE('',#52,20.900524699703);
#52 = AXIS2_PLACEMENT_3D('',#53,#54,#55);
#53 = CARTESIAN_POINT('',(-6.35,0.,0.));
#54 = DIRECTION('',(1.,0.,-0.));
#55 = DIRECTION('',(0.,0.866025403784,0.5));
#56 = TOROIDAL_SURFACE('',#57,20.900524699703,0.254);
#57 = AXIS2_PLACEMENT_3D('',#58,#59,#60);
#58 = CARTESIAN_POINT('',(-6.096,0.,0.));
#59 = DIRECTION('',(1.,0.,0.));
#60 = DIRECTION('',(0.,0.866025403784,0.5));
#61 = ADVANCED_FACE('',(#62),#100,.T.);
#62 = FACE_BOUND('',#63,.T.);
#63 = EDGE_LOOP('',(#64,#75,#84,#93));
#64 = ORIENTED_EDGE('',*,*,#65,.T.);
#65 = EDGE_CURVE('',#66,#68,#70,.T.);
#66 = VERTEX_POINT('',#67);
#67 = CARTESIAN_POINT('',(-6.35,-14.58829375345,-14.96708448849));
#68 = VERTEX_POINT('',#69);
#69 = CARTESIAN_POINT('',(-6.096,-14.41100506493,-14.78519243005));
#70 = CIRCLE('',#71,0.254);
#71 = AXIS2_PLACEMENT_3D('',#72,#73,#74);
#72 = CARTESIAN_POINT('',(-6.096,-14.58829375345,-14.96708448849));
#73 = DIRECTION('',(0.,0.716110466294,-0.697986962675));
#74 = DIRECTION('',(0.,0.697986962675,0.716110466294));
#75 = ORIENTED_EDGE('',*,*,#76,.T.);
#76 = EDGE_CURVE('',#68,#77,#79,.T.);
#77 = VERTEX_POINT('',#78);
#78 = CARTESIAN_POINT('',(-6.096,-5.5988497118,-19.87289269533));
#79 = CIRCLE('',#80,20.646524699703);
#80 = AXIS2_PLACEMENT_3D('',#81,#82,#83);
#81 = CARTESIAN_POINT('',(-6.096,0.,0.));
#82 = DIRECTION('',(1.,0.,-0.));
#83 = DIRECTION('',(0.,0.866025403784,0.5));
#84 = ORIENTED_EDGE('',*,*,#85,.F.);
#85 = EDGE_CURVE('',#86,#77,#88,.T.);
#86 = VERTEX_POINT('',#87);
#87 = CARTESIAN_POINT('',(-6.35,-5.667728510895,-20.11737523261));
#88 = CIRCLE('',#89,0.254);
#89 = AXIS2_PLACEMENT_3D('',#90,#91,#92);
#90 = CARTESIAN_POINT('',(-6.096,-5.667728510895,-20.11737523261));
#91 = DIRECTION('',(0.,0.962529674334,-0.271176374389));
#92 = DIRECTION('',(0.,0.271176374389,0.962529674334));
#93 = ORIENTED_EDGE('',*,*,#94,.F.);
#94 = EDGE_CURVE('',#66,#86,#95,.T.);
#95 = CIRCLE('',#96,20.900524699703);
#96 = AXIS2_PLACEMENT_3D('',#97,#98,#99);
#97 = CARTESIAN_POINT('',(-6.35,0.,0.));
#98 = DIRECTION('',(1.,0.,-0.));
#99 = DIRECTION('',(0.,0.866025403784,0.5));
#100 = TOROIDAL_SURFACE('',#101,20.900524699703,0.254);
#101 = AXIS2_PLACEMENT_3D('',#102,#103,#104);
#102 = CARTESIAN_POINT('',(-6.096,0.,0.));
#103 = DIRECTION('',(1.,0.,0.));
#104 = DIRECTION('',(0.,0.866025403784,0.5));
#105 = ADVANCED_FACE('',(#106),#144,.T.);
#106 = FACE_BOUND('',#107,.T.);
#107 = EDGE_LOOP('',(#108,#119,#128,#137));
#108 = ORIENTED_EDGE('',*,*,#109,.T.);
#109 = EDGE_CURVE('',#110,#112,#114,.T.);
#110 = VERTEX_POINT('',#111);
#111 = CARTESIAN_POINT('',(-6.35,20.256022264353,-5.150290744118));
#112 = VERTEX_POINT('',#113);
#113 = CARTESIAN_POINT('',(-6.096,20.009854776738,-5.087700265276));
#114 = CIRCLE('',#115,0.254);
#115 = AXIS2_PLACEMENT_3D('',#116,#117,#118);
#116 = CARTESIAN_POINT('',(-6.096,20.256022264353,-5.150290744118));
#117 = DIRECTION('',(-0.,0.24641920804,0.969163337064));
#118 = DIRECTION('',(0.,-0.969163337064,0.24641920804));
#119 = ORIENTED_EDGE('',*,*,#120,.T.);
#120 = EDGE_CURVE('',#112,#121,#123,.T.);
#121 = VERTEX_POINT('',#122);
#122 = CARTESIAN_POINT('',(-6.096,20.009854776738,5.087700265275));
#123 = CIRCLE('',#124,20.646524699703);
#124 = AXIS2_PLACEMENT_3D('',#125,#126,#127);
#125 = CARTESIAN_POINT('',(-6.096,0.,0.));
#126 = DIRECTION('',(1.,0.,-0.));
#127 = DIRECTION('',(0.,0.866025403784,0.5));
#128 = ORIENTED_EDGE('',*,*,#129,.F.);
#129 = EDGE_CURVE('',#130,#121,#132,.T.);
#130 = VERTEX_POINT('',#131);
#131 = CARTESIAN_POINT('',(-6.35,20.256022264353,5.150290744117));
#132 = CIRCLE('',#133,0.254);
#133 = AXIS2_PLACEMENT_3D('',#134,#135,#136);
#134 = CARTESIAN_POINT('',(-6.096,20.256022264353,5.150290744117));
#135 = DIRECTION('',(0.,-0.24641920804,0.969163337064));
#136 = DIRECTION('',(0.,-0.969163337064,-0.24641920804));
#137 = ORIENTED_EDGE('',*,*,#138,.F.);
#138 = EDGE_CURVE('',#110,#130,#139,.T.);
#139 = CIRCLE('',#140,20.900524699703);
#140 = AXIS2_PLACEMENT_3D('',#141,#142,#143);
#141 = CARTESIAN_POINT('',(-6.35,0.,0.));
#142 = DIRECTION('',(1.,0.,-0.));
#143 = DIRECTION('',(0.,0.866025403784,0.5));
#144 = TOROIDAL_SURFACE('',#145,20.900524699703,0.254);
#145 = AXIS2_PLACEMENT_3D('',#146,#147,#148);
#146 = CARTESIAN_POINT('',(-6.096,0.,0.));
#147 = DIRECTION('',(1.,0.,0.));
#148 = DIRECTION('',(0.,0.866025403784,0.5));
#149 = ADVANCED_FACE('',(#150),#188,.T.);
#150 = FACE_BOUND('',#151,.T.);
#151 = EDGE_LOOP('',(#152,#163,#172,#181));
#152 = ORIENTED_EDGE('',*,*,#153,.T.);
#153 = EDGE_CURVE('',#154,#156,#158,.T.);
#154 = VERTEX_POINT('',#155);
#155 = CARTESIAN_POINT('',(-6.35,14.588293753458,14.967084488494));
#156 = VERTEX_POINT('',#157);
#157 = CARTESIAN_POINT('',(-6.096,14.411005064939,14.785192430055));
#158 = CIRCLE('',#159,0.254);
#159 = AXIS2_PLACEMENT_3D('',#160,#161,#162);
#160 = CARTESIAN_POINT('',(-6.096,14.588293753458,14.967084488494));
#161 = DIRECTION('',(0.,-0.716110466294,0.697986962675));
#162 = DIRECTION('',(0.,-0.697986962675,-0.716110466294));
#163 = ORIENTED_EDGE('',*,*,#164,.T.);
#164 = EDGE_CURVE('',#156,#165,#167,.T.);
#165 = VERTEX_POINT('',#166);
#166 = CARTESIAN_POINT('',(-6.096,5.5988497118,19.87289269533));
#167 = CIRCLE('',#168,20.646524699703);
#168 = AXIS2_PLACEMENT_3D('',#169,#170,#171);
#169 = CARTESIAN_POINT('',(-6.096,0.,0.));
#170 = DIRECTION('',(1.,0.,-0.));
#171 = DIRECTION('',(0.,0.866025403784,0.5));
#172 = ORIENTED_EDGE('',*,*,#173,.F.);
#173 = EDGE_CURVE('',#174,#165,#176,.T.);
#174 = VERTEX_POINT('',#175);
#175 = CARTESIAN_POINT('',(-6.35,5.667728510895,20.117375232611));
#176 = CIRCLE('',#177,0.254);
#177 = AXIS2_PLACEMENT_3D('',#178,#179,#180);
#178 = CARTESIAN_POINT('',(-6.096,5.667728510895,20.117375232611));
#179 = DIRECTION('',(0.,-0.962529674334,0.271176374389));
#180 = DIRECTION('',(0.,-0.271176374389,-0.962529674334));
#181 = ORIENTED_EDGE('',*,*,#182,.F.);
#182 = EDGE_CURVE('',#154,#174,#183,.T.);
#183 = CIRCLE('',#184,20.900524699703);
#184 = AXIS2_PLACEMENT_3D('',#185,#186,#187);
#185 = CARTESIAN_POINT('',(-6.35,0.,0.));
#186 = DIRECTION('',(1.,0.,-0.));
#187 = DIRECTION('',(0.,0.866025403784,0.5));
#188 = TOROIDAL_SURFACE('',#189,20.900524699703,0.254);
#189 = AXIS2_PLACEMENT_3D('',#190,#191,#192);
#190 = CARTESIAN_POINT('',(-6.096,0.,0.));
#191 = DIRECTION('',(1.,0.,0.));
#192 = DIRECTION('',(0.,0.866025403784,0.5));
#193 = ADVANCED_FACE('',(#194),#232,.T.);
#194 = FACE_BOUND('',#195,.T.);
#195 = EDGE_LOOP('',(#196,#207,#216,#225));
#196 = ORIENTED_EDGE('',*,*,#197,.T.);
#197 = EDGE_CURVE('',#198,#200,#202,.T.);
#198 = VERTEX_POINT('',#199);
#199 = CARTESIAN_POINT('',(-6.35,-20.25602226435,5.150290744118));
#200 = VERTEX_POINT('',#201);
#201 = CARTESIAN_POINT('',(-6.096,-20.00985477673,5.087700265276));
#202 = CIRCLE('',#203,0.254);
#203 = AXIS2_PLACEMENT_3D('',#204,#205,#206);
#204 = CARTESIAN_POINT('',(-6.096,-20.25602226435,5.150290744118));
#205 = DIRECTION('',(0.,-0.24641920804,-0.969163337064));
#206 = DIRECTION('',(0.,0.969163337064,-0.24641920804));
#207 = ORIENTED_EDGE('',*,*,#208,.T.);
#208 = EDGE_CURVE('',#200,#209,#211,.T.);
#209 = VERTEX_POINT('',#210);
#210 = CARTESIAN_POINT('',(-6.096,-20.00985477673,-5.087700265275));
#211 = CIRCLE('',#212,20.646524699703);
#212 = AXIS2_PLACEMENT_3D('',#213,#214,#215);
#213 = CARTESIAN_POINT('',(-6.096,0.,0.));
#214 = DIRECTION('',(1.,0.,-0.));
#215 = DIRECTION('',(0.,0.866025403784,0.5));
#216 = ORIENTED_EDGE('',*,*,#217,.F.);
#217 = EDGE_CURVE('',#218,#209,#220,.T.);
#218 = VERTEX_POINT('',#219);
#219 = CARTESIAN_POINT('',(-6.35,-20.25602226435,-5.150290744117));
#220 = CIRCLE('',#221,0.254);
#221 = AXIS2_PLACEMENT_3D('',#222,#223,#224);
#222 = CARTESIAN_POINT('',(-6.096,-20.25602226435,-5.150290744117));
#223 = DIRECTION('',(0.,0.24641920804,-0.969163337064));
#224 = DIRECTION('',(0.,0.969163337064,0.24641920804));
#225 = ORIENTED_EDGE('',*,*,#226,.F.);
#226 = EDGE_CURVE('',#198,#218,#227,.T.);
#227 = CIRCLE('',#228,20.900524699703);
#228 = AXIS2_PLACEMENT_3D('',#229,#230,#231);
#229 = CARTESIAN_POINT('',(-6.35,0.,0.));
#230 = DIRECTION('',(1.,0.,-0.));
#231 = DIRECTION('',(0.,0.866025403784,0.5));
#232 = TOROIDAL_SURFACE('',#233,20.900524699703,0.254);
#233 = AXIS2_PLACEMENT_3D('',#234,#235,#236);
#234 = CARTESIAN_POINT('',(-6.096,0.,0.));
#235 = DIRECTION('',(1.,0.,0.));
#236 = DIRECTION('',(0.,0.866025403784,0.5));
#237 = ADVANCED_FACE('',(#238),#276,.T.);
#238 = FACE_BOUND('',#239,.T.);
#239 = EDGE_LOOP('',(#240,#251,#260,#269));
#240 = ORIENTED_EDGE('',*,*,#241,.T.);
#241 = EDGE_CURVE('',#242,#244,#246,.T.);
#242 = VERTEX_POINT('',#243);
#243 = CARTESIAN_POINT('',(-6.35,-5.667728510894,20.117375232612));
#244 = VERTEX_POINT('',#245);
#245 = CARTESIAN_POINT('',(-6.096,-5.5988497118,19.872892695331));
#246 = CIRCLE('',#247,0.254);
#247 = AXIS2_PLACEMENT_3D('',#248,#249,#250);
#248 = CARTESIAN_POINT('',(-6.096,-5.667728510894,20.117375232612));
#249 = DIRECTION('',(0.,-0.962529674334,-0.271176374389));
#250 = DIRECTION('',(0.,0.271176374389,-0.962529674334));
#251 = ORIENTED_EDGE('',*,*,#252,.T.);
#252 = EDGE_CURVE('',#244,#253,#255,.T.);
#253 = VERTEX_POINT('',#254);
#254 = CARTESIAN_POINT('',(-6.096,-14.41100506493,14.785192430055));
#255 = CIRCLE('',#256,20.646524699703);
#256 = AXIS2_PLACEMENT_3D('',#257,#258,#259);
#257 = CARTESIAN_POINT('',(-6.096,0.,0.));
#258 = DIRECTION('',(1.,0.,-0.));
#259 = DIRECTION('',(0.,0.866025403784,0.5));
#260 = ORIENTED_EDGE('',*,*,#261,.F.);
#261 = EDGE_CURVE('',#262,#253,#264,.T.);
#262 = VERTEX_POINT('',#263);
#263 = CARTESIAN_POINT('',(-6.35,-14.58829375345,14.967084488494));
#264 = CIRCLE('',#265,0.254);
#265 = AXIS2_PLACEMENT_3D('',#266,#267,#268);
#266 = CARTESIAN_POINT('',(-6.096,-14.58829375345,14.967084488494));
#267 = DIRECTION('',(0.,-0.716110466294,-0.697986962675));
#268 = DIRECTION('',(0.,0.697986962675,-0.716110466294));
#269 = ORIENTED_EDGE('',*,*,#270,.F.);
#270 = EDGE_CURVE('',#242,#262,#271,.T.);
#271 = CIRCLE('',#272,20.900524699703);
#272 = AXIS2_PLACEMENT_3D('',#273,#274,#275);
#273 = CARTESIAN_POINT('',(-6.35,0.,0.));
#274 = DIRECTION('',(1.,0.,-0.));
#275 = DIRECTION('',(0.,0.866025403784,0.5));
#276 = TOROIDAL_SURFACE('',#277,20.900524699703,0.254);
#277 = AXIS2_PLACEMENT_3D('',#278,#279,#280);
#278 = CARTESIAN_POINT('',(-6.096,0.,0.));
#279 = DIRECTION('',(1.,0.,0.));
#280 = DIRECTION('',(0.,0.866025403784,0.5));
#281 = ADVANCED_FACE('',(#282),#320,.T.);
#282 = FACE_BOUND('',#283,.T.);
#283 = EDGE_LOOP('',(#284,#295,#304,#313));
#284 = ORIENTED_EDGE('',*,*,#285,.F.);
#285 = EDGE_CURVE('',#286,#288,#290,.T.);
#286 = VERTEX_POINT('',#287);
#287 = CARTESIAN_POINT('',(6.104864472162,-21.62038183835,
    -12.48253327435));
#288 = VERTEX_POINT('',#289);
#289 = CARTESIAN_POINT('',(6.104864472162,21.620381838358,
    12.482533274358));
#290 = CIRCLE('',#291,24.965066548717);
#291 = AXIS2_PLACEMENT_3D('',#292,#293,#294);
#292 = CARTESIAN_POINT('',(6.104864472162,0.,0.));
#293 = DIRECTION('',(-1.,-0.,0.));
#294 = DIRECTION('',(0.,-0.866025403784,-0.5));
#295 = ORIENTED_EDGE('',*,*,#296,.T.);
#296 = EDGE_CURVE('',#286,#297,#299,.T.);
#297 = VERTEX_POINT('',#298);
#298 = CARTESIAN_POINT('',(6.35,-21.40054538585,-12.35561063932));
#299 = CIRCLE('',#300,0.254);
#300 = AXIS2_PLACEMENT_3D('',#301,#302,#303);
#301 = CARTESIAN_POINT('',(6.096,-21.40054538585,-12.35561063932));
#302 = DIRECTION('',(0.,-0.5,0.866025403784));
#303 = DIRECTION('',(0.,-0.866025403784,-0.5));
#304 = ORIENTED_EDGE('',*,*,#305,.F.);
#305 = EDGE_CURVE('',#306,#297,#308,.T.);
#306 = VERTEX_POINT('',#307);
#307 = CARTESIAN_POINT('',(6.35,21.400545385853,12.355610639327));
#308 = CIRCLE('',#309,24.711221278654);
#309 = AXIS2_PLACEMENT_3D('',#310,#311,#312);
#310 = CARTESIAN_POINT('',(6.35,0.,0.));
#311 = DIRECTION('',(1.,0.,-0.));
#312 = DIRECTION('',(0.,0.866025403784,0.5));
#313 = ORIENTED_EDGE('',*,*,#314,.F.);
#314 = EDGE_CURVE('',#288,#306,#315,.T.);
#315 = CIRCLE('',#316,0.254);
#316 = AXIS2_PLACEMENT_3D('',#317,#318,#319);
#317 = CARTESIAN_POINT('',(6.096,21.400545385853,12.355610639327));
#318 = DIRECTION('',(0.,0.5,-0.866025403784));
#319 = DIRECTION('',(-1.,0.,0.));
#320 = TOROIDAL_SURFACE('',#321,24.711221278654,0.254);
#321 = AXIS2_PLACEMENT_3D('',#322,#323,#324);
#322 = CARTESIAN_POINT('',(6.096,0.,0.));
#323 = DIRECTION('',(1.,0.,0.));
#324 = DIRECTION('',(0.,0.866025403784,0.5));
#325 = ADVANCED_FACE('',(#326),#362,.T.);
#326 = FACE_BOUND('',#327,.T.);
#327 = EDGE_LOOP('',(#328,#339,#347,#356));
#328 = ORIENTED_EDGE('',*,*,#329,.T.);
#329 = EDGE_CURVE('',#330,#332,#334,.T.);
#330 = VERTEX_POINT('',#331);
#331 = CARTESIAN_POINT('',(-6.35,14.035455159357,-10.54928970911));
#332 = VERTEX_POINT('',#333);
#333 = CARTESIAN_POINT('',(-6.096,13.908455159357,-10.76926016167));
#334 = CIRCLE('',#335,0.254);
#335 = AXIS2_PLACEMENT_3D('',#336,#337,#338);
#336 = CARTESIAN_POINT('',(-6.096,14.035455159357,-10.54928970911));
#337 = DIRECTION('',(0.,-0.866025403784,0.5));
#338 = DIRECTION('',(0.,-0.5,-0.866025403784));
#339 = ORIENTED_EDGE('',*,*,#340,.T.);
#340 = EDGE_CURVE('',#332,#341,#343,.T.);
#341 = VERTEX_POINT('',#342);
#342 = CARTESIAN_POINT('',(-6.096,9.836071996581,-8.418068646405));
#343 = LINE('',#344,#345);
#344 = CARTESIAN_POINT('',(-6.096,-1.186112650149,-2.054407373558));
#345 = VECTOR('',#346,1.);
#346 = DIRECTION('',(0.,-0.866025403784,0.5));
#347 = ORIENTED_EDGE('',*,*,#348,.F.);
#348 = EDGE_CURVE('',#349,#341,#351,.T.);
#349 = VERTEX_POINT('',#350);
#350 = CARTESIAN_POINT('',(-6.35,9.963071996581,-8.198098193844));
#351 = CIRCLE('',#352,0.254);
#352 = AXIS2_PLACEMENT_3D('',#353,#354,#355);
#353 = CARTESIAN_POINT('',(-6.096,9.963071996581,-8.198098193844));
#354 = DIRECTION('',(0.,-0.866025403784,0.5));
#355 = DIRECTION('',(0.,-0.5,-0.866025403784));
#356 = ORIENTED_EDGE('',*,*,#357,.F.);
#357 = EDGE_CURVE('',#330,#349,#358,.T.);
#358 = LINE('',#359,#360);
#359 = CARTESIAN_POINT('',(-6.35,9.968524278458,-8.201246070253));
#360 = VECTOR('',#361,1.);
#361 = DIRECTION('',(0.,-0.866025403784,0.5));
#362 = CYLINDRICAL_SURFACE('',#363,0.254);
#363 = AXIS2_PLACEMENT_3D('',#364,#365,#366);
#364 = CARTESIAN_POINT('',(-6.096,-1.059112650149,-1.834436920996));
#365 = DIRECTION('',(0.,-0.866025403784,0.5));
#366 = DIRECTION('',(0.,-0.5,-0.866025403784));
#367 = ADVANCED_FACE('',(#368),#404,.T.);
#368 = FACE_BOUND('',#369,.T.);
#369 = EDGE_LOOP('',(#370,#381,#389,#398));
#370 = ORIENTED_EDGE('',*,*,#371,.T.);
#371 = EDGE_CURVE('',#372,#374,#376,.T.);
#372 = VERTEX_POINT('',#373);
#373 = CARTESIAN_POINT('',(-6.35,-2.118225300297,-17.42970557623));
#374 = VERTEX_POINT('',#375);
#375 = CARTESIAN_POINT('',(-6.096,-2.372225300297,-17.42970557623));
#376 = CIRCLE('',#377,0.254);
#377 = AXIS2_PLACEMENT_3D('',#378,#379,#380);
#378 = CARTESIAN_POINT('',(-6.096,-2.118225300297,-17.42970557623));
#379 = DIRECTION('',(-0.,1.654232306691E-14,1.));
#380 = DIRECTION('',(0.,-1.,1.654232306691E-14));
#381 = ORIENTED_EDGE('',*,*,#382,.T.);
#382 = EDGE_CURVE('',#374,#383,#385,.T.);
#383 = VERTEX_POINT('',#384);
#384 = CARTESIAN_POINT('',(-6.096,-2.372225300297,-12.72732254569));
#385 = LINE('',#386,#387);
#386 = CARTESIAN_POINT('',(-6.096,-2.372225300297,2.6645352591E-14));
#387 = VECTOR('',#388,1.);
#388 = DIRECTION('',(0.,1.121325254871E-14,1.));
#389 = ORIENTED_EDGE('',*,*,#390,.F.);
#390 = EDGE_CURVE('',#391,#383,#393,.T.);
#391 = VERTEX_POINT('',#392);
#392 = CARTESIAN_POINT('',(-6.35,-2.118225300297,-12.72732254569));
#393 = CIRCLE('',#394,0.254);
#394 = AXIS2_PLACEMENT_3D('',#395,#396,#397);
#395 = CARTESIAN_POINT('',(-6.096,-2.118225300297,-12.72732254569));
#396 = DIRECTION('',(0.,-9.769962616701E-15,1.));
#397 = DIRECTION('',(0.,-1.,-9.769962616701E-15));
#398 = ORIENTED_EDGE('',*,*,#399,.F.);
#399 = EDGE_CURVE('',#372,#391,#400,.T.);
#400 = LINE('',#401,#402);
#401 = CARTESIAN_POINT('',(-6.35,-2.118225300297,-12.73361829851));
#402 = VECTOR('',#403,1.);
#403 = DIRECTION('',(0.,1.121325254871E-14,1.));
#404 = CYLINDRICAL_SURFACE('',#405,0.254);
#405 = AXIS2_PLACEMENT_3D('',#406,#407,#408);
#406 = CARTESIAN_POINT('',(-6.096,-2.118225300297,2.364775042452E-14));
#407 = DIRECTION('',(0.,1.121325254871E-14,1.));
#408 = DIRECTION('',(0.,-1.,1.121325254871E-14));
#409 = ADVANCED_FACE('',(#410),#446,.T.);
#410 = FACE_BOUND('',#411,.T.);
#411 = EDGE_LOOP('',(#412,#423,#431,#440));
#412 = ORIENTED_EDGE('',*,*,#413,.T.);
#413 = EDGE_CURVE('',#414,#416,#418,.T.);
#414 = VERTEX_POINT('',#415);
#415 = CARTESIAN_POINT('',(-6.35,16.153680459655,6.880415867123));
#416 = VERTEX_POINT('',#417);
#417 = CARTESIAN_POINT('',(-6.096,16.280680459655,6.660445414562));
#418 = CIRCLE('',#419,0.254);
#419 = AXIS2_PLACEMENT_3D('',#420,#421,#422);
#420 = CARTESIAN_POINT('',(-6.096,16.153680459655,6.880415867123));
#421 = DIRECTION('',(0.,-0.866025403784,-0.5));
#422 = DIRECTION('',(0.,0.5,-0.866025403784));
#423 = ORIENTED_EDGE('',*,*,#424,.T.);
#424 = EDGE_CURVE('',#416,#425,#427,.T.);
#425 = VERTEX_POINT('',#426);
#426 = CARTESIAN_POINT('',(-6.096,12.208297296878,4.309253899289));
#427 = LINE('',#428,#429);
#428 = CARTESIAN_POINT('',(-6.096,1.186112650149,-2.054407373558));
#429 = VECTOR('',#430,1.);
#430 = DIRECTION('',(0.,-0.866025403784,-0.5));
#431 = ORIENTED_EDGE('',*,*,#432,.F.);
#432 = EDGE_CURVE('',#433,#425,#435,.T.);
#433 = VERTEX_POINT('',#434);
#434 = CARTESIAN_POINT('',(-6.35,12.081297296878,4.529224351851));
#435 = CIRCLE('',#436,0.254);
#436 = AXIS2_PLACEMENT_3D('',#437,#438,#439);
#437 = CARTESIAN_POINT('',(-6.096,12.081297296878,4.529224351851));
#438 = DIRECTION('',(0.,-0.866025403784,-0.5));
#439 = DIRECTION('',(0.,0.5,-0.866025403784));
#440 = ORIENTED_EDGE('',*,*,#441,.F.);
#441 = EDGE_CURVE('',#414,#433,#442,.T.);
#442 = LINE('',#443,#444);
#443 = CARTESIAN_POINT('',(-6.35,12.086749578755,4.53237222826));
#444 = VECTOR('',#445,1.);
#445 = DIRECTION('',(0.,-0.866025403784,-0.5));
#446 = CYLINDRICAL_SURFACE('',#447,0.254);
#447 = AXIS2_PLACEMENT_3D('',#448,#449,#450);
#448 = CARTESIAN_POINT('',(-6.096,1.059112650149,-1.834436920996));
#449 = DIRECTION('',(0.,-0.866025403784,-0.5));
#450 = DIRECTION('',(0.,0.5,-0.866025403784));
#451 = ADVANCED_FACE('',(#452),#488,.T.);
#452 = FACE_BOUND('',#453,.T.);
#453 = EDGE_LOOP('',(#454,#465,#473,#482));
#454 = ORIENTED_EDGE('',*,*,#455,.T.);
#455 = EDGE_CURVE('',#456,#458,#460,.T.);
#456 = VERTEX_POINT('',#457);
#457 = CARTESIAN_POINT('',(-6.35,2.118225300297,17.429705576239));
#458 = VERTEX_POINT('',#459);
#459 = CARTESIAN_POINT('',(-6.096,2.372225300297,17.429705576239));
#460 = CIRCLE('',#461,0.254);
#461 = AXIS2_PLACEMENT_3D('',#462,#463,#464);
#462 = CARTESIAN_POINT('',(-6.096,2.118225300297,17.429705576239));
#463 = DIRECTION('',(0.,-1.149080830487E-14,-1.));
#464 = DIRECTION('',(0.,1.,-1.149080830487E-14));
#465 = ORIENTED_EDGE('',*,*,#466,.T.);
#466 = EDGE_CURVE('',#458,#467,#469,.T.);
#467 = VERTEX_POINT('',#468);
#468 = CARTESIAN_POINT('',(-6.096,2.372225300297,12.727322545694));
#469 = LINE('',#470,#471);
#470 = CARTESIAN_POINT('',(-6.096,2.372225300297,-2.797762022055E-14));
#471 = VECTOR('',#472,1.);
#472 = DIRECTION('',(0.,-1.182387521226E-14,-1.));
#473 = ORIENTED_EDGE('',*,*,#474,.F.);
#474 = EDGE_CURVE('',#475,#467,#477,.T.);
#475 = VERTEX_POINT('',#476);
#476 = CARTESIAN_POINT('',(-6.35,2.118225300297,12.727322545694));
#477 = CIRCLE('',#478,0.254);
#478 = AXIS2_PLACEMENT_3D('',#479,#480,#481);
#479 = CARTESIAN_POINT('',(-6.096,2.118225300297,12.727322545694));
#480 = DIRECTION('',(0.,9.769962616701E-15,-1.));
#481 = DIRECTION('',(0.,1.,9.769962616701E-15));
#482 = ORIENTED_EDGE('',*,*,#483,.F.);
#483 = EDGE_CURVE('',#456,#475,#484,.T.);
#484 = LINE('',#485,#486);
#485 = CARTESIAN_POINT('',(-6.35,2.118225300297,12.733618298513));
#486 = VECTOR('',#487,1.);
#487 = DIRECTION('',(0.,-1.182387521226E-14,-1.));
#488 = CYLINDRICAL_SURFACE('',#489,0.254);
#489 = AXIS2_PLACEMENT_3D('',#490,#491,#492);
#490 = CARTESIAN_POINT('',(-6.096,2.118225300297,-2.48689957516E-14));
#491 = DIRECTION('',(0.,-1.193489751472E-14,-1.));
#492 = DIRECTION('',(0.,1.,-1.187938636349E-14));
#493 = ADVANCED_FACE('',(#494),#530,.T.);
#494 = FACE_BOUND('',#495,.T.);
#495 = EDGE_LOOP('',(#496,#507,#515,#524));
#496 = ORIENTED_EDGE('',*,*,#497,.T.);
#497 = EDGE_CURVE('',#498,#500,#502,.T.);
#498 = VERTEX_POINT('',#499);
#499 = CARTESIAN_POINT('',(-6.35,-16.15368045965,-6.880415867123));
#500 = VERTEX_POINT('',#501);
#501 = CARTESIAN_POINT('',(-6.096,-16.28068045965,-6.660445414562));
#502 = CIRCLE('',#503,0.254);
#503 = AXIS2_PLACEMENT_3D('',#504,#505,#506);
#504 = CARTESIAN_POINT('',(-6.096,-16.15368045965,-6.880415867123));
#505 = DIRECTION('',(-0.,0.866025403784,0.5));
#506 = DIRECTION('',(0.,-0.5,0.866025403784));
#507 = ORIENTED_EDGE('',*,*,#508,.T.);
#508 = EDGE_CURVE('',#500,#509,#511,.T.);
#509 = VERTEX_POINT('',#510);
#510 = CARTESIAN_POINT('',(-6.096,-12.20829729687,-4.309253899289));
#511 = LINE('',#512,#513);
#512 = CARTESIAN_POINT('',(-6.096,-1.186112650149,2.054407373558));
#513 = VECTOR('',#514,1.);
#514 = DIRECTION('',(0.,0.866025403784,0.5));
#515 = ORIENTED_EDGE('',*,*,#516,.F.);
#516 = EDGE_CURVE('',#517,#509,#519,.T.);
#517 = VERTEX_POINT('',#518);
#518 = CARTESIAN_POINT('',(-6.35,-12.08129729687,-4.529224351851));
#519 = CIRCLE('',#520,0.254);
#520 = AXIS2_PLACEMENT_3D('',#521,#522,#523);
#521 = CARTESIAN_POINT('',(-6.096,-12.08129729687,-4.529224351851));
#522 = DIRECTION('',(-0.,0.866025403784,0.5));
#523 = DIRECTION('',(0.,-0.5,0.866025403784));
#524 = ORIENTED_EDGE('',*,*,#525,.F.);
#525 = EDGE_CURVE('',#498,#517,#526,.T.);
#526 = LINE('',#527,#528);
#527 = CARTESIAN_POINT('',(-6.35,-12.08674957875,-4.53237222826));
#528 = VECTOR('',#529,1.);
#529 = DIRECTION('',(0.,0.866025403784,0.5));
#530 = CYLINDRICAL_SURFACE('',#531,0.254);
#531 = AXIS2_PLACEMENT_3D('',#532,#533,#534);
#532 = CARTESIAN_POINT('',(-6.096,-1.059112650149,1.834436920996));
#533 = DIRECTION('',(0.,0.866025403784,0.5));
#534 = DIRECTION('',(0.,-0.5,0.866025403784));
#535 = ADVANCED_FACE('',(#536),#572,.T.);
#536 = FACE_BOUND('',#537,.T.);
#537 = EDGE_LOOP('',(#538,#549,#557,#566));
#538 = ORIENTED_EDGE('',*,*,#539,.T.);
#539 = EDGE_CURVE('',#540,#542,#544,.T.);
#540 = VERTEX_POINT('',#541);
#541 = CARTESIAN_POINT('',(-6.35,-14.03545515935,10.549289709116));
#542 = VERTEX_POINT('',#543);
#543 = CARTESIAN_POINT('',(-6.096,-13.90845515935,10.769260161677));
#544 = CIRCLE('',#545,0.254);
#545 = AXIS2_PLACEMENT_3D('',#546,#547,#548);
#546 = CARTESIAN_POINT('',(-6.096,-14.03545515935,10.549289709116));
#547 = DIRECTION('',(0.,0.866025403784,-0.5));
#548 = DIRECTION('',(0.,0.5,0.866025403784));
#549 = ORIENTED_EDGE('',*,*,#550,.T.);
#550 = EDGE_CURVE('',#542,#551,#553,.T.);
#551 = VERTEX_POINT('',#552);
#552 = CARTESIAN_POINT('',(-6.096,-9.836071996581,8.418068646405));
#553 = LINE('',#554,#555);
#554 = CARTESIAN_POINT('',(-6.096,1.186112650149,2.054407373558));
#555 = VECTOR('',#556,1.);
#556 = DIRECTION('',(0.,0.866025403784,-0.5));
#557 = ORIENTED_EDGE('',*,*,#558,.F.);
#558 = EDGE_CURVE('',#559,#551,#561,.T.);
#559 = VERTEX_POINT('',#560);
#560 = CARTESIAN_POINT('',(-6.35,-9.963071996581,8.198098193844));
#561 = CIRCLE('',#562,0.254);
#562 = AXIS2_PLACEMENT_3D('',#563,#564,#565);
#563 = CARTESIAN_POINT('',(-6.096,-9.963071996581,8.198098193844));
#564 = DIRECTION('',(0.,0.866025403784,-0.5));
#565 = DIRECTION('',(0.,0.5,0.866025403784));
#566 = ORIENTED_EDGE('',*,*,#567,.F.);
#567 = EDGE_CURVE('',#540,#559,#568,.T.);
#568 = LINE('',#569,#570);
#569 = CARTESIAN_POINT('',(-6.35,-9.968524278458,8.201246070253));
#570 = VECTOR('',#571,1.);
#571 = DIRECTION('',(0.,0.866025403784,-0.5));
#572 = CYLINDRICAL_SURFACE('',#573,0.254);
#573 = AXIS2_PLACEMENT_3D('',#574,#575,#576);
#574 = CARTESIAN_POINT('',(-6.096,1.059112650149,1.834436920996));
#575 = DIRECTION('',(0.,0.866025403784,-0.5));
#576 = DIRECTION('',(0.,0.5,0.866025403784));
#577 = ADVANCED_FACE('',(#578),#616,.T.);
#578 = FACE_BOUND('',#579,.T.);
#579 = EDGE_LOOP('',(#580,#591,#600,#609));
#580 = ORIENTED_EDGE('',*,*,#581,.F.);
#581 = EDGE_CURVE('',#582,#584,#586,.T.);
#582 = VERTEX_POINT('',#583);
#583 = CARTESIAN_POINT('',(-6.35,-21.76925918435,-12.56848765014));
#584 = VERTEX_POINT('',#585);
#585 = CARTESIAN_POINT('',(-6.35,21.769259184359,12.568487650149));
#586 = CIRCLE('',#587,25.136975300297);
#587 = AXIS2_PLACEMENT_3D('',#588,#589,#590);
#588 = CARTESIAN_POINT('',(-6.35,0.,0.));
#589 = DIRECTION('',(-1.,0.,0.));
#590 = DIRECTION('',(0.,0.866025403784,0.5));
#591 = ORIENTED_EDGE('',*,*,#592,.T.);
#592 = EDGE_CURVE('',#582,#593,#595,.T.);
#593 = VERTEX_POINT('',#594);
#594 = CARTESIAN_POINT('',(-6.087135527838,-21.98909563686,
    -12.69541028518));
#595 = CIRCLE('',#596,0.254);
#596 = AXIS2_PLACEMENT_3D('',#597,#598,#599);
#597 = CARTESIAN_POINT('',(-6.096,-21.76925918435,-12.56848765014));
#598 = DIRECTION('',(0.,-0.5,0.866025403784));
#599 = DIRECTION('',(0.,-0.866025403784,-0.5));
#600 = ORIENTED_EDGE('',*,*,#601,.F.);
#601 = EDGE_CURVE('',#602,#593,#604,.T.);
#602 = VERTEX_POINT('',#603);
#603 = CARTESIAN_POINT('',(-6.087135527838,21.989095636864,
    12.69541028518));
#604 = CIRCLE('',#605,25.39082057036);
#605 = AXIS2_PLACEMENT_3D('',#606,#607,#608);
#606 = CARTESIAN_POINT('',(-6.087135527838,0.,0.));
#607 = DIRECTION('',(1.,0.,-0.));
#608 = DIRECTION('',(0.,0.866025403784,0.5));
#609 = ORIENTED_EDGE('',*,*,#610,.F.);
#610 = EDGE_CURVE('',#584,#602,#611,.T.);
#611 = CIRCLE('',#612,0.254);
#612 = AXIS2_PLACEMENT_3D('',#613,#614,#615);
#613 = CARTESIAN_POINT('',(-6.096,21.769259184359,12.568487650149));
#614 = DIRECTION('',(0.,0.5,-0.866025403784));
#615 = DIRECTION('',(-1.,0.,0.));
#616 = TOROIDAL_SURFACE('',#617,25.136975300297,0.254);
#617 = AXIS2_PLACEMENT_3D('',#618,#619,#620);
#618 = CARTESIAN_POINT('',(-6.096,0.,0.));
#619 = DIRECTION('',(1.,0.,0.));
#620 = DIRECTION('',(0.,0.866025403784,0.5));
#621 = ADVANCED_FACE('',(#622),#650,.T.);
#622 = FACE_BOUND('',#623,.T.);
#623 = EDGE_LOOP('',(#624,#631,#637,#644));
#624 = ORIENTED_EDGE('',*,*,#625,.T.);
#625 = EDGE_CURVE('',#288,#286,#626,.T.);
#626 = CIRCLE('',#627,24.965066548717);
#627 = AXIS2_PLACEMENT_3D('',#628,#629,#630);
#628 = CARTESIAN_POINT('',(6.104864472162,0.,0.));
#629 = DIRECTION('',(-1.,-0.,0.));
#630 = DIRECTION('',(0.,-0.866025403784,-0.5));
#631 = ORIENTED_EDGE('',*,*,#632,.T.);
#632 = EDGE_CURVE('',#286,#593,#633,.T.);
#633 = LINE('',#634,#635);
#634 = CARTESIAN_POINT('',(-6.35,-21.99704525612,-12.7));
#635 = VECTOR('',#636,1.);
#636 = DIRECTION('',(-0.999390827019,-3.022385072366E-02,
    -1.744974835125E-02));
#637 = ORIENTED_EDGE('',*,*,#638,.T.);
#638 = EDGE_CURVE('',#593,#602,#639,.T.);
#639 = CIRCLE('',#640,25.39082057036);
#640 = AXIS2_PLACEMENT_3D('',#641,#642,#643);
#641 = CARTESIAN_POINT('',(-6.087135527838,0.,0.));
#642 = DIRECTION('',(1.,0.,-0.));
#643 = DIRECTION('',(0.,0.866025403784,0.5));
#644 = ORIENTED_EDGE('',*,*,#645,.F.);
#645 = EDGE_CURVE('',#288,#602,#646,.T.);
#646 = LINE('',#647,#648);
#647 = CARTESIAN_POINT('',(-6.35,21.997045256125,12.7));
#648 = VECTOR('',#649,1.);
#649 = DIRECTION('',(-0.999390827019,3.022385072366E-02,
    1.744974835125E-02));
#650 = CONICAL_SURFACE('',#651,25.4,3.490658503989E-02);
#651 = AXIS2_PLACEMENT_3D('',#652,#653,#654);
#652 = CARTESIAN_POINT('',(-6.35,0.,0.));
#653 = DIRECTION('',(-1.,0.,-0.));
#654 = DIRECTION('',(0.,0.866025403784,0.5));
#655 = ADVANCED_FACE('',(#656,#706,#716,#840,#964,#1088,#1212,#1336),
  #1460,.T.);
#656 = FACE_BOUND('',#657,.T.);
#657 = EDGE_LOOP('',(#658,#668,#676,#684,#692,#700));
#658 = ORIENTED_EDGE('',*,*,#659,.T.);
#659 = EDGE_CURVE('',#660,#662,#664,.T.);
#660 = VERTEX_POINT('',#661);
#661 = CARTESIAN_POINT('',(6.35,-5.6515,-3.262895046325));
#662 = VERTEX_POINT('',#663);
#663 = CARTESIAN_POINT('',(6.35,-5.6515,3.262895046325));
#664 = LINE('',#665,#666);
#665 = CARTESIAN_POINT('',(6.35,-5.6515,-1.33226762955E-15));
#666 = VECTOR('',#667,1.);
#667 = DIRECTION('',(0.,-2.775557561563E-16,1.));
#668 = ORIENTED_EDGE('',*,*,#669,.T.);
#669 = EDGE_CURVE('',#662,#670,#672,.T.);
#670 = VERTEX_POINT('',#671);
#671 = CARTESIAN_POINT('',(6.35,7.416289804496E-14,6.52579009265));
#672 = LINE('',#673,#674);
#673 = CARTESIAN_POINT('',(6.35,-2.82575,4.894342569488));
#674 = VECTOR('',#675,1.);
#675 = DIRECTION('',(0.,0.866025403784,0.5));
#676 = ORIENTED_EDGE('',*,*,#677,.T.);
#677 = EDGE_CURVE('',#670,#678,#680,.T.);
#678 = VERTEX_POINT('',#679);
#679 = CARTESIAN_POINT('',(6.35,5.6515,3.262895046325));
#680 = LINE('',#681,#682);
#681 = CARTESIAN_POINT('',(6.35,2.82575,4.894342569488));
#682 = VECTOR('',#683,1.);
#683 = DIRECTION('',(0.,0.866025403784,-0.5));
#684 = ORIENTED_EDGE('',*,*,#685,.T.);
#685 = EDGE_CURVE('',#678,#686,#688,.T.);
#686 = VERTEX_POINT('',#687);
#687 = CARTESIAN_POINT('',(6.35,5.6515,-3.262895046325));
#688 = LINE('',#689,#690);
#689 = CARTESIAN_POINT('',(6.35,5.6515,-4.440892098501E-16));
#690 = VECTOR('',#691,1.);
#691 = DIRECTION('',(0.,-1.110223024625E-16,-1.));
#692 = ORIENTED_EDGE('',*,*,#693,.T.);
#693 = EDGE_CURVE('',#686,#694,#696,.T.);
#694 = VERTEX_POINT('',#695);
#695 = CARTESIAN_POINT('',(6.35,7.416289804496E-14,-6.52579009265));
#696 = LINE('',#697,#698);
#697 = CARTESIAN_POINT('',(6.35,2.82575,-4.894342569488));
#698 = VECTOR('',#699,1.);
#699 = DIRECTION('',(0.,-0.866025403784,-0.5));
#700 = ORIENTED_EDGE('',*,*,#701,.T.);
#701 = EDGE_CURVE('',#694,#660,#702,.T.);
#702 = LINE('',#703,#704);
#703 = CARTESIAN_POINT('',(6.35,-2.82575,-4.894342569488));
#704 = VECTOR('',#705,1.);
#705 = DIRECTION('',(0.,-0.866025403784,0.5));
#706 = FACE_BOUND('',#707,.T.);
#707 = EDGE_LOOP('',(#708,#709));
#708 = ORIENTED_EDGE('',*,*,#305,.T.);
#709 = ORIENTED_EDGE('',*,*,#710,.T.);
#710 = EDGE_CURVE('',#297,#306,#711,.T.);
#711 = CIRCLE('',#712,24.711221278654);
#712 = AXIS2_PLACEMENT_3D('',#713,#714,#715);
#713 = CARTESIAN_POINT('',(6.35,0.,0.));
#714 = DIRECTION('',(1.,0.,-0.));
#715 = DIRECTION('',(0.,0.866025403784,0.5));
#716 = FACE_BOUND('',#717,.T.);
#717 = EDGE_LOOP('',(#718,#729,#752,#760,#781,#790,#811,#819));
#718 = ORIENTED_EDGE('',*,*,#719,.T.);
#719 = EDGE_CURVE('',#720,#722,#724,.T.);
#720 = VERTEX_POINT('',#721);
#721 = CARTESIAN_POINT('',(6.35,-15.34002262425,14.815325510702));
#722 = VERTEX_POINT('',#723);
#723 = CARTESIAN_POINT('',(6.35,-5.160436945478,20.692512042579));
#724 = CIRCLE('',#725,21.326278721346);
#725 = AXIS2_PLACEMENT_3D('',#726,#727,#728);
#726 = CARTESIAN_POINT('',(6.35,0.,0.));
#727 = DIRECTION('',(-1.,0.,0.));
#728 = DIRECTION('',(0.,0.866025403784,0.5));
#729 = ORIENTED_EDGE('',*,*,#730,.T.);
#730 = EDGE_CURVE('',#722,#731,#733,.T.);
#731 = VERTEX_POINT('',#732);
#732 = CARTESIAN_POINT('',(6.35,-1.692471278654,17.983194578433));
#733 = B_SPLINE_CURVE_WITH_KNOTS('',3,(#734,#735,#736,#737,#738,#739,
    #740,#741,#742,#743,#744,#745,#746,#747,#748,#749,#750,#751),
  .UNSPECIFIED.,.F.,.F.,(4,2,2,2,2,2,2,2,4),(2.19427091786E-17,
    6.380346546932E-04,1.276069309386E-03,1.914103964079E-03,
    2.552138618773E-03,3.190173273466E-03,3.828207928159E-03,
    4.466242582852E-03,5.104277237545E-03),.UNSPECIFIED.);
#734 = CARTESIAN_POINT('',(6.35,-5.160436945478,20.692512042579));
#735 = CARTESIAN_POINT('',(6.35,-4.953653001511,20.744081204506));
#736 = CARTESIAN_POINT('',(6.35,-4.740824686381,20.771741002797));
#737 = CARTESIAN_POINT('',(6.35,-4.31967547328,20.778739073379));
#738 = CARTESIAN_POINT('',(6.35,-4.110335657907,20.758715703888));
#739 = CARTESIAN_POINT('',(6.35,-3.6942035713,20.670139006523));
#740 = CARTESIAN_POINT('',(6.35,-3.493931710445,20.602798820071));
#741 = CARTESIAN_POINT('',(6.35,-3.112716870112,20.424949178171));
#742 = CARTESIAN_POINT('',(6.35,-2.929360046117,20.312495746229));
#743 = CARTESIAN_POINT('',(6.35,-2.597788331722,20.053035767893));
#744 = CARTESIAN_POINT('',(6.35,-2.447667319842,19.905696674762));
#745 = CARTESIAN_POINT('',(6.35,-2.179843276808,19.57457691622));
#746 = CARTESIAN_POINT('',(6.35,-2.066908262931,19.39656313501));
#747 = CARTESIAN_POINT('',(6.35,-1.882605585964,19.018313082812));
#748 = CARTESIAN_POINT('',(6.35,-1.810912074225,18.815502454171));
#749 = CARTESIAN_POINT('',(6.35,-1.716506446252,18.405336526781));
#750 = CARTESIAN_POINT('',(6.35,-1.692471278654,18.196310769231));
#751 = CARTESIAN_POINT('',(6.35,-1.692471278654,17.983194578433));
#752 = ORIENTED_EDGE('',*,*,#753,.T.);
#753 = EDGE_CURVE('',#731,#754,#756,.T.);
#754 = VERTEX_POINT('',#755);
#755 = CARTESIAN_POINT('',(6.35,-1.692471278654,12.431814412192));
#756 = LINE('',#757,#758);
#757 = CARTESIAN_POINT('',(6.35,-1.692471278654,12.425800777783));
#758 = VECTOR('',#759,1.);
#759 = DIRECTION('',(0.,-1.226796442211E-14,-1.));
#760 = ORIENTED_EDGE('',*,*,#761,.T.);
#761 = EDGE_CURVE('',#754,#762,#764,.T.);
#762 = VERTEX_POINT('',#763);
#763 = CARTESIAN_POINT('',(6.35,-3.537221289729,9.805204273372));
#764 = B_SPLINE_CURVE_WITH_KNOTS('',3,(#765,#766,#767,#768,#769,#770,
    #771,#772,#773,#774,#775,#776,#777,#778,#779,#780),.UNSPECIFIED.,.F.
  ,.F.,(4,2,2,2,2,2,2,4),(0.,4.286688775617E-04,8.573377551235E-04,
    1.286006632685E-03,1.714675510247E-03,2.143344387809E-03,
    2.57201326537E-03,3.429351020494E-03),.UNSPECIFIED.);
#765 = CARTESIAN_POINT('',(6.35,-1.692471278654,12.431814412192));
#766 = CARTESIAN_POINT('',(6.35,-1.692471278654,12.288114979869));
#767 = CARTESIAN_POINT('',(6.35,-1.703491846942,12.145590509257));
#768 = CARTESIAN_POINT('',(6.35,-1.747284912605,11.8628606575));
#769 = CARTESIAN_POINT('',(6.35,-1.780312946189,11.722432063786));
#770 = CARTESIAN_POINT('',(6.35,-1.866241198928,11.451643275498));
#771 = CARTESIAN_POINT('',(6.35,-1.919236573183,11.320268287452));
#772 = CARTESIAN_POINT('',(6.35,-2.045315189184,11.065567289713));
#773 = CARTESIAN_POINT('',(6.35,-2.119163523519,10.941312082025));
#774 = CARTESIAN_POINT('',(6.35,-2.28311983893,10.70832172516));
#775 = CARTESIAN_POINT('',(6.35,-2.373303838769,10.599002215762));
#776 = CARTESIAN_POINT('',(6.35,-2.56986510781,10.394523540249));
#777 = CARTESIAN_POINT('',(6.35,-2.677111001185,10.298726087349));
#778 = CARTESIAN_POINT('',(6.35,-3.018168931774,10.038501679026));
#779 = CARTESIAN_POINT('',(6.35,-3.266876715069,9.902730909063));
#780 = CARTESIAN_POINT('',(6.35,-3.537221289729,9.805204273372));
#781 = ORIENTED_EDGE('',*,*,#782,.T.);
#782 = EDGE_CURVE('',#762,#783,#785,.T.);
#783 = VERTEX_POINT('',#784);
#784 = CARTESIAN_POINT('',(6.35,-6.722945345171,7.965925632398));
#785 = CIRCLE('',#786,10.423721278654);
#786 = AXIS2_PLACEMENT_3D('',#787,#788,#789);
#787 = CARTESIAN_POINT('',(6.35,0.,0.));
#788 = DIRECTION('',(1.,0.,-0.));
#789 = DIRECTION('',(0.,0.866025403784,0.5));
#790 = ORIENTED_EDGE('',*,*,#791,.T.);
#791 = EDGE_CURVE('',#783,#792,#794,.T.);
#792 = VERTEX_POINT('',#793);
#793 = CARTESIAN_POINT('',(6.35,-9.920031456765,7.681630328586));
#794 = B_SPLINE_CURVE_WITH_KNOTS('',3,(#795,#796,#797,#798,#799,#800,
    #801,#802,#803,#804,#805,#806,#807,#808,#809,#810),.UNSPECIFIED.,.F.
  ,.F.,(4,2,2,2,2,2,2,4),(0.,4.286688780642E-04,8.573377561283E-04,
    1.286006634192E-03,1.714675512257E-03,2.143344390321E-03,
    2.572013268385E-03,3.429351024513E-03),.UNSPECIFIED.);
#795 = CARTESIAN_POINT('',(6.35,-6.722945345171,7.965925632398));
#796 = CARTESIAN_POINT('',(6.35,-6.832762075756,7.873244390848));
#797 = CARTESIAN_POINT('',(6.35,-6.948788778311,7.789743001729));
#798 = CARTESIAN_POINT('',(6.35,-7.193099163058,7.640859027389));
#799 = CARTESIAN_POINT('',(6.35,-7.321718238585,7.575527761536));
#800 = CARTESIAN_POINT('',(6.35,-7.58407888859,7.466545554075));
#801 = CARTESIAN_POINT('',(6.35,-7.718657351594,7.422312823788));
#802 = CARTESIAN_POINT('',(6.35,-7.994619148394,7.354390056236));
#803 = CARTESIAN_POINT('',(6.35,-8.137206044437,7.330685410332));
#804 = CARTESIAN_POINT('',(6.35,-8.421006150434,7.305711833779));
#805 = CARTESIAN_POINT('',(6.35,-8.562714964855,7.304124105022));
#806 = CARTESIAN_POINT('',(6.35,-8.84575520675,7.3224566657));
#807 = CARTESIAN_POINT('',(6.35,-8.988134653231,7.342629094296));
#808 = CARTESIAN_POINT('',(6.35,-9.40697184141,7.435433535563));
#809 = CARTESIAN_POINT('',(6.35,-9.671137452426,7.537931308181));
#810 = CARTESIAN_POINT('',(6.35,-9.920031456765,7.681630328586));
#811 = ORIENTED_EDGE('',*,*,#812,.T.);
#812 = EDGE_CURVE('',#792,#813,#815,.T.);
#813 = VERTEX_POINT('',#814);
#814 = CARTESIAN_POINT('',(6.35,-14.72766770679,10.457320411706));
#815 = LINE('',#816,#817);
#816 = CARTESIAN_POINT('',(6.35,0.846235639327,1.46572312249));
#817 = VECTOR('',#818,1.);
#818 = DIRECTION('',(0.,-0.866025403784,0.5));
#819 = ORIENTED_EDGE('',*,*,#820,.T.);
#820 = EDGE_CURVE('',#813,#720,#821,.T.);
#821 = B_SPLINE_CURVE_WITH_KNOTS('',3,(#822,#823,#824,#825,#826,#827,
    #828,#829,#830,#831,#832,#833,#834,#835,#836,#837,#838,#839),
  .UNSPECIFIED.,.F.,.F.,(4,2,2,2,2,2,2,2,4),(0.,6.380346551508E-04,
    1.276069310302E-03,1.914103965452E-03,2.552138620603E-03,
    3.190173275754E-03,3.828207930905E-03,4.466242586055E-03,
    5.104277241206E-03),.UNSPECIFIED.);
#822 = CARTESIAN_POINT('',(6.35,-14.72766770679,10.457320411706));
#823 = CARTESIAN_POINT('',(6.35,-14.91223269079,10.563879054899));
#824 = CARTESIAN_POINT('',(6.35,-15.0845356179,10.691834738477));
#825 = CARTESIAN_POINT('',(6.35,-15.39233041239,10.979372558672));
#826 = CARTESIAN_POINT('',(6.35,-15.52899865437,11.139203363231));
#827 = CARTESIAN_POINT('',(6.35,-15.76678900622,11.492002883814));
#828 = CARTESIAN_POINT('',(6.35,-15.86406373288,11.679569251429));
#829 = CARTESIAN_POINT('',(6.35,-16.01472028179,12.072325986717));
#830 = CARTESIAN_POINT('',(6.35,-16.06848790373,12.280591545263));
#831 = CARTESIAN_POINT('',(6.35,-16.12674151992,12.697563720694));
#832 = CARTESIAN_POINT('',(6.35,-16.1323675718,12.907833722703));
#833 = CARTESIAN_POINT('',(6.35,-16.09498549844,13.332065488931));
#834 = CARTESIAN_POINT('',(6.35,-16.05255397512,13.538566797691));
#835 = CARTESIAN_POINT('',(6.35,-15.92235356679,13.938677325751));
#836 = CARTESIAN_POINT('',(6.35,-15.83303066437,14.134364651531));
#837 = CARTESIAN_POINT('',(6.35,-15.61599529673,14.494981012031));
#838 = CARTESIAN_POINT('',(6.35,-15.48807404005,14.66203073048));
#839 = CARTESIAN_POINT('',(6.35,-15.34002262425,14.815325510702));
#840 = FACE_BOUND('',#841,.T.);
#841 = EDGE_LOOP('',(#842,#853,#876,#884,#905,#914,#935,#943));
#842 = ORIENTED_EDGE('',*,*,#843,.T.);
#843 = EDGE_CURVE('',#844,#846,#848,.T.);
#844 = VERTEX_POINT('',#845);
#845 = CARTESIAN_POINT('',(6.35,-20.50045956972,-5.877186531878));
#846 = VERTEX_POINT('',#847);
#847 = CARTESIAN_POINT('',(6.35,-20.50045956972,5.877186531878));
#848 = CIRCLE('',#849,21.326278721346);
#849 = AXIS2_PLACEMENT_3D('',#850,#851,#852);
#850 = CARTESIAN_POINT('',(6.35,0.,0.));
#851 = DIRECTION('',(-1.,0.,0.));
#852 = DIRECTION('',(0.,0.866025403784,0.5));
#853 = ORIENTED_EDGE('',*,*,#854,.T.);
#854 = EDGE_CURVE('',#846,#855,#857,.T.);
#855 = VERTEX_POINT('',#856);
#856 = CARTESIAN_POINT('',(6.35,-16.42013898544,7.525874166727));
#857 = B_SPLINE_CURVE_WITH_KNOTS('',3,(#858,#859,#860,#861,#862,#863,
    #864,#865,#866,#867,#868,#869,#870,#871,#872,#873,#874,#875),
  .UNSPECIFIED.,.F.,.F.,(4,2,2,2,2,2,2,2,4),(2.333831747142E-17,
    6.380346546932E-04,1.276069309386E-03,1.914103964079E-03,
    2.552138618773E-03,3.190173273466E-03,3.828207928159E-03,
    4.466242582852E-03,5.104277237545E-03),.UNSPECIFIED.);
#858 = CARTESIAN_POINT('',(6.35,-20.50045956972,5.877186531878));
#859 = CARTESIAN_POINT('',(6.35,-20.44172780202,6.082051261412));
#860 = CARTESIAN_POINT('',(6.35,-20.35926773244,6.280195888104));
#861 = CARTESIAN_POINT('',(6.35,-20.15475363279,6.648420840725));
#862 = CARTESIAN_POINT('',(6.35,-20.03274297845,6.819702754116));
#863 = CARTESIAN_POINT('',(6.35,-19.74796726505,7.135795363765));
#864 = CARTESIAN_POINT('',(6.35,-19.58951302246,7.275565789702));
#865 = CARTESIAN_POINT('',(6.35,-19.24488329435,7.51678270478));
#866 = CARTESIAN_POINT('',(6.35,-19.05581735355,7.619347656346));
#867 = CARTESIAN_POINT('',(6.35,-18.66533256385,7.77676719502));
#868 = CARTESIAN_POINT('',(6.35,-18.46267266029,7.833106258384));
#869 = CARTESIAN_POINT('',(6.35,-18.04200251618,7.899488804126));
#870 = CARTESIAN_POINT('',(6.35,-17.83137055249,7.908286504515));
#871 = CARTESIAN_POINT('',(6.35,-17.41164505982,7.878772278654));
#872 = CARTESIAN_POINT('',(6.35,-17.20015914739,7.839455366786));
#873 = CARTESIAN_POINT('',(6.35,-16.79774222052,7.716130075176));
#874 = CARTESIAN_POINT('',(6.35,-16.60470302063,7.632432262126));
#875 = CARTESIAN_POINT('',(6.35,-16.42013898544,7.525874166727));
#876 = ORIENTED_EDGE('',*,*,#877,.T.);
#877 = EDGE_CURVE('',#855,#878,#880,.T.);
#878 = VERTEX_POINT('',#879);
#879 = CARTESIAN_POINT('',(6.35,-11.61250273541,4.750184083607));
#880 = LINE('',#881,#882);
#881 = CARTESIAN_POINT('',(6.35,-11.60729477525,4.747177266402));
#882 = VECTOR('',#883,1.);
#883 = DIRECTION('',(0.,0.866025403784,-0.5));
#884 = ORIENTED_EDGE('',*,*,#885,.T.);
#885 = EDGE_CURVE('',#878,#886,#888,.T.);
#886 = VERTEX_POINT('',#887);
#887 = CARTESIAN_POINT('',(6.35,-10.2601666349,1.839278640974));
#888 = B_SPLINE_CURVE_WITH_KNOTS('',3,(#889,#890,#891,#892,#893,#894,
    #895,#896,#897,#898,#899,#900,#901,#902,#903,#904),.UNSPECIFIED.,.F.
  ,.F.,(4,2,2,2,2,2,2,4),(0.,4.286688775618E-04,8.573377551236E-04,
    1.286006632685E-03,1.714675510247E-03,2.143344387809E-03,
    2.572013265371E-03,3.429351020494E-03),.UNSPECIFIED.);
#889 = CARTESIAN_POINT('',(6.35,-11.61250273541,4.750184083607));
#890 = CARTESIAN_POINT('',(6.35,-11.48805537651,4.678334367445));
#891 = CARTESIAN_POINT('',(6.35,-11.37013584845,4.597528040037));
#892 = CARTESIAN_POINT('',(6.35,-11.14718114725,4.418237206785));
#893 = CARTESIAN_POINT('',(6.35,-11.04208043447,4.319419793807));
#894 = CARTESIAN_POINT('',(6.35,-10.85053459112,4.109609349889));
#895 = CARTESIAN_POINT('',(6.35,-10.76325820118,3.998026515478));
#896 = CARTESIAN_POINT('',(6.35,-10.60571997476,3.761488732277));
#897 = CARTESIAN_POINT('',(6.35,-10.53503597552,3.635406594872));
#898 = CARTESIAN_POINT('',(6.35,-10.41523856535,3.376921082182));
#899 = CARTESIAN_POINT('',(6.35,-10.365657093,3.244159692608));
#900 = CARTESIAN_POINT('',(6.35,-10.28685399999,2.971693302462));
#901 = CARTESIAN_POINT('',(6.35,-10.25751391885,2.830916907897));
#902 = CARTESIAN_POINT('',(6.35,-10.20268193585,2.405439871684));
#903 = CARTESIAN_POINT('',(6.35,-10.20945489162,2.12216722825));
#904 = CARTESIAN_POINT('',(6.35,-10.2601666349,1.839278640974));
#905 = ORIENTED_EDGE('',*,*,#906,.T.);
#906 = EDGE_CURVE('',#886,#907,#909,.T.);
#907 = VERTEX_POINT('',#908);
#908 = CARTESIAN_POINT('',(6.35,-10.2601666349,-1.839278640973));
#909 = CIRCLE('',#910,10.423721278654);
#910 = AXIS2_PLACEMENT_3D('',#911,#912,#913);
#911 = CARTESIAN_POINT('',(6.35,0.,0.));
#912 = DIRECTION('',(1.,0.,-0.));
#913 = DIRECTION('',(0.,0.866025403784,0.5));
#914 = ORIENTED_EDGE('',*,*,#915,.T.);
#915 = EDGE_CURVE('',#907,#916,#918,.T.);
#916 = VERTEX_POINT('',#917);
#917 = CARTESIAN_POINT('',(6.35,-11.61250273541,-4.750184083606));
#918 = B_SPLINE_CURVE_WITH_KNOTS('',3,(#919,#920,#921,#922,#923,#924,
    #925,#926,#927,#928,#929,#930,#931,#932,#933,#934),.UNSPECIFIED.,.F.
  ,.F.,(4,2,2,2,2,2,2,4),(0.,4.286688780642E-04,8.573377561283E-04,
    1.286006634192E-03,1.714675512257E-03,2.143344390321E-03,
    2.572013268385E-03,3.429351024513E-03),.UNSPECIFIED.);
#919 = CARTESIAN_POINT('',(6.35,-10.2601666349,-1.839278640973));
#920 = CARTESIAN_POINT('',(6.35,-10.23481069055,-1.980723340196));
#921 = CARTESIAN_POINT('',(6.35,-10.2205097176,-2.122956106685));
#922 = CARTESIAN_POINT('',(6.35,-10.21372760598,-2.408977093454));
#923 = CARTESIAN_POINT('',(6.35,-10.22145860785,-2.553030113199));
#924 = CARTESIAN_POINT('',(6.35,-10.25825757263,-2.834732204786));
#925 = CARTESIAN_POINT('',(6.35,-10.28724013603,-2.973396937694));
#926 = CARTESIAN_POINT('',(6.35,-10.36639819223,-3.246348247972));
#927 = CARTESIAN_POINT('',(6.35,-10.41716281471,-3.381684445145));
#928 = CARTESIAN_POINT('',(6.35,-10.53743511599,-3.639949334811));
#929 = CARTESIAN_POINT('',(6.35,-10.60691450977,-3.763466632418));
#930 = CARTESIAN_POINT('',(6.35,-10.76431109398,-3.999420391854));
#931 = CARTESIAN_POINT('',(6.35,-10.85297065284,-4.112638395185));
#932 = CARTESIAN_POINT('',(6.35,-11.14276025065,-4.428959819564));
#933 = CARTESIAN_POINT('',(6.35,-11.36360873108,-4.606485063202));
#934 = CARTESIAN_POINT('',(6.35,-11.61250273541,-4.750184083606));
#935 = ORIENTED_EDGE('',*,*,#936,.T.);
#936 = EDGE_CURVE('',#916,#937,#939,.T.);
#937 = VERTEX_POINT('',#938);
#938 = CARTESIAN_POINT('',(6.35,-16.42013898544,-7.525874166726));
#939 = LINE('',#940,#941);
#940 = CARTESIAN_POINT('',(6.35,-0.846235639327,1.46572312249));
#941 = VECTOR('',#942,1.);
#942 = DIRECTION('',(0.,-0.866025403784,-0.5));
#943 = ORIENTED_EDGE('',*,*,#944,.T.);
#944 = EDGE_CURVE('',#937,#844,#945,.T.);
#945 = B_SPLINE_CURVE_WITH_KNOTS('',3,(#946,#947,#948,#949,#950,#951,
    #952,#953,#954,#955,#956,#957,#958,#959,#960,#961,#962,#963),
  .UNSPECIFIED.,.F.,.F.,(4,2,2,2,2,2,2,2,4),(0.,6.380346551508E-04,
    1.276069310302E-03,1.914103965452E-03,2.552138620603E-03,
    3.190173275754E-03,3.828207930905E-03,4.466242586055E-03,
    5.104277241206E-03),.UNSPECIFIED.);
#946 = CARTESIAN_POINT('',(6.35,-16.42013898544,-7.525874166726));
#947 = CARTESIAN_POINT('',(6.35,-16.60470396944,-7.632432809919));
#948 = CARTESIAN_POINT('',(6.35,-16.80166830554,-7.717673680161));
#949 = CARTESIAN_POINT('',(6.35,-17.20458075962,-7.840462881245));
#950 = CARTESIAN_POINT('',(6.35,-17.41133241766,-7.878905648404));
#951 = CARTESIAN_POINT('',(6.35,-17.83576094085,-7.908438373593));
#952 = CARTESIAN_POINT('',(6.35,-18.04683554343,-7.898897574216));
#953 = CARTESIAN_POINT('',(6.35,-18.46230112816,-7.832991605174));
#954 = CARTESIAN_POINT('',(6.35,-18.66954820356,-7.775422952408));
#955 = CARTESIAN_POINT('',(6.35,-19.05978350825,-7.617385976171));
#956 = CARTESIAN_POINT('',(6.35,-19.24469569758,-7.517123279016));
#957 = CARTESIAN_POINT('',(6.35,-19.59340014755,-7.272633570728));
#958 = CARTESIAN_POINT('',(6.35,-19.75101976519,-7.132636139237));
#959 = CARTESIAN_POINT('',(6.35,-20.03242544265,-6.819824014007));
#960 = CARTESIAN_POINT('',(6.35,-20.15723418676,-6.644624448484));
#961 = CARTESIAN_POINT('',(6.35,-20.36101943215,-6.276358126333));
#962 = CARTESIAN_POINT('',(6.35,-20.44172810369,-6.082050209146));
#963 = CARTESIAN_POINT('',(6.35,-20.50045956972,-5.877186531878));
#964 = FACE_BOUND('',#965,.T.);
#965 = EDGE_LOOP('',(#966,#977,#1000,#1008,#1029,#1038,#1059,#1067));
#966 = ORIENTED_EDGE('',*,*,#967,.T.);
#967 = EDGE_CURVE('',#968,#970,#972,.T.);
#968 = VERTEX_POINT('',#969);
#969 = CARTESIAN_POINT('',(6.35,5.160436945478,20.692512042579));
#970 = VERTEX_POINT('',#971);
#971 = CARTESIAN_POINT('',(6.35,15.34002262425,14.815325510701));
#972 = CIRCLE('',#973,21.326278721346);
#973 = AXIS2_PLACEMENT_3D('',#974,#975,#976);
#974 = CARTESIAN_POINT('',(6.35,0.,0.));
#975 = DIRECTION('',(-1.,0.,0.));
#976 = DIRECTION('',(0.,0.866025403784,0.5));
#977 = ORIENTED_EDGE('',*,*,#978,.T.);
#978 = EDGE_CURVE('',#970,#979,#981,.T.);
#979 = VERTEX_POINT('',#980);
#980 = CARTESIAN_POINT('',(6.35,14.727667706795,10.457320411706));
#981 = B_SPLINE_CURVE_WITH_KNOTS('',3,(#982,#983,#984,#985,#986,#987,
    #988,#989,#990,#991,#992,#993,#994,#995,#996,#997,#998,#999),
  .UNSPECIFIED.,.F.,.F.,(4,2,2,2,2,2,2,2,4),(2.195984522899E-17,
    6.380346546932E-04,1.276069309386E-03,1.914103964079E-03,
    2.552138618773E-03,3.190173273466E-03,3.828207928159E-03,
    4.466242582852E-03,5.104277237545E-03),.UNSPECIFIED.);
#982 = CARTESIAN_POINT('',(6.35,15.34002262425,14.815325510701));
#983 = CARTESIAN_POINT('',(6.35,15.488074800514,14.662029943094));
#984 = CARTESIAN_POINT('',(6.35,15.618443046062,14.491545114693));
#985 = CARTESIAN_POINT('',(6.35,15.835078159515,14.130318232655));
#986 = CARTESIAN_POINT('',(6.35,15.922407320553,13.939012949772));
#987 = CARTESIAN_POINT('',(6.35,16.053763693755,13.534343642759));
#988 = CARTESIAN_POINT('',(6.35,16.095581312019,13.327233030369));
#989 = CARTESIAN_POINT('',(6.35,16.132166424246,12.908166473391));
#990 = CARTESIAN_POINT('',(6.35,16.126457307439,12.693148089883));
#991 = CARTESIAN_POINT('',(6.35,16.067544232132,12.276268572873));
#992 = CARTESIAN_POINT('',(6.35,16.01500534045,12.072590416377));
#993 = CARTESIAN_POINT('',(6.35,15.862159239375,11.675088112094));
#994 = CARTESIAN_POINT('',(6.35,15.764462289562,11.488276630495));
#995 = CARTESIAN_POINT('',(6.35,15.529039473859,11.139540804157));
#996 = CARTESIAN_POINT('',(6.35,15.389247073168,10.976047087385));
#997 = CARTESIAN_POINT('',(6.35,15.081235774268,10.689206451605));
#998 = CARTESIAN_POINT('',(6.35,14.912231741984,10.563878507105));
#999 = CARTESIAN_POINT('',(6.35,14.727667706795,10.457320411706));
#1000 = ORIENTED_EDGE('',*,*,#1001,.T.);
#1001 = EDGE_CURVE('',#979,#1002,#1004,.T.);
#1002 = VERTEX_POINT('',#1003);
#1003 = CARTESIAN_POINT('',(6.35,9.920031456765,7.681630328586));
#1004 = LINE('',#1005,#1006);
#1005 = CARTESIAN_POINT('',(6.35,9.914823496598,7.678623511381));
#1006 = VECTOR('',#1007,1.);
#1007 = DIRECTION('',(0.,-0.866025403784,-0.5));
#1008 = ORIENTED_EDGE('',*,*,#1009,.T.);
#1009 = EDGE_CURVE('',#1002,#1010,#1012,.T.);
#1010 = VERTEX_POINT('',#1011);
#1011 = CARTESIAN_POINT('',(6.35,6.722945345171,7.965925632398));
#1012 = B_SPLINE_CURVE_WITH_KNOTS('',3,(#1013,#1014,#1015,#1016,#1017,
    #1018,#1019,#1020,#1021,#1022,#1023,#1024,#1025,#1026,#1027,#1028),
  .UNSPECIFIED.,.F.,.F.,(4,2,2,2,2,2,2,4),(0.,4.286688775618E-04,
    8.573377551236E-04,1.286006632685E-03,1.714675510247E-03,
    2.143344387809E-03,2.572013265371E-03,3.429351020494E-03),
  .UNSPECIFIED.);
#1013 = CARTESIAN_POINT('',(6.35,9.920031456765,7.681630328586));
#1014 = CARTESIAN_POINT('',(6.35,9.795584097864,7.609780612424));
#1015 = CARTESIAN_POINT('',(6.35,9.666644001509,7.54806246922));
#1016 = CARTESIAN_POINT('',(6.35,9.399896234648,7.444623450715));
#1017 = CARTESIAN_POINT('',(6.35,9.261767488282,7.403012269979));
#1018 = CARTESIAN_POINT('',(6.35,8.984293392195,7.342033925609));
#1019 = CARTESIAN_POINT('',(6.35,8.844021627998,7.322241771975));
#1020 = CARTESIAN_POINT('',(6.35,8.560404785585,7.304078557436));
#1021 = CARTESIAN_POINT('',(6.35,8.415872452008,7.305905487153));
#1022 = CARTESIAN_POINT('',(6.35,8.132118726421,7.331400642978));
#1023 = CARTESIAN_POINT('',(6.35,7.992353254233,7.354842523154));
#1024 = CARTESIAN_POINT('',(6.35,7.716988892186,7.422830237787));
#1025 = CARTESIAN_POINT('',(6.35,7.580402917669,7.467809179452));
#1026 = CARTESIAN_POINT('',(6.35,7.184513004082,7.633061807343));
#1027 = CARTESIAN_POINT('',(6.35,6.942578176556,7.780563680813));
#1028 = CARTESIAN_POINT('',(6.35,6.722945345171,7.965925632398));
#1029 = ORIENTED_EDGE('',*,*,#1030,.T.);
#1030 = EDGE_CURVE('',#1010,#1031,#1033,.T.);
#1031 = VERTEX_POINT('',#1032);
#1032 = CARTESIAN_POINT('',(6.35,3.537221289729,9.805204273372));
#1033 = CIRCLE('',#1034,10.423721278654);
#1034 = AXIS2_PLACEMENT_3D('',#1035,#1036,#1037);
#1035 = CARTESIAN_POINT('',(6.35,0.,0.));
#1036 = DIRECTION('',(1.,0.,-0.));
#1037 = DIRECTION('',(0.,0.866025403784,0.5));
#1038 = ORIENTED_EDGE('',*,*,#1039,.T.);
#1039 = EDGE_CURVE('',#1031,#1040,#1042,.T.);
#1040 = VERTEX_POINT('',#1041);
#1041 = CARTESIAN_POINT('',(6.35,1.692471278654,12.431814412192));
#1042 = B_SPLINE_CURVE_WITH_KNOTS('',3,(#1043,#1044,#1045,#1046,#1047,
    #1048,#1049,#1050,#1051,#1052,#1053,#1054,#1055,#1056,#1057,#1058),
  .UNSPECIFIED.,.F.,.F.,(4,2,2,2,2,2,2,4),(0.,4.286688780642E-04,
    8.573377561283E-04,1.286006634192E-03,1.714675512257E-03,
    2.143344390321E-03,2.572013268385E-03,3.429351024513E-03),
  .UNSPECIFIED.);
#1043 = CARTESIAN_POINT('',(6.35,3.537221289729,9.805204273372));
#1044 = CARTESIAN_POINT('',(6.35,3.4020486148,9.853967731044));
#1045 = CARTESIAN_POINT('',(6.35,3.271720939294,9.912699108414));
#1046 = CARTESIAN_POINT('',(6.35,3.020628442925,10.049836120843));
#1047 = CARTESIAN_POINT('',(6.35,2.899740369272,10.128557874735));
#1048 = CARTESIAN_POINT('',(6.35,2.674178684048,10.301277758861));
#1049 = CARTESIAN_POINT('',(6.35,2.568582784438,10.395709761482));
#1050 = CARTESIAN_POINT('',(6.35,2.371779043843,10.600738304209));
#1051 = CARTESIAN_POINT('',(6.35,2.279956770281,10.712369855477));
#1052 = CARTESIAN_POINT('',(6.35,2.116428965564,10.94566116859));
#1053 = CARTESIAN_POINT('',(6.35,2.044199544916,11.06759073744));
#1054 = CARTESIAN_POINT('',(6.35,1.918555887232,11.321877057554));
#1055 = CARTESIAN_POINT('',(6.35,1.864835999611,11.455267489481));
#1056 = CARTESIAN_POINT('',(6.35,1.735788409243,11.864393355127));
#1057 = CARTESIAN_POINT('',(6.35,1.692471278654,12.144416371383));
#1058 = CARTESIAN_POINT('',(6.35,1.692471278654,12.431814412192));
#1059 = ORIENTED_EDGE('',*,*,#1060,.T.);
#1060 = EDGE_CURVE('',#1040,#1061,#1063,.T.);
#1061 = VERTEX_POINT('',#1062);
#1062 = CARTESIAN_POINT('',(6.35,1.692471278654,17.983194578433));
#1063 = LINE('',#1064,#1065);
#1064 = CARTESIAN_POINT('',(6.35,1.692471278654,-2.009503674572E-14));
#1065 = VECTOR('',#1066,1.);
#1066 = DIRECTION('',(0.,1.182387521226E-14,1.));
#1067 = ORIENTED_EDGE('',*,*,#1068,.T.);
#1068 = EDGE_CURVE('',#1061,#968,#1069,.T.);
#1069 = B_SPLINE_CURVE_WITH_KNOTS('',3,(#1070,#1071,#1072,#1073,#1074,
    #1075,#1076,#1077,#1078,#1079,#1080,#1081,#1082,#1083,#1084,#1085,
    #1086,#1087),.UNSPECIFIED.,.F.,.F.,(4,2,2,2,2,2,2,2,4),(0.,
    6.380346551508E-04,1.276069310302E-03,1.914103965452E-03,
    2.552138620603E-03,3.190173275754E-03,3.828207930905E-03,
    4.466242586055E-03,5.104277241206E-03),.UNSPECIFIED.);
#1070 = CARTESIAN_POINT('',(6.35,1.692471278654,17.983194578433));
#1071 = CARTESIAN_POINT('',(6.35,1.692471278654,18.196311864819));
#1072 = CARTESIAN_POINT('',(6.35,1.717132687632,18.409508418638));
#1073 = CARTESIAN_POINT('',(6.35,1.812250347224,18.819835439918));
#1074 = CARTESIAN_POINT('',(6.35,1.882333763294,19.018109011635));
#1075 = CARTESIAN_POINT('',(6.35,2.068971934634,19.400441257406));
#1076 = CARTESIAN_POINT('',(6.35,2.182771810557,19.578466825644));
#1077 = CARTESIAN_POINT('',(6.35,2.447580846369,19.905317591892));
#1078 = CARTESIAN_POINT('',(6.35,2.601060299829,20.056014497671));
#1079 = CARTESIAN_POINT('',(6.35,2.933041988332,20.314949696865));
#1080 = CARTESIAN_POINT('',(6.35,3.112328125786,20.424957001719));
#1081 = CARTESIAN_POINT('',(6.35,3.49841464911,20.604699059659));
#1082 = CARTESIAN_POINT('',(6.35,3.698465790069,20.671202936929));
#1083 = CARTESIAN_POINT('',(6.35,4.110071875857,20.758501339759));
#1084 = CARTESIAN_POINT('',(6.35,4.32420352239,20.778989100015));
#1085 = CARTESIAN_POINT('',(6.35,4.745024135426,20.771339138364));
#1086 = CARTESIAN_POINT('',(6.35,4.953654063634,20.744080939626));
#1087 = CARTESIAN_POINT('',(6.35,5.160436945478,20.692512042579));
#1088 = FACE_BOUND('',#1089,.T.);
#1089 = EDGE_LOOP('',(#1090,#1101,#1124,#1132,#1153,#1162,#1183,#1191));
#1090 = ORIENTED_EDGE('',*,*,#1091,.T.);
#1091 = EDGE_CURVE('',#1092,#1094,#1096,.T.);
#1092 = VERTEX_POINT('',#1093);
#1093 = CARTESIAN_POINT('',(6.35,20.500459569728,5.877186531878));
#1094 = VERTEX_POINT('',#1095);
#1095 = CARTESIAN_POINT('',(6.35,20.500459569728,-5.877186531878));
#1096 = CIRCLE('',#1097,21.326278721346);
#1097 = AXIS2_PLACEMENT_3D('',#1098,#1099,#1100);
#1098 = CARTESIAN_POINT('',(6.35,0.,0.));
#1099 = DIRECTION('',(-1.,0.,0.));
#1100 = DIRECTION('',(0.,0.866025403784,0.5));
#1101 = ORIENTED_EDGE('',*,*,#1102,.T.);
#1102 = EDGE_CURVE('',#1094,#1103,#1105,.T.);
#1103 = VERTEX_POINT('',#1104);
#1104 = CARTESIAN_POINT('',(6.35,16.420138985448,-7.525874166727));
#1105 = B_SPLINE_CURVE_WITH_KNOTS('',3,(#1106,#1107,#1108,#1109,#1110,
    #1111,#1112,#1113,#1114,#1115,#1116,#1117,#1118,#1119,#1120,#1121,
    #1122,#1123),.UNSPECIFIED.,.F.,.F.,(4,2,2,2,2,2,2,2,4),(
    2.221529986854E-17,6.380346546932E-04,1.276069309386E-03,
    1.914103964079E-03,2.552138618773E-03,3.190173273466E-03,
    3.828207928159E-03,4.466242582852E-03,5.104277237545E-03),
  .UNSPECIFIED.);
#1106 = CARTESIAN_POINT('',(6.35,20.500459569728,-5.877186531878));
#1107 = CARTESIAN_POINT('',(6.35,20.441727802025,-6.082051261412));
#1108 = CARTESIAN_POINT('',(6.35,20.359267732443,-6.280195888104));
#1109 = CARTESIAN_POINT('',(6.35,20.154753632795,-6.648420840725));
#1110 = CARTESIAN_POINT('',(6.35,20.032742978459,-6.819702754116));
#1111 = CARTESIAN_POINT('',(6.35,19.747967265055,-7.135795363765));
#1112 = CARTESIAN_POINT('',(6.35,19.589513022464,-7.275565789702));
#1113 = CARTESIAN_POINT('',(6.35,19.244883294358,-7.51678270478));
#1114 = CARTESIAN_POINT('',(6.35,19.055817353556,-7.619347656346));
#1115 = CARTESIAN_POINT('',(6.35,18.665332563855,-7.77676719502));
#1116 = CARTESIAN_POINT('',(6.35,18.462672660292,-7.833106258384));
#1117 = CARTESIAN_POINT('',(6.35,18.042002516183,-7.899488804126));
#1118 = CARTESIAN_POINT('',(6.35,17.831370552492,-7.908286504515));
#1119 = CARTESIAN_POINT('',(6.35,17.411645059823,-7.878772278654));
#1120 = CARTESIAN_POINT('',(6.35,17.200159147393,-7.839455366786));
#1121 = CARTESIAN_POINT('',(6.35,16.79774222052,-7.716130075176));
#1122 = CARTESIAN_POINT('',(6.35,16.604703020637,-7.632432262126));
#1123 = CARTESIAN_POINT('',(6.35,16.420138985448,-7.525874166727));
#1124 = ORIENTED_EDGE('',*,*,#1125,.T.);
#1125 = EDGE_CURVE('',#1103,#1126,#1128,.T.);
#1126 = VERTEX_POINT('',#1127);
#1127 = CARTESIAN_POINT('',(6.35,11.612502735419,-4.750184083607));
#1128 = LINE('',#1129,#1130);
#1129 = CARTESIAN_POINT('',(6.35,11.607294775251,-4.747177266402));
#1130 = VECTOR('',#1131,1.);
#1131 = DIRECTION('',(0.,-0.866025403784,0.5));
#1132 = ORIENTED_EDGE('',*,*,#1133,.T.);
#1133 = EDGE_CURVE('',#1126,#1134,#1136,.T.);
#1134 = VERTEX_POINT('',#1135);
#1135 = CARTESIAN_POINT('',(6.35,10.2601666349,-1.839278640974));
#1136 = B_SPLINE_CURVE_WITH_KNOTS('',3,(#1137,#1138,#1139,#1140,#1141,
    #1142,#1143,#1144,#1145,#1146,#1147,#1148,#1149,#1150,#1151,#1152),
  .UNSPECIFIED.,.F.,.F.,(4,2,2,2,2,2,2,4),(0.,4.286688775618E-04,
    8.573377551236E-04,1.286006632685E-03,1.714675510247E-03,
    2.143344387809E-03,2.572013265371E-03,3.429351020494E-03),
  .UNSPECIFIED.);
#1137 = CARTESIAN_POINT('',(6.35,11.612502735419,-4.750184083607));
#1138 = CARTESIAN_POINT('',(6.35,11.488055376517,-4.678334367445));
#1139 = CARTESIAN_POINT('',(6.35,11.370135848451,-4.597528040037));
#1140 = CARTESIAN_POINT('',(6.35,11.147181147253,-4.418237206785));
#1141 = CARTESIAN_POINT('',(6.35,11.042080434471,-4.319419793807));
#1142 = CARTESIAN_POINT('',(6.35,10.850534591122,-4.109609349889));
#1143 = CARTESIAN_POINT('',(6.35,10.76325820118,-3.998026515478));
#1144 = CARTESIAN_POINT('',(6.35,10.605719974769,-3.761488732277));
#1145 = CARTESIAN_POINT('',(6.35,10.535035975527,-3.635406594872));
#1146 = CARTESIAN_POINT('',(6.35,10.415238565351,-3.376921082182));
#1147 = CARTESIAN_POINT('',(6.35,10.365657093002,-3.244159692608));
#1148 = CARTESIAN_POINT('',(6.35,10.286853999996,-2.971693302462));
#1149 = CARTESIAN_POINT('',(6.35,10.257513918854,-2.830916907897));
#1150 = CARTESIAN_POINT('',(6.35,10.202681935857,-2.405439871684));
#1151 = CARTESIAN_POINT('',(6.35,10.209454891625,-2.12216722825));
#1152 = CARTESIAN_POINT('',(6.35,10.2601666349,-1.839278640974));
#1153 = ORIENTED_EDGE('',*,*,#1154,.T.);
#1154 = EDGE_CURVE('',#1134,#1155,#1157,.T.);
#1155 = VERTEX_POINT('',#1156);
#1156 = CARTESIAN_POINT('',(6.35,10.2601666349,1.839278640973));
#1157 = CIRCLE('',#1158,10.423721278654);
#1158 = AXIS2_PLACEMENT_3D('',#1159,#1160,#1161);
#1159 = CARTESIAN_POINT('',(6.35,0.,0.));
#1160 = DIRECTION('',(1.,0.,-0.));
#1161 = DIRECTION('',(0.,0.866025403784,0.5));
#1162 = ORIENTED_EDGE('',*,*,#1163,.T.);
#1163 = EDGE_CURVE('',#1155,#1164,#1166,.T.);
#1164 = VERTEX_POINT('',#1165);
#1165 = CARTESIAN_POINT('',(6.35,11.612502735419,4.750184083606));
#1166 = B_SPLINE_CURVE_WITH_KNOTS('',3,(#1167,#1168,#1169,#1170,#1171,
    #1172,#1173,#1174,#1175,#1176,#1177,#1178,#1179,#1180,#1181,#1182),
  .UNSPECIFIED.,.F.,.F.,(4,2,2,2,2,2,2,4),(4.336808689942E-19,
    4.286688780642E-04,8.573377561283E-04,1.286006634192E-03,
    1.714675512257E-03,2.143344390321E-03,2.572013268385E-03,
    3.429351024513E-03),.UNSPECIFIED.);
#1167 = CARTESIAN_POINT('',(6.35,10.2601666349,1.839278640973));
#1168 = CARTESIAN_POINT('',(6.35,10.234810690556,1.980723340196));
#1169 = CARTESIAN_POINT('',(6.35,10.220509717604,2.122956106685));
#1170 = CARTESIAN_POINT('',(6.35,10.213727605983,2.408977093454));
#1171 = CARTESIAN_POINT('',(6.35,10.221458607858,2.553030113199));
#1172 = CARTESIAN_POINT('',(6.35,10.258257572638,2.834732204786));
#1173 = CARTESIAN_POINT('',(6.35,10.287240136032,2.973396937694));
#1174 = CARTESIAN_POINT('',(6.35,10.366398192237,3.246348247972));
#1175 = CARTESIAN_POINT('',(6.35,10.417162814718,3.381684445145));
#1176 = CARTESIAN_POINT('',(6.35,10.537435115998,3.639949334811));
#1177 = CARTESIAN_POINT('',(6.35,10.60691450977,3.763466632418));
#1178 = CARTESIAN_POINT('',(6.35,10.764311093982,3.999420391854));
#1179 = CARTESIAN_POINT('',(6.35,10.852970652842,4.112638395185));
#1180 = CARTESIAN_POINT('',(6.35,11.142760250653,4.428959819564));
#1181 = CARTESIAN_POINT('',(6.35,11.36360873108,4.606485063202));
#1182 = CARTESIAN_POINT('',(6.35,11.612502735419,4.750184083606));
#1183 = ORIENTED_EDGE('',*,*,#1184,.T.);
#1184 = EDGE_CURVE('',#1164,#1185,#1187,.T.);
#1185 = VERTEX_POINT('',#1186);
#1186 = CARTESIAN_POINT('',(6.35,16.420138985448,7.525874166726));
#1187 = LINE('',#1188,#1189);
#1188 = CARTESIAN_POINT('',(6.35,0.846235639327,-1.46572312249));
#1189 = VECTOR('',#1190,1.);
#1190 = DIRECTION('',(0.,0.866025403784,0.5));
#1191 = ORIENTED_EDGE('',*,*,#1192,.T.);
#1192 = EDGE_CURVE('',#1185,#1092,#1193,.T.);
#1193 = B_SPLINE_CURVE_WITH_KNOTS('',3,(#1194,#1195,#1196,#1197,#1198,
    #1199,#1200,#1201,#1202,#1203,#1204,#1205,#1206,#1207,#1208,#1209,
    #1210,#1211),.UNSPECIFIED.,.F.,.F.,(4,2,2,2,2,2,2,2,4),(0.,
    6.380346551508E-04,1.276069310302E-03,1.914103965452E-03,
    2.552138620603E-03,3.190173275754E-03,3.828207930905E-03,
    4.466242586055E-03,5.104277241206E-03),.UNSPECIFIED.);
#1194 = CARTESIAN_POINT('',(6.35,16.420138985448,7.525874166726));
#1195 = CARTESIAN_POINT('',(6.35,16.604703969444,7.632432809919));
#1196 = CARTESIAN_POINT('',(6.35,16.80166830554,7.717673680161));
#1197 = CARTESIAN_POINT('',(6.35,17.204580759624,7.840462881245));
#1198 = CARTESIAN_POINT('',(6.35,17.411332417664,7.878905648404));
#1199 = CARTESIAN_POINT('',(6.35,17.835760940859,7.908438373593));
#1200 = CARTESIAN_POINT('',(6.35,18.046835543437,7.898897574216));
#1201 = CARTESIAN_POINT('',(6.35,18.46230112816,7.832991605174));
#1202 = CARTESIAN_POINT('',(6.35,18.669548203567,7.775422952408));
#1203 = CARTESIAN_POINT('',(6.35,19.059783508254,7.617385976171));
#1204 = CARTESIAN_POINT('',(6.35,19.244695697586,7.517123279016));
#1205 = CARTESIAN_POINT('',(6.35,19.593400147553,7.272633570728));
#1206 = CARTESIAN_POINT('',(6.35,19.751019765198,7.132636139237));
#1207 = CARTESIAN_POINT('',(6.35,20.032425442653,6.819824014007));
#1208 = CARTESIAN_POINT('',(6.35,20.157234186768,6.644624448484));
#1209 = CARTESIAN_POINT('',(6.35,20.361019432158,6.276358126333));
#1210 = CARTESIAN_POINT('',(6.35,20.441728103694,6.082050209146));
#1211 = CARTESIAN_POINT('',(6.35,20.500459569728,5.877186531878));
#1212 = FACE_BOUND('',#1213,.T.);
#1213 = EDGE_LOOP('',(#1214,#1225,#1248,#1256,#1277,#1286,#1307,#1315));
#1214 = ORIENTED_EDGE('',*,*,#1215,.T.);
#1215 = EDGE_CURVE('',#1216,#1218,#1220,.T.);
#1216 = VERTEX_POINT('',#1217);
#1217 = CARTESIAN_POINT('',(6.35,-5.160436945478,-20.69251204257));
#1218 = VERTEX_POINT('',#1219);
#1219 = CARTESIAN_POINT('',(6.35,-15.34002262425,-14.8153255107));
#1220 = CIRCLE('',#1221,21.326278721346);
#1221 = AXIS2_PLACEMENT_3D('',#1222,#1223,#1224);
#1222 = CARTESIAN_POINT('',(6.35,0.,0.));
#1223 = DIRECTION('',(-1.,0.,0.));
#1224 = DIRECTION('',(0.,0.866025403784,0.5));
#1225 = ORIENTED_EDGE('',*,*,#1226,.T.);
#1226 = EDGE_CURVE('',#1218,#1227,#1229,.T.);
#1227 = VERTEX_POINT('',#1228);
#1228 = CARTESIAN_POINT('',(6.35,-14.72766770679,-10.4573204117));
#1229 = B_SPLINE_CURVE_WITH_KNOTS('',3,(#1230,#1231,#1232,#1233,#1234,
    #1235,#1236,#1237,#1238,#1239,#1240,#1241,#1242,#1243,#1244,#1245,
    #1246,#1247),.UNSPECIFIED.,.F.,.F.,(4,2,2,2,2,2,2,2,4),(
    2.195984522899E-17,6.380346546932E-04,1.276069309386E-03,
    1.914103964079E-03,2.552138618773E-03,3.190173273466E-03,
    3.828207928159E-03,4.466242582852E-03,5.104277237545E-03),
  .UNSPECIFIED.);
#1230 = CARTESIAN_POINT('',(6.35,-15.34002262425,-14.8153255107));
#1231 = CARTESIAN_POINT('',(6.35,-15.48807480051,-14.66202994309));
#1232 = CARTESIAN_POINT('',(6.35,-15.61844304606,-14.49154511469));
#1233 = CARTESIAN_POINT('',(6.35,-15.83507815951,-14.13031823265));
#1234 = CARTESIAN_POINT('',(6.35,-15.92240732055,-13.93901294977));
#1235 = CARTESIAN_POINT('',(6.35,-16.05376369375,-13.53434364275));
#1236 = CARTESIAN_POINT('',(6.35,-16.09558131201,-13.32723303036));
#1237 = CARTESIAN_POINT('',(6.35,-16.13216642424,-12.90816647339));
#1238 = CARTESIAN_POINT('',(6.35,-16.12645730743,-12.69314808988));
#1239 = CARTESIAN_POINT('',(6.35,-16.06754423213,-12.27626857287));
#1240 = CARTESIAN_POINT('',(6.35,-16.01500534045,-12.07259041637));
#1241 = CARTESIAN_POINT('',(6.35,-15.86215923937,-11.67508811209));
#1242 = CARTESIAN_POINT('',(6.35,-15.76446228956,-11.48827663049));
#1243 = CARTESIAN_POINT('',(6.35,-15.52903947385,-11.13954080415));
#1244 = CARTESIAN_POINT('',(6.35,-15.38924707316,-10.97604708738));
#1245 = CARTESIAN_POINT('',(6.35,-15.08123577426,-10.6892064516));
#1246 = CARTESIAN_POINT('',(6.35,-14.91223174198,-10.5638785071));
#1247 = CARTESIAN_POINT('',(6.35,-14.72766770679,-10.4573204117));
#1248 = ORIENTED_EDGE('',*,*,#1249,.T.);
#1249 = EDGE_CURVE('',#1227,#1250,#1252,.T.);
#1250 = VERTEX_POINT('',#1251);
#1251 = CARTESIAN_POINT('',(6.35,-9.920031456765,-7.681630328586));
#1252 = LINE('',#1253,#1254);
#1253 = CARTESIAN_POINT('',(6.35,-9.914823496598,-7.678623511381));
#1254 = VECTOR('',#1255,1.);
#1255 = DIRECTION('',(0.,0.866025403784,0.5));
#1256 = ORIENTED_EDGE('',*,*,#1257,.T.);
#1257 = EDGE_CURVE('',#1250,#1258,#1260,.T.);
#1258 = VERTEX_POINT('',#1259);
#1259 = CARTESIAN_POINT('',(6.35,-6.722945345171,-7.965925632398));
#1260 = B_SPLINE_CURVE_WITH_KNOTS('',3,(#1261,#1262,#1263,#1264,#1265,
    #1266,#1267,#1268,#1269,#1270,#1271,#1272,#1273,#1274,#1275,#1276),
  .UNSPECIFIED.,.F.,.F.,(4,2,2,2,2,2,2,4),(0.,4.286688775617E-04,
    8.573377551235E-04,1.286006632685E-03,1.714675510247E-03,
    2.143344387809E-03,2.57201326537E-03,3.429351020494E-03),
  .UNSPECIFIED.);
#1261 = CARTESIAN_POINT('',(6.35,-9.920031456765,-7.681630328586));
#1262 = CARTESIAN_POINT('',(6.35,-9.795584097863,-7.609780612424));
#1263 = CARTESIAN_POINT('',(6.35,-9.666644001508,-7.54806246922));
#1264 = CARTESIAN_POINT('',(6.35,-9.399896234647,-7.444623450715));
#1265 = CARTESIAN_POINT('',(6.35,-9.261767488281,-7.403012269979));
#1266 = CARTESIAN_POINT('',(6.35,-8.984293392195,-7.342033925609));
#1267 = CARTESIAN_POINT('',(6.35,-8.844021627997,-7.322241771975));
#1268 = CARTESIAN_POINT('',(6.35,-8.560404785585,-7.304078557436));
#1269 = CARTESIAN_POINT('',(6.35,-8.415872452008,-7.305905487153));
#1270 = CARTESIAN_POINT('',(6.35,-8.13211872642,-7.331400642978));
#1271 = CARTESIAN_POINT('',(6.35,-7.992353254233,-7.354842523154));
#1272 = CARTESIAN_POINT('',(6.35,-7.716988892186,-7.422830237787));
#1273 = CARTESIAN_POINT('',(6.35,-7.580402917669,-7.467809179452));
#1274 = CARTESIAN_POINT('',(6.35,-7.184513004082,-7.633061807343));
#1275 = CARTESIAN_POINT('',(6.35,-6.942578176556,-7.780563680813));
#1276 = CARTESIAN_POINT('',(6.35,-6.722945345171,-7.965925632398));
#1277 = ORIENTED_EDGE('',*,*,#1278,.T.);
#1278 = EDGE_CURVE('',#1258,#1279,#1281,.T.);
#1279 = VERTEX_POINT('',#1280);
#1280 = CARTESIAN_POINT('',(6.35,-3.537221289729,-9.805204273372));
#1281 = CIRCLE('',#1282,10.423721278654);
#1282 = AXIS2_PLACEMENT_3D('',#1283,#1284,#1285);
#1283 = CARTESIAN_POINT('',(6.35,0.,0.));
#1284 = DIRECTION('',(1.,0.,-0.));
#1285 = DIRECTION('',(0.,0.866025403784,0.5));
#1286 = ORIENTED_EDGE('',*,*,#1287,.T.);
#1287 = EDGE_CURVE('',#1279,#1288,#1290,.T.);
#1288 = VERTEX_POINT('',#1289);
#1289 = CARTESIAN_POINT('',(6.35,-1.692471278654,-12.43181441219));
#1290 = B_SPLINE_CURVE_WITH_KNOTS('',3,(#1291,#1292,#1293,#1294,#1295,
    #1296,#1297,#1298,#1299,#1300,#1301,#1302,#1303,#1304,#1305,#1306),
  .UNSPECIFIED.,.F.,.F.,(4,2,2,2,2,2,2,4),(0.,4.286688780642E-04,
    8.573377561283E-04,1.286006634192E-03,1.714675512257E-03,
    2.143344390321E-03,2.572013268385E-03,3.429351024513E-03),
  .UNSPECIFIED.);
#1291 = CARTESIAN_POINT('',(6.35,-3.537221289729,-9.805204273372));
#1292 = CARTESIAN_POINT('',(6.35,-3.4020486148,-9.853967731044));
#1293 = CARTESIAN_POINT('',(6.35,-3.271720939294,-9.912699108414));
#1294 = CARTESIAN_POINT('',(6.35,-3.020628442925,-10.04983612084));
#1295 = CARTESIAN_POINT('',(6.35,-2.899740369272,-10.12855787473));
#1296 = CARTESIAN_POINT('',(6.35,-2.674178684048,-10.30127775886));
#1297 = CARTESIAN_POINT('',(6.35,-2.568582784438,-10.39570976148));
#1298 = CARTESIAN_POINT('',(6.35,-2.371779043843,-10.6007383042));
#1299 = CARTESIAN_POINT('',(6.35,-2.279956770281,-10.71236985547));
#1300 = CARTESIAN_POINT('',(6.35,-2.116428965564,-10.94566116859));
#1301 = CARTESIAN_POINT('',(6.35,-2.044199544916,-11.06759073744));
#1302 = CARTESIAN_POINT('',(6.35,-1.918555887232,-11.32187705755));
#1303 = CARTESIAN_POINT('',(6.35,-1.864835999611,-11.45526748948));
#1304 = CARTESIAN_POINT('',(6.35,-1.735788409243,-11.86439335512));
#1305 = CARTESIAN_POINT('',(6.35,-1.692471278654,-12.14441637138));
#1306 = CARTESIAN_POINT('',(6.35,-1.692471278654,-12.43181441219));
#1307 = ORIENTED_EDGE('',*,*,#1308,.T.);
#1308 = EDGE_CURVE('',#1288,#1309,#1311,.T.);
#1309 = VERTEX_POINT('',#1310);
#1310 = CARTESIAN_POINT('',(6.35,-1.692471278654,-17.98319457843));
#1311 = LINE('',#1312,#1313);
#1312 = CARTESIAN_POINT('',(6.35,-1.692471278654,1.909583602355E-14));
#1313 = VECTOR('',#1314,1.);
#1314 = DIRECTION('',(0.,-1.121325254871E-14,-1.));
#1315 = ORIENTED_EDGE('',*,*,#1316,.T.);
#1316 = EDGE_CURVE('',#1309,#1216,#1317,.T.);
#1317 = B_SPLINE_CURVE_WITH_KNOTS('',3,(#1318,#1319,#1320,#1321,#1322,
    #1323,#1324,#1325,#1326,#1327,#1328,#1329,#1330,#1331,#1332,#1333,
    #1334,#1335),.UNSPECIFIED.,.F.,.F.,(4,2,2,2,2,2,2,2,4),(0.,
    6.380346551508E-04,1.276069310302E-03,1.914103965452E-03,
    2.552138620603E-03,3.190173275754E-03,3.828207930905E-03,
    4.466242586055E-03,5.104277241206E-03),.UNSPECIFIED.);
#1318 = CARTESIAN_POINT('',(6.35,-1.692471278654,-17.98319457843));
#1319 = CARTESIAN_POINT('',(6.35,-1.692471278654,-18.19631186481));
#1320 = CARTESIAN_POINT('',(6.35,-1.717132687632,-18.40950841863));
#1321 = CARTESIAN_POINT('',(6.35,-1.812250347224,-18.81983543991));
#1322 = CARTESIAN_POINT('',(6.35,-1.882333763293,-19.01810901163));
#1323 = CARTESIAN_POINT('',(6.35,-2.068971934634,-19.4004412574));
#1324 = CARTESIAN_POINT('',(6.35,-2.182771810557,-19.57846682564));
#1325 = CARTESIAN_POINT('',(6.35,-2.447580846369,-19.90531759189));
#1326 = CARTESIAN_POINT('',(6.35,-2.601060299829,-20.05601449767));
#1327 = CARTESIAN_POINT('',(6.35,-2.933041988332,-20.31494969686));
#1328 = CARTESIAN_POINT('',(6.35,-3.112328125786,-20.42495700171));
#1329 = CARTESIAN_POINT('',(6.35,-3.49841464911,-20.60469905965));
#1330 = CARTESIAN_POINT('',(6.35,-3.698465790069,-20.67120293692));
#1331 = CARTESIAN_POINT('',(6.35,-4.110071875857,-20.75850133975));
#1332 = CARTESIAN_POINT('',(6.35,-4.32420352239,-20.77898910001));
#1333 = CARTESIAN_POINT('',(6.35,-4.745024135426,-20.77133913836));
#1334 = CARTESIAN_POINT('',(6.35,-4.953654063634,-20.74408093962));
#1335 = CARTESIAN_POINT('',(6.35,-5.160436945478,-20.69251204257));
#1336 = FACE_BOUND('',#1337,.T.);
#1337 = EDGE_LOOP('',(#1338,#1349,#1372,#1380,#1401,#1410,#1431,#1439));
#1338 = ORIENTED_EDGE('',*,*,#1339,.T.);
#1339 = EDGE_CURVE('',#1340,#1342,#1344,.T.);
#1340 = VERTEX_POINT('',#1341);
#1341 = CARTESIAN_POINT('',(6.35,15.34002262425,-14.8153255107));
#1342 = VERTEX_POINT('',#1343);
#1343 = CARTESIAN_POINT('',(6.35,5.160436945478,-20.69251204257));
#1344 = CIRCLE('',#1345,21.326278721346);
#1345 = AXIS2_PLACEMENT_3D('',#1346,#1347,#1348);
#1346 = CARTESIAN_POINT('',(6.35,0.,0.));
#1347 = DIRECTION('',(-1.,0.,0.));
#1348 = DIRECTION('',(0.,0.866025403784,0.5));
#1349 = ORIENTED_EDGE('',*,*,#1350,.T.);
#1350 = EDGE_CURVE('',#1342,#1351,#1353,.T.);
#1351 = VERTEX_POINT('',#1352);
#1352 = CARTESIAN_POINT('',(6.35,1.692471278654,-17.98319457843));
#1353 = B_SPLINE_CURVE_WITH_KNOTS('',3,(#1354,#1355,#1356,#1357,#1358,
    #1359,#1360,#1361,#1362,#1363,#1364,#1365,#1366,#1367,#1368,#1369,
    #1370,#1371),.UNSPECIFIED.,.F.,.F.,(4,2,2,2,2,2,2,2,4),(
    2.19427091786E-17,6.380346546932E-04,1.276069309386E-03,
    1.914103964079E-03,2.552138618773E-03,3.190173273466E-03,
    3.828207928159E-03,4.466242582852E-03,5.104277237545E-03),
  .UNSPECIFIED.);
#1354 = CARTESIAN_POINT('',(6.35,5.160436945478,-20.69251204257));
#1355 = CARTESIAN_POINT('',(6.35,4.953653001511,-20.7440812045));
#1356 = CARTESIAN_POINT('',(6.35,4.740824686381,-20.77174100279));
#1357 = CARTESIAN_POINT('',(6.35,4.31967547328,-20.77873907337));
#1358 = CARTESIAN_POINT('',(6.35,4.110335657907,-20.75871570388));
#1359 = CARTESIAN_POINT('',(6.35,3.6942035713,-20.67013900652));
#1360 = CARTESIAN_POINT('',(6.35,3.493931710445,-20.60279882007));
#1361 = CARTESIAN_POINT('',(6.35,3.112716870112,-20.42494917817));
#1362 = CARTESIAN_POINT('',(6.35,2.929360046117,-20.31249574622));
#1363 = CARTESIAN_POINT('',(6.35,2.597788331722,-20.05303576789));
#1364 = CARTESIAN_POINT('',(6.35,2.447667319842,-19.90569667476));
#1365 = CARTESIAN_POINT('',(6.35,2.179843276808,-19.57457691622));
#1366 = CARTESIAN_POINT('',(6.35,2.066908262931,-19.39656313501));
#1367 = CARTESIAN_POINT('',(6.35,1.882605585964,-19.01831308281));
#1368 = CARTESIAN_POINT('',(6.35,1.810912074225,-18.81550245417));
#1369 = CARTESIAN_POINT('',(6.35,1.716506446252,-18.40533652678));
#1370 = CARTESIAN_POINT('',(6.35,1.692471278654,-18.19631076923));
#1371 = CARTESIAN_POINT('',(6.35,1.692471278654,-17.98319457843));
#1372 = ORIENTED_EDGE('',*,*,#1373,.T.);
#1373 = EDGE_CURVE('',#1351,#1374,#1376,.T.);
#1374 = VERTEX_POINT('',#1375);
#1375 = CARTESIAN_POINT('',(6.35,1.692471278654,-12.43181441219));
#1376 = LINE('',#1377,#1378);
#1377 = CARTESIAN_POINT('',(6.35,1.692471278654,-12.42580077778));
#1378 = VECTOR('',#1379,1.);
#1379 = DIRECTION('',(0.,1.215694211965E-14,1.));
#1380 = ORIENTED_EDGE('',*,*,#1381,.T.);
#1381 = EDGE_CURVE('',#1374,#1382,#1384,.T.);
#1382 = VERTEX_POINT('',#1383);
#1383 = CARTESIAN_POINT('',(6.35,3.537221289729,-9.805204273372));
#1384 = B_SPLINE_CURVE_WITH_KNOTS('',3,(#1385,#1386,#1387,#1388,#1389,
    #1390,#1391,#1392,#1393,#1394,#1395,#1396,#1397,#1398,#1399,#1400),
  .UNSPECIFIED.,.F.,.F.,(4,2,2,2,2,2,2,4),(8.673617379884E-19,
    4.286688775618E-04,8.573377551236E-04,1.286006632685E-03,
    1.714675510247E-03,2.143344387809E-03,2.572013265371E-03,
    3.429351020494E-03),.UNSPECIFIED.);
#1385 = CARTESIAN_POINT('',(6.35,1.692471278654,-12.43181441219));
#1386 = CARTESIAN_POINT('',(6.35,1.692471278654,-12.28811497986));
#1387 = CARTESIAN_POINT('',(6.35,1.703491846942,-12.14559050925));
#1388 = CARTESIAN_POINT('',(6.35,1.747284912605,-11.8628606575));
#1389 = CARTESIAN_POINT('',(6.35,1.780312946189,-11.72243206378));
#1390 = CARTESIAN_POINT('',(6.35,1.866241198927,-11.45164327549));
#1391 = CARTESIAN_POINT('',(6.35,1.919236573183,-11.32026828745));
#1392 = CARTESIAN_POINT('',(6.35,2.045315189184,-11.06556728971));
#1393 = CARTESIAN_POINT('',(6.35,2.119163523519,-10.94131208202));
#1394 = CARTESIAN_POINT('',(6.35,2.28311983893,-10.70832172516));
#1395 = CARTESIAN_POINT('',(6.35,2.373303838769,-10.59900221576));
#1396 = CARTESIAN_POINT('',(6.35,2.56986510781,-10.39452354024));
#1397 = CARTESIAN_POINT('',(6.35,2.677111001185,-10.29872608734));
#1398 = CARTESIAN_POINT('',(6.35,3.018168931774,-10.03850167902));
#1399 = CARTESIAN_POINT('',(6.35,3.266876715069,-9.902730909063));
#1400 = CARTESIAN_POINT('',(6.35,3.537221289729,-9.805204273372));
#1401 = ORIENTED_EDGE('',*,*,#1402,.T.);
#1402 = EDGE_CURVE('',#1382,#1403,#1405,.T.);
#1403 = VERTEX_POINT('',#1404);
#1404 = CARTESIAN_POINT('',(6.35,6.722945345171,-7.965925632398));
#1405 = CIRCLE('',#1406,10.423721278654);
#1406 = AXIS2_PLACEMENT_3D('',#1407,#1408,#1409);
#1407 = CARTESIAN_POINT('',(6.35,0.,0.));
#1408 = DIRECTION('',(1.,0.,-0.));
#1409 = DIRECTION('',(0.,0.866025403784,0.5));
#1410 = ORIENTED_EDGE('',*,*,#1411,.T.);
#1411 = EDGE_CURVE('',#1403,#1412,#1414,.T.);
#1412 = VERTEX_POINT('',#1413);
#1413 = CARTESIAN_POINT('',(6.35,9.920031456765,-7.681630328586));
#1414 = B_SPLINE_CURVE_WITH_KNOTS('',3,(#1415,#1416,#1417,#1418,#1419,
    #1420,#1421,#1422,#1423,#1424,#1425,#1426,#1427,#1428,#1429,#1430),
  .UNSPECIFIED.,.F.,.F.,(4,2,2,2,2,2,2,4),(0.,4.286688780642E-04,
    8.573377561283E-04,1.286006634192E-03,1.714675512257E-03,
    2.143344390321E-03,2.572013268385E-03,3.429351024513E-03),
  .UNSPECIFIED.);
#1415 = CARTESIAN_POINT('',(6.35,6.722945345171,-7.965925632398));
#1416 = CARTESIAN_POINT('',(6.35,6.832762075756,-7.873244390848));
#1417 = CARTESIAN_POINT('',(6.35,6.948788778311,-7.789743001729));
#1418 = CARTESIAN_POINT('',(6.35,7.193099163058,-7.640859027389));
#1419 = CARTESIAN_POINT('',(6.35,7.321718238585,-7.575527761536));
#1420 = CARTESIAN_POINT('',(6.35,7.58407888859,-7.466545554075));
#1421 = CARTESIAN_POINT('',(6.35,7.718657351594,-7.422312823788));
#1422 = CARTESIAN_POINT('',(6.35,7.994619148394,-7.354390056236));
#1423 = CARTESIAN_POINT('',(6.35,8.137206044437,-7.330685410332));
#1424 = CARTESIAN_POINT('',(6.35,8.421006150434,-7.305711833779));
#1425 = CARTESIAN_POINT('',(6.35,8.562714964855,-7.304124105022));
#1426 = CARTESIAN_POINT('',(6.35,8.84575520675,-7.3224566657));
#1427 = CARTESIAN_POINT('',(6.35,8.988134653231,-7.342629094296));
#1428 = CARTESIAN_POINT('',(6.35,9.40697184141,-7.435433535563));
#1429 = CARTESIAN_POINT('',(6.35,9.671137452426,-7.537931308181));
#1430 = CARTESIAN_POINT('',(6.35,9.920031456765,-7.681630328586));
#1431 = ORIENTED_EDGE('',*,*,#1432,.T.);
#1432 = EDGE_CURVE('',#1412,#1433,#1435,.T.);
#1433 = VERTEX_POINT('',#1434);
#1434 = CARTESIAN_POINT('',(6.35,14.727667706794,-10.4573204117));
#1435 = LINE('',#1436,#1437);
#1436 = CARTESIAN_POINT('',(6.35,-0.846235639327,-1.46572312249));
#1437 = VECTOR('',#1438,1.);
#1438 = DIRECTION('',(0.,0.866025403784,-0.5));
#1439 = ORIENTED_EDGE('',*,*,#1440,.T.);
#1440 = EDGE_CURVE('',#1433,#1340,#1441,.T.);
#1441 = B_SPLINE_CURVE_WITH_KNOTS('',3,(#1442,#1443,#1444,#1445,#1446,
    #1447,#1448,#1449,#1450,#1451,#1452,#1453,#1454,#1455,#1456,#1457,
    #1458,#1459),.UNSPECIFIED.,.F.,.F.,(4,2,2,2,2,2,2,2,4),(0.,
    6.380346551508E-04,1.276069310302E-03,1.914103965452E-03,
    2.552138620603E-03,3.190173275754E-03,3.828207930905E-03,
    4.466242586055E-03,5.104277241206E-03),.UNSPECIFIED.);
#1442 = CARTESIAN_POINT('',(6.35,14.727667706794,-10.4573204117));
#1443 = CARTESIAN_POINT('',(6.35,14.91223269079,-10.56387905489));
#1444 = CARTESIAN_POINT('',(6.35,15.084535617908,-10.69183473847));
#1445 = CARTESIAN_POINT('',(6.35,15.392330412399,-10.97937255867));
#1446 = CARTESIAN_POINT('',(6.35,15.528998654371,-11.13920336323));
#1447 = CARTESIAN_POINT('',(6.35,15.766789006225,-11.49200288381));
#1448 = CARTESIAN_POINT('',(6.35,15.86406373288,-11.67956925142));
#1449 = CARTESIAN_POINT('',(6.35,16.014720281791,-12.07232598671));
#1450 = CARTESIAN_POINT('',(6.35,16.068487903737,-12.28059154526));
#1451 = CARTESIAN_POINT('',(6.35,16.126741519922,-12.69756372069));
#1452 = CARTESIAN_POINT('',(6.35,16.1323675718,-12.9078337227));
#1453 = CARTESIAN_POINT('',(6.35,16.094985498443,-13.33206548893));
#1454 = CARTESIAN_POINT('',(6.35,16.052553975129,-13.53856679769));
#1455 = CARTESIAN_POINT('',(6.35,15.922353566796,-13.93867732575));
#1456 = CARTESIAN_POINT('',(6.35,15.833030664378,-14.13436465153));
#1457 = CARTESIAN_POINT('',(6.35,15.615995296732,-14.49498101203));
#1458 = CARTESIAN_POINT('',(6.35,15.488074040059,-14.66203073048));
#1459 = CARTESIAN_POINT('',(6.35,15.34002262425,-14.8153255107));
#1460 = PLANE('',#1461);
#1461 = AXIS2_PLACEMENT_3D('',#1462,#1463,#1464);
#1462 = CARTESIAN_POINT('',(6.35,0.,0.));
#1463 = DIRECTION('',(1.,0.,0.));
#1464 = DIRECTION('',(0.,0.866025403784,0.5));
#1465 = ADVANCED_FACE('',(#1466,#1516,#1526,#1627,#1728,#1829,#1930,
    #2031),#2132,.F.);
#1466 = FACE_BOUND('',#1467,.T.);
#1467 = EDGE_LOOP('',(#1468,#1478,#1486,#1494,#1502,#1510));
#1468 = ORIENTED_EDGE('',*,*,#1469,.T.);
#1469 = EDGE_CURVE('',#1470,#1472,#1474,.T.);
#1470 = VERTEX_POINT('',#1471);
#1471 = CARTESIAN_POINT('',(-6.35,-5.6515,-3.262895046325));
#1472 = VERTEX_POINT('',#1473);
#1473 = CARTESIAN_POINT('',(-6.35,7.416289804496E-14,-6.52579009265));
#1474 = LINE('',#1475,#1476);
#1475 = CARTESIAN_POINT('',(-6.35,-0.127,-6.452466608463));
#1476 = VECTOR('',#1477,1.);
#1477 = DIRECTION('',(0.,0.866025403784,-0.5));
#1478 = ORIENTED_EDGE('',*,*,#1479,.T.);
#1479 = EDGE_CURVE('',#1472,#1480,#1482,.T.);
#1480 = VERTEX_POINT('',#1481);
#1481 = CARTESIAN_POINT('',(-6.35,5.6515,-3.262895046325));
#1482 = LINE('',#1483,#1484);
#1483 = CARTESIAN_POINT('',(-6.35,5.5245,-3.336218530512));
#1484 = VECTOR('',#1485,1.);
#1485 = DIRECTION('',(0.,0.866025403784,0.5));
#1486 = ORIENTED_EDGE('',*,*,#1487,.T.);
#1487 = EDGE_CURVE('',#1480,#1488,#1490,.T.);
#1488 = VERTEX_POINT('',#1489);
#1489 = CARTESIAN_POINT('',(-6.35,5.6515,3.262895046325));
#1490 = LINE('',#1491,#1492);
#1491 = CARTESIAN_POINT('',(-6.35,5.6515,3.116248077951));
#1492 = VECTOR('',#1493,1.);
#1493 = DIRECTION('',(0.,1.110223024625E-16,1.));
#1494 = ORIENTED_EDGE('',*,*,#1495,.T.);
#1495 = EDGE_CURVE('',#1488,#1496,#1498,.T.);
#1496 = VERTEX_POINT('',#1497);
#1497 = CARTESIAN_POINT('',(-6.35,7.327471962526E-14,6.52579009265));
#1498 = LINE('',#1499,#1500);
#1499 = CARTESIAN_POINT('',(-6.35,0.127,6.452466608463));
#1500 = VECTOR('',#1501,1.);
#1501 = DIRECTION('',(0.,-0.866025403784,0.5));
#1502 = ORIENTED_EDGE('',*,*,#1503,.T.);
#1503 = EDGE_CURVE('',#1496,#1504,#1506,.T.);
#1504 = VERTEX_POINT('',#1505);
#1505 = CARTESIAN_POINT('',(-6.35,-5.6515,3.262895046325));
#1506 = LINE('',#1507,#1508);
#1507 = CARTESIAN_POINT('',(-6.35,-5.5245,3.336218530512));
#1508 = VECTOR('',#1509,1.);
#1509 = DIRECTION('',(0.,-0.866025403784,-0.5));
#1510 = ORIENTED_EDGE('',*,*,#1511,.T.);
#1511 = EDGE_CURVE('',#1504,#1470,#1512,.T.);
#1512 = LINE('',#1513,#1514);
#1513 = CARTESIAN_POINT('',(-6.35,-5.6515,-3.116248077951));
#1514 = VECTOR('',#1515,1.);
#1515 = DIRECTION('',(0.,2.775557561563E-16,-1.));
#1516 = FACE_BOUND('',#1517,.T.);
#1517 = EDGE_LOOP('',(#1518,#1525));
#1518 = ORIENTED_EDGE('',*,*,#1519,.T.);
#1519 = EDGE_CURVE('',#584,#582,#1520,.T.);
#1520 = CIRCLE('',#1521,25.136975300297);
#1521 = AXIS2_PLACEMENT_3D('',#1522,#1523,#1524);
#1522 = CARTESIAN_POINT('',(-6.35,0.,0.));
#1523 = DIRECTION('',(-1.,0.,0.));
#1524 = DIRECTION('',(0.,0.866025403784,0.5));
#1525 = ORIENTED_EDGE('',*,*,#581,.T.);
#1526 = FACE_BOUND('',#1527,.T.);
#1527 = EDGE_LOOP('',(#1528,#1529,#1548,#1557,#1576,#1584,#1605,#1606));
#1528 = ORIENTED_EDGE('',*,*,#567,.T.);
#1529 = ORIENTED_EDGE('',*,*,#1530,.T.);
#1530 = EDGE_CURVE('',#559,#1531,#1533,.T.);
#1531 = VERTEX_POINT('',#1532);
#1532 = CARTESIAN_POINT('',(-6.35,-6.813382524661,8.443277376967));
#1533 = B_SPLINE_CURVE_WITH_KNOTS('',3,(#1534,#1535,#1536,#1537,#1538,
    #1539,#1540,#1541,#1542,#1543,#1544,#1545,#1546,#1547),
  .UNSPECIFIED.,.F.,.F.,(4,2,2,2,2,2,4),(0.,8.346611135472E-04,
    1.251991670321E-03,1.669322227094E-03,2.086652783868E-03,
    2.503983340642E-03,3.338644454189E-03),.UNSPECIFIED.);
#1534 = CARTESIAN_POINT('',(-6.35,-9.963071996581,8.198098193844));
#1535 = CARTESIAN_POINT('',(-6.35,-9.71865877694,8.05698615569));
#1536 = CARTESIAN_POINT('',(-6.35,-9.459506256686,7.955639471867));
#1537 = CARTESIAN_POINT('',(-6.35,-9.049025438384,7.862304557327));
#1538 = CARTESIAN_POINT('',(-6.35,-8.909155101867,7.841491523533));
#1539 = CARTESIAN_POINT('',(-6.35,-8.631250585893,7.821194371913));
#1540 = CARTESIAN_POINT('',(-6.35,-8.492116095725,7.821431448911));
#1541 = CARTESIAN_POINT('',(-6.35,-8.213479422315,7.842860917209));
#1542 = CARTESIAN_POINT('',(-6.35,-8.073124670172,7.864387234751));
#1543 = CARTESIAN_POINT('',(-6.35,-7.800919147355,7.927428462701));
#1544 = CARTESIAN_POINT('',(-6.35,-7.668109572051,7.968890837931));
#1545 = CARTESIAN_POINT('',(-6.35,-7.279481371702,8.122864656333));
#1546 = CARTESIAN_POINT('',(-6.35,-7.033015539352,8.266042438765));
#1547 = CARTESIAN_POINT('',(-6.35,-6.813382524661,8.443277376967));
#1548 = ORIENTED_EDGE('',*,*,#1549,.T.);
#1549 = EDGE_CURVE('',#1531,#1550,#1552,.T.);
#1550 = VERTEX_POINT('',#1551);
#1551 = CARTESIAN_POINT('',(-6.35,-3.905401437321,10.122201040541));
#1552 = CIRCLE('',#1553,10.849475300297);
#1553 = AXIS2_PLACEMENT_3D('',#1554,#1555,#1556);
#1554 = CARTESIAN_POINT('',(-6.35,0.,0.));
#1555 = DIRECTION('',(-1.,0.,0.));
#1556 = DIRECTION('',(0.,0.866025403784,0.5));
#1557 = ORIENTED_EDGE('',*,*,#1558,.T.);
#1558 = EDGE_CURVE('',#1550,#1559,#1561,.T.);
#1559 = VERTEX_POINT('',#1560);
#1560 = CARTESIAN_POINT('',(-6.35,-2.118225300297,12.727322545694));
#1561 = B_SPLINE_CURVE_WITH_KNOTS('',3,(#1562,#1563,#1564,#1565,#1566,
    #1567,#1568,#1569,#1570,#1571,#1572,#1573,#1574,#1575),
  .UNSPECIFIED.,.F.,.F.,(4,2,2,2,2,2,4),(2.168404344971E-19,
    8.346611135208E-04,1.251991670281E-03,1.669322227042E-03,
    2.086652783802E-03,2.503983340563E-03,3.338644454083E-03),
  .UNSPECIFIED.);
#1562 = CARTESIAN_POINT('',(-6.35,-3.905401437321,10.122201040541));
#1563 = CARTESIAN_POINT('',(-6.35,-3.642095723678,10.223791051291));
#1564 = CARTESIAN_POINT('',(-6.35,-3.400480036703,10.361823797004));
#1565 = CARTESIAN_POINT('',(-6.35,-3.070066324276,10.6226545606));
#1566 = CARTESIAN_POINT('',(-6.35,-2.966031770446,10.718434020843));
#1567 = CARTESIAN_POINT('',(-6.35,-2.775714341407,10.921958394052));
#1568 = CARTESIAN_POINT('',(-6.35,-2.688523508246,11.030384503297));
#1569 = CARTESIAN_POINT('',(-6.35,-2.530218775881,11.26068263537));
#1570 = CARTESIAN_POINT('',(-6.35,-2.458829338447,11.383427847074));
#1571 = CARTESIAN_POINT('',(-6.35,-2.336946414809,11.634852977037));
#1572 = CARTESIAN_POINT('',(-6.35,-2.285809923108,11.764246064556));
#1573 = CARTESIAN_POINT('',(-6.35,-2.161580050098,12.163378566324));
#1574 = CARTESIAN_POINT('',(-6.35,-2.118225300297,12.445097662939));
#1575 = CARTESIAN_POINT('',(-6.35,-2.118225300297,12.727322545694));
#1576 = ORIENTED_EDGE('',*,*,#1577,.T.);
#1577 = EDGE_CURVE('',#1559,#1578,#1580,.T.);
#1578 = VERTEX_POINT('',#1579);
#1579 = CARTESIAN_POINT('',(-6.35,-2.118225300297,17.429705576239));
#1580 = LINE('',#1581,#1582);
#1581 = CARTESIAN_POINT('',(-6.35,-2.118225300297,2.586819647377E-14));
#1582 = VECTOR('',#1583,1.);
#1583 = DIRECTION('',(0.,1.226796442211E-14,1.));
#1584 = ORIENTED_EDGE('',*,*,#1585,.T.);
#1585 = EDGE_CURVE('',#1578,#242,#1586,.T.);
#1586 = B_SPLINE_CURVE_WITH_KNOTS('',3,(#1587,#1588,#1589,#1590,#1591,
    #1592,#1593,#1594,#1595,#1596,#1597,#1598,#1599,#1600,#1601,#1602,
    #1603,#1604),.UNSPECIFIED.,.F.,.F.,(4,2,2,2,2,2,2,2,4),(0.,
    6.407458912127E-04,1.281491782425E-03,1.922237673638E-03,
    2.562983564851E-03,3.203729456063E-03,3.844475347276E-03,
    4.485221238489E-03,5.125967129702E-03),.UNSPECIFIED.);
#1587 = CARTESIAN_POINT('',(-6.35,-2.118225300297,17.429705576239));
#1588 = CARTESIAN_POINT('',(-6.35,-2.118225300297,17.646358257499));
#1589 = CARTESIAN_POINT('',(-6.35,-2.143051141539,17.858786081681));
#1590 = CARTESIAN_POINT('',(-6.35,-2.240597349078,18.275491048615));
#1591 = CARTESIAN_POINT('',(-6.35,-2.314649188265,18.481261974516));
#1592 = CARTESIAN_POINT('',(-6.35,-2.504804930019,18.864239639403));
#1593 = CARTESIAN_POINT('',(-6.35,-2.621794196607,19.044808153574));
#1594 = CARTESIAN_POINT('',(-6.35,-2.897367042345,19.377710047727));
#1595 = CARTESIAN_POINT('',(-6.35,-3.051808981772,19.525437355168));
#1596 = CARTESIAN_POINT('',(-6.35,-3.393163928305,19.784388955108));
#1597 = CARTESIAN_POINT('',(-6.35,-3.581345476648,19.895424273821));
#1598 = CARTESIAN_POINT('',(-6.35,-3.971932728904,20.068807227215));
#1599 = CARTESIAN_POINT('',(-6.35,-4.178358701141,20.133418099185));
#1600 = CARTESIAN_POINT('',(-6.35,-4.601919935139,20.213560231477));
#1601 = CARTESIAN_POINT('',(-6.35,-4.815002237915,20.228811367792));
#1602 = CARTESIAN_POINT('',(-6.35,-5.243732351522,20.210395744102));
#1603 = CARTESIAN_POINT('',(-6.35,-5.459192622515,20.17612667441));
#1604 = CARTESIAN_POINT('',(-6.35,-5.667728510894,20.117375232612));
#1605 = ORIENTED_EDGE('',*,*,#270,.T.);
#1606 = ORIENTED_EDGE('',*,*,#1607,.T.);
#1607 = EDGE_CURVE('',#262,#540,#1608,.T.);
#1608 = B_SPLINE_CURVE_WITH_KNOTS('',3,(#1609,#1610,#1611,#1612,#1613,
    #1614,#1615,#1616,#1617,#1618,#1619,#1620,#1621,#1622,#1623,#1624,
    #1625,#1626),.UNSPECIFIED.,.F.,.F.,(4,2,2,2,2,2,2,2,4),(
    8.673617379884E-19,6.407458898096E-04,1.281491779619E-03,
    1.922237669429E-03,2.562983559238E-03,3.203729449048E-03,
    3.844475338857E-03,4.485221228667E-03,5.125967118477E-03),
  .UNSPECIFIED.);
#1609 = CARTESIAN_POINT('',(-6.35,-14.58829375345,14.967084488494));
#1610 = CARTESIAN_POINT('',(-6.35,-14.74344100722,14.815863740414));
#1611 = CARTESIAN_POINT('',(-6.35,-14.87823466818,14.649813833663));
#1612 = CARTESIAN_POINT('',(-6.35,-15.10855544654,14.28910532139));
#1613 = CARTESIAN_POINT('',(-6.35,-15.20422292646,14.092450594211));
#1614 = CARTESIAN_POINT('',(-6.35,-15.3457509998,13.688964652398));
#1615 = CARTESIAN_POINT('',(-6.35,-15.39340102236,13.479152943195));
#1616 = CARTESIAN_POINT('',(-6.35,-15.43944932117,13.049451166976));
#1617 = CARTESIAN_POINT('',(-6.35,-15.43743995132,12.835741944016));
#1618 = CARTESIAN_POINT('',(-6.35,-15.3846166401,12.410549253012));
#1619 = CARTESIAN_POINT('',(-6.35,-15.33278194548,12.198289264071));
#1620 = CARTESIAN_POINT('',(-6.35,-15.18431850545,11.797566598116));
#1621 = CARTESIAN_POINT('',(-6.35,-15.08650439695,11.604645258544));
#1622 = CARTESIAN_POINT('',(-6.35,-14.84825478112,11.245390461281));
#1623 = CARTESIAN_POINT('',(-6.35,-14.71044759612,11.082154909389));
#1624 = CARTESIAN_POINT('',(-6.35,-14.39801192225,10.787990677877));
#1625 = CARTESIAN_POINT('',(-6.35,-14.22308301268,10.657616700739));
#1626 = CARTESIAN_POINT('',(-6.35,-14.03545515935,10.549289709116));
#1627 = FACE_BOUND('',#1628,.T.);
#1628 = EDGE_LOOP('',(#1629,#1630,#1649,#1658,#1677,#1685,#1706,#1707));
#1629 = ORIENTED_EDGE('',*,*,#525,.T.);
#1630 = ORIENTED_EDGE('',*,*,#1631,.T.);
#1631 = EDGE_CURVE('',#517,#1632,#1634,.T.);
#1632 = VERTEX_POINT('',#1633);
#1633 = CARTESIAN_POINT('',(-6.35,-10.71878396198,-1.678923663574));
#1634 = B_SPLINE_CURVE_WITH_KNOTS('',3,(#1635,#1636,#1637,#1638,#1639,
    #1640,#1641,#1642,#1643,#1644,#1645,#1646,#1647,#1648),
  .UNSPECIFIED.,.F.,.F.,(4,2,2,2,2,2,4),(0.,8.346611135472E-04,
    1.251991670321E-03,1.669322227094E-03,2.086652783868E-03,
    2.503983340642E-03,3.338644454189E-03),.UNSPECIFIED.);
#1635 = CARTESIAN_POINT('',(-6.35,-12.08129729687,-4.529224351851));
#1636 = CARTESIAN_POINT('',(-6.35,-11.83688407723,-4.388112313697));
#1637 = CARTESIAN_POINT('',(-6.35,-11.61953901433,-4.214352989614));
#1638 = CARTESIAN_POINT('',(-6.35,-11.33346819812,-3.905533630469));
#1639 = CARTESIAN_POINT('',(-6.35,-11.24550841387,-3.794808882706));
#1640 = CARTESIAN_POINT('',(-6.35,-11.08897830695,-3.564285087856));
#1641 = CARTESIAN_POINT('',(-6.35,-11.01961637657,-3.443672546329));
#1642 = CARTESIAN_POINT('',(-6.35,-10.8988565038,-3.191651374581));
#1643 = CARTESIAN_POINT('',(-6.35,-10.84732146557,-3.059337434913));
#1644 = CARTESIAN_POINT('',(-6.35,-10.76581400906,-2.792079923127));
#1645 = CARTESIAN_POINT('',(-6.35,-10.73531669165,-2.656332269433));
#1646 = CARTESIAN_POINT('',(-6.35,-10.67434782973,-2.242783466103));
#1647 = CARTESIAN_POINT('',(-6.35,-10.6751105104,-1.957748902907));
#1648 = CARTESIAN_POINT('',(-6.35,-10.71878396198,-1.678923663574));
#1649 = ORIENTED_EDGE('',*,*,#1650,.T.);
#1650 = EDGE_CURVE('',#1632,#1651,#1653,.T.);
#1651 = VERTEX_POINT('',#1652);
#1652 = CARTESIAN_POINT('',(-6.35,-10.71878396198,1.678923663574));
#1653 = CIRCLE('',#1654,10.849475300297);
#1654 = AXIS2_PLACEMENT_3D('',#1655,#1656,#1657);
#1655 = CARTESIAN_POINT('',(-6.35,0.,0.));
#1656 = DIRECTION('',(-1.,0.,0.));
#1657 = DIRECTION('',(0.,0.866025403784,0.5));
#1658 = ORIENTED_EDGE('',*,*,#1659,.T.);
#1659 = EDGE_CURVE('',#1651,#1660,#1662,.T.);
#1660 = VERTEX_POINT('',#1661);
#1661 = CARTESIAN_POINT('',(-6.35,-12.08129729687,4.529224351851));
#1662 = B_SPLINE_CURVE_WITH_KNOTS('',3,(#1663,#1664,#1665,#1666,#1667,
    #1668,#1669,#1670,#1671,#1672,#1673,#1674,#1675,#1676),
  .UNSPECIFIED.,.F.,.F.,(4,2,2,2,2,2,4),(0.,8.346611135208E-04,
    1.251991670281E-03,1.669322227042E-03,2.086652783802E-03,
    2.503983340562E-03,3.338644454083E-03),.UNSPECIFIED.);
#1663 = CARTESIAN_POINT('',(-6.35,-10.71878396198,1.678923663574));
#1664 = CARTESIAN_POINT('',(-6.35,-10.67511063524,1.957748105926));
#1665 = CARTESIAN_POINT('',(-6.35,-10.67384265609,2.236009801655));
#1666 = CARTESIAN_POINT('',(-6.35,-10.73452186724,2.652571852174));
#1667 = CARTESIAN_POINT('',(-6.35,-10.76545203606,2.790558148784));
#1668 = CARTESIAN_POINT('',(-6.35,-10.84655059902,3.057140063719));
#1669 = CARTESIAN_POINT('',(-6.35,-10.89685494748,3.186862594835));
#1670 = CARTESIAN_POINT('',(-6.35,-11.01714661412,3.439107580639));
#1671 = CARTESIAN_POINT('',(-6.35,-11.08775236693,3.562305252871));
#1672 = CARTESIAN_POINT('',(-6.35,-11.24455145481,3.793571526011));
#1673 = CARTESIAN_POINT('',(-6.35,-11.33104090983,3.902553570644));
#1674 = CARTESIAN_POINT('',(-6.35,-11.61458485933,4.209706047463));
#1675 = CARTESIAN_POINT('',(-6.35,-11.83688337883,4.388111910474));
#1676 = CARTESIAN_POINT('',(-6.35,-12.08129729687,4.529224351851));
#1677 = ORIENTED_EDGE('',*,*,#1678,.T.);
#1678 = EDGE_CURVE('',#1660,#1679,#1681,.T.);
#1679 = VERTEX_POINT('',#1680);
#1680 = CARTESIAN_POINT('',(-6.35,-16.15368045965,6.880415867123));
#1681 = LINE('',#1682,#1683);
#1682 = CARTESIAN_POINT('',(-6.35,-1.059112650149,-1.834436920996));
#1683 = VECTOR('',#1684,1.);
#1684 = DIRECTION('',(0.,-0.866025403784,0.5));
#1685 = ORIENTED_EDGE('',*,*,#1686,.T.);
#1686 = EDGE_CURVE('',#1679,#198,#1687,.T.);
#1687 = B_SPLINE_CURVE_WITH_KNOTS('',3,(#1688,#1689,#1690,#1691,#1692,
    #1693,#1694,#1695,#1696,#1697,#1698,#1699,#1700,#1701,#1702,#1703,
    #1704,#1705),.UNSPECIFIED.,.F.,.F.,(4,2,2,2,2,2,2,2,4),(0.,
    6.407458912127E-04,1.281491782425E-03,1.922237673638E-03,
    2.562983564851E-03,3.203729456063E-03,3.844475347276E-03,
    4.485221238489E-03,5.125967129702E-03),.UNSPECIFIED.);
#1688 = CARTESIAN_POINT('',(-6.35,-16.15368045965,6.880415867123));
#1689 = CARTESIAN_POINT('',(-6.35,-16.34130718542,6.988742207753));
#1690 = CARTESIAN_POINT('',(-6.35,-16.53768799825,7.073456310659));
#1691 = CARTESIAN_POINT('',(-6.35,-16.94733818927,7.197331300354));
#1692 = CARTESIAN_POINT('',(-6.35,-17.16256695805,7.236085989372));
#1693 = CARTESIAN_POINT('',(-6.35,-17.58931321581,7.262895118781));
#1694 = CARTESIAN_POINT('',(-6.35,-17.8041847695,7.251863699031));
#1695 = CARTESIAN_POINT('',(-6.35,-18.23027268967,7.179661561104));
#1696 = CARTESIAN_POINT('',(-6.35,-18.43542926046,7.119774571871));
#1697 = CARTESIAN_POINT('',(-6.35,-18.83036539762,6.953628316437));
#1698 = CARTESIAN_POINT('',(-6.35,-19.02061557852,6.846175974405));
#1699 = CARTESIAN_POINT('',(-6.35,-19.36606324687,6.594608968254));
#1700 = CARTESIAN_POINT('',(-6.35,-19.52523088947,6.448144268281));
#1701 = CARTESIAN_POINT('',(-6.35,-19.80641662895,6.121400545727));
#1702 = CARTESIAN_POINT('',(-6.35,-19.92616565182,5.944491426583));
#1703 = CARTESIAN_POINT('',(-6.35,-20.12458231069,5.563992444986));
#1704 = CARTESIAN_POINT('',(-6.35,-20.20263456126,5.360263841954));
#1705 = CARTESIAN_POINT('',(-6.35,-20.25602226435,5.150290744118));
#1706 = ORIENTED_EDGE('',*,*,#226,.T.);
#1707 = ORIENTED_EDGE('',*,*,#1708,.T.);
#1708 = EDGE_CURVE('',#218,#498,#1709,.T.);
#1709 = B_SPLINE_CURVE_WITH_KNOTS('',3,(#1710,#1711,#1712,#1713,#1714,
    #1715,#1716,#1717,#1718,#1719,#1720,#1721,#1722,#1723,#1724,#1725,
    #1726,#1727),.UNSPECIFIED.,.F.,.F.,(4,2,2,2,2,2,2,2,4),(
    8.673617379884E-19,6.407458898096E-04,1.281491779619E-03,
    1.922237669429E-03,2.562983559238E-03,3.203729449048E-03,
    3.844475338857E-03,4.485221228667E-03,5.125967118477E-03),
  .UNSPECIFIED.);
#1710 = CARTESIAN_POINT('',(-6.35,-20.25602226435,-5.150290744117));
#1711 = CARTESIAN_POINT('',(-6.35,-20.20263488181,-5.360262581242));
#1712 = CARTESIAN_POINT('',(-6.35,-20.12622827475,-5.560022269285));
#1713 = CARTESIAN_POINT('',(-6.35,-19.92900592894,-5.939840170501));
#1714 = CARTESIAN_POINT('',(-6.35,-19.80653167939,-6.121018002017));
#1715 = CARTESIAN_POINT('',(-6.35,-19.52786664038,-6.445327879783));
#1716 = CARTESIAN_POINT('',(-6.35,-19.36998938148,-6.591499864407));
#1717 = CARTESIAN_POINT('',(-6.35,-19.02088087663,-6.846229749088));
#1718 = CARTESIAN_POINT('',(-6.35,-18.8347985756,-6.951344195238));
#1719 = CARTESIAN_POINT('',(-6.35,-18.44015924808,-7.118194211314));
#1720 = CARTESIAN_POINT('',(-6.35,-18.23041935813,-7.179434043437));
#1721 = CARTESIAN_POINT('',(-6.35,-17.80915162953,-7.251222265821));
#1722 = CARTESIAN_POINT('',(-6.35,-17.59316979428,-7.262973432797));
#1723 = CARTESIAN_POINT('',(-6.35,-17.1629212055,-7.236270611674));
#1724 = CARTESIAN_POINT('',(-6.35,-16.95265147826,-7.198543864591));
#1725 = CARTESIAN_POINT('',(-6.35,-16.54167994396,-7.075048749728));
#1726 = CARTESIAN_POINT('',(-6.35,-16.34130831297,-6.988742858747));
#1727 = CARTESIAN_POINT('',(-6.35,-16.15368045965,-6.880415867123));
#1728 = FACE_BOUND('',#1729,.T.);
#1729 = EDGE_LOOP('',(#1730,#1731,#1750,#1759,#1778,#1786,#1807,#1808));
#1730 = ORIENTED_EDGE('',*,*,#483,.T.);
#1731 = ORIENTED_EDGE('',*,*,#1732,.T.);
#1732 = EDGE_CURVE('',#475,#1733,#1735,.T.);
#1733 = VERTEX_POINT('',#1734);
#1734 = CARTESIAN_POINT('',(-6.35,3.905401437321,10.122201040541));
#1735 = B_SPLINE_CURVE_WITH_KNOTS('',3,(#1736,#1737,#1738,#1739,#1740,
    #1741,#1742,#1743,#1744,#1745,#1746,#1747,#1748,#1749),
  .UNSPECIFIED.,.F.,.F.,(4,2,2,2,2,2,4),(0.,8.346611135472E-04,
    1.251991670321E-03,1.669322227094E-03,2.086652783868E-03,
    2.503983340642E-03,3.338644454189E-03),.UNSPECIFIED.);
#1736 = CARTESIAN_POINT('',(-6.35,2.118225300297,12.727322545694));
#1737 = CARTESIAN_POINT('',(-6.35,2.118225300297,12.445098469387));
#1738 = CARTESIAN_POINT('',(-6.35,2.160032757644,12.169992461481));
#1739 = CARTESIAN_POINT('',(-6.35,2.284442759744,11.767838187796));
#1740 = CARTESIAN_POINT('',(-6.35,2.336353312006,11.636300406239));
#1741 = CARTESIAN_POINT('',(-6.35,2.457727721066,11.385479459769));
#1742 = CARTESIAN_POINT('',(-6.35,2.527500280853,11.26510399524));
#1743 = CARTESIAN_POINT('',(-6.35,2.685377081494,11.03451229179));
#1744 = CARTESIAN_POINT('',(-6.35,2.774196795406,10.923724669664));
#1745 = CARTESIAN_POINT('',(-6.35,2.964894861706,10.719508385829));
#1746 = CARTESIAN_POINT('',(-6.35,3.067207119608,10.625223107364));
#1747 = CARTESIAN_POINT('',(-6.35,3.394866458036,10.365648122436));
#1748 = CARTESIAN_POINT('',(-6.35,3.642094971055,10.223791341672));
#1749 = CARTESIAN_POINT('',(-6.35,3.905401437321,10.122201040541));
#1750 = ORIENTED_EDGE('',*,*,#1751,.T.);
#1751 = EDGE_CURVE('',#1733,#1752,#1754,.T.);
#1752 = VERTEX_POINT('',#1753);
#1753 = CARTESIAN_POINT('',(-6.35,6.813382524661,8.443277376967));
#1754 = CIRCLE('',#1755,10.849475300297);
#1755 = AXIS2_PLACEMENT_3D('',#1756,#1757,#1758);
#1756 = CARTESIAN_POINT('',(-6.35,0.,0.));
#1757 = DIRECTION('',(-1.,0.,0.));
#1758 = DIRECTION('',(0.,0.866025403784,0.5));
#1759 = ORIENTED_EDGE('',*,*,#1760,.T.);
#1760 = EDGE_CURVE('',#1752,#1761,#1763,.T.);
#1761 = VERTEX_POINT('',#1762);
#1762 = CARTESIAN_POINT('',(-6.35,9.963071996581,8.198098193843));
#1763 = B_SPLINE_CURVE_WITH_KNOTS('',3,(#1764,#1765,#1766,#1767,#1768,
    #1769,#1770,#1771,#1772,#1773,#1774,#1775,#1776,#1777),
  .UNSPECIFIED.,.F.,.F.,(4,2,2,2,2,2,4),(4.336808689942E-19,
    8.346611135208E-04,1.251991670281E-03,1.669322227042E-03,
    2.086652783802E-03,2.503983340563E-03,3.338644454083E-03),
  .UNSPECIFIED.);
#1764 = CARTESIAN_POINT('',(-6.35,6.813382524661,8.443277376967));
#1765 = CARTESIAN_POINT('',(-6.35,7.033014911563,8.266042945365));
#1766 = CARTESIAN_POINT('',(-6.35,7.273362619392,8.125813995349));
#1767 = CARTESIAN_POINT('',(-6.35,7.664455542968,7.970082708426));
#1768 = CARTESIAN_POINT('',(-6.35,7.799420265615,7.92787587206));
#1769 = CARTESIAN_POINT('',(-6.35,8.070836257622,7.864818330333));
#1770 = CARTESIAN_POINT('',(-6.35,8.208331439242,7.843521908462));
#1771 = CARTESIAN_POINT('',(-6.35,8.486927838244,7.821575054731));
#1772 = CARTESIAN_POINT('',(-6.35,8.62892302849,7.821122594203));
#1773 = CARTESIAN_POINT('',(-6.35,8.907605040006,7.841281451026));
#1774 = CARTESIAN_POINT('',(-6.35,9.045230986723,7.861692493912));
#1775 = CARTESIAN_POINT('',(-6.35,9.453004809234,7.953672518861));
#1776 = CARTESIAN_POINT('',(-6.35,9.718658078535,8.056985752466));
#1777 = CARTESIAN_POINT('',(-6.35,9.963071996581,8.198098193843));
#1778 = ORIENTED_EDGE('',*,*,#1779,.T.);
#1779 = EDGE_CURVE('',#1761,#1780,#1782,.T.);
#1780 = VERTEX_POINT('',#1781);
#1781 = CARTESIAN_POINT('',(-6.35,14.035455159357,10.549289709115));
#1782 = LINE('',#1783,#1784);
#1783 = CARTESIAN_POINT('',(-6.35,-1.059112650149,1.834436920996));
#1784 = VECTOR('',#1785,1.);
#1785 = DIRECTION('',(0.,0.866025403784,0.5));
#1786 = ORIENTED_EDGE('',*,*,#1787,.T.);
#1787 = EDGE_CURVE('',#1780,#154,#1788,.T.);
#1788 = B_SPLINE_CURVE_WITH_KNOTS('',3,(#1789,#1790,#1791,#1792,#1793,
    #1794,#1795,#1796,#1797,#1798,#1799,#1800,#1801,#1802,#1803,#1804,
    #1805,#1806),.UNSPECIFIED.,.F.,.F.,(4,2,2,2,2,2,2,2,4),(0.,
    6.407458912127E-04,1.281491782425E-03,1.922237673638E-03,
    2.562983564851E-03,3.203729456063E-03,3.844475347276E-03,
    4.485221238489E-03,5.125967129702E-03),.UNSPECIFIED.);
#1789 = CARTESIAN_POINT('',(-6.35,14.035455159357,10.549289709115));
#1790 = CARTESIAN_POINT('',(-6.35,14.223081885127,10.657616049746));
#1791 = CARTESIAN_POINT('',(-6.35,14.394636856718,10.785329771022));
#1792 = CARTESIAN_POINT('',(-6.35,14.706740840197,11.078159748261));
#1793 = CARTESIAN_POINT('',(-6.35,14.847917769794,11.245175985145));
#1794 = CARTESIAN_POINT('',(-6.35,15.084508285791,11.601344520623));
#1795 = CARTESIAN_POINT('',(-6.35,15.182390572893,11.792944454544));
#1796 = CARTESIAN_POINT('',(-6.35,15.332905647327,12.198048486622));
#1797 = CARTESIAN_POINT('',(-6.35,15.383620278691,12.405662783296));
#1798 = CARTESIAN_POINT('',(-6.35,15.437201469323,12.830760638671));
#1799 = CARTESIAN_POINT('',(-6.35,15.439270101874,13.049248299416));
#1800 = CARTESIAN_POINT('',(-6.35,15.394130517969,13.474198258961));
#1801 = CARTESIAN_POINT('',(-6.35,15.346872188338,13.685273830904));
#1802 = CARTESIAN_POINT('',(-6.35,15.204496693817,14.092159685751));
#1803 = CARTESIAN_POINT('',(-6.35,15.111163413914,14.284319941209));
#1804 = CARTESIAN_POINT('',(-6.35,14.880849959168,14.646403299116));
#1805 = CARTESIAN_POINT('',(-6.35,14.743441938754,14.815862832455));
#1806 = CARTESIAN_POINT('',(-6.35,14.588293753458,14.967084488494));
#1807 = ORIENTED_EDGE('',*,*,#182,.T.);
#1808 = ORIENTED_EDGE('',*,*,#1809,.T.);
#1809 = EDGE_CURVE('',#174,#456,#1810,.T.);
#1810 = B_SPLINE_CURVE_WITH_KNOTS('',3,(#1811,#1812,#1813,#1814,#1815,
    #1816,#1817,#1818,#1819,#1820,#1821,#1822,#1823,#1824,#1825,#1826,
    #1827,#1828),.UNSPECIFIED.,.F.,.F.,(4,2,2,2,2,2,2,2,4),(0.,
    6.407458898096E-04,1.281491779619E-03,1.922237669429E-03,
    2.562983559238E-03,3.203729449048E-03,3.844475338857E-03,
    4.485221228667E-03,5.125967118477E-03),.UNSPECIFIED.);
#1811 = CARTESIAN_POINT('',(-6.35,5.667728510895,20.117375232611));
#1812 = CARTESIAN_POINT('',(-6.35,5.459193874597,20.176126321657));
#1813 = CARTESIAN_POINT('',(-6.35,5.247993606571,20.209836102948));
#1814 = CARTESIAN_POINT('',(-6.35,4.820450482402,20.228945491891));
#1815 = CARTESIAN_POINT('',(-6.35,4.60230875293,20.213468596228));
#1816 = CARTESIAN_POINT('',(-6.35,4.182115640581,20.134292532181));
#1817 = CARTESIAN_POINT('',(-6.35,3.976588359123,20.070652807603));
#1818 = CARTESIAN_POINT('',(-6.35,3.581431555461,19.895680916063));
#1819 = CARTESIAN_POINT('',(-6.35,3.397358624276,19.787086139255));
#1820 = CARTESIAN_POINT('',(-6.35,3.055542607971,19.528743464325));
#1821 = CARTESIAN_POINT('',(-6.35,2.897637412657,19.377723307509));
#1822 = CARTESIAN_POINT('',(-6.35,2.624833124079,19.048788863938));
#1823 = CARTESIAN_POINT('',(-6.35,2.506665397329,18.867618691341));
#1824 = CARTESIAN_POINT('',(-6.35,2.314666424384,18.481661072956));
#1825 = CARTESIAN_POINT('',(-6.35,2.242203882142,18.28069877398));
#1826 = CARTESIAN_POINT('',(-6.35,2.143668021702,17.863039427605));
#1827 = CARTESIAN_POINT('',(-6.35,2.118225300297,17.646359559486));
#1828 = CARTESIAN_POINT('',(-6.35,2.118225300297,17.429705576239));
#1829 = FACE_BOUND('',#1830,.T.);
#1830 = EDGE_LOOP('',(#1831,#1832,#1851,#1860,#1879,#1887,#1908,#1909));
#1831 = ORIENTED_EDGE('',*,*,#441,.T.);
#1832 = ORIENTED_EDGE('',*,*,#1833,.T.);
#1833 = EDGE_CURVE('',#433,#1834,#1836,.T.);
#1834 = VERTEX_POINT('',#1835);
#1835 = CARTESIAN_POINT('',(-6.35,10.718783961982,1.678923663574));
#1836 = B_SPLINE_CURVE_WITH_KNOTS('',3,(#1837,#1838,#1839,#1840,#1841,
    #1842,#1843,#1844,#1845,#1846,#1847,#1848,#1849,#1850),
  .UNSPECIFIED.,.F.,.F.,(4,2,2,2,2,2,4),(0.,8.346611135472E-04,
    1.251991670321E-03,1.669322227094E-03,2.086652783868E-03,
    2.503983340642E-03,3.338644454189E-03),.UNSPECIFIED.);
#1837 = CARTESIAN_POINT('',(-6.35,12.081297296878,4.529224351851));
#1838 = CARTESIAN_POINT('',(-6.35,11.836884077237,4.388112313697));
#1839 = CARTESIAN_POINT('',(-6.35,11.61953901433,4.214352989614));
#1840 = CARTESIAN_POINT('',(-6.35,11.333468198128,3.905533630469));
#1841 = CARTESIAN_POINT('',(-6.35,11.245508413874,3.794808882706));
#1842 = CARTESIAN_POINT('',(-6.35,11.088978306959,3.564285087856));
#1843 = CARTESIAN_POINT('',(-6.35,11.019616376578,3.443672546329));
#1844 = CARTESIAN_POINT('',(-6.35,10.898856503809,3.191651374581));
#1845 = CARTESIAN_POINT('',(-6.35,10.847321465579,3.059337434913));
#1846 = CARTESIAN_POINT('',(-6.35,10.765814009061,2.792079923127));
#1847 = CARTESIAN_POINT('',(-6.35,10.735316691659,2.656332269433));
#1848 = CARTESIAN_POINT('',(-6.35,10.674347829739,2.242783466103));
#1849 = CARTESIAN_POINT('',(-6.35,10.675110510406,1.957748902907));
#1850 = CARTESIAN_POINT('',(-6.35,10.718783961982,1.678923663574));
#1851 = ORIENTED_EDGE('',*,*,#1852,.T.);
#1852 = EDGE_CURVE('',#1834,#1853,#1855,.T.);
#1853 = VERTEX_POINT('',#1854);
#1854 = CARTESIAN_POINT('',(-6.35,10.718783961982,-1.678923663574));
#1855 = CIRCLE('',#1856,10.849475300297);
#1856 = AXIS2_PLACEMENT_3D('',#1857,#1858,#1859);
#1857 = CARTESIAN_POINT('',(-6.35,0.,0.));
#1858 = DIRECTION('',(-1.,0.,0.));
#1859 = DIRECTION('',(0.,0.866025403784,0.5));
#1860 = ORIENTED_EDGE('',*,*,#1861,.T.);
#1861 = EDGE_CURVE('',#1853,#1862,#1864,.T.);
#1862 = VERTEX_POINT('',#1863);
#1863 = CARTESIAN_POINT('',(-6.35,12.081297296878,-4.529224351851));
#1864 = B_SPLINE_CURVE_WITH_KNOTS('',3,(#1865,#1866,#1867,#1868,#1869,
    #1870,#1871,#1872,#1873,#1874,#1875,#1876,#1877,#1878),
  .UNSPECIFIED.,.F.,.F.,(4,2,2,2,2,2,4),(0.,8.346611135208E-04,
    1.251991670281E-03,1.669322227042E-03,2.086652783802E-03,
    2.503983340562E-03,3.338644454083E-03),.UNSPECIFIED.);
#1865 = CARTESIAN_POINT('',(-6.35,10.718783961982,-1.678923663574));
#1866 = CARTESIAN_POINT('',(-6.35,10.67511063524,-1.957748105926));
#1867 = CARTESIAN_POINT('',(-6.35,10.673842656095,-2.236009801655));
#1868 = CARTESIAN_POINT('',(-6.35,10.734521867244,-2.652571852174));
#1869 = CARTESIAN_POINT('',(-6.35,10.765452036061,-2.790558148784));
#1870 = CARTESIAN_POINT('',(-6.35,10.846550599029,-3.057140063719));
#1871 = CARTESIAN_POINT('',(-6.35,10.896854947489,-3.186862594835));
#1872 = CARTESIAN_POINT('',(-6.35,11.017146614126,-3.43910758064));
#1873 = CARTESIAN_POINT('',(-6.35,11.087752366937,-3.562305252871));
#1874 = CARTESIAN_POINT('',(-6.35,11.244551454815,-3.793571526011));
#1875 = CARTESIAN_POINT('',(-6.35,11.331040909831,-3.902553570644));
#1876 = CARTESIAN_POINT('',(-6.35,11.614584859333,-4.209706047463));
#1877 = CARTESIAN_POINT('',(-6.35,11.836883378832,-4.388111910474));
#1878 = CARTESIAN_POINT('',(-6.35,12.081297296878,-4.529224351851));
#1879 = ORIENTED_EDGE('',*,*,#1880,.T.);
#1880 = EDGE_CURVE('',#1862,#1881,#1883,.T.);
#1881 = VERTEX_POINT('',#1882);
#1882 = CARTESIAN_POINT('',(-6.35,16.153680459654,-6.880415867123));
#1883 = LINE('',#1884,#1885);
#1884 = CARTESIAN_POINT('',(-6.35,1.059112650149,1.834436920996));
#1885 = VECTOR('',#1886,1.);
#1886 = DIRECTION('',(0.,0.866025403784,-0.5));
#1887 = ORIENTED_EDGE('',*,*,#1888,.T.);
#1888 = EDGE_CURVE('',#1881,#110,#1889,.T.);
#1889 = B_SPLINE_CURVE_WITH_KNOTS('',3,(#1890,#1891,#1892,#1893,#1894,
    #1895,#1896,#1897,#1898,#1899,#1900,#1901,#1902,#1903,#1904,#1905,
    #1906,#1907),.UNSPECIFIED.,.F.,.F.,(4,2,2,2,2,2,2,2,4),(0.,
    6.407458912127E-04,1.281491782425E-03,1.922237673638E-03,
    2.562983564851E-03,3.203729456063E-03,3.844475347276E-03,
    4.485221238489E-03,5.125967129702E-03),.UNSPECIFIED.);
#1890 = CARTESIAN_POINT('',(-6.35,16.153680459654,-6.880415867123));
#1891 = CARTESIAN_POINT('',(-6.35,16.341307185424,-6.988742207753));
#1892 = CARTESIAN_POINT('',(-6.35,16.537687998257,-7.073456310659));
#1893 = CARTESIAN_POINT('',(-6.35,16.947338189274,-7.197331300354));
#1894 = CARTESIAN_POINT('',(-6.35,17.162566958059,-7.236085989372));
#1895 = CARTESIAN_POINT('',(-6.35,17.58931321581,-7.262895118781));
#1896 = CARTESIAN_POINT('',(-6.35,17.8041847695,-7.251863699031));
#1897 = CARTESIAN_POINT('',(-6.35,18.230272689673,-7.179661561104));
#1898 = CARTESIAN_POINT('',(-6.35,18.435429260463,-7.119774571871));
#1899 = CARTESIAN_POINT('',(-6.35,18.830365397628,-6.953628316437));
#1900 = CARTESIAN_POINT('',(-6.35,19.020615578522,-6.846175974405));
#1901 = CARTESIAN_POINT('',(-6.35,19.366063246873,-6.594608968254));
#1902 = CARTESIAN_POINT('',(-6.35,19.525230889478,-6.448144268281));
#1903 = CARTESIAN_POINT('',(-6.35,19.806416628956,-6.121400545727));
#1904 = CARTESIAN_POINT('',(-6.35,19.926165651829,-5.944491426583));
#1905 = CARTESIAN_POINT('',(-6.35,20.124582310691,-5.563992444986));
#1906 = CARTESIAN_POINT('',(-6.35,20.202634561269,-5.360263841954));
#1907 = CARTESIAN_POINT('',(-6.35,20.256022264353,-5.150290744118));
#1908 = ORIENTED_EDGE('',*,*,#138,.T.);
#1909 = ORIENTED_EDGE('',*,*,#1910,.T.);
#1910 = EDGE_CURVE('',#130,#414,#1911,.T.);
#1911 = B_SPLINE_CURVE_WITH_KNOTS('',3,(#1912,#1913,#1914,#1915,#1916,
    #1917,#1918,#1919,#1920,#1921,#1922,#1923,#1924,#1925,#1926,#1927,
    #1928,#1929),.UNSPECIFIED.,.F.,.F.,(4,2,2,2,2,2,2,2,4),(0.,
    6.407458898096E-04,1.281491779619E-03,1.922237669429E-03,
    2.562983559238E-03,3.203729449048E-03,3.844475338857E-03,
    4.485221228667E-03,5.125967118477E-03),.UNSPECIFIED.);
#1912 = CARTESIAN_POINT('',(-6.35,20.256022264353,5.150290744117));
#1913 = CARTESIAN_POINT('',(-6.35,20.202634881817,5.360262581242));
#1914 = CARTESIAN_POINT('',(-6.35,20.126228274758,5.560022269285));
#1915 = CARTESIAN_POINT('',(-6.35,19.929005928949,5.9398401705));
#1916 = CARTESIAN_POINT('',(-6.35,19.806531679398,6.121018002017));
#1917 = CARTESIAN_POINT('',(-6.35,19.527866640386,6.445327879783));
#1918 = CARTESIAN_POINT('',(-6.35,19.369989381483,6.591499864407));
#1919 = CARTESIAN_POINT('',(-6.35,19.020880876631,6.846229749088));
#1920 = CARTESIAN_POINT('',(-6.35,18.834798575603,6.951344195238));
#1921 = CARTESIAN_POINT('',(-6.35,18.440159248081,7.118194211314));
#1922 = CARTESIAN_POINT('',(-6.35,18.230419358137,7.179434043437));
#1923 = CARTESIAN_POINT('',(-6.35,17.809151629536,7.251222265821));
#1924 = CARTESIAN_POINT('',(-6.35,17.593169794284,7.262973432797));
#1925 = CARTESIAN_POINT('',(-6.35,17.162921205506,7.236270611674));
#1926 = CARTESIAN_POINT('',(-6.35,16.952651478269,7.198543864591));
#1927 = CARTESIAN_POINT('',(-6.35,16.54167994396,7.075048749728));
#1928 = CARTESIAN_POINT('',(-6.35,16.341308312978,6.988742858747));
#1929 = CARTESIAN_POINT('',(-6.35,16.153680459655,6.880415867123));
#1930 = FACE_BOUND('',#1931,.T.);
#1931 = EDGE_LOOP('',(#1932,#1933,#1952,#1961,#1980,#1988,#2009,#2010));
#1932 = ORIENTED_EDGE('',*,*,#399,.T.);
#1933 = ORIENTED_EDGE('',*,*,#1934,.T.);
#1934 = EDGE_CURVE('',#391,#1935,#1937,.T.);
#1935 = VERTEX_POINT('',#1936);
#1936 = CARTESIAN_POINT('',(-6.35,-3.905401437321,-10.12220104054));
#1937 = B_SPLINE_CURVE_WITH_KNOTS('',3,(#1938,#1939,#1940,#1941,#1942,
    #1943,#1944,#1945,#1946,#1947,#1948,#1949,#1950,#1951),
  .UNSPECIFIED.,.F.,.F.,(4,2,2,2,2,2,4),(0.,8.346611135472E-04,
    1.251991670321E-03,1.669322227094E-03,2.086652783868E-03,
    2.503983340642E-03,3.338644454189E-03),.UNSPECIFIED.);
#1938 = CARTESIAN_POINT('',(-6.35,-2.118225300297,-12.72732254569));
#1939 = CARTESIAN_POINT('',(-6.35,-2.118225300297,-12.44509846938));
#1940 = CARTESIAN_POINT('',(-6.35,-2.160032757644,-12.16999246148));
#1941 = CARTESIAN_POINT('',(-6.35,-2.284442759744,-11.76783818779));
#1942 = CARTESIAN_POINT('',(-6.35,-2.336353312006,-11.63630040623));
#1943 = CARTESIAN_POINT('',(-6.35,-2.457727721066,-11.38547945976));
#1944 = CARTESIAN_POINT('',(-6.35,-2.527500280853,-11.26510399524));
#1945 = CARTESIAN_POINT('',(-6.35,-2.685377081494,-11.03451229179));
#1946 = CARTESIAN_POINT('',(-6.35,-2.774196795406,-10.92372466966));
#1947 = CARTESIAN_POINT('',(-6.35,-2.964894861706,-10.71950838582));
#1948 = CARTESIAN_POINT('',(-6.35,-3.067207119608,-10.62522310736));
#1949 = CARTESIAN_POINT('',(-6.35,-3.394866458036,-10.36564812243));
#1950 = CARTESIAN_POINT('',(-6.35,-3.642094971055,-10.22379134167));
#1951 = CARTESIAN_POINT('',(-6.35,-3.905401437321,-10.12220104054));
#1952 = ORIENTED_EDGE('',*,*,#1953,.T.);
#1953 = EDGE_CURVE('',#1935,#1954,#1956,.T.);
#1954 = VERTEX_POINT('',#1955);
#1955 = CARTESIAN_POINT('',(-6.35,-6.813382524661,-8.443277376967));
#1956 = CIRCLE('',#1957,10.849475300297);
#1957 = AXIS2_PLACEMENT_3D('',#1958,#1959,#1960);
#1958 = CARTESIAN_POINT('',(-6.35,0.,0.));
#1959 = DIRECTION('',(-1.,0.,0.));
#1960 = DIRECTION('',(0.,0.866025403784,0.5));
#1961 = ORIENTED_EDGE('',*,*,#1962,.T.);
#1962 = EDGE_CURVE('',#1954,#1963,#1965,.T.);
#1963 = VERTEX_POINT('',#1964);
#1964 = CARTESIAN_POINT('',(-6.35,-9.963071996581,-8.198098193843));
#1965 = B_SPLINE_CURVE_WITH_KNOTS('',3,(#1966,#1967,#1968,#1969,#1970,
    #1971,#1972,#1973,#1974,#1975,#1976,#1977,#1978,#1979),
  .UNSPECIFIED.,.F.,.F.,(4,2,2,2,2,2,4),(4.336808689942E-19,
    8.346611135208E-04,1.251991670281E-03,1.669322227042E-03,
    2.086652783802E-03,2.503983340562E-03,3.338644454083E-03),
  .UNSPECIFIED.);
#1966 = CARTESIAN_POINT('',(-6.35,-6.813382524661,-8.443277376967));
#1967 = CARTESIAN_POINT('',(-6.35,-7.033014911563,-8.266042945365));
#1968 = CARTESIAN_POINT('',(-6.35,-7.273362619392,-8.125813995349));
#1969 = CARTESIAN_POINT('',(-6.35,-7.664455542968,-7.970082708426));
#1970 = CARTESIAN_POINT('',(-6.35,-7.799420265615,-7.92787587206));
#1971 = CARTESIAN_POINT('',(-6.35,-8.070836257622,-7.864818330333));
#1972 = CARTESIAN_POINT('',(-6.35,-8.208331439242,-7.843521908462));
#1973 = CARTESIAN_POINT('',(-6.35,-8.486927838244,-7.821575054731));
#1974 = CARTESIAN_POINT('',(-6.35,-8.62892302849,-7.821122594203));
#1975 = CARTESIAN_POINT('',(-6.35,-8.907605040006,-7.841281451026));
#1976 = CARTESIAN_POINT('',(-6.35,-9.045230986723,-7.861692493912));
#1977 = CARTESIAN_POINT('',(-6.35,-9.453004809234,-7.953672518861));
#1978 = CARTESIAN_POINT('',(-6.35,-9.718658078535,-8.056985752466));
#1979 = CARTESIAN_POINT('',(-6.35,-9.963071996581,-8.198098193843));
#1980 = ORIENTED_EDGE('',*,*,#1981,.T.);
#1981 = EDGE_CURVE('',#1963,#1982,#1984,.T.);
#1982 = VERTEX_POINT('',#1983);
#1983 = CARTESIAN_POINT('',(-6.35,-14.03545515935,-10.54928970911));
#1984 = LINE('',#1985,#1986);
#1985 = CARTESIAN_POINT('',(-6.35,1.059112650149,-1.834436920996));
#1986 = VECTOR('',#1987,1.);
#1987 = DIRECTION('',(0.,-0.866025403784,-0.5));
#1988 = ORIENTED_EDGE('',*,*,#1989,.T.);
#1989 = EDGE_CURVE('',#1982,#66,#1990,.T.);
#1990 = B_SPLINE_CURVE_WITH_KNOTS('',3,(#1991,#1992,#1993,#1994,#1995,
    #1996,#1997,#1998,#1999,#2000,#2001,#2002,#2003,#2004,#2005,#2006,
    #2007,#2008),.UNSPECIFIED.,.F.,.F.,(4,2,2,2,2,2,2,2,4),(0.,
    6.407458912127E-04,1.281491782425E-03,1.922237673638E-03,
    2.562983564851E-03,3.203729456063E-03,3.844475347276E-03,
    4.485221238489E-03,5.125967129702E-03),.UNSPECIFIED.);
#1991 = CARTESIAN_POINT('',(-6.35,-14.03545515935,-10.54928970911));
#1992 = CARTESIAN_POINT('',(-6.35,-14.22308188512,-10.65761604974));
#1993 = CARTESIAN_POINT('',(-6.35,-14.39463685671,-10.78532977102));
#1994 = CARTESIAN_POINT('',(-6.35,-14.70674084019,-11.07815974826));
#1995 = CARTESIAN_POINT('',(-6.35,-14.84791776979,-11.24517598514));
#1996 = CARTESIAN_POINT('',(-6.35,-15.08450828579,-11.60134452062));
#1997 = CARTESIAN_POINT('',(-6.35,-15.18239057289,-11.79294445454));
#1998 = CARTESIAN_POINT('',(-6.35,-15.33290564732,-12.19804848662));
#1999 = CARTESIAN_POINT('',(-6.35,-15.38362027869,-12.40566278329));
#2000 = CARTESIAN_POINT('',(-6.35,-15.43720146932,-12.83076063867));
#2001 = CARTESIAN_POINT('',(-6.35,-15.43927010187,-13.04924829941));
#2002 = CARTESIAN_POINT('',(-6.35,-15.39413051796,-13.47419825896));
#2003 = CARTESIAN_POINT('',(-6.35,-15.34687218833,-13.6852738309));
#2004 = CARTESIAN_POINT('',(-6.35,-15.20449669381,-14.09215968575));
#2005 = CARTESIAN_POINT('',(-6.35,-15.11116341391,-14.2843199412));
#2006 = CARTESIAN_POINT('',(-6.35,-14.88084995916,-14.64640329911));
#2007 = CARTESIAN_POINT('',(-6.35,-14.74344193875,-14.81586283245));
#2008 = CARTESIAN_POINT('',(-6.35,-14.58829375345,-14.96708448849));
#2009 = ORIENTED_EDGE('',*,*,#94,.T.);
#2010 = ORIENTED_EDGE('',*,*,#2011,.T.);
#2011 = EDGE_CURVE('',#86,#372,#2012,.T.);
#2012 = B_SPLINE_CURVE_WITH_KNOTS('',3,(#2013,#2014,#2015,#2016,#2017,
    #2018,#2019,#2020,#2021,#2022,#2023,#2024,#2025,#2026,#2027,#2028,
    #2029,#2030),.UNSPECIFIED.,.F.,.F.,(4,2,2,2,2,2,2,2,4),(0.,
    6.407458898096E-04,1.281491779619E-03,1.922237669429E-03,
    2.562983559238E-03,3.203729449048E-03,3.844475338857E-03,
    4.485221228667E-03,5.125967118477E-03),.UNSPECIFIED.);
#2013 = CARTESIAN_POINT('',(-6.35,-5.667728510895,-20.11737523261));
#2014 = CARTESIAN_POINT('',(-6.35,-5.459193874597,-20.17612632165));
#2015 = CARTESIAN_POINT('',(-6.35,-5.247993606571,-20.20983610294));
#2016 = CARTESIAN_POINT('',(-6.35,-4.820450482402,-20.22894549189));
#2017 = CARTESIAN_POINT('',(-6.35,-4.60230875293,-20.21346859622));
#2018 = CARTESIAN_POINT('',(-6.35,-4.182115640581,-20.13429253218));
#2019 = CARTESIAN_POINT('',(-6.35,-3.976588359123,-20.0706528076));
#2020 = CARTESIAN_POINT('',(-6.35,-3.581431555461,-19.89568091606));
#2021 = CARTESIAN_POINT('',(-6.35,-3.397358624276,-19.78708613925));
#2022 = CARTESIAN_POINT('',(-6.35,-3.055542607971,-19.52874346432));
#2023 = CARTESIAN_POINT('',(-6.35,-2.897637412657,-19.3777233075));
#2024 = CARTESIAN_POINT('',(-6.35,-2.624833124079,-19.04878886393));
#2025 = CARTESIAN_POINT('',(-6.35,-2.506665397329,-18.86761869134));
#2026 = CARTESIAN_POINT('',(-6.35,-2.314666424384,-18.48166107295));
#2027 = CARTESIAN_POINT('',(-6.35,-2.242203882142,-18.28069877398));
#2028 = CARTESIAN_POINT('',(-6.35,-2.143668021702,-17.8630394276));
#2029 = CARTESIAN_POINT('',(-6.35,-2.118225300297,-17.64635955948));
#2030 = CARTESIAN_POINT('',(-6.35,-2.118225300297,-17.42970557623));
#2031 = FACE_BOUND('',#2032,.T.);
#2032 = EDGE_LOOP('',(#2033,#2034,#2053,#2062,#2081,#2089,#2110,#2111));
#2033 = ORIENTED_EDGE('',*,*,#357,.T.);
#2034 = ORIENTED_EDGE('',*,*,#2035,.T.);
#2035 = EDGE_CURVE('',#349,#2036,#2038,.T.);
#2036 = VERTEX_POINT('',#2037);
#2037 = CARTESIAN_POINT('',(-6.35,6.813382524661,-8.443277376967));
#2038 = B_SPLINE_CURVE_WITH_KNOTS('',3,(#2039,#2040,#2041,#2042,#2043,
    #2044,#2045,#2046,#2047,#2048,#2049,#2050,#2051,#2052),
  .UNSPECIFIED.,.F.,.F.,(4,2,2,2,2,2,4),(0.,8.346611135472E-04,
    1.251991670321E-03,1.669322227094E-03,2.086652783868E-03,
    2.503983340642E-03,3.338644454189E-03),.UNSPECIFIED.);
#2039 = CARTESIAN_POINT('',(-6.35,9.963071996581,-8.198098193844));
#2040 = CARTESIAN_POINT('',(-6.35,9.71865877694,-8.05698615569));
#2041 = CARTESIAN_POINT('',(-6.35,9.459506256686,-7.955639471867));
#2042 = CARTESIAN_POINT('',(-6.35,9.049025438384,-7.862304557327));
#2043 = CARTESIAN_POINT('',(-6.35,8.909155101867,-7.841491523533));
#2044 = CARTESIAN_POINT('',(-6.35,8.631250585893,-7.821194371913));
#2045 = CARTESIAN_POINT('',(-6.35,8.492116095725,-7.821431448911));
#2046 = CARTESIAN_POINT('',(-6.35,8.213479422315,-7.842860917209));
#2047 = CARTESIAN_POINT('',(-6.35,8.073124670172,-7.864387234751));
#2048 = CARTESIAN_POINT('',(-6.35,7.800919147355,-7.927428462701));
#2049 = CARTESIAN_POINT('',(-6.35,7.668109572051,-7.968890837931));
#2050 = CARTESIAN_POINT('',(-6.35,7.279481371702,-8.122864656333));
#2051 = CARTESIAN_POINT('',(-6.35,7.033015539352,-8.266042438765));
#2052 = CARTESIAN_POINT('',(-6.35,6.813382524661,-8.443277376967));
#2053 = ORIENTED_EDGE('',*,*,#2054,.T.);
#2054 = EDGE_CURVE('',#2036,#2055,#2057,.T.);
#2055 = VERTEX_POINT('',#2056);
#2056 = CARTESIAN_POINT('',(-6.35,3.905401437321,-10.12220104054));
#2057 = CIRCLE('',#2058,10.849475300297);
#2058 = AXIS2_PLACEMENT_3D('',#2059,#2060,#2061);
#2059 = CARTESIAN_POINT('',(-6.35,0.,0.));
#2060 = DIRECTION('',(-1.,0.,0.));
#2061 = DIRECTION('',(0.,0.866025403784,0.5));
#2062 = ORIENTED_EDGE('',*,*,#2063,.T.);
#2063 = EDGE_CURVE('',#2055,#2064,#2066,.T.);
#2064 = VERTEX_POINT('',#2065);
#2065 = CARTESIAN_POINT('',(-6.35,2.118225300297,-12.72732254569));
#2066 = B_SPLINE_CURVE_WITH_KNOTS('',3,(#2067,#2068,#2069,#2070,#2071,
    #2072,#2073,#2074,#2075,#2076,#2077,#2078,#2079,#2080),
  .UNSPECIFIED.,.F.,.F.,(4,2,2,2,2,2,4),(2.168404344971E-19,
    8.346611135208E-04,1.251991670281E-03,1.669322227042E-03,
    2.086652783802E-03,2.503983340563E-03,3.338644454083E-03),
  .UNSPECIFIED.);
#2067 = CARTESIAN_POINT('',(-6.35,3.905401437321,-10.12220104054));
#2068 = CARTESIAN_POINT('',(-6.35,3.642095723678,-10.22379105129));
#2069 = CARTESIAN_POINT('',(-6.35,3.400480036703,-10.361823797));
#2070 = CARTESIAN_POINT('',(-6.35,3.070066324276,-10.6226545606));
#2071 = CARTESIAN_POINT('',(-6.35,2.966031770446,-10.71843402084));
#2072 = CARTESIAN_POINT('',(-6.35,2.775714341407,-10.92195839405));
#2073 = CARTESIAN_POINT('',(-6.35,2.688523508246,-11.03038450329));
#2074 = CARTESIAN_POINT('',(-6.35,2.530218775881,-11.26068263537));
#2075 = CARTESIAN_POINT('',(-6.35,2.458829338447,-11.38342784707));
#2076 = CARTESIAN_POINT('',(-6.35,2.336946414809,-11.63485297703));
#2077 = CARTESIAN_POINT('',(-6.35,2.285809923108,-11.76424606455));
#2078 = CARTESIAN_POINT('',(-6.35,2.161580050098,-12.16337856632));
#2079 = CARTESIAN_POINT('',(-6.35,2.118225300297,-12.44509766293));
#2080 = CARTESIAN_POINT('',(-6.35,2.118225300297,-12.72732254569));
#2081 = ORIENTED_EDGE('',*,*,#2082,.T.);
#2082 = EDGE_CURVE('',#2064,#2083,#2085,.T.);
#2083 = VERTEX_POINT('',#2084);
#2084 = CARTESIAN_POINT('',(-6.35,2.118225300297,-17.42970557623));
#2085 = LINE('',#2086,#2087);
#2086 = CARTESIAN_POINT('',(-6.35,2.118225300297,-2.542410726392E-14));
#2087 = VECTOR('',#2088,1.);
#2088 = DIRECTION('',(0.,-1.215694211965E-14,-1.));
#2089 = ORIENTED_EDGE('',*,*,#2090,.T.);
#2090 = EDGE_CURVE('',#2083,#22,#2091,.T.);
#2091 = B_SPLINE_CURVE_WITH_KNOTS('',3,(#2092,#2093,#2094,#2095,#2096,
    #2097,#2098,#2099,#2100,#2101,#2102,#2103,#2104,#2105,#2106,#2107,
    #2108,#2109),.UNSPECIFIED.,.F.,.F.,(4,2,2,2,2,2,2,2,4),(0.,
    6.407458912127E-04,1.281491782425E-03,1.922237673638E-03,
    2.562983564851E-03,3.203729456063E-03,3.844475347276E-03,
    4.485221238489E-03,5.125967129702E-03),.UNSPECIFIED.);
#2092 = CARTESIAN_POINT('',(-6.35,2.118225300297,-17.42970557623));
#2093 = CARTESIAN_POINT('',(-6.35,2.118225300297,-17.64635825749));
#2094 = CARTESIAN_POINT('',(-6.35,2.143051141539,-17.85878608168));
#2095 = CARTESIAN_POINT('',(-6.35,2.240597349078,-18.27549104861));
#2096 = CARTESIAN_POINT('',(-6.35,2.314649188265,-18.48126197451));
#2097 = CARTESIAN_POINT('',(-6.35,2.504804930019,-18.8642396394));
#2098 = CARTESIAN_POINT('',(-6.35,2.621794196607,-19.04480815357));
#2099 = CARTESIAN_POINT('',(-6.35,2.897367042345,-19.37771004772));
#2100 = CARTESIAN_POINT('',(-6.35,3.051808981772,-19.52543735516));
#2101 = CARTESIAN_POINT('',(-6.35,3.393163928305,-19.7843889551));
#2102 = CARTESIAN_POINT('',(-6.35,3.581345476648,-19.89542427382));
#2103 = CARTESIAN_POINT('',(-6.35,3.971932728904,-20.06880722721));
#2104 = CARTESIAN_POINT('',(-6.35,4.178358701141,-20.13341809918));
#2105 = CARTESIAN_POINT('',(-6.35,4.601919935139,-20.21356023147));
#2106 = CARTESIAN_POINT('',(-6.35,4.815002237915,-20.22881136779));
#2107 = CARTESIAN_POINT('',(-6.35,5.243732351523,-20.2103957441));
#2108 = CARTESIAN_POINT('',(-6.35,5.459192622515,-20.17612667441));
#2109 = CARTESIAN_POINT('',(-6.35,5.667728510894,-20.11737523261));
#2110 = ORIENTED_EDGE('',*,*,#50,.T.);
#2111 = ORIENTED_EDGE('',*,*,#2112,.T.);
#2112 = EDGE_CURVE('',#42,#330,#2113,.T.);
#2113 = B_SPLINE_CURVE_WITH_KNOTS('',3,(#2114,#2115,#2116,#2117,#2118,
    #2119,#2120,#2121,#2122,#2123,#2124,#2125,#2126,#2127,#2128,#2129,
    #2130,#2131),.UNSPECIFIED.,.F.,.F.,(4,2,2,2,2,2,2,2,4),(
    8.673617379884E-19,6.407458898096E-04,1.281491779619E-03,
    1.922237669429E-03,2.562983559238E-03,3.203729449048E-03,
    3.844475338857E-03,4.485221228667E-03,5.125967118477E-03),
  .UNSPECIFIED.);
#2114 = CARTESIAN_POINT('',(-6.35,14.588293753458,-14.96708448849));
#2115 = CARTESIAN_POINT('',(-6.35,14.74344100722,-14.81586374041));
#2116 = CARTESIAN_POINT('',(-6.35,14.878234668187,-14.64981383366));
#2117 = CARTESIAN_POINT('',(-6.35,15.108555446547,-14.28910532139));
#2118 = CARTESIAN_POINT('',(-6.35,15.204222926468,-14.09245059421));
#2119 = CARTESIAN_POINT('',(-6.35,15.345750999806,-13.68896465239));
#2120 = CARTESIAN_POINT('',(-6.35,15.39340102236,-13.47915294319));
#2121 = CARTESIAN_POINT('',(-6.35,15.43944932117,-13.04945116697));
#2122 = CARTESIAN_POINT('',(-6.35,15.437439951328,-12.83574194401));
#2123 = CARTESIAN_POINT('',(-6.35,15.384616640109,-12.41054925301));
#2124 = CARTESIAN_POINT('',(-6.35,15.33278194548,-12.19828926407));
#2125 = CARTESIAN_POINT('',(-6.35,15.184318505457,-11.79756659811));
#2126 = CARTESIAN_POINT('',(-6.35,15.086504396955,-11.60464525854));
#2127 = CARTESIAN_POINT('',(-6.35,14.848254781121,-11.24539046128));
#2128 = CARTESIAN_POINT('',(-6.35,14.710447596127,-11.08215490938));
#2129 = CARTESIAN_POINT('',(-6.35,14.398011922258,-10.78799067787));
#2130 = CARTESIAN_POINT('',(-6.35,14.223083012681,-10.65761670073));
#2131 = CARTESIAN_POINT('',(-6.35,14.035455159357,-10.54928970911));
#2132 = PLANE('',#2133);
#2133 = AXIS2_PLACEMENT_3D('',#2134,#2135,#2136);
#2134 = CARTESIAN_POINT('',(-6.35,0.,0.));
#2135 = DIRECTION('',(1.,0.,0.));
#2136 = DIRECTION('',(0.,0.866025403784,0.5));
#2137 = ADVANCED_FACE('',(#2138),#2144,.T.);
#2138 = FACE_BOUND('',#2139,.T.);
#2139 = EDGE_LOOP('',(#2140,#2141,#2142,#2143));
#2140 = ORIENTED_EDGE('',*,*,#632,.F.);
#2141 = ORIENTED_EDGE('',*,*,#285,.T.);
#2142 = ORIENTED_EDGE('',*,*,#645,.T.);
#2143 = ORIENTED_EDGE('',*,*,#601,.T.);
#2144 = CONICAL_SURFACE('',#2145,25.4,3.490658503989E-02);
#2145 = AXIS2_PLACEMENT_3D('',#2146,#2147,#2148);
#2146 = CARTESIAN_POINT('',(-6.35,0.,0.));
#2147 = DIRECTION('',(-1.,0.,-0.));
#2148 = DIRECTION('',(0.,0.866025403784,0.5));
#2149 = ADVANCED_FACE('',(#2150),#2184,.T.);
#2150 = FACE_BOUND('',#2151,.T.);
#2151 = EDGE_LOOP('',(#2152,#2162,#2170,#2178));
#2152 = ORIENTED_EDGE('',*,*,#2153,.T.);
#2153 = EDGE_CURVE('',#2154,#2156,#2158,.T.);
#2154 = VERTEX_POINT('',#2155);
#2155 = CARTESIAN_POINT('',(6.096,5.3975,3.116248077951));
#2156 = VERTEX_POINT('',#2157);
#2157 = CARTESIAN_POINT('',(-6.096,5.3975,3.116248077951));
#2158 = LINE('',#2159,#2160);
#2159 = CARTESIAN_POINT('',(6.35,5.3975,3.116248077951));
#2160 = VECTOR('',#2161,1.);
#2161 = DIRECTION('',(-1.,0.,-0.));
#2162 = ORIENTED_EDGE('',*,*,#2163,.T.);
#2163 = EDGE_CURVE('',#2156,#2164,#2166,.T.);
#2164 = VERTEX_POINT('',#2165);
#2165 = CARTESIAN_POINT('',(-6.096,5.3975,-3.116248077951));
#2166 = LINE('',#2167,#2168);
#2167 = CARTESIAN_POINT('',(-6.096,5.3975,-3.116248077951));
#2168 = VECTOR('',#2169,1.);
#2169 = DIRECTION('',(-0.,-1.110223024625E-16,-1.));
#2170 = ORIENTED_EDGE('',*,*,#2171,.F.);
#2171 = EDGE_CURVE('',#2172,#2164,#2174,.T.);
#2172 = VERTEX_POINT('',#2173);
#2173 = CARTESIAN_POINT('',(6.096,5.3975,-3.116248077951));
#2174 = LINE('',#2175,#2176);
#2175 = CARTESIAN_POINT('',(6.35,5.3975,-3.116248077951));
#2176 = VECTOR('',#2177,1.);
#2177 = DIRECTION('',(-1.,0.,-0.));
#2178 = ORIENTED_EDGE('',*,*,#2179,.T.);
#2179 = EDGE_CURVE('',#2172,#2154,#2180,.T.);
#2180 = LINE('',#2181,#2182);
#2181 = CARTESIAN_POINT('',(6.096,5.3975,-3.116248077951));
#2182 = VECTOR('',#2183,1.);
#2183 = DIRECTION('',(0.,1.110223024625E-16,1.));
#2184 = PLANE('',#2185);
#2185 = AXIS2_PLACEMENT_3D('',#2186,#2187,#2188);
#2186 = CARTESIAN_POINT('',(6.35,5.3975,-3.116248077951));
#2187 = DIRECTION('',(0.,-1.,1.665334536938E-16));
#2188 = DIRECTION('',(0.,-1.665334536938E-16,-1.));
#2189 = ADVANCED_FACE('',(#2190),#2215,.T.);
#2190 = FACE_BOUND('',#2191,.T.);
#2191 = EDGE_LOOP('',(#2192,#2202,#2208,#2209));
#2192 = ORIENTED_EDGE('',*,*,#2193,.T.);
#2193 = EDGE_CURVE('',#2194,#2196,#2198,.T.);
#2194 = VERTEX_POINT('',#2195);
#2195 = CARTESIAN_POINT('',(6.096,7.416289804496E-14,6.232496155902));
#2196 = VERTEX_POINT('',#2197);
#2197 = CARTESIAN_POINT('',(-6.096,7.416289804496E-14,6.232496155902));
#2198 = LINE('',#2199,#2200);
#2199 = CARTESIAN_POINT('',(6.35,7.416289804496E-14,6.232496155902));
#2200 = VECTOR('',#2201,1.);
#2201 = DIRECTION('',(-1.,0.,-0.));
#2202 = ORIENTED_EDGE('',*,*,#2203,.T.);
#2203 = EDGE_CURVE('',#2196,#2156,#2204,.T.);
#2204 = LINE('',#2205,#2206);
#2205 = CARTESIAN_POINT('',(-6.096,5.3975,3.116248077951));
#2206 = VECTOR('',#2207,1.);
#2207 = DIRECTION('',(0.,0.866025403784,-0.5));
#2208 = ORIENTED_EDGE('',*,*,#2153,.F.);
#2209 = ORIENTED_EDGE('',*,*,#2210,.T.);
#2210 = EDGE_CURVE('',#2154,#2194,#2211,.T.);
#2211 = LINE('',#2212,#2213);
#2212 = CARTESIAN_POINT('',(6.096,5.3975,3.116248077951));
#2213 = VECTOR('',#2214,1.);
#2214 = DIRECTION('',(0.,-0.866025403784,0.5));
#2215 = PLANE('',#2216);
#2216 = AXIS2_PLACEMENT_3D('',#2217,#2218,#2219);
#2217 = CARTESIAN_POINT('',(6.35,5.3975,3.116248077951));
#2218 = DIRECTION('',(0.,-0.5,-0.866025403784));
#2219 = DIRECTION('',(0.,0.866025403784,-0.5));
#2220 = ADVANCED_FACE('',(#2221),#2246,.T.);
#2221 = FACE_BOUND('',#2222,.T.);
#2222 = EDGE_LOOP('',(#2223,#2233,#2239,#2240));
#2223 = ORIENTED_EDGE('',*,*,#2224,.T.);
#2224 = EDGE_CURVE('',#2225,#2227,#2229,.T.);
#2225 = VERTEX_POINT('',#2226);
#2226 = CARTESIAN_POINT('',(6.096,-5.3975,3.116248077951));
#2227 = VERTEX_POINT('',#2228);
#2228 = CARTESIAN_POINT('',(-6.096,-5.3975,3.116248077951));
#2229 = LINE('',#2230,#2231);
#2230 = CARTESIAN_POINT('',(6.35,-5.3975,3.116248077951));
#2231 = VECTOR('',#2232,1.);
#2232 = DIRECTION('',(-1.,0.,-0.));
#2233 = ORIENTED_EDGE('',*,*,#2234,.T.);
#2234 = EDGE_CURVE('',#2227,#2196,#2235,.T.);
#2235 = LINE('',#2236,#2237);
#2236 = CARTESIAN_POINT('',(-6.096,7.416289804496E-14,6.232496155902));
#2237 = VECTOR('',#2238,1.);
#2238 = DIRECTION('',(0.,0.866025403784,0.5));
#2239 = ORIENTED_EDGE('',*,*,#2193,.F.);
#2240 = ORIENTED_EDGE('',*,*,#2241,.T.);
#2241 = EDGE_CURVE('',#2194,#2225,#2242,.T.);
#2242 = LINE('',#2243,#2244);
#2243 = CARTESIAN_POINT('',(6.096,7.416289804496E-14,6.232496155902));
#2244 = VECTOR('',#2245,1.);
#2245 = DIRECTION('',(0.,-0.866025403784,-0.5));
#2246 = PLANE('',#2247);
#2247 = AXIS2_PLACEMENT_3D('',#2248,#2249,#2250);
#2248 = CARTESIAN_POINT('',(6.35,7.416289804496E-14,6.232496155902));
#2249 = DIRECTION('',(0.,0.5,-0.866025403784));
#2250 = DIRECTION('',(0.,0.866025403784,0.5));
#2251 = ADVANCED_FACE('',(#2252),#2277,.T.);
#2252 = FACE_BOUND('',#2253,.T.);
#2253 = EDGE_LOOP('',(#2254,#2264,#2270,#2271));
#2254 = ORIENTED_EDGE('',*,*,#2255,.T.);
#2255 = EDGE_CURVE('',#2256,#2258,#2260,.T.);
#2256 = VERTEX_POINT('',#2257);
#2257 = CARTESIAN_POINT('',(6.096,-5.3975,-3.116248077951));
#2258 = VERTEX_POINT('',#2259);
#2259 = CARTESIAN_POINT('',(-6.096,-5.3975,-3.116248077951));
#2260 = LINE('',#2261,#2262);
#2261 = CARTESIAN_POINT('',(6.35,-5.3975,-3.116248077951));
#2262 = VECTOR('',#2263,1.);
#2263 = DIRECTION('',(-1.,0.,-0.));
#2264 = ORIENTED_EDGE('',*,*,#2265,.T.);
#2265 = EDGE_CURVE('',#2258,#2227,#2266,.T.);
#2266 = LINE('',#2267,#2268);
#2267 = CARTESIAN_POINT('',(-6.096,-5.3975,3.116248077951));
#2268 = VECTOR('',#2269,1.);
#2269 = DIRECTION('',(0.,-2.775557561563E-16,1.));
#2270 = ORIENTED_EDGE('',*,*,#2224,.F.);
#2271 = ORIENTED_EDGE('',*,*,#2272,.T.);
#2272 = EDGE_CURVE('',#2225,#2256,#2273,.T.);
#2273 = LINE('',#2274,#2275);
#2274 = CARTESIAN_POINT('',(6.096,-5.3975,3.116248077951));
#2275 = VECTOR('',#2276,1.);
#2276 = DIRECTION('',(0.,2.775557561563E-16,-1.));
#2277 = PLANE('',#2278);
#2278 = AXIS2_PLACEMENT_3D('',#2279,#2280,#2281);
#2279 = CARTESIAN_POINT('',(6.35,-5.3975,3.116248077951));
#2280 = DIRECTION('',(0.,1.,3.330669073875E-16));
#2281 = DIRECTION('',(0.,-3.330669073875E-16,1.));
#2282 = ADVANCED_FACE('',(#2283),#2308,.T.);
#2283 = FACE_BOUND('',#2284,.T.);
#2284 = EDGE_LOOP('',(#2285,#2295,#2301,#2302));
#2285 = ORIENTED_EDGE('',*,*,#2286,.T.);
#2286 = EDGE_CURVE('',#2287,#2289,#2291,.T.);
#2287 = VERTEX_POINT('',#2288);
#2288 = CARTESIAN_POINT('',(6.096,7.327471962526E-14,-6.232496155902));
#2289 = VERTEX_POINT('',#2290);
#2290 = CARTESIAN_POINT('',(-6.096,7.327471962526E-14,-6.232496155902));
#2291 = LINE('',#2292,#2293);
#2292 = CARTESIAN_POINT('',(6.35,7.327471962526E-14,-6.232496155902));
#2293 = VECTOR('',#2294,1.);
#2294 = DIRECTION('',(-1.,0.,-0.));
#2295 = ORIENTED_EDGE('',*,*,#2296,.T.);
#2296 = EDGE_CURVE('',#2289,#2258,#2297,.T.);
#2297 = LINE('',#2298,#2299);
#2298 = CARTESIAN_POINT('',(-6.096,-5.3975,-3.116248077951));
#2299 = VECTOR('',#2300,1.);
#2300 = DIRECTION('',(0.,-0.866025403784,0.5));
#2301 = ORIENTED_EDGE('',*,*,#2255,.F.);
#2302 = ORIENTED_EDGE('',*,*,#2303,.T.);
#2303 = EDGE_CURVE('',#2256,#2287,#2304,.T.);
#2304 = LINE('',#2305,#2306);
#2305 = CARTESIAN_POINT('',(6.096,-5.3975,-3.116248077951));
#2306 = VECTOR('',#2307,1.);
#2307 = DIRECTION('',(0.,0.866025403784,-0.5));
#2308 = PLANE('',#2309);
#2309 = AXIS2_PLACEMENT_3D('',#2310,#2311,#2312);
#2310 = CARTESIAN_POINT('',(6.35,-5.3975,-3.116248077951));
#2311 = DIRECTION('',(0.,0.5,0.866025403784));
#2312 = DIRECTION('',(0.,-0.866025403784,0.5));
#2313 = ADVANCED_FACE('',(#2314),#2330,.T.);
#2314 = FACE_BOUND('',#2315,.T.);
#2315 = EDGE_LOOP('',(#2316,#2317,#2323,#2324));
#2316 = ORIENTED_EDGE('',*,*,#2171,.T.);
#2317 = ORIENTED_EDGE('',*,*,#2318,.T.);
#2318 = EDGE_CURVE('',#2164,#2289,#2319,.T.);
#2319 = LINE('',#2320,#2321);
#2320 = CARTESIAN_POINT('',(-6.096,7.327471962526E-14,-6.232496155902));
#2321 = VECTOR('',#2322,1.);
#2322 = DIRECTION('',(0.,-0.866025403784,-0.5));
#2323 = ORIENTED_EDGE('',*,*,#2286,.F.);
#2324 = ORIENTED_EDGE('',*,*,#2325,.T.);
#2325 = EDGE_CURVE('',#2287,#2172,#2326,.T.);
#2326 = LINE('',#2327,#2328);
#2327 = CARTESIAN_POINT('',(6.096,7.327471962526E-14,-6.232496155902));
#2328 = VECTOR('',#2329,1.);
#2329 = DIRECTION('',(0.,0.866025403784,0.5));
#2330 = PLANE('',#2331);
#2331 = AXIS2_PLACEMENT_3D('',#2332,#2333,#2334);
#2332 = CARTESIAN_POINT('',(6.35,7.327471962526E-14,-6.232496155902));
#2333 = DIRECTION('',(0.,-0.5,0.866025403784));
#2334 = DIRECTION('',(1.,0.,0.));
#2335 = ADVANCED_FACE('',(#2336),#2375,.T.);
#2336 = FACE_BOUND('',#2337,.T.);
#2337 = EDGE_LOOP('',(#2338,#2352,#2360,#2369));
#2338 = ORIENTED_EDGE('',*,*,#2339,.T.);
#2339 = EDGE_CURVE('',#2340,#2342,#2344,.T.);
#2340 = VERTEX_POINT('',#2341);
#2341 = CARTESIAN_POINT('',(6.104864472162,-1.946316548716,
    17.983194578433));
#2342 = VERTEX_POINT('',#2343);
#2343 = CARTESIAN_POINT('',(-6.087135527837,-2.37207057036,
    17.429705576239));
#2344 = B_SPLINE_CURVE_WITH_KNOTS('',3,(#2345,#2346,#2347,#2348,#2349,
    #2350,#2351),.UNSPECIFIED.,.F.,.F.,(4,3,4),(2.455294063582E-04,
    6.239355698587E-03,1.245751125352E-02),.UNSPECIFIED.);
#2345 = CARTESIAN_POINT('',(6.104864472162,-1.946316548716,
    17.983194578433));
#2346 = CARTESIAN_POINT('',(4.110128797528,-2.015974253407,
    17.894031705682));
#2347 = CARTESIAN_POINT('',(2.115422540357,-2.085630930818,
    17.804207217618));
#2348 = CARTESIAN_POINT('',(0.120747765438,-2.155286508844,
    17.713690544503));
#2349 = CARTESIAN_POINT('',(-1.948581125461,-2.227549066045,
    17.619786130039));
#2350 = CARTESIAN_POINT('',(-4.017876400382,-2.299810449351,
    17.525136772893));
#2351 = CARTESIAN_POINT('',(-6.087135527837,-2.37207057036,
    17.429705576239));
#2352 = ORIENTED_EDGE('',*,*,#2353,.T.);
#2353 = EDGE_CURVE('',#2342,#2354,#2356,.T.);
#2354 = VERTEX_POINT('',#2355);
#2355 = CARTESIAN_POINT('',(-6.087135527838,-2.37207057036,
    12.727322545694));
#2356 = LINE('',#2357,#2358);
#2357 = CARTESIAN_POINT('',(-6.087135527838,-2.37207057036,
    2.864375403533E-14));
#2358 = VECTOR('',#2359,1.);
#2359 = DIRECTION('',(-1.733417409103E-18,-1.215694211965E-14,-1.));
#2360 = ORIENTED_EDGE('',*,*,#2361,.T.);
#2361 = EDGE_CURVE('',#2354,#2362,#2364,.T.);
#2362 = VERTEX_POINT('',#2363);
#2363 = CARTESIAN_POINT('',(6.104864472162,-1.946316548717,
    12.431814412192));
#2364 = B_SPLINE_CURVE_WITH_KNOTS('',3,(#2365,#2366,#2367,#2368),
  .UNSPECIFIED.,.F.,.F.,(4,4),(2.631000255944E-04,1.246611012736E-02),
  .PIECEWISE_BEZIER_KNOTS.);
#2365 = CARTESIAN_POINT('',(-6.087135527838,-2.37207057036,
    12.727322545694));
#2366 = CARTESIAN_POINT('',(-2.02310802122,-2.230151602593,
    12.629962713501));
#2367 = CARTESIAN_POINT('',(2.040892964769,-2.088233560947,
    12.531487144744));
#2368 = CARTESIAN_POINT('',(6.104864472162,-1.946316548717,
    12.431814412192));
#2369 = ORIENTED_EDGE('',*,*,#2370,.T.);
#2370 = EDGE_CURVE('',#2362,#2340,#2371,.T.);
#2371 = LINE('',#2372,#2373);
#2372 = CARTESIAN_POINT('',(6.104864472162,-1.946316548716,
    17.994148577687));
#2373 = VECTOR('',#2374,1.);
#2374 = DIRECTION('',(-2.036457963482E-19,1.215694211965E-14,1.));
#2375 = PLANE('',#2376);
#2376 = AXIS2_PLACEMENT_3D('',#2377,#2378,#2379);
#2377 = CARTESIAN_POINT('',(-6.35,-2.38125,2.886579864025E-14));
#2378 = DIRECTION('',(3.48994967025E-02,-0.999390827019,
    1.221245327088E-14));
#2379 = DIRECTION('',(-1.734723475977E-18,-1.226796442211E-14,-1.));
#2380 = ADVANCED_FACE('',(#2381),#2425,.T.);
#2381 = FACE_BOUND('',#2382,.T.);
#2382 = EDGE_LOOP('',(#2383,#2397,#2406,#2418));
#2383 = ORIENTED_EDGE('',*,*,#2384,.T.);
#2384 = EDGE_CURVE('',#2385,#2387,#2389,.T.);
#2385 = VERTEX_POINT('',#2386);
#2386 = CARTESIAN_POINT('',(6.104864472162,-3.62336201333,
    10.043987013265));
#2387 = VERTEX_POINT('',#2388);
#2388 = CARTESIAN_POINT('',(-6.087135527837,-3.996776149472,
    10.359030268282));
#2389 = B_SPLINE_CURVE_WITH_KNOTS('',3,(#2390,#2391,#2392,#2393,#2394,
    #2395,#2396),.UNSPECIFIED.,.F.,.F.,(4,3,4),(2.453330536732E-04,
    5.080000045169E-03,1.244711815571E-02),.UNSPECIFIED.);
#2390 = CARTESIAN_POINT('',(6.104864472162,-3.62336201333,
    10.043987013265));
#2391 = CARTESIAN_POINT('',(4.494606234472,-3.672457984891,
    10.086054236426));
#2392 = CARTESIAN_POINT('',(2.884345933977,-3.721645084971,
    10.127936623939));
#2393 = CARTESIAN_POINT('',(1.274083651701,-3.770919911374,
    10.169638320519));
#2394 = CARTESIAN_POINT('',(-1.179651491464,-3.846005426666,
    10.233183818387));
#2395 = CARTESIAN_POINT('',(-3.633391308171,-3.921294605534,
    10.296309787704));
#2396 = CARTESIAN_POINT('',(-6.087135527837,-3.996776149472,
    10.359030268282));
#2397 = ORIENTED_EDGE('',*,*,#2398,.T.);
#2398 = EDGE_CURVE('',#2387,#2399,#2401,.T.);
#2399 = VERTEX_POINT('',#2400);
#2400 = CARTESIAN_POINT('',(-6.087135527838,-6.972795296168,
    8.640824812824));
#2401 = CIRCLE('',#2402,11.10332057036);
#2402 = AXIS2_PLACEMENT_3D('',#2403,#2404,#2405);
#2403 = CARTESIAN_POINT('',(-6.087135527838,0.,0.));
#2404 = DIRECTION('',(1.,0.,0.));
#2405 = DIRECTION('',(0.,-0.866025403784,-0.5));
#2406 = ORIENTED_EDGE('',*,*,#2407,.T.);
#2407 = EDGE_CURVE('',#2399,#2408,#2410,.T.);
#2408 = VERTEX_POINT('',#2409);
#2409 = CARTESIAN_POINT('',(6.104864472162,-6.886666902103,
    8.159917057284));
#2410 = B_SPLINE_CURVE_WITH_KNOTS('',3,(#2411,#2412,#2413,#2414,#2415,
    #2416,#2417),.UNSPECIFIED.,.F.,.F.,(4,3,4),(2.630746159417E-04,
    5.080000040961E-03,1.246485972436E-02),.UNSPECIFIED.);
#2411 = CARTESIAN_POINT('',(-6.087135527838,-6.972795296168,
    8.640824812824));
#2412 = CARTESIAN_POINT('',(-4.482776420195,-6.961956728832,
    8.577579291383));
#2413 = CARTESIAN_POINT('',(-2.878419201564,-6.950926895619,
    8.51431832289));
#2414 = CARTESIAN_POINT('',(-1.274063946676,-6.939700870309,
    8.451042661958));
#2415 = CARTESIAN_POINT('',(1.185583496909,-6.922490178119,
    8.354034335917));
#2416 = CARTESIAN_POINT('',(3.645226398283,-6.904818408411,
    8.256991453089));
#2417 = CARTESIAN_POINT('',(6.104864472162,-6.886666902103,
    8.159917057284));
#2418 = ORIENTED_EDGE('',*,*,#2419,.T.);
#2419 = EDGE_CURVE('',#2408,#2385,#2420,.T.);
#2420 = CIRCLE('',#2421,10.677566548717);
#2421 = AXIS2_PLACEMENT_3D('',#2422,#2423,#2424);
#2422 = CARTESIAN_POINT('',(6.104864472162,0.,0.));
#2423 = DIRECTION('',(-1.,0.,0.));
#2424 = DIRECTION('',(0.,0.866025403784,0.5));
#2425 = CONICAL_SURFACE('',#2426,11.1125,3.490658503989E-02);
#2426 = AXIS2_PLACEMENT_3D('',#2427,#2428,#2429);
#2427 = CARTESIAN_POINT('',(-6.35,0.,0.));
#2428 = DIRECTION('',(-1.,0.,-0.));
#2429 = DIRECTION('',(0.,0.866025403784,0.5));
#2430 = ADVANCED_FACE('',(#2431),#2470,.T.);
#2431 = FACE_BOUND('',#2432,.T.);
#2432 = EDGE_LOOP('',(#2433,#2444,#2452,#2464));
#2433 = ORIENTED_EDGE('',*,*,#2434,.T.);
#2434 = EDGE_CURVE('',#2435,#2437,#2439,.T.);
#2435 = VERTEX_POINT('',#2436);
#2436 = CARTESIAN_POINT('',(6.104864472162,-9.793108821734,
    7.901466781091));
#2437 = VERTEX_POINT('',#2438);
#2438 = CARTESIAN_POINT('',(-6.087135527837,-9.83614936155,
    8.417934646348));
#2439 = B_SPLINE_CURVE_WITH_KNOTS('',3,(#2440,#2441,#2442,#2443),
  .UNSPECIFIED.,.F.,.F.,(4,4),(2.453586450614E-04,1.244836874683E-02),
  .PIECEWISE_BEZIER_KNOTS.);
#2440 = CARTESIAN_POINT('',(6.104864472162,-9.793108821734,
    7.901466781091));
#2441 = CARTESIAN_POINT('',(2.040892964769,-9.808469434073,
    8.074206885188));
#2442 = CARTESIAN_POINT('',(-2.02310802122,-9.822792757446,
    8.246349298887));
#2443 = CARTESIAN_POINT('',(-6.087135527837,-9.83614936155,
    8.417934646348));
#2444 = ORIENTED_EDGE('',*,*,#2445,.T.);
#2445 = EDGE_CURVE('',#2437,#2446,#2448,.T.);
#2446 = VERTEX_POINT('',#2447);
#2447 = CARTESIAN_POINT('',(-6.087135527838,-13.90853252432,
    10.769126161621));
#2448 = LINE('',#2449,#2450);
#2449 = CARTESIAN_POINT('',(-6.087135527838,-13.89803011051,
    10.763062590182));
#2450 = VECTOR('',#2451,1.);
#2451 = DIRECTION('',(-1.735775719202E-18,-0.866025403784,0.5));
#2452 = ORIENTED_EDGE('',*,*,#2453,.T.);
#2453 = EDGE_CURVE('',#2446,#2454,#2456,.T.);
#2454 = VERTEX_POINT('',#2455);
#2455 = CARTESIAN_POINT('',(6.104864472163,-14.60074507176,
    10.677156864211));
#2456 = B_SPLINE_CURVE_WITH_KNOTS('',3,(#2457,#2458,#2459,#2460,#2461,
    #2462,#2463),.UNSPECIFIED.,.F.,.F.,(4,3,4),(2.63304103003E-04,
    6.481459598395E-03,1.247528583323E-02),.UNSPECIFIED.);
#2457 = CARTESIAN_POINT('',(-6.087135527838,-13.90853252432,
    10.769126161621));
#2458 = CARTESIAN_POINT('',(-4.017876400382,-14.02730842544,
    10.754262659474));
#2459 = CARTESIAN_POINT('',(-1.948581125461,-14.14540786483,
    10.739007144391));
#2460 = CARTESIAN_POINT('',(0.120747765438,-14.26286275189,
    10.723378141344));
#2461 = CARTESIAN_POINT('',(2.115422540357,-14.37608027929,
    10.708312977816));
#2462 = CARTESIAN_POINT('',(4.110128797528,-14.48869890654,
    10.692900769667));
#2463 = CARTESIAN_POINT('',(6.104864472163,-14.60074507176,
    10.677156864211));
#2464 = ORIENTED_EDGE('',*,*,#2465,.T.);
#2465 = EDGE_CURVE('',#2454,#2435,#2466,.T.);
#2466 = LINE('',#2467,#2468);
#2467 = CARTESIAN_POINT('',(6.104864472162,0.973158274358,1.685559574995
    ));
#2468 = VECTOR('',#2469,1.);
#2469 = DIRECTION('',(1.737887281711E-18,0.866025403784,-0.5));
#2470 = PLANE('',#2471);
#2471 = AXIS2_PLACEMENT_3D('',#2472,#2473,#2474);
#2472 = CARTESIAN_POINT('',(-6.35,1.190625,2.062222992762));
#2473 = DIRECTION('',(3.48994967025E-02,0.49969541351,0.865497844508));
#2474 = DIRECTION('',(0.,-0.866025403784,0.5));
#2475 = ADVANCED_FACE('',(#2476),#2520,.F.);
#2476 = FACE_BOUND('',#2477,.F.);
#2477 = EDGE_LOOP('',(#2478,#2489,#2501,#2510));
#2478 = ORIENTED_EDGE('',*,*,#2479,.F.);
#2479 = EDGE_CURVE('',#2480,#2482,#2484,.T.);
#2480 = VERTEX_POINT('',#2481);
#2481 = CARTESIAN_POINT('',(6.104864472163,-5.099012609466,
    20.44621045493));
#2482 = VERTEX_POINT('',#2483);
#2483 = CARTESIAN_POINT('',(6.104864472162,-15.15743136035,
    14.63897968148));
#2484 = CIRCLE('',#2485,21.072433451283);
#2485 = AXIS2_PLACEMENT_3D('',#2486,#2487,#2488);
#2486 = CARTESIAN_POINT('',(6.104864472162,0.,0.));
#2487 = DIRECTION('',(1.,0.,-0.));
#2488 = DIRECTION('',(0.,0.866025403784,0.5));
#2489 = ORIENTED_EDGE('',*,*,#2490,.F.);
#2490 = EDGE_CURVE('',#2491,#2480,#2493,.T.);
#2491 = VERTEX_POINT('',#2492);
#2492 = CARTESIAN_POINT('',(-6.087135527838,-5.598891670903,
    19.873041627487));
#2493 = B_SPLINE_CURVE_WITH_KNOTS('',3,(#2494,#2495,#2496,#2497,#2498,
    #2499,#2500),.UNSPECIFIED.,.F.,.F.,(4,3,4),(2.633878902123E-04,
    6.483476376054E-03,1.247908642204E-02),.UNSPECIFIED.);
#2494 = CARTESIAN_POINT('',(-6.087135527838,-5.598891670903,
    19.873041627487));
#2495 = CARTESIAN_POINT('',(-4.017891040807,-5.51375565768,
    19.972099856746));
#2496 = CARTESIAN_POINT('',(-1.948595378575,-5.428771664824,
    20.070223820733));
#2497 = CARTESIAN_POINT('',(0.120747765438,-5.343934459479,
    20.167460755871));
#2498 = CARTESIAN_POINT('',(2.115409858896,-5.262158965595,
    20.261188482548));
#2499 = CARTESIAN_POINT('',(4.110116430299,-5.18051984287,
    20.354092022415));
#2500 = CARTESIAN_POINT('',(6.104864472163,-5.099012609466,
    20.44621045493));
#2501 = ORIENTED_EDGE('',*,*,#2502,.F.);
#2502 = EDGE_CURVE('',#2503,#2491,#2505,.T.);
#2503 = VERTEX_POINT('',#2504);
#2504 = CARTESIAN_POINT('',(-6.087135527837,-14.41111306441,
    14.785303233783));
#2505 = CIRCLE('',#2506,20.64667942964);
#2506 = AXIS2_PLACEMENT_3D('',#2507,#2508,#2509);
#2507 = CARTESIAN_POINT('',(-6.087135527838,0.,0.));
#2508 = DIRECTION('',(-1.,-0.,0.));
#2509 = DIRECTION('',(0.,-0.866025403784,-0.5));
#2510 = ORIENTED_EDGE('',*,*,#2511,.F.);
#2511 = EDGE_CURVE('',#2482,#2503,#2512,.T.);
#2512 = B_SPLINE_CURVE_WITH_KNOTS('',3,(#2513,#2514,#2515,#2516,#2517,
    #2518,#2519),.UNSPECIFIED.,.F.,.F.,(4,3,4),(2.456008890775E-04,
    6.24121102126E-03,1.246129959652E-02),.UNSPECIFIED.);
#2513 = CARTESIAN_POINT('',(6.104864472162,-15.15743136035,
    14.63897968148));
#2514 = CARTESIAN_POINT('',(4.110116430298,-15.03690084094,
    14.663507799942));
#2515 = CARTESIAN_POINT('',(2.115409858896,-14.91562445395,
    14.687757584232));
#2516 = CARTESIAN_POINT('',(0.120747765438,-14.79356611467,
    14.711713376004));
#2517 = CARTESIAN_POINT('',(-1.948595378575,-14.66693785598,
    14.73656608345));
#2518 = CARTESIAN_POINT('',(-4.017891040807,-14.53946801402,
    14.761102398185));
#2519 = CARTESIAN_POINT('',(-6.087135527837,-14.41111306441,
    14.785303233783));
#2520 = CONICAL_SURFACE('',#2521,20.6375,3.490658503989E-02);
#2521 = AXIS2_PLACEMENT_3D('',#2522,#2523,#2524);
#2522 = CARTESIAN_POINT('',(-6.35,0.,0.));
#2523 = DIRECTION('',(1.,0.,0.));
#2524 = DIRECTION('',(0.,0.866025403784,0.5));
#2525 = ADVANCED_FACE('',(#2526),#2565,.T.);
#2526 = FACE_BOUND('',#2527,.T.);
#2527 = EDGE_LOOP('',(#2528,#2542,#2550,#2559));
#2528 = ORIENTED_EDGE('',*,*,#2529,.T.);
#2529 = EDGE_CURVE('',#2530,#2532,#2534,.T.);
#2530 = VERTEX_POINT('',#2531);
#2531 = CARTESIAN_POINT('',(6.104864472162,-16.54706162048,
    7.306037714222));
#2532 = VERTEX_POINT('',#2533);
#2533 = CARTESIAN_POINT('',(-6.087135527837,-16.28060309468,
    6.660579414618));
#2534 = B_SPLINE_CURVE_WITH_KNOTS('',3,(#2535,#2536,#2537,#2538,#2539,
    #2540,#2541),.UNSPECIFIED.,.F.,.F.,(4,3,4),(2.455294063582E-04,
    6.239355698587E-03,1.245751125352E-02),.UNSPECIFIED.);
#2535 = CARTESIAN_POINT('',(6.104864472162,-16.54706162048,
    7.306037714222));
#2536 = CARTESIAN_POINT('',(4.110128797528,-16.50467315994,
    7.201130936015));
#2537 = CARTESIAN_POINT('',(2.115422540357,-16.4617112101,7.095894239802
    ));
#2538 = CARTESIAN_POINT('',(0.120747765438,-16.41814926073,
    6.990312403159));
#2539 = CARTESIAN_POINT('',(-1.948581125461,-16.37295693088,
    6.880778985648));
#2540 = CARTESIAN_POINT('',(-4.017876400382,-16.32711887479,
    6.770874113419));
#2541 = CARTESIAN_POINT('',(-6.087135527837,-16.28060309468,
    6.660579414618));
#2542 = ORIENTED_EDGE('',*,*,#2543,.T.);
#2543 = EDGE_CURVE('',#2532,#2544,#2546,.T.);
#2544 = VERTEX_POINT('',#2545);
#2545 = CARTESIAN_POINT('',(-6.087135527838,-12.20821993191,
    4.309387899346));
#2546 = LINE('',#2547,#2548);
#2547 = CARTESIAN_POINT('',(-6.087135527838,-1.18603528518,
    -2.054273373501));
#2548 = VECTOR('',#2549,1.);
#2549 = DIRECTION('',(0.,0.866025403784,-0.5));
#2550 = ORIENTED_EDGE('',*,*,#2551,.T.);
#2551 = EDGE_CURVE('',#2544,#2552,#2554,.T.);
#2552 = VERTEX_POINT('',#2553);
#2553 = CARTESIAN_POINT('',(6.104864472162,-11.73942537045,
    4.530347631102));
#2554 = B_SPLINE_CURVE_WITH_KNOTS('',3,(#2555,#2556,#2557,#2558),
  .UNSPECIFIED.,.F.,.F.,(4,4),(2.631000255944E-04,1.246611012736E-02),
  .PIECEWISE_BEZIER_KNOTS.);
#2555 = CARTESIAN_POINT('',(-6.087135527838,-12.20821993191,
    4.309387899346));
#2556 = CARTESIAN_POINT('',(-2.02310802122,-12.05294436003,
    4.383613414614));
#2557 = CARTESIAN_POINT('',(2.040892964769,-11.89670299502,
    4.457280259556));
#2558 = CARTESIAN_POINT('',(6.104864472162,-11.73942537045,
    4.530347631102));
#2559 = ORIENTED_EDGE('',*,*,#2560,.T.);
#2560 = EDGE_CURVE('',#2552,#2530,#2561,.T.);
#2561 = LINE('',#2562,#2563);
#2562 = CARTESIAN_POINT('',(6.104864472162,-16.5565480621,7.311514713849
    ));
#2563 = VECTOR('',#2564,1.);
#2564 = DIRECTION('',(0.,-0.866025403784,0.5));
#2565 = PLANE('',#2566);
#2566 = AXIS2_PLACEMENT_3D('',#2567,#2568,#2569);
#2567 = CARTESIAN_POINT('',(-6.35,-1.190625,-2.062222992762));
#2568 = DIRECTION('',(3.48994967025E-02,-0.49969541351,-0.865497844508)
  );
#2569 = DIRECTION('',(-1.734723475977E-18,0.866025403784,-0.5));
#2570 = ADVANCED_FACE('',(#2571),#2615,.T.);
#2571 = FACE_BOUND('',#2572,.T.);
#2572 = EDGE_LOOP('',(#2573,#2587,#2596,#2608));
#2573 = ORIENTED_EDGE('',*,*,#2574,.T.);
#2574 = EDGE_CURVE('',#2575,#2577,#2579,.T.);
#2575 = VERTEX_POINT('',#2576);
#2576 = CARTESIAN_POINT('',(6.104864472162,-10.51002891543,
    1.884069955981));
#2577 = VERTEX_POINT('',#2578);
#2578 = CARTESIAN_POINT('',(-6.087135527837,-10.96957144564,
    1.718205455458));
#2579 = B_SPLINE_CURVE_WITH_KNOTS('',3,(#2580,#2581,#2582,#2583,#2584,
    #2585,#2586),.UNSPECIFIED.,.F.,.F.,(4,3,4),(2.453330536732E-04,
    5.080000045169E-03,1.244711815571E-02),.UNSPECIFIED.);
#2580 = CARTESIAN_POINT('',(6.104864472162,-10.51002891543,
    1.884069955981));
#2581 = CARTESIAN_POINT('',(4.494606234472,-10.57100818513,
    1.862585208967));
#2582 = CARTESIAN_POINT('',(2.884345933977,-10.63187294673,
    1.840929124515));
#2583 = CARTESIAN_POINT('',(1.274083651701,-10.69262508855,
    1.819106721373));
#2584 = CARTESIAN_POINT('',(-1.179651491464,-10.78519986165,
    1.785853506608));
#2585 = CARTESIAN_POINT('',(-3.633391308171,-10.87751314415,
    1.752214149736));
#2586 = CARTESIAN_POINT('',(-6.087135527837,-10.96957144564,
    1.718205455458));
#2587 = ORIENTED_EDGE('',*,*,#2588,.T.);
#2588 = EDGE_CURVE('',#2577,#2589,#2591,.T.);
#2589 = VERTEX_POINT('',#2590);
#2590 = CARTESIAN_POINT('',(-6.087135527838,-10.96957144564,
    -1.718205455458));
#2591 = CIRCLE('',#2592,11.10332057036);
#2592 = AXIS2_PLACEMENT_3D('',#2593,#2594,#2595);
#2593 = CARTESIAN_POINT('',(-6.087135527838,0.,0.));
#2594 = DIRECTION('',(1.,0.,0.));
#2595 = DIRECTION('',(0.,-0.866025403784,-0.5));
#2596 = ORIENTED_EDGE('',*,*,#2597,.T.);
#2597 = EDGE_CURVE('',#2589,#2598,#2600,.T.);
#2598 = VERTEX_POINT('',#2599);
#2599 = CARTESIAN_POINT('',(6.104864472162,-10.51002891543,
    -1.88406995598));
#2600 = B_SPLINE_CURVE_WITH_KNOTS('',3,(#2601,#2602,#2603,#2604,#2605,
    #2606,#2607),.UNSPECIFIED.,.F.,.F.,(4,3,4),(2.630746159417E-04,
    5.080000040961E-03,1.246485972436E-02),.UNSPECIFIED.);
#2601 = CARTESIAN_POINT('',(-6.087135527838,-10.96957144564,
    -1.718205455458));
#2602 = CARTESIAN_POINT('',(-4.482776420195,-10.90937993373,
    -1.740441741525));
#2603 = CARTESIAN_POINT('',(-2.878419201564,-10.84907941133,
    -1.76252011001));
#2604 = CARTESIAN_POINT('',(-1.274063946676,-10.78866806887,
    -1.784435917374));
#2605 = CARTESIAN_POINT('',(1.185583496909,-10.69605104805,
    -1.818035183741));
#2606 = CARTESIAN_POINT('',(3.645226398283,-10.60317356141,
    -1.851252423658));
#2607 = CARTESIAN_POINT('',(6.104864472162,-10.51002891543,
    -1.88406995598));
#2608 = ORIENTED_EDGE('',*,*,#2609,.T.);
#2609 = EDGE_CURVE('',#2598,#2575,#2610,.T.);
#2610 = CIRCLE('',#2611,10.677566548717);
#2611 = AXIS2_PLACEMENT_3D('',#2612,#2613,#2614);
#2612 = CARTESIAN_POINT('',(6.104864472162,0.,0.));
#2613 = DIRECTION('',(-1.,0.,0.));
#2614 = DIRECTION('',(0.,0.866025403784,0.5));
#2615 = CONICAL_SURFACE('',#2616,11.1125,3.490658503989E-02);
#2616 = AXIS2_PLACEMENT_3D('',#2617,#2618,#2619);
#2617 = CARTESIAN_POINT('',(-6.35,0.,0.));
#2618 = DIRECTION('',(-1.,0.,-0.));
#2619 = DIRECTION('',(0.,0.866025403784,0.5));
#2620 = ADVANCED_FACE('',(#2621),#2660,.T.);
#2621 = FACE_BOUND('',#2622,.T.);
#2622 = EDGE_LOOP('',(#2623,#2634,#2642,#2654));
#2623 = ORIENTED_EDGE('',*,*,#2624,.T.);
#2624 = EDGE_CURVE('',#2625,#2627,#2629,.T.);
#2625 = VERTEX_POINT('',#2626);
#2626 = CARTESIAN_POINT('',(6.104864472162,-11.73942537045,
    -4.530347631101));
#2627 = VERTEX_POINT('',#2628);
#2628 = CARTESIAN_POINT('',(-6.087135527837,-12.20821993191,
    -4.309387899346));
#2629 = B_SPLINE_CURVE_WITH_KNOTS('',3,(#2630,#2631,#2632,#2633),
  .UNSPECIFIED.,.F.,.F.,(4,4),(2.453586450614E-04,1.244836874683E-02),
  .PIECEWISE_BEZIER_KNOTS.);
#2630 = CARTESIAN_POINT('',(6.104864472162,-11.73942537045,
    -4.530347631101));
#2631 = CARTESIAN_POINT('',(2.040892964769,-11.89670299502,
    -4.457280259556));
#2632 = CARTESIAN_POINT('',(-2.02310802122,-12.05294436003,
    -4.383613414614));
#2633 = CARTESIAN_POINT('',(-6.087135527837,-12.20821993191,
    -4.309387899346));
#2634 = ORIENTED_EDGE('',*,*,#2635,.T.);
#2635 = EDGE_CURVE('',#2627,#2636,#2638,.T.);
#2636 = VERTEX_POINT('',#2637);
#2637 = CARTESIAN_POINT('',(-6.087135527838,-16.28060309468,
    -6.660579414618));
#2638 = LINE('',#2639,#2640);
#2639 = CARTESIAN_POINT('',(-6.087135527838,-16.27010068088,
    -6.65451584318));
#2640 = VECTOR('',#2641,1.);
#2641 = DIRECTION('',(-9.263955397628E-32,-0.866025403784,-0.5));
#2642 = ORIENTED_EDGE('',*,*,#2643,.T.);
#2643 = EDGE_CURVE('',#2636,#2644,#2646,.T.);
#2644 = VERTEX_POINT('',#2645);
#2645 = CARTESIAN_POINT('',(6.104864472163,-16.54706162048,
    -7.306037714222));
#2646 = B_SPLINE_CURVE_WITH_KNOTS('',3,(#2647,#2648,#2649,#2650,#2651,
    #2652,#2653),.UNSPECIFIED.,.F.,.F.,(4,3,4),(2.63304103003E-04,
    6.481459598395E-03,1.247528583323E-02),.UNSPECIFIED.);
#2647 = CARTESIAN_POINT('',(-6.087135527838,-16.28060309468,
    -6.660579414618));
#2648 = CARTESIAN_POINT('',(-4.017876400382,-16.32711887479,
    -6.770874113419));
#2649 = CARTESIAN_POINT('',(-1.948581125461,-16.37295693088,
    -6.880778985647));
#2650 = CARTESIAN_POINT('',(0.120747765438,-16.41814926073,
    -6.990312403159));
#2651 = CARTESIAN_POINT('',(2.115422540357,-16.4617112101,
    -7.095894239802));
#2652 = CARTESIAN_POINT('',(4.110128797528,-16.50467315994,
    -7.201130936014));
#2653 = CARTESIAN_POINT('',(6.104864472163,-16.54706162048,
    -7.306037714222));
#2654 = ORIENTED_EDGE('',*,*,#2655,.T.);
#2655 = EDGE_CURVE('',#2644,#2625,#2656,.T.);
#2656 = LINE('',#2657,#2658);
#2657 = CARTESIAN_POINT('',(6.104864472162,-0.973158274358,
    1.685559574995));
#2658 = VECTOR('',#2659,1.);
#2659 = DIRECTION('',(4.926668592314E-32,0.866025403784,0.5));
#2660 = PLANE('',#2661);
#2661 = AXIS2_PLACEMENT_3D('',#2662,#2663,#2664);
#2662 = CARTESIAN_POINT('',(-6.35,-1.190625,2.062222992762));
#2663 = DIRECTION('',(3.48994967025E-02,-0.49969541351,0.865497844508));
#2664 = DIRECTION('',(0.999390827019,1.744974835125E-02,
    -3.022385072366E-02));
#2665 = ADVANCED_FACE('',(#2666),#2710,.F.);
#2666 = FACE_BOUND('',#2667,.F.);
#2667 = EDGE_LOOP('',(#2668,#2679,#2691,#2700));
#2668 = ORIENTED_EDGE('',*,*,#2669,.F.);
#2669 = EDGE_CURVE('',#2670,#2672,#2674,.T.);
#2670 = VERTEX_POINT('',#2671);
#2671 = CARTESIAN_POINT('',(6.104864472163,-20.25644396982,5.80723077345
    ));
#2672 = VERTEX_POINT('',#2673);
#2673 = CARTESIAN_POINT('',(6.104864472162,-20.25644396982,
    -5.80723077345));
#2674 = CIRCLE('',#2675,21.072433451283);
#2675 = AXIS2_PLACEMENT_3D('',#2676,#2677,#2678);
#2676 = CARTESIAN_POINT('',(6.104864472162,0.,0.));
#2677 = DIRECTION('',(1.,0.,-0.));
#2678 = DIRECTION('',(0.,0.866025403784,0.5));
#2679 = ORIENTED_EDGE('',*,*,#2680,.F.);
#2680 = EDGE_CURVE('',#2681,#2670,#2683,.T.);
#2681 = VERTEX_POINT('',#2682);
#2682 = CARTESIAN_POINT('',(-6.087135527838,-20.01000473532,
    5.087738393704));
#2683 = B_SPLINE_CURVE_WITH_KNOTS('',3,(#2684,#2685,#2686,#2687,#2688,
    #2689,#2690),.UNSPECIFIED.,.F.,.F.,(4,3,4),(2.633878902121E-04,
    6.483476376054E-03,1.247908642204E-02),.UNSPECIFIED.);
#2684 = CARTESIAN_POINT('',(-6.087135527838,-20.01000473532,
    5.087738393704));
#2685 = CARTESIAN_POINT('',(-4.017891040807,-20.0532236717,
    5.210997458562));
#2686 = CARTESIAN_POINT('',(-1.948595378575,-20.0957095208,
    5.333657737283));
#2687 = CARTESIAN_POINT('',(0.120747765438,-20.13750057415,
    5.455747379867));
#2688 = CARTESIAN_POINT('',(2.115409858896,-20.17778341954,
    5.573430898316));
#2689 = CARTESIAN_POINT('',(4.110116430299,-20.21742068381,
    5.690584222473));
#2690 = CARTESIAN_POINT('',(6.104864472163,-20.25644396982,5.80723077345
    ));
#2691 = ORIENTED_EDGE('',*,*,#2692,.F.);
#2692 = EDGE_CURVE('',#2693,#2681,#2695,.T.);
#2693 = VERTEX_POINT('',#2694);
#2694 = CARTESIAN_POINT('',(-6.087135527837,-20.01000473532,
    -5.087738393704));
#2695 = CIRCLE('',#2696,20.64667942964);
#2696 = AXIS2_PLACEMENT_3D('',#2697,#2698,#2699);
#2697 = CARTESIAN_POINT('',(-6.087135527838,0.,0.));
#2698 = DIRECTION('',(-1.,-0.,0.));
#2699 = DIRECTION('',(0.,-0.866025403784,-0.5));
#2700 = ORIENTED_EDGE('',*,*,#2701,.F.);
#2701 = EDGE_CURVE('',#2672,#2693,#2702,.T.);
#2702 = B_SPLINE_CURVE_WITH_KNOTS('',3,(#2703,#2704,#2705,#2706,#2707,
    #2708,#2709),.UNSPECIFIED.,.F.,.F.,(4,3,4),(2.456008890775E-04,
    6.24121102126E-03,1.246129959652E-02),.UNSPECIFIED.);
#2703 = CARTESIAN_POINT('',(6.104864472162,-20.25644396982,
    -5.80723077345));
#2704 = CARTESIAN_POINT('',(4.110116430298,-20.21742068381,
    -5.690584222472));
#2705 = CARTESIAN_POINT('',(2.115409858896,-20.17778341954,
    -5.573430898316));
#2706 = CARTESIAN_POINT('',(0.120747765438,-20.13750057415,
    -5.455747379867));
#2707 = CARTESIAN_POINT('',(-1.948595378575,-20.0957095208,
    -5.333657737283));
#2708 = CARTESIAN_POINT('',(-4.017891040807,-20.0532236717,
    -5.210997458561));
#2709 = CARTESIAN_POINT('',(-6.087135527837,-20.01000473532,
    -5.087738393704));
#2710 = CONICAL_SURFACE('',#2711,20.6375,3.490658503989E-02);
#2711 = AXIS2_PLACEMENT_3D('',#2712,#2713,#2714);
#2712 = CARTESIAN_POINT('',(-6.35,0.,0.));
#2713 = DIRECTION('',(1.,0.,0.));
#2714 = DIRECTION('',(0.,0.866025403784,0.5));
#2715 = ADVANCED_FACE('',(#2716),#2755,.T.);
#2716 = FACE_BOUND('',#2717,.T.);
#2717 = EDGE_LOOP('',(#2718,#2732,#2740,#2749));
#2718 = ORIENTED_EDGE('',*,*,#2719,.T.);
#2719 = EDGE_CURVE('',#2720,#2722,#2724,.T.);
#2720 = VERTEX_POINT('',#2721);
#2721 = CARTESIAN_POINT('',(6.104864472162,14.600745071763,
    10.677156864211));
#2722 = VERTEX_POINT('',#2723);
#2723 = CARTESIAN_POINT('',(-6.087135527837,13.908532524326,
    10.76912616162));
#2724 = B_SPLINE_CURVE_WITH_KNOTS('',3,(#2725,#2726,#2727,#2728,#2729,
    #2730,#2731),.UNSPECIFIED.,.F.,.F.,(4,3,4),(2.455294063582E-04,
    6.239355698587E-03,1.245751125352E-02),.UNSPECIFIED.);
#2725 = CARTESIAN_POINT('',(6.104864472162,14.600745071763,
    10.677156864211));
#2726 = CARTESIAN_POINT('',(4.110128797528,14.488698906541,
    10.692900769667));
#2727 = CARTESIAN_POINT('',(2.115422540357,14.376080279291,
    10.708312977816));
#2728 = CARTESIAN_POINT('',(0.120747765438,14.262862751894,
    10.723378141344));
#2729 = CARTESIAN_POINT('',(-1.948581125461,14.145407864839,
    10.739007144391));
#2730 = CARTESIAN_POINT('',(-4.017876400382,14.027308425446,
    10.754262659473));
#2731 = CARTESIAN_POINT('',(-6.087135527837,13.908532524326,
    10.76912616162));
#2732 = ORIENTED_EDGE('',*,*,#2733,.T.);
#2733 = EDGE_CURVE('',#2722,#2734,#2736,.T.);
#2734 = VERTEX_POINT('',#2735);
#2735 = CARTESIAN_POINT('',(-6.087135527838,9.83614936155,8.417934646348
    ));
#2736 = LINE('',#2737,#2738);
#2737 = CARTESIAN_POINT('',(-6.087135527838,-1.18603528518,
    2.054273373501));
#2738 = VECTOR('',#2739,1.);
#2739 = DIRECTION('',(-4.926668592314E-32,-0.866025403784,-0.5));
#2740 = ORIENTED_EDGE('',*,*,#2741,.T.);
#2741 = EDGE_CURVE('',#2734,#2742,#2744,.T.);
#2742 = VERTEX_POINT('',#2743);
#2743 = CARTESIAN_POINT('',(6.104864472162,9.793108821734,7.901466781091
    ));
#2744 = B_SPLINE_CURVE_WITH_KNOTS('',3,(#2745,#2746,#2747,#2748),
  .UNSPECIFIED.,.F.,.F.,(4,4),(2.631000255944E-04,1.246611012736E-02),
  .PIECEWISE_BEZIER_KNOTS.);
#2745 = CARTESIAN_POINT('',(-6.087135527838,9.83614936155,8.417934646348
    ));
#2746 = CARTESIAN_POINT('',(-2.02310802122,9.822792757446,8.246349298887
    ));
#2747 = CARTESIAN_POINT('',(2.040892964769,9.808469434073,8.074206885188
    ));
#2748 = CARTESIAN_POINT('',(6.104864472162,9.793108821734,7.901466781091
    ));
#2749 = ORIENTED_EDGE('',*,*,#2750,.T.);
#2750 = EDGE_CURVE('',#2742,#2720,#2751,.T.);
#2751 = LINE('',#2752,#2753);
#2752 = CARTESIAN_POINT('',(6.104864472162,14.61023151339,
    10.682633863838));
#2753 = VECTOR('',#2754,1.);
#2754 = DIRECTION('',(4.342579616287E-32,0.866025403784,0.5));
#2755 = PLANE('',#2756);
#2756 = AXIS2_PLACEMENT_3D('',#2757,#2758,#2759);
#2757 = CARTESIAN_POINT('',(-6.35,-1.190625,2.062222992762));
#2758 = DIRECTION('',(3.48994967025E-02,-0.49969541351,0.865497844508));
#2759 = DIRECTION('',(0.999390827019,1.744974835125E-02,
    -3.022385072366E-02));
#2760 = ADVANCED_FACE('',(#2761),#2805,.T.);
#2761 = FACE_BOUND('',#2762,.T.);
#2762 = EDGE_LOOP('',(#2763,#2777,#2786,#2798));
#2763 = ORIENTED_EDGE('',*,*,#2764,.T.);
#2764 = EDGE_CURVE('',#2765,#2767,#2769,.T.);
#2765 = VERTEX_POINT('',#2766);
#2766 = CARTESIAN_POINT('',(6.104864472162,6.886666902103,8.159917057284
    ));
#2767 = VERTEX_POINT('',#2768);
#2768 = CARTESIAN_POINT('',(-6.087135527837,6.972795296168,
    8.640824812824));
#2769 = B_SPLINE_CURVE_WITH_KNOTS('',3,(#2770,#2771,#2772,#2773,#2774,
    #2775,#2776),.UNSPECIFIED.,.F.,.F.,(4,3,4),(2.453330536732E-04,
    5.080000045169E-03,1.244711815571E-02),.UNSPECIFIED.);
#2770 = CARTESIAN_POINT('',(6.104864472162,6.886666902103,8.159917057284
    ));
#2771 = CARTESIAN_POINT('',(4.494606234472,6.898550200247,8.223469027459
    ));
#2772 = CARTESIAN_POINT('',(2.884345933977,6.910227861765,8.287007499424
    ));
#2773 = CARTESIAN_POINT('',(1.274083651701,6.921705177182,8.350531599146
    ));
#2774 = CARTESIAN_POINT('',(-1.179651491464,6.939194434986,
    8.447330311779));
#2775 = CARTESIAN_POINT('',(-3.633391308171,6.956218538619,
    8.544095637968));
#2776 = CARTESIAN_POINT('',(-6.087135527837,6.972795296168,
    8.640824812824));
#2777 = ORIENTED_EDGE('',*,*,#2778,.T.);
#2778 = EDGE_CURVE('',#2767,#2779,#2781,.T.);
#2779 = VERTEX_POINT('',#2780);
#2780 = CARTESIAN_POINT('',(-6.087135527838,3.996776149473,
    10.359030268282));
#2781 = CIRCLE('',#2782,11.10332057036);
#2782 = AXIS2_PLACEMENT_3D('',#2783,#2784,#2785);
#2783 = CARTESIAN_POINT('',(-6.087135527838,0.,0.));
#2784 = DIRECTION('',(1.,0.,0.));
#2785 = DIRECTION('',(0.,-0.866025403784,-0.5));
#2786 = ORIENTED_EDGE('',*,*,#2787,.T.);
#2787 = EDGE_CURVE('',#2779,#2788,#2790,.T.);
#2788 = VERTEX_POINT('',#2789);
#2789 = CARTESIAN_POINT('',(6.104864472162,3.623362013331,
    10.043987013265));
#2790 = B_SPLINE_CURVE_WITH_KNOTS('',3,(#2791,#2792,#2793,#2794,#2795,
    #2796,#2797),.UNSPECIFIED.,.F.,.F.,(4,3,4),(2.630746159417E-04,
    5.080000040961E-03,1.246485972436E-02),.UNSPECIFIED.);
#2791 = CARTESIAN_POINT('',(-6.087135527838,3.996776149473,
    10.359030268282));
#2792 = CARTESIAN_POINT('',(-4.482776420195,3.947423204897,
    10.318021032909));
#2793 = CARTESIAN_POINT('',(-2.878419201564,3.898152515721,
    10.276838432899));
#2794 = CARTESIAN_POINT('',(-1.274063946676,3.848967198567,
    10.235478579332));
#2795 = CARTESIAN_POINT('',(1.185583496909,3.773560869932,
    10.172069519658));
#2796 = CARTESIAN_POINT('',(3.645226398283,3.698355153001,
    10.108243876747));
#2797 = CARTESIAN_POINT('',(6.104864472162,3.623362013331,
    10.043987013265));
#2798 = ORIENTED_EDGE('',*,*,#2799,.T.);
#2799 = EDGE_CURVE('',#2788,#2765,#2800,.T.);
#2800 = CIRCLE('',#2801,10.677566548717);
#2801 = AXIS2_PLACEMENT_3D('',#2802,#2803,#2804);
#2802 = CARTESIAN_POINT('',(6.104864472162,0.,0.));
#2803 = DIRECTION('',(-1.,0.,0.));
#2804 = DIRECTION('',(0.,0.866025403784,0.5));
#2805 = CONICAL_SURFACE('',#2806,11.1125,3.490658503989E-02);
#2806 = AXIS2_PLACEMENT_3D('',#2807,#2808,#2809);
#2807 = CARTESIAN_POINT('',(-6.35,0.,0.));
#2808 = DIRECTION('',(-1.,0.,-0.));
#2809 = DIRECTION('',(0.,0.866025403784,0.5));
#2810 = ADVANCED_FACE('',(#2811),#2850,.T.);
#2811 = FACE_BOUND('',#2812,.T.);
#2812 = EDGE_LOOP('',(#2813,#2824,#2832,#2844));
#2813 = ORIENTED_EDGE('',*,*,#2814,.T.);
#2814 = EDGE_CURVE('',#2815,#2817,#2819,.T.);
#2815 = VERTEX_POINT('',#2816);
#2816 = CARTESIAN_POINT('',(6.104864472162,1.946316548717,
    12.431814412192));
#2817 = VERTEX_POINT('',#2818);
#2818 = CARTESIAN_POINT('',(-6.087135527837,2.37207057036,
    12.727322545694));
#2819 = B_SPLINE_CURVE_WITH_KNOTS('',3,(#2820,#2821,#2822,#2823),
  .UNSPECIFIED.,.F.,.F.,(4,4),(2.453586450614E-04,1.244836874683E-02),
  .PIECEWISE_BEZIER_KNOTS.);
#2820 = CARTESIAN_POINT('',(6.104864472162,1.946316548717,
    12.431814412192));
#2821 = CARTESIAN_POINT('',(2.040892964769,2.088233560948,
    12.531487144744));
#2822 = CARTESIAN_POINT('',(-2.02310802122,2.230151602593,
    12.629962713501));
#2823 = CARTESIAN_POINT('',(-6.087135527837,2.37207057036,
    12.727322545694));
#2824 = ORIENTED_EDGE('',*,*,#2825,.T.);
#2825 = EDGE_CURVE('',#2817,#2826,#2828,.T.);
#2826 = VERTEX_POINT('',#2827);
#2827 = CARTESIAN_POINT('',(-6.087135527838,2.37207057036,
    17.429705576239));
#2828 = LINE('',#2829,#2830);
#2829 = CARTESIAN_POINT('',(-6.087135527838,2.37207057036,
    17.417578433362));
#2830 = VECTOR('',#2831,1.);
#2831 = DIRECTION('',(-2.110276202574E-21,1.182387521226E-14,1.));
#2832 = ORIENTED_EDGE('',*,*,#2833,.T.);
#2833 = EDGE_CURVE('',#2826,#2834,#2836,.T.);
#2834 = VERTEX_POINT('',#2835);
#2835 = CARTESIAN_POINT('',(6.104864472163,1.946316548717,
    17.983194578433));
#2836 = B_SPLINE_CURVE_WITH_KNOTS('',3,(#2837,#2838,#2839,#2840,#2841,
    #2842,#2843),.UNSPECIFIED.,.F.,.F.,(4,3,4),(2.63304103003E-04,
    6.481459598395E-03,1.247528583323E-02),.UNSPECIFIED.);
#2837 = CARTESIAN_POINT('',(-6.087135527838,2.37207057036,
    17.429705576239));
#2838 = CARTESIAN_POINT('',(-4.017876400382,2.299810449352,
    17.525136772893));
#2839 = CARTESIAN_POINT('',(-1.948581125461,2.227549066046,
    17.619786130038));
#2840 = CARTESIAN_POINT('',(0.120747765438,2.155286508844,
    17.713690544503));
#2841 = CARTESIAN_POINT('',(2.115422540357,2.085630930818,
    17.804207217618));
#2842 = CARTESIAN_POINT('',(4.110128797528,2.015974253408,
    17.894031705682));
#2843 = CARTESIAN_POINT('',(6.104864472163,1.946316548717,
    17.983194578433));
#2844 = ORIENTED_EDGE('',*,*,#2845,.T.);
#2845 = EDGE_CURVE('',#2834,#2815,#2846,.T.);
#2846 = LINE('',#2847,#2848);
#2847 = CARTESIAN_POINT('',(6.104864472162,1.946316548717,
    -2.298161660974E-14));
#2848 = VECTOR('',#2849,1.);
#2849 = DIRECTION('',(2.110276202574E-21,-1.182387521226E-14,-1.));
#2850 = PLANE('',#2851);
#2851 = AXIS2_PLACEMENT_3D('',#2852,#2853,#2854);
#2852 = CARTESIAN_POINT('',(-6.35,2.38125,-2.819966482548E-14));
#2853 = DIRECTION('',(3.48994967025E-02,0.999390827019,
    -1.193489751472E-14));
#2854 = DIRECTION('',(-1.734723475977E-18,1.199040866595E-14,1.));
#2855 = ADVANCED_FACE('',(#2856),#2900,.F.);
#2856 = FACE_BOUND('',#2857,.F.);
#2857 = EDGE_LOOP('',(#2858,#2869,#2881,#2890));
#2858 = ORIENTED_EDGE('',*,*,#2859,.F.);
#2859 = EDGE_CURVE('',#2860,#2862,#2864,.T.);
#2860 = VERTEX_POINT('',#2861);
#2861 = CARTESIAN_POINT('',(6.104864472163,15.157431360359,
    14.638979681479));
#2862 = VERTEX_POINT('',#2863);
#2863 = CARTESIAN_POINT('',(6.104864472162,5.099012609466,20.44621045493
    ));
#2864 = CIRCLE('',#2865,21.072433451283);
#2865 = AXIS2_PLACEMENT_3D('',#2866,#2867,#2868);
#2866 = CARTESIAN_POINT('',(6.104864472162,0.,0.));
#2867 = DIRECTION('',(1.,0.,-0.));
#2868 = DIRECTION('',(0.,0.866025403784,0.5));
#2869 = ORIENTED_EDGE('',*,*,#2870,.F.);
#2870 = EDGE_CURVE('',#2871,#2860,#2873,.T.);
#2871 = VERTEX_POINT('',#2872);
#2872 = CARTESIAN_POINT('',(-6.087135527838,14.411113064418,
    14.785303233782));
#2873 = B_SPLINE_CURVE_WITH_KNOTS('',3,(#2874,#2875,#2876,#2877,#2878,
    #2879,#2880),.UNSPECIFIED.,.F.,.F.,(4,3,4),(2.633878902121E-04,
    6.483476376054E-03,1.247908642204E-02),.UNSPECIFIED.);
#2874 = CARTESIAN_POINT('',(-6.087135527838,14.411113064418,
    14.785303233782));
#2875 = CARTESIAN_POINT('',(-4.017891040807,14.539468014022,
    14.761102398184));
#2876 = CARTESIAN_POINT('',(-1.948595378575,14.666937855982,
    14.73656608345));
#2877 = CARTESIAN_POINT('',(0.120747765438,14.79356611467,
    14.711713376004));
#2878 = CARTESIAN_POINT('',(2.115409858896,14.915624453954,
    14.687757584232));
#2879 = CARTESIAN_POINT('',(4.110116430299,15.036900840943,
    14.663507799942));
#2880 = CARTESIAN_POINT('',(6.104864472163,15.157431360359,
    14.638979681479));
#2881 = ORIENTED_EDGE('',*,*,#2882,.F.);
#2882 = EDGE_CURVE('',#2883,#2871,#2885,.T.);
#2883 = VERTEX_POINT('',#2884);
#2884 = CARTESIAN_POINT('',(-6.087135527837,5.598891670903,
    19.873041627486));
#2885 = CIRCLE('',#2886,20.64667942964);
#2886 = AXIS2_PLACEMENT_3D('',#2887,#2888,#2889);
#2887 = CARTESIAN_POINT('',(-6.087135527838,0.,0.));
#2888 = DIRECTION('',(-1.,-0.,0.));
#2889 = DIRECTION('',(0.,-0.866025403784,-0.5));
#2890 = ORIENTED_EDGE('',*,*,#2891,.F.);
#2891 = EDGE_CURVE('',#2862,#2883,#2892,.T.);
#2892 = B_SPLINE_CURVE_WITH_KNOTS('',3,(#2893,#2894,#2895,#2896,#2897,
    #2898,#2899),.UNSPECIFIED.,.F.,.F.,(4,3,4),(2.456008890775E-04,
    6.24121102126E-03,1.246129959652E-02),.UNSPECIFIED.);
#2893 = CARTESIAN_POINT('',(6.104864472162,5.099012609466,20.44621045493
    ));
#2894 = CARTESIAN_POINT('',(4.110116430298,5.18051984287,20.354092022415
    ));
#2895 = CARTESIAN_POINT('',(2.115409858896,5.262158965596,
    20.261188482548));
#2896 = CARTESIAN_POINT('',(0.120747765438,5.34393445948,20.167460755871
    ));
#2897 = CARTESIAN_POINT('',(-1.948595378575,5.428771664825,
    20.070223820733));
#2898 = CARTESIAN_POINT('',(-4.017891040807,5.513755657681,
    19.972099856746));
#2899 = CARTESIAN_POINT('',(-6.087135527837,5.598891670903,
    19.873041627486));
#2900 = CONICAL_SURFACE('',#2901,20.6375,3.490658503989E-02);
#2901 = AXIS2_PLACEMENT_3D('',#2902,#2903,#2904);
#2902 = CARTESIAN_POINT('',(-6.35,0.,0.));
#2903 = DIRECTION('',(1.,0.,0.));
#2904 = DIRECTION('',(0.,0.866025403784,0.5));
#2905 = ADVANCED_FACE('',(#2906),#2945,.T.);
#2906 = FACE_BOUND('',#2907,.T.);
#2907 = EDGE_LOOP('',(#2908,#2922,#2930,#2939));
#2908 = ORIENTED_EDGE('',*,*,#2909,.T.);
#2909 = EDGE_CURVE('',#2910,#2912,#2914,.T.);
#2910 = VERTEX_POINT('',#2911);
#2911 = CARTESIAN_POINT('',(6.104864472162,16.54706162048,
    -7.306037714222));
#2912 = VERTEX_POINT('',#2913);
#2913 = CARTESIAN_POINT('',(-6.087135527837,16.280603094686,
    -6.660579414618));
#2914 = B_SPLINE_CURVE_WITH_KNOTS('',3,(#2915,#2916,#2917,#2918,#2919,
    #2920,#2921),.UNSPECIFIED.,.F.,.F.,(4,3,4),(2.455294063582E-04,
    6.239355698587E-03,1.245751125352E-02),.UNSPECIFIED.);
#2915 = CARTESIAN_POINT('',(6.104864472162,16.54706162048,
    -7.306037714222));
#2916 = CARTESIAN_POINT('',(4.110128797528,16.504673159948,
    -7.201130936015));
#2917 = CARTESIAN_POINT('',(2.115422540357,16.461711210109,
    -7.095894239802));
#2918 = CARTESIAN_POINT('',(0.120747765438,16.418149260738,
    -6.990312403159));
#2919 = CARTESIAN_POINT('',(-1.948581125461,16.372956930885,
    -6.880778985648));
#2920 = CARTESIAN_POINT('',(-4.017876400382,16.327118874797,
    -6.770874113419));
#2921 = CARTESIAN_POINT('',(-6.087135527837,16.280603094686,
    -6.660579414618));
#2922 = ORIENTED_EDGE('',*,*,#2923,.T.);
#2923 = EDGE_CURVE('',#2912,#2924,#2926,.T.);
#2924 = VERTEX_POINT('',#2925);
#2925 = CARTESIAN_POINT('',(-6.087135527838,12.20821993191,
    -4.309387899346));
#2926 = LINE('',#2927,#2928);
#2927 = CARTESIAN_POINT('',(-6.087135527838,1.18603528518,2.054273373501
    ));
#2928 = VECTOR('',#2929,1.);
#2929 = DIRECTION('',(-1.735777005508E-18,-0.866025403784,0.5));
#2930 = ORIENTED_EDGE('',*,*,#2931,.T.);
#2931 = EDGE_CURVE('',#2924,#2932,#2934,.T.);
#2932 = VERTEX_POINT('',#2933);
#2933 = CARTESIAN_POINT('',(6.104864472162,11.73942537045,
    -4.530347631102));
#2934 = B_SPLINE_CURVE_WITH_KNOTS('',3,(#2935,#2936,#2937,#2938),
  .UNSPECIFIED.,.F.,.F.,(4,4),(2.631000255944E-04,1.246611012736E-02),
  .PIECEWISE_BEZIER_KNOTS.);
#2935 = CARTESIAN_POINT('',(-6.087135527838,12.20821993191,
    -4.309387899346));
#2936 = CARTESIAN_POINT('',(-2.02310802122,12.052944360039,
    -4.383613414614));
#2937 = CARTESIAN_POINT('',(2.040892964769,11.89670299502,
    -4.457280259556));
#2938 = CARTESIAN_POINT('',(6.104864472162,11.73942537045,
    -4.530347631102));
#2939 = ORIENTED_EDGE('',*,*,#2940,.T.);
#2940 = EDGE_CURVE('',#2932,#2910,#2941,.T.);
#2941 = LINE('',#2942,#2943);
#2942 = CARTESIAN_POINT('',(6.104864472162,16.556548062107,
    -7.311514713849));
#2943 = VECTOR('',#2944,1.);
#2944 = DIRECTION('',(1.733665442999E-18,0.866025403784,-0.5));
#2945 = PLANE('',#2946);
#2946 = AXIS2_PLACEMENT_3D('',#2947,#2948,#2949);
#2947 = CARTESIAN_POINT('',(-6.35,1.190625,2.062222992762));
#2948 = DIRECTION('',(3.48994967025E-02,0.49969541351,0.865497844508));
#2949 = DIRECTION('',(0.,-0.866025403784,0.5));
#2950 = ADVANCED_FACE('',(#2951),#2995,.T.);
#2951 = FACE_BOUND('',#2952,.T.);
#2952 = EDGE_LOOP('',(#2953,#2967,#2976,#2988));
#2953 = ORIENTED_EDGE('',*,*,#2954,.T.);
#2954 = EDGE_CURVE('',#2955,#2957,#2959,.T.);
#2955 = VERTEX_POINT('',#2956);
#2956 = CARTESIAN_POINT('',(6.104864472162,10.510028915433,
    -1.884069955981));
#2957 = VERTEX_POINT('',#2958);
#2958 = CARTESIAN_POINT('',(-6.087135527837,10.969571445641,
    -1.718205455458));
#2959 = B_SPLINE_CURVE_WITH_KNOTS('',3,(#2960,#2961,#2962,#2963,#2964,
    #2965,#2966),.UNSPECIFIED.,.F.,.F.,(4,3,4),(2.453330536732E-04,
    5.080000045169E-03,1.244711815571E-02),.UNSPECIFIED.);
#2960 = CARTESIAN_POINT('',(6.104864472162,10.510028915433,
    -1.884069955981));
#2961 = CARTESIAN_POINT('',(4.494606234472,10.571008185138,
    -1.862585208967));
#2962 = CARTESIAN_POINT('',(2.884345933977,10.631872946735,
    -1.840929124515));
#2963 = CARTESIAN_POINT('',(1.274083651701,10.692625088556,
    -1.819106721373));
#2964 = CARTESIAN_POINT('',(-1.179651491464,10.785199861652,
    -1.785853506608));
#2965 = CARTESIAN_POINT('',(-3.633391308171,10.877513144153,
    -1.752214149736));
#2966 = CARTESIAN_POINT('',(-6.087135527837,10.969571445641,
    -1.718205455458));
#2967 = ORIENTED_EDGE('',*,*,#2968,.T.);
#2968 = EDGE_CURVE('',#2957,#2969,#2971,.T.);
#2969 = VERTEX_POINT('',#2970);
#2970 = CARTESIAN_POINT('',(-6.087135527838,10.969571445641,
    1.718205455458));
#2971 = CIRCLE('',#2972,11.10332057036);
#2972 = AXIS2_PLACEMENT_3D('',#2973,#2974,#2975);
#2973 = CARTESIAN_POINT('',(-6.087135527838,0.,0.));
#2974 = DIRECTION('',(1.,0.,0.));
#2975 = DIRECTION('',(0.,-0.866025403784,-0.5));
#2976 = ORIENTED_EDGE('',*,*,#2977,.T.);
#2977 = EDGE_CURVE('',#2969,#2978,#2980,.T.);
#2978 = VERTEX_POINT('',#2979);
#2979 = CARTESIAN_POINT('',(6.104864472162,10.510028915433,1.88406995598
    ));
#2980 = B_SPLINE_CURVE_WITH_KNOTS('',3,(#2981,#2982,#2983,#2984,#2985,
    #2986,#2987),.UNSPECIFIED.,.F.,.F.,(4,3,4),(2.630746159417E-04,
    5.080000040961E-03,1.246485972436E-02),.UNSPECIFIED.);
#2981 = CARTESIAN_POINT('',(-6.087135527838,10.969571445641,
    1.718205455458));
#2982 = CARTESIAN_POINT('',(-4.482776420195,10.90937993373,
    1.740441741525));
#2983 = CARTESIAN_POINT('',(-2.878419201564,10.849079411339,
    1.76252011001));
#2984 = CARTESIAN_POINT('',(-1.274063946676,10.788668068876,
    1.784435917374));
#2985 = CARTESIAN_POINT('',(1.185583496909,10.696051048051,
    1.818035183741));
#2986 = CARTESIAN_POINT('',(3.645226398283,10.603173561412,
    1.851252423658));
#2987 = CARTESIAN_POINT('',(6.104864472162,10.510028915433,1.88406995598
    ));
#2988 = ORIENTED_EDGE('',*,*,#2989,.T.);
#2989 = EDGE_CURVE('',#2978,#2955,#2990,.T.);
#2990 = CIRCLE('',#2991,10.677566548717);
#2991 = AXIS2_PLACEMENT_3D('',#2992,#2993,#2994);
#2992 = CARTESIAN_POINT('',(6.104864472162,0.,0.));
#2993 = DIRECTION('',(-1.,0.,0.));
#2994 = DIRECTION('',(0.,0.866025403784,0.5));
#2995 = CONICAL_SURFACE('',#2996,11.1125,3.490658503989E-02);
#2996 = AXIS2_PLACEMENT_3D('',#2997,#2998,#2999);
#2997 = CARTESIAN_POINT('',(-6.35,0.,0.));
#2998 = DIRECTION('',(-1.,0.,-0.));
#2999 = DIRECTION('',(0.,0.866025403784,0.5));
#3000 = ADVANCED_FACE('',(#3001),#3040,.T.);
#3001 = FACE_BOUND('',#3002,.T.);
#3002 = EDGE_LOOP('',(#3003,#3014,#3022,#3034));
#3003 = ORIENTED_EDGE('',*,*,#3004,.T.);
#3004 = EDGE_CURVE('',#3005,#3007,#3009,.T.);
#3005 = VERTEX_POINT('',#3006);
#3006 = CARTESIAN_POINT('',(6.104864472162,11.73942537045,4.530347631101
    ));
#3007 = VERTEX_POINT('',#3008);
#3008 = CARTESIAN_POINT('',(-6.087135527837,12.20821993191,
    4.309387899346));
#3009 = B_SPLINE_CURVE_WITH_KNOTS('',3,(#3010,#3011,#3012,#3013),
  .UNSPECIFIED.,.F.,.F.,(4,4),(2.453586450614E-04,1.244836874683E-02),
  .PIECEWISE_BEZIER_KNOTS.);
#3010 = CARTESIAN_POINT('',(6.104864472162,11.73942537045,4.530347631101
    ));
#3011 = CARTESIAN_POINT('',(2.040892964769,11.89670299502,4.457280259556
    ));
#3012 = CARTESIAN_POINT('',(-2.02310802122,12.052944360039,
    4.383613414614));
#3013 = CARTESIAN_POINT('',(-6.087135527837,12.20821993191,
    4.309387899346));
#3014 = ORIENTED_EDGE('',*,*,#3015,.T.);
#3015 = EDGE_CURVE('',#3007,#3016,#3018,.T.);
#3016 = VERTEX_POINT('',#3017);
#3017 = CARTESIAN_POINT('',(-6.087135527838,16.280603094686,
    6.660579414618));
#3018 = LINE('',#3019,#3020);
#3019 = CARTESIAN_POINT('',(-6.087135527838,16.27010068088,6.65451584318
    ));
#3020 = VECTOR('',#3021,1.);
#3021 = DIRECTION('',(5.787961650533E-33,0.866025403784,0.5));
#3022 = ORIENTED_EDGE('',*,*,#3023,.T.);
#3023 = EDGE_CURVE('',#3016,#3024,#3026,.T.);
#3024 = VERTEX_POINT('',#3025);
#3025 = CARTESIAN_POINT('',(6.104864472163,16.54706162048,7.306037714222
    ));
#3026 = B_SPLINE_CURVE_WITH_KNOTS('',3,(#3027,#3028,#3029,#3030,#3031,
    #3032,#3033),.UNSPECIFIED.,.F.,.F.,(4,3,4),(2.63304103003E-04,
    6.481459598395E-03,1.247528583323E-02),.UNSPECIFIED.);
#3027 = CARTESIAN_POINT('',(-6.087135527838,16.280603094686,
    6.660579414618));
#3028 = CARTESIAN_POINT('',(-4.017876400382,16.327118874798,
    6.770874113419));
#3029 = CARTESIAN_POINT('',(-1.948581125461,16.372956930885,
    6.880778985647));
#3030 = CARTESIAN_POINT('',(0.120747765438,16.418149260738,
    6.990312403159));
#3031 = CARTESIAN_POINT('',(2.115422540357,16.461711210109,
    7.095894239802));
#3032 = CARTESIAN_POINT('',(4.110128797528,16.504673159948,
    7.201130936014));
#3033 = CARTESIAN_POINT('',(6.104864472163,16.54706162048,7.306037714222
    ));
#3034 = ORIENTED_EDGE('',*,*,#3035,.T.);
#3035 = EDGE_CURVE('',#3024,#3005,#3036,.T.);
#3036 = LINE('',#3037,#3038);
#3037 = CARTESIAN_POINT('',(6.104864472162,0.973158274358,
    -1.685559574995));
#3038 = VECTOR('',#3039,1.);
#3039 = DIRECTION('',(-7.086106350299E-36,-0.866025403784,-0.5));
#3040 = PLANE('',#3041);
#3041 = AXIS2_PLACEMENT_3D('',#3042,#3043,#3044);
#3042 = CARTESIAN_POINT('',(-6.35,1.190625,-2.062222992762));
#3043 = DIRECTION('',(3.48994967025E-02,0.49969541351,-0.865497844508));
#3044 = DIRECTION('',(-0.999390827019,1.744974835125E-02,
    -3.022385072366E-02));
#3045 = ADVANCED_FACE('',(#3046),#3090,.F.);
#3046 = FACE_BOUND('',#3047,.F.);
#3047 = EDGE_LOOP('',(#3048,#3059,#3071,#3080));
#3048 = ORIENTED_EDGE('',*,*,#3049,.F.);
#3049 = EDGE_CURVE('',#3050,#3052,#3054,.T.);
#3050 = VERTEX_POINT('',#3051);
#3051 = CARTESIAN_POINT('',(6.104864472163,20.256443969825,
    -5.80723077345));
#3052 = VERTEX_POINT('',#3053);
#3053 = CARTESIAN_POINT('',(6.104864472162,20.256443969825,5.80723077345
    ));
#3054 = CIRCLE('',#3055,21.072433451283);
#3055 = AXIS2_PLACEMENT_3D('',#3056,#3057,#3058);
#3056 = CARTESIAN_POINT('',(6.104864472162,0.,0.));
#3057 = DIRECTION('',(1.,0.,-0.));
#3058 = DIRECTION('',(0.,0.866025403784,0.5));
#3059 = ORIENTED_EDGE('',*,*,#3060,.F.);
#3060 = EDGE_CURVE('',#3061,#3050,#3063,.T.);
#3061 = VERTEX_POINT('',#3062);
#3062 = CARTESIAN_POINT('',(-6.087135527838,20.01000473532,
    -5.087738393704));
#3063 = B_SPLINE_CURVE_WITH_KNOTS('',3,(#3064,#3065,#3066,#3067,#3068,
    #3069,#3070),.UNSPECIFIED.,.F.,.F.,(4,3,4),(2.633878902121E-04,
    6.483476376054E-03,1.247908642204E-02),.UNSPECIFIED.);
#3064 = CARTESIAN_POINT('',(-6.087135527838,20.01000473532,
    -5.087738393704));
#3065 = CARTESIAN_POINT('',(-4.017891040807,20.053223671702,
    -5.210997458562));
#3066 = CARTESIAN_POINT('',(-1.948595378575,20.095709520807,
    -5.333657737283));
#3067 = CARTESIAN_POINT('',(0.120747765438,20.13750057415,
    -5.455747379867));
#3068 = CARTESIAN_POINT('',(2.115409858896,20.177783419549,
    -5.573430898316));
#3069 = CARTESIAN_POINT('',(4.110116430299,20.217420683812,
    -5.690584222473));
#3070 = CARTESIAN_POINT('',(6.104864472163,20.256443969825,
    -5.80723077345));
#3071 = ORIENTED_EDGE('',*,*,#3072,.F.);
#3072 = EDGE_CURVE('',#3073,#3061,#3075,.T.);
#3073 = VERTEX_POINT('',#3074);
#3074 = CARTESIAN_POINT('',(-6.087135527837,20.010004735321,
    5.087738393704));
#3075 = CIRCLE('',#3076,20.64667942964);
#3076 = AXIS2_PLACEMENT_3D('',#3077,#3078,#3079);
#3077 = CARTESIAN_POINT('',(-6.087135527838,0.,0.));
#3078 = DIRECTION('',(-1.,-0.,0.));
#3079 = DIRECTION('',(0.,-0.866025403784,-0.5));
#3080 = ORIENTED_EDGE('',*,*,#3081,.F.);
#3081 = EDGE_CURVE('',#3052,#3073,#3082,.T.);
#3082 = B_SPLINE_CURVE_WITH_KNOTS('',3,(#3083,#3084,#3085,#3086,#3087,
    #3088,#3089),.UNSPECIFIED.,.F.,.F.,(4,3,4),(2.456008890775E-04,
    6.24121102126E-03,1.246129959652E-02),.UNSPECIFIED.);
#3083 = CARTESIAN_POINT('',(6.104864472162,20.256443969825,5.80723077345
    ));
#3084 = CARTESIAN_POINT('',(4.110116430298,20.217420683812,
    5.690584222472));
#3085 = CARTESIAN_POINT('',(2.115409858896,20.177783419549,
    5.573430898316));
#3086 = CARTESIAN_POINT('',(0.120747765438,20.13750057415,5.455747379867
    ));
#3087 = CARTESIAN_POINT('',(-1.948595378575,20.095709520807,
    5.333657737283));
#3088 = CARTESIAN_POINT('',(-4.017891040807,20.053223671702,
    5.210997458561));
#3089 = CARTESIAN_POINT('',(-6.087135527837,20.010004735321,
    5.087738393704));
#3090 = CONICAL_SURFACE('',#3091,20.6375,3.490658503989E-02);
#3091 = AXIS2_PLACEMENT_3D('',#3092,#3093,#3094);
#3092 = CARTESIAN_POINT('',(-6.35,0.,0.));
#3093 = DIRECTION('',(1.,0.,0.));
#3094 = DIRECTION('',(0.,0.866025403784,0.5));
#3095 = ADVANCED_FACE('',(#3096),#3135,.T.);
#3096 = FACE_BOUND('',#3097,.T.);
#3097 = EDGE_LOOP('',(#3098,#3112,#3120,#3129));
#3098 = ORIENTED_EDGE('',*,*,#3099,.T.);
#3099 = EDGE_CURVE('',#3100,#3102,#3104,.T.);
#3100 = VERTEX_POINT('',#3101);
#3101 = CARTESIAN_POINT('',(6.104864472162,-14.60074507176,
    -10.67715686421));
#3102 = VERTEX_POINT('',#3103);
#3103 = CARTESIAN_POINT('',(-6.087135527837,-13.90853252432,
    -10.76912616162));
#3104 = B_SPLINE_CURVE_WITH_KNOTS('',3,(#3105,#3106,#3107,#3108,#3109,
    #3110,#3111),.UNSPECIFIED.,.F.,.F.,(4,3,4),(2.455294063582E-04,
    6.239355698587E-03,1.245751125352E-02),.UNSPECIFIED.);
#3105 = CARTESIAN_POINT('',(6.104864472162,-14.60074507176,
    -10.67715686421));
#3106 = CARTESIAN_POINT('',(4.110128797528,-14.48869890654,
    -10.69290076966));
#3107 = CARTESIAN_POINT('',(2.115422540357,-14.37608027929,
    -10.70831297781));
#3108 = CARTESIAN_POINT('',(0.120747765438,-14.26286275189,
    -10.72337814134));
#3109 = CARTESIAN_POINT('',(-1.948581125461,-14.14540786483,
    -10.73900714439));
#3110 = CARTESIAN_POINT('',(-4.017876400382,-14.02730842544,
    -10.75426265947));
#3111 = CARTESIAN_POINT('',(-6.087135527837,-13.90853252432,
    -10.76912616162));
#3112 = ORIENTED_EDGE('',*,*,#3113,.T.);
#3113 = EDGE_CURVE('',#3102,#3114,#3116,.T.);
#3114 = VERTEX_POINT('',#3115);
#3115 = CARTESIAN_POINT('',(-6.087135527838,-9.83614936155,
    -8.417934646348));
#3116 = LINE('',#3117,#3118);
#3117 = CARTESIAN_POINT('',(-6.087135527838,1.18603528518,
    -2.054273373501));
#3118 = VECTOR('',#3119,1.);
#3119 = DIRECTION('',(-4.926668592314E-32,0.866025403784,0.5));
#3120 = ORIENTED_EDGE('',*,*,#3121,.T.);
#3121 = EDGE_CURVE('',#3114,#3122,#3124,.T.);
#3122 = VERTEX_POINT('',#3123);
#3123 = CARTESIAN_POINT('',(6.104864472162,-9.793108821734,
    -7.901466781091));
#3124 = B_SPLINE_CURVE_WITH_KNOTS('',3,(#3125,#3126,#3127,#3128),
  .UNSPECIFIED.,.F.,.F.,(4,4),(2.631000255944E-04,1.246611012736E-02),
  .PIECEWISE_BEZIER_KNOTS.);
#3125 = CARTESIAN_POINT('',(-6.087135527838,-9.83614936155,
    -8.417934646348));
#3126 = CARTESIAN_POINT('',(-2.02310802122,-9.822792757446,
    -8.246349298887));
#3127 = CARTESIAN_POINT('',(2.040892964769,-9.808469434073,
    -8.074206885188));
#3128 = CARTESIAN_POINT('',(6.104864472162,-9.793108821734,
    -7.901466781091));
#3129 = ORIENTED_EDGE('',*,*,#3130,.T.);
#3130 = EDGE_CURVE('',#3122,#3100,#3131,.T.);
#3131 = LINE('',#3132,#3133);
#3132 = CARTESIAN_POINT('',(6.104864472162,-14.61023151339,
    -10.68263386383));
#3133 = VECTOR('',#3134,1.);
#3134 = DIRECTION('',(4.342579616287E-32,-0.866025403784,-0.5));
#3135 = PLANE('',#3136);
#3136 = AXIS2_PLACEMENT_3D('',#3137,#3138,#3139);
#3137 = CARTESIAN_POINT('',(-6.35,1.190625,-2.062222992762));
#3138 = DIRECTION('',(3.48994967025E-02,0.49969541351,-0.865497844508));
#3139 = DIRECTION('',(-0.999390827019,1.744974835125E-02,
    -3.022385072366E-02));
#3140 = ADVANCED_FACE('',(#3141),#3185,.T.);
#3141 = FACE_BOUND('',#3142,.T.);
#3142 = EDGE_LOOP('',(#3143,#3157,#3166,#3178));
#3143 = ORIENTED_EDGE('',*,*,#3144,.T.);
#3144 = EDGE_CURVE('',#3145,#3147,#3149,.T.);
#3145 = VERTEX_POINT('',#3146);
#3146 = CARTESIAN_POINT('',(6.104864472162,-6.886666902103,
    -8.159917057284));
#3147 = VERTEX_POINT('',#3148);
#3148 = CARTESIAN_POINT('',(-6.087135527837,-6.972795296168,
    -8.640824812824));
#3149 = B_SPLINE_CURVE_WITH_KNOTS('',3,(#3150,#3151,#3152,#3153,#3154,
    #3155,#3156),.UNSPECIFIED.,.F.,.F.,(4,3,4),(2.453330536732E-04,
    5.080000045169E-03,1.244711815571E-02),.UNSPECIFIED.);
#3150 = CARTESIAN_POINT('',(6.104864472162,-6.886666902103,
    -8.159917057284));
#3151 = CARTESIAN_POINT('',(4.494606234472,-6.898550200247,
    -8.223469027459));
#3152 = CARTESIAN_POINT('',(2.884345933977,-6.910227861765,
    -8.287007499424));
#3153 = CARTESIAN_POINT('',(1.274083651701,-6.921705177182,
    -8.350531599146));
#3154 = CARTESIAN_POINT('',(-1.179651491464,-6.939194434986,
    -8.447330311779));
#3155 = CARTESIAN_POINT('',(-3.633391308171,-6.956218538619,
    -8.544095637968));
#3156 = CARTESIAN_POINT('',(-6.087135527837,-6.972795296168,
    -8.640824812824));
#3157 = ORIENTED_EDGE('',*,*,#3158,.T.);
#3158 = EDGE_CURVE('',#3147,#3159,#3161,.T.);
#3159 = VERTEX_POINT('',#3160);
#3160 = CARTESIAN_POINT('',(-6.087135527838,-3.996776149473,
    -10.35903026828));
#3161 = CIRCLE('',#3162,11.10332057036);
#3162 = AXIS2_PLACEMENT_3D('',#3163,#3164,#3165);
#3163 = CARTESIAN_POINT('',(-6.087135527838,0.,0.));
#3164 = DIRECTION('',(1.,0.,0.));
#3165 = DIRECTION('',(0.,-0.866025403784,-0.5));
#3166 = ORIENTED_EDGE('',*,*,#3167,.T.);
#3167 = EDGE_CURVE('',#3159,#3168,#3170,.T.);
#3168 = VERTEX_POINT('',#3169);
#3169 = CARTESIAN_POINT('',(6.104864472162,-3.623362013331,
    -10.04398701326));
#3170 = B_SPLINE_CURVE_WITH_KNOTS('',3,(#3171,#3172,#3173,#3174,#3175,
    #3176,#3177),.UNSPECIFIED.,.F.,.F.,(4,3,4),(2.630746159417E-04,
    5.080000040961E-03,1.246485972436E-02),.UNSPECIFIED.);
#3171 = CARTESIAN_POINT('',(-6.087135527838,-3.996776149473,
    -10.35903026828));
#3172 = CARTESIAN_POINT('',(-4.482776420195,-3.947423204897,
    -10.3180210329));
#3173 = CARTESIAN_POINT('',(-2.878419201564,-3.898152515721,
    -10.27683843289));
#3174 = CARTESIAN_POINT('',(-1.274063946676,-3.848967198567,
    -10.23547857933));
#3175 = CARTESIAN_POINT('',(1.185583496909,-3.773560869932,
    -10.17206951965));
#3176 = CARTESIAN_POINT('',(3.645226398283,-3.698355153001,
    -10.10824387674));
#3177 = CARTESIAN_POINT('',(6.104864472162,-3.623362013331,
    -10.04398701326));
#3178 = ORIENTED_EDGE('',*,*,#3179,.T.);
#3179 = EDGE_CURVE('',#3168,#3145,#3180,.T.);
#3180 = CIRCLE('',#3181,10.677566548717);
#3181 = AXIS2_PLACEMENT_3D('',#3182,#3183,#3184);
#3182 = CARTESIAN_POINT('',(6.104864472162,0.,0.));
#3183 = DIRECTION('',(-1.,0.,0.));
#3184 = DIRECTION('',(0.,0.866025403784,0.5));
#3185 = CONICAL_SURFACE('',#3186,11.1125,3.490658503989E-02);
#3186 = AXIS2_PLACEMENT_3D('',#3187,#3188,#3189);
#3187 = CARTESIAN_POINT('',(-6.35,0.,0.));
#3188 = DIRECTION('',(-1.,0.,-0.));
#3189 = DIRECTION('',(0.,0.866025403784,0.5));
#3190 = ADVANCED_FACE('',(#3191),#3230,.T.);
#3191 = FACE_BOUND('',#3192,.T.);
#3192 = EDGE_LOOP('',(#3193,#3204,#3212,#3224));
#3193 = ORIENTED_EDGE('',*,*,#3194,.T.);
#3194 = EDGE_CURVE('',#3195,#3197,#3199,.T.);
#3195 = VERTEX_POINT('',#3196);
#3196 = CARTESIAN_POINT('',(6.104864472162,-1.946316548717,
    -12.43181441219));
#3197 = VERTEX_POINT('',#3198);
#3198 = CARTESIAN_POINT('',(-6.087135527837,-2.37207057036,
    -12.72732254569));
#3199 = B_SPLINE_CURVE_WITH_KNOTS('',3,(#3200,#3201,#3202,#3203),
  .UNSPECIFIED.,.F.,.F.,(4,4),(2.453586450614E-04,1.244836874683E-02),
  .PIECEWISE_BEZIER_KNOTS.);
#3200 = CARTESIAN_POINT('',(6.104864472162,-1.946316548717,
    -12.43181441219));
#3201 = CARTESIAN_POINT('',(2.040892964769,-2.088233560948,
    -12.53148714474));
#3202 = CARTESIAN_POINT('',(-2.02310802122,-2.230151602593,
    -12.6299627135));
#3203 = CARTESIAN_POINT('',(-6.087135527837,-2.37207057036,
    -12.72732254569));
#3204 = ORIENTED_EDGE('',*,*,#3205,.T.);
#3205 = EDGE_CURVE('',#3197,#3206,#3208,.T.);
#3206 = VERTEX_POINT('',#3207);
#3207 = CARTESIAN_POINT('',(-6.087135527838,-2.37207057036,
    -17.42970557623));
#3208 = LINE('',#3209,#3210);
#3209 = CARTESIAN_POINT('',(-6.087135527838,-2.37207057036,
    -17.41757843336));
#3210 = VECTOR('',#3211,1.);
#3211 = DIRECTION('',(-1.733665442999E-18,-1.121325254871E-14,-1.));
#3212 = ORIENTED_EDGE('',*,*,#3213,.T.);
#3213 = EDGE_CURVE('',#3206,#3214,#3216,.T.);
#3214 = VERTEX_POINT('',#3215);
#3215 = CARTESIAN_POINT('',(6.104864472163,-1.946316548717,
    -17.98319457843));
#3216 = B_SPLINE_CURVE_WITH_KNOTS('',3,(#3217,#3218,#3219,#3220,#3221,
    #3222,#3223),.UNSPECIFIED.,.F.,.F.,(4,3,4),(2.63304103003E-04,
    6.481459598395E-03,1.247528583323E-02),.UNSPECIFIED.);
#3217 = CARTESIAN_POINT('',(-6.087135527838,-2.37207057036,
    -17.42970557623));
#3218 = CARTESIAN_POINT('',(-4.017876400382,-2.299810449352,
    -17.52513677289));
#3219 = CARTESIAN_POINT('',(-1.948581125461,-2.227549066046,
    -17.61978613003));
#3220 = CARTESIAN_POINT('',(0.120747765438,-2.155286508844,
    -17.7136905445));
#3221 = CARTESIAN_POINT('',(2.115422540357,-2.085630930818,
    -17.80420721761));
#3222 = CARTESIAN_POINT('',(4.110128797528,-2.015974253408,
    -17.89403170568));
#3223 = CARTESIAN_POINT('',(6.104864472163,-1.946316548717,
    -17.98319457843));
#3224 = ORIENTED_EDGE('',*,*,#3225,.T.);
#3225 = EDGE_CURVE('',#3214,#3195,#3226,.T.);
#3226 = LINE('',#3227,#3228);
#3227 = CARTESIAN_POINT('',(6.104864472162,-1.946316548717,
    2.176037128265E-14));
#3228 = VECTOR('',#3229,1.);
#3229 = DIRECTION('',(1.735777005508E-18,1.121325254871E-14,1.));
#3230 = PLANE('',#3231);
#3231 = AXIS2_PLACEMENT_3D('',#3232,#3233,#3234);
#3232 = CARTESIAN_POINT('',(-6.35,-2.38125,2.6645352591E-14));
#3233 = DIRECTION('',(3.48994967025E-02,-0.999390827019,
    1.115774139748E-14));
#3234 = DIRECTION('',(-1.734723475977E-18,-1.121325254871E-14,-1.));
#3235 = ADVANCED_FACE('',(#3236),#3280,.F.);
#3236 = FACE_BOUND('',#3237,.F.);
#3237 = EDGE_LOOP('',(#3238,#3249,#3261,#3270));
#3238 = ORIENTED_EDGE('',*,*,#3239,.F.);
#3239 = EDGE_CURVE('',#3240,#3242,#3244,.T.);
#3240 = VERTEX_POINT('',#3241);
#3241 = CARTESIAN_POINT('',(6.104864472163,-15.15743136035,
    -14.63897968147));
#3242 = VERTEX_POINT('',#3243);
#3243 = CARTESIAN_POINT('',(6.104864472162,-5.099012609466,
    -20.44621045493));
#3244 = CIRCLE('',#3245,21.072433451283);
#3245 = AXIS2_PLACEMENT_3D('',#3246,#3247,#3248);
#3246 = CARTESIAN_POINT('',(6.104864472162,0.,0.));
#3247 = DIRECTION('',(1.,0.,-0.));
#3248 = DIRECTION('',(0.,0.866025403784,0.5));
#3249 = ORIENTED_EDGE('',*,*,#3250,.F.);
#3250 = EDGE_CURVE('',#3251,#3240,#3253,.T.);
#3251 = VERTEX_POINT('',#3252);
#3252 = CARTESIAN_POINT('',(-6.087135527838,-14.41111306441,
    -14.78530323378));
#3253 = B_SPLINE_CURVE_WITH_KNOTS('',3,(#3254,#3255,#3256,#3257,#3258,
    #3259,#3260),.UNSPECIFIED.,.F.,.F.,(4,3,4),(2.633878902121E-04,
    6.483476376054E-03,1.247908642204E-02),.UNSPECIFIED.);
#3254 = CARTESIAN_POINT('',(-6.087135527838,-14.41111306441,
    -14.78530323378));
#3255 = CARTESIAN_POINT('',(-4.017891040807,-14.53946801402,
    -14.76110239818));
#3256 = CARTESIAN_POINT('',(-1.948595378575,-14.66693785598,
    -14.73656608345));
#3257 = CARTESIAN_POINT('',(0.120747765438,-14.79356611467,-14.711713376
    ));
#3258 = CARTESIAN_POINT('',(2.115409858896,-14.91562445395,
    -14.68775758423));
#3259 = CARTESIAN_POINT('',(4.110116430299,-15.03690084094,
    -14.66350779994));
#3260 = CARTESIAN_POINT('',(6.104864472163,-15.15743136035,
    -14.63897968147));
#3261 = ORIENTED_EDGE('',*,*,#3262,.F.);
#3262 = EDGE_CURVE('',#3263,#3251,#3265,.T.);
#3263 = VERTEX_POINT('',#3264);
#3264 = CARTESIAN_POINT('',(-6.087135527837,-5.598891670903,
    -19.87304162748));
#3265 = CIRCLE('',#3266,20.64667942964);
#3266 = AXIS2_PLACEMENT_3D('',#3267,#3268,#3269);
#3267 = CARTESIAN_POINT('',(-6.087135527838,0.,0.));
#3268 = DIRECTION('',(-1.,-0.,0.));
#3269 = DIRECTION('',(0.,-0.866025403784,-0.5));
#3270 = ORIENTED_EDGE('',*,*,#3271,.F.);
#3271 = EDGE_CURVE('',#3242,#3263,#3272,.T.);
#3272 = B_SPLINE_CURVE_WITH_KNOTS('',3,(#3273,#3274,#3275,#3276,#3277,
    #3278,#3279),.UNSPECIFIED.,.F.,.F.,(4,3,4),(2.456008890775E-04,
    6.24121102126E-03,1.246129959652E-02),.UNSPECIFIED.);
#3273 = CARTESIAN_POINT('',(6.104864472162,-5.099012609466,
    -20.44621045493));
#3274 = CARTESIAN_POINT('',(4.110116430298,-5.18051984287,
    -20.35409202241));
#3275 = CARTESIAN_POINT('',(2.115409858896,-5.262158965596,
    -20.26118848254));
#3276 = CARTESIAN_POINT('',(0.120747765438,-5.34393445948,
    -20.16746075587));
#3277 = CARTESIAN_POINT('',(-1.948595378575,-5.428771664825,
    -20.07022382073));
#3278 = CARTESIAN_POINT('',(-4.017891040807,-5.513755657681,
    -19.97209985674));
#3279 = CARTESIAN_POINT('',(-6.087135527837,-5.598891670903,
    -19.87304162748));
#3280 = CONICAL_SURFACE('',#3281,20.6375,3.490658503989E-02);
#3281 = AXIS2_PLACEMENT_3D('',#3282,#3283,#3284);
#3282 = CARTESIAN_POINT('',(-6.35,0.,0.));
#3283 = DIRECTION('',(1.,0.,0.));
#3284 = DIRECTION('',(0.,0.866025403784,0.5));
#3285 = ADVANCED_FACE('',(#3286),#3325,.T.);
#3286 = FACE_BOUND('',#3287,.T.);
#3287 = EDGE_LOOP('',(#3288,#3302,#3310,#3319));
#3288 = ORIENTED_EDGE('',*,*,#3289,.T.);
#3289 = EDGE_CURVE('',#3290,#3292,#3294,.T.);
#3290 = VERTEX_POINT('',#3291);
#3291 = CARTESIAN_POINT('',(6.104864472162,1.946316548716,
    -17.98319457843));
#3292 = VERTEX_POINT('',#3293);
#3293 = CARTESIAN_POINT('',(-6.087135527837,2.37207057036,
    -17.42970557623));
#3294 = B_SPLINE_CURVE_WITH_KNOTS('',3,(#3295,#3296,#3297,#3298,#3299,
    #3300,#3301),.UNSPECIFIED.,.F.,.F.,(4,3,4),(2.455294063582E-04,
    6.239355698587E-03,1.245751125352E-02),.UNSPECIFIED.);
#3295 = CARTESIAN_POINT('',(6.104864472162,1.946316548716,
    -17.98319457843));
#3296 = CARTESIAN_POINT('',(4.110128797528,2.015974253407,
    -17.89403170568));
#3297 = CARTESIAN_POINT('',(2.115422540357,2.085630930818,
    -17.80420721761));
#3298 = CARTESIAN_POINT('',(0.120747765438,2.155286508844,-17.7136905445
    ));
#3299 = CARTESIAN_POINT('',(-1.948581125461,2.227549066045,
    -17.61978613003));
#3300 = CARTESIAN_POINT('',(-4.017876400382,2.299810449351,
    -17.52513677289));
#3301 = CARTESIAN_POINT('',(-6.087135527837,2.37207057036,
    -17.42970557623));
#3302 = ORIENTED_EDGE('',*,*,#3303,.T.);
#3303 = EDGE_CURVE('',#3292,#3304,#3306,.T.);
#3304 = VERTEX_POINT('',#3305);
#3305 = CARTESIAN_POINT('',(-6.087135527838,2.37207057036,
    -12.72732254569));
#3306 = LINE('',#3307,#3308);
#3307 = CARTESIAN_POINT('',(-6.087135527838,2.37207057036,
    -2.819966482548E-14));
#3308 = VECTOR('',#3309,1.);
#3309 = DIRECTION('',(-1.735777005508E-18,1.182387521226E-14,1.));
#3310 = ORIENTED_EDGE('',*,*,#3311,.T.);
#3311 = EDGE_CURVE('',#3304,#3312,#3314,.T.);
#3312 = VERTEX_POINT('',#3313);
#3313 = CARTESIAN_POINT('',(6.104864472162,1.946316548717,
    -12.43181441219));
#3314 = B_SPLINE_CURVE_WITH_KNOTS('',3,(#3315,#3316,#3317,#3318),
  .UNSPECIFIED.,.F.,.F.,(4,4),(2.631000255944E-04,1.246611012736E-02),
  .PIECEWISE_BEZIER_KNOTS.);
#3315 = CARTESIAN_POINT('',(-6.087135527838,2.37207057036,
    -12.72732254569));
#3316 = CARTESIAN_POINT('',(-2.02310802122,2.230151602593,-12.6299627135
    ));
#3317 = CARTESIAN_POINT('',(2.040892964769,2.088233560947,
    -12.53148714474));
#3318 = CARTESIAN_POINT('',(6.104864472162,1.946316548717,
    -12.43181441219));
#3319 = ORIENTED_EDGE('',*,*,#3320,.T.);
#3320 = EDGE_CURVE('',#3312,#3290,#3321,.T.);
#3321 = LINE('',#3322,#3323);
#3322 = CARTESIAN_POINT('',(6.104864472162,1.946316548716,
    -17.99414857768));
#3323 = VECTOR('',#3324,1.);
#3324 = DIRECTION('',(1.733665442999E-18,-1.182387521226E-14,-1.));
#3325 = PLANE('',#3326);
#3326 = AXIS2_PLACEMENT_3D('',#3327,#3328,#3329);
#3327 = CARTESIAN_POINT('',(-6.35,2.38125,-2.864375403533E-14));
#3328 = DIRECTION('',(3.48994967025E-02,0.999390827019,
    -1.204591981718E-14));
#3329 = DIRECTION('',(0.,1.210143096841E-14,1.));
#3330 = ADVANCED_FACE('',(#3331),#3375,.T.);
#3331 = FACE_BOUND('',#3332,.T.);
#3332 = EDGE_LOOP('',(#3333,#3347,#3356,#3368));
#3333 = ORIENTED_EDGE('',*,*,#3334,.T.);
#3334 = EDGE_CURVE('',#3335,#3337,#3339,.T.);
#3335 = VERTEX_POINT('',#3336);
#3336 = CARTESIAN_POINT('',(6.104864472162,3.62336201333,-10.04398701326
    ));
#3337 = VERTEX_POINT('',#3338);
#3338 = CARTESIAN_POINT('',(-6.087135527837,3.996776149472,
    -10.35903026828));
#3339 = B_SPLINE_CURVE_WITH_KNOTS('',3,(#3340,#3341,#3342,#3343,#3344,
    #3345,#3346),.UNSPECIFIED.,.F.,.F.,(4,3,4),(2.453330536732E-04,
    5.080000045169E-03,1.244711815571E-02),.UNSPECIFIED.);
#3340 = CARTESIAN_POINT('',(6.104864472162,3.62336201333,-10.04398701326
    ));
#3341 = CARTESIAN_POINT('',(4.494606234472,3.672457984891,
    -10.08605423642));
#3342 = CARTESIAN_POINT('',(2.884345933977,3.721645084971,
    -10.12793662393));
#3343 = CARTESIAN_POINT('',(1.274083651701,3.770919911374,
    -10.16963832051));
#3344 = CARTESIAN_POINT('',(-1.179651491464,3.846005426666,
    -10.23318381838));
#3345 = CARTESIAN_POINT('',(-3.633391308171,3.921294605534,
    -10.2963097877));
#3346 = CARTESIAN_POINT('',(-6.087135527837,3.996776149472,
    -10.35903026828));
#3347 = ORIENTED_EDGE('',*,*,#3348,.T.);
#3348 = EDGE_CURVE('',#3337,#3349,#3351,.T.);
#3349 = VERTEX_POINT('',#3350);
#3350 = CARTESIAN_POINT('',(-6.087135527838,6.972795296168,
    -8.640824812824));
#3351 = CIRCLE('',#3352,11.10332057036);
#3352 = AXIS2_PLACEMENT_3D('',#3353,#3354,#3355);
#3353 = CARTESIAN_POINT('',(-6.087135527838,0.,0.));
#3354 = DIRECTION('',(1.,0.,0.));
#3355 = DIRECTION('',(0.,-0.866025403784,-0.5));
#3356 = ORIENTED_EDGE('',*,*,#3357,.T.);
#3357 = EDGE_CURVE('',#3349,#3358,#3360,.T.);
#3358 = VERTEX_POINT('',#3359);
#3359 = CARTESIAN_POINT('',(6.104864472162,6.886666902103,
    -8.159917057284));
#3360 = B_SPLINE_CURVE_WITH_KNOTS('',3,(#3361,#3362,#3363,#3364,#3365,
    #3366,#3367),.UNSPECIFIED.,.F.,.F.,(4,3,4),(2.630746159417E-04,
    5.080000040961E-03,1.246485972436E-02),.UNSPECIFIED.);
#3361 = CARTESIAN_POINT('',(-6.087135527838,6.972795296168,
    -8.640824812824));
#3362 = CARTESIAN_POINT('',(-4.482776420195,6.961956728832,
    -8.577579291383));
#3363 = CARTESIAN_POINT('',(-2.878419201564,6.950926895619,
    -8.51431832289));
#3364 = CARTESIAN_POINT('',(-1.274063946676,6.939700870309,
    -8.451042661958));
#3365 = CARTESIAN_POINT('',(1.185583496909,6.922490178119,
    -8.354034335917));
#3366 = CARTESIAN_POINT('',(3.645226398283,6.904818408411,
    -8.256991453089));
#3367 = CARTESIAN_POINT('',(6.104864472162,6.886666902103,
    -8.159917057284));
#3368 = ORIENTED_EDGE('',*,*,#3369,.T.);
#3369 = EDGE_CURVE('',#3358,#3335,#3370,.T.);
#3370 = CIRCLE('',#3371,10.677566548717);
#3371 = AXIS2_PLACEMENT_3D('',#3372,#3373,#3374);
#3372 = CARTESIAN_POINT('',(6.104864472162,0.,0.));
#3373 = DIRECTION('',(-1.,0.,0.));
#3374 = DIRECTION('',(0.,0.866025403784,0.5));
#3375 = CONICAL_SURFACE('',#3376,11.1125,3.490658503989E-02);
#3376 = AXIS2_PLACEMENT_3D('',#3377,#3378,#3379);
#3377 = CARTESIAN_POINT('',(-6.35,0.,0.));
#3378 = DIRECTION('',(-1.,0.,-0.));
#3379 = DIRECTION('',(0.,0.866025403784,0.5));
#3380 = ADVANCED_FACE('',(#3381),#3420,.T.);
#3381 = FACE_BOUND('',#3382,.T.);
#3382 = EDGE_LOOP('',(#3383,#3394,#3402,#3414));
#3383 = ORIENTED_EDGE('',*,*,#3384,.T.);
#3384 = EDGE_CURVE('',#3385,#3387,#3389,.T.);
#3385 = VERTEX_POINT('',#3386);
#3386 = CARTESIAN_POINT('',(6.104864472162,9.793108821734,
    -7.901466781091));
#3387 = VERTEX_POINT('',#3388);
#3388 = CARTESIAN_POINT('',(-6.087135527837,9.83614936155,
    -8.417934646348));
#3389 = B_SPLINE_CURVE_WITH_KNOTS('',3,(#3390,#3391,#3392,#3393),
  .UNSPECIFIED.,.F.,.F.,(4,4),(2.453586450614E-04,1.244836874683E-02),
  .PIECEWISE_BEZIER_KNOTS.);
#3390 = CARTESIAN_POINT('',(6.104864472162,9.793108821734,
    -7.901466781091));
#3391 = CARTESIAN_POINT('',(2.040892964769,9.808469434073,
    -8.074206885188));
#3392 = CARTESIAN_POINT('',(-2.02310802122,9.822792757446,
    -8.246349298887));
#3393 = CARTESIAN_POINT('',(-6.087135527837,9.83614936155,
    -8.417934646348));
#3394 = ORIENTED_EDGE('',*,*,#3395,.T.);
#3395 = EDGE_CURVE('',#3387,#3396,#3398,.T.);
#3396 = VERTEX_POINT('',#3397);
#3397 = CARTESIAN_POINT('',(-6.087135527838,13.908532524326,
    -10.76912616162));
#3398 = LINE('',#3399,#3400);
#3399 = CARTESIAN_POINT('',(-6.087135527838,13.898030110519,
    -10.76306259018));
#3400 = VECTOR('',#3401,1.);
#3401 = DIRECTION('',(-1.937311239347E-18,0.866025403784,-0.5));
#3402 = ORIENTED_EDGE('',*,*,#3403,.T.);
#3403 = EDGE_CURVE('',#3396,#3404,#3406,.T.);
#3404 = VERTEX_POINT('',#3405);
#3405 = CARTESIAN_POINT('',(6.104864472163,14.600745071763,
    -10.67715686421));
#3406 = B_SPLINE_CURVE_WITH_KNOTS('',3,(#3407,#3408,#3409,#3410,#3411,
    #3412,#3413),.UNSPECIFIED.,.F.,.F.,(4,3,4),(2.63304103003E-04,
    6.481459598395E-03,1.247528583323E-02),.UNSPECIFIED.);
#3407 = CARTESIAN_POINT('',(-6.087135527838,13.908532524326,
    -10.76912616162));
#3408 = CARTESIAN_POINT('',(-4.017876400382,14.027308425446,
    -10.75426265947));
#3409 = CARTESIAN_POINT('',(-1.948581125461,14.145407864839,
    -10.73900714439));
#3410 = CARTESIAN_POINT('',(0.120747765438,14.262862751894,
    -10.72337814134));
#3411 = CARTESIAN_POINT('',(2.115422540357,14.376080279291,
    -10.70831297781));
#3412 = CARTESIAN_POINT('',(4.110128797528,14.488698906541,
    -10.69290076966));
#3413 = CARTESIAN_POINT('',(6.104864472163,14.600745071763,
    -10.67715686421));
#3414 = ORIENTED_EDGE('',*,*,#3415,.T.);
#3415 = EDGE_CURVE('',#3404,#3385,#3416,.T.);
#3416 = LINE('',#3417,#3418);
#3417 = CARTESIAN_POINT('',(6.104864472162,-0.973158274358,
    -1.685559574995));
#3418 = VECTOR('',#3419,1.);
#3419 = DIRECTION('',(1.736026325711E-18,-0.866025403784,0.5));
#3420 = PLANE('',#3421);
#3421 = AXIS2_PLACEMENT_3D('',#3422,#3423,#3424);
#3422 = CARTESIAN_POINT('',(-6.35,-1.190625,-2.062222992762));
#3423 = DIRECTION('',(3.48994967025E-02,-0.49969541351,-0.865497844508)
  );
#3424 = DIRECTION('',(1.734723475977E-18,0.866025403784,-0.5));
#3425 = ADVANCED_FACE('',(#3426),#3470,.F.);
#3426 = FACE_BOUND('',#3427,.F.);
#3427 = EDGE_LOOP('',(#3428,#3439,#3451,#3460));
#3428 = ORIENTED_EDGE('',*,*,#3429,.F.);
#3429 = EDGE_CURVE('',#3430,#3432,#3434,.T.);
#3430 = VERTEX_POINT('',#3431);
#3431 = CARTESIAN_POINT('',(6.104864472163,5.099012609466,
    -20.44621045493));
#3432 = VERTEX_POINT('',#3433);
#3433 = CARTESIAN_POINT('',(6.104864472162,15.157431360359,
    -14.63897968148));
#3434 = CIRCLE('',#3435,21.072433451283);
#3435 = AXIS2_PLACEMENT_3D('',#3436,#3437,#3438);
#3436 = CARTESIAN_POINT('',(6.104864472162,0.,0.));
#3437 = DIRECTION('',(1.,0.,-0.));
#3438 = DIRECTION('',(0.,0.866025403784,0.5));
#3439 = ORIENTED_EDGE('',*,*,#3440,.F.);
#3440 = EDGE_CURVE('',#3441,#3430,#3443,.T.);
#3441 = VERTEX_POINT('',#3442);
#3442 = CARTESIAN_POINT('',(-6.087135527838,5.598891670903,
    -19.87304162748));
#3443 = B_SPLINE_CURVE_WITH_KNOTS('',3,(#3444,#3445,#3446,#3447,#3448,
    #3449,#3450),.UNSPECIFIED.,.F.,.F.,(4,3,4),(2.633878902121E-04,
    6.483476376054E-03,1.247908642204E-02),.UNSPECIFIED.);
#3444 = CARTESIAN_POINT('',(-6.087135527838,5.598891670903,
    -19.87304162748));
#3445 = CARTESIAN_POINT('',(-4.017891040807,5.51375565768,
    -19.97209985674));
#3446 = CARTESIAN_POINT('',(-1.948595378575,5.428771664824,
    -20.07022382073));
#3447 = CARTESIAN_POINT('',(0.120747765438,5.343934459479,
    -20.16746075587));
#3448 = CARTESIAN_POINT('',(2.115409858896,5.262158965595,
    -20.26118848254));
#3449 = CARTESIAN_POINT('',(4.110116430299,5.18051984287,-20.35409202241
    ));
#3450 = CARTESIAN_POINT('',(6.104864472163,5.099012609466,
    -20.44621045493));
#3451 = ORIENTED_EDGE('',*,*,#3452,.F.);
#3452 = EDGE_CURVE('',#3453,#3441,#3455,.T.);
#3453 = VERTEX_POINT('',#3454);
#3454 = CARTESIAN_POINT('',(-6.087135527837,14.411113064417,
    -14.78530323378));
#3455 = CIRCLE('',#3456,20.64667942964);
#3456 = AXIS2_PLACEMENT_3D('',#3457,#3458,#3459);
#3457 = CARTESIAN_POINT('',(-6.087135527838,0.,0.));
#3458 = DIRECTION('',(-1.,-0.,0.));
#3459 = DIRECTION('',(0.,-0.866025403784,-0.5));
#3460 = ORIENTED_EDGE('',*,*,#3461,.F.);
#3461 = EDGE_CURVE('',#3432,#3453,#3462,.T.);
#3462 = B_SPLINE_CURVE_WITH_KNOTS('',3,(#3463,#3464,#3465,#3466,#3467,
    #3468,#3469),.UNSPECIFIED.,.F.,.F.,(4,3,4),(2.456008890775E-04,
    6.24121102126E-03,1.246129959652E-02),.UNSPECIFIED.);
#3463 = CARTESIAN_POINT('',(6.104864472162,15.157431360359,
    -14.63897968148));
#3464 = CARTESIAN_POINT('',(4.110116430298,15.036900840942,
    -14.66350779994));
#3465 = CARTESIAN_POINT('',(2.115409858896,14.915624453953,
    -14.68775758423));
#3466 = CARTESIAN_POINT('',(0.120747765438,14.79356611467,-14.711713376)
  );
#3467 = CARTESIAN_POINT('',(-1.948595378575,14.666937855982,
    -14.73656608345));
#3468 = CARTESIAN_POINT('',(-4.017891040807,14.539468014021,
    -14.76110239818));
#3469 = CARTESIAN_POINT('',(-6.087135527837,14.411113064417,
    -14.78530323378));
#3470 = CONICAL_SURFACE('',#3471,20.6375,3.490658503989E-02);
#3471 = AXIS2_PLACEMENT_3D('',#3472,#3473,#3474);
#3472 = CARTESIAN_POINT('',(-6.35,0.,0.));
#3473 = DIRECTION('',(1.,0.,0.));
#3474 = DIRECTION('',(0.,0.866025403784,0.5));
#3475 = ADVANCED_FACE('',(#3476),#3510,.F.);
#3476 = FACE_BOUND('',#3477,.F.);
#3477 = EDGE_LOOP('',(#3478,#3493,#3494,#3509));
#3478 = ORIENTED_EDGE('',*,*,#3479,.F.);
#3479 = EDGE_CURVE('',#2625,#2598,#3480,.T.);
#3480 = B_SPLINE_CURVE_WITH_KNOTS('',3,(#3481,#3482,#3483,#3484,#3485,
    #3486,#3487,#3488,#3489,#3490,#3491,#3492),.UNSPECIFIED.,.F.,.F.,(4,
    2,2,2,2,4),(0.,7.727098134047E-04,1.545419626809E-03,
    1.931774533512E-03,2.318129440214E-03,3.090839253619E-03),
  .UNSPECIFIED.);
#3481 = CARTESIAN_POINT('',(6.104864472162,-11.73942537045,
    -4.530347631101));
#3482 = CARTESIAN_POINT('',(6.105504073778,-11.51314227734,
    -4.399728817059));
#3483 = CARTESIAN_POINT('',(6.105990049459,-11.31235388801,
    -4.238355520333));
#3484 = CARTESIAN_POINT('',(6.106658942618,-10.96106403217,
    -3.854947374841));
#3485 = CARTESIAN_POINT('',(6.106828189078,-10.81668720576,
    -3.638477585071));
#3486 = CARTESIAN_POINT('',(6.106829743719,-10.65267574956,
    -3.28629052926));
#3487 = CARTESIAN_POINT('',(6.106787223086,-10.60652673548,
    -3.163253524095));
#3488 = CARTESIAN_POINT('',(6.106619886177,-10.53457089829,
    -2.915108630756));
#3489 = CARTESIAN_POINT('',(6.106495426627,-10.50822825785,
    -2.789046121656));
#3490 = CARTESIAN_POINT('',(6.10599983009,-10.45806858606,
    -2.404896169822));
#3491 = CARTESIAN_POINT('',(6.105504157142,-10.46390423571,
    -2.141243633312));
#3492 = CARTESIAN_POINT('',(6.104864472162,-10.51002891543,
    -1.88406995598));
#3493 = ORIENTED_EDGE('',*,*,#2624,.T.);
#3494 = ORIENTED_EDGE('',*,*,#3495,.F.);
#3495 = EDGE_CURVE('',#2589,#2627,#3496,.T.);
#3496 = B_SPLINE_CURVE_WITH_KNOTS('',3,(#3497,#3498,#3499,#3500,#3501,
    #3502,#3503,#3504,#3505,#3506,#3507,#3508),.UNSPECIFIED.,.F.,.F.,(4,
    2,2,2,2,4),(8.542522420167E-18,7.662348534835E-04,1.149352280225E-03
    ,1.532469706967E-03,2.29870456045E-03,3.064939413934E-03),
  .UNSPECIFIED.);
#3497 = CARTESIAN_POINT('',(-6.087135527838,-10.96957144564,
    -1.718205455458));
#3498 = CARTESIAN_POINT('',(-6.086521931882,-10.92984633407,
    -1.971684767043));
#3499 = CARTESIAN_POINT('',(-6.08604682314,-10.92913272073,
    -2.23081333332));
#3500 = CARTESIAN_POINT('',(-6.08557276099,-10.98453942875,
    -2.606777020407));
#3501 = CARTESIAN_POINT('',(-6.08545350576,-11.01225942066,
    -2.730187485752));
#3502 = CARTESIAN_POINT('',(-6.085293152193,-11.08635149318,
    -2.973155925912));
#3503 = CARTESIAN_POINT('',(-6.085252541395,-11.13320098351,
    -3.093445216408));
#3504 = CARTESIAN_POINT('',(-6.085254067062,-11.29787707661,
    -3.437117420458));
#3505 = CARTESIAN_POINT('',(-6.085416296002,-11.44162800054,
    -3.648854949566));
#3506 = CARTESIAN_POINT('',(-6.086056395982,-11.78840849733,
    -4.023169964935));
#3507 = CARTESIAN_POINT('',(-6.086522005952,-11.98601101384,
    -4.181120259749));
#3508 = CARTESIAN_POINT('',(-6.087135527837,-12.20821993191,
    -4.309387899346));
#3509 = ORIENTED_EDGE('',*,*,#2597,.T.);
#3510 = ( BOUNDED_SURFACE() B_SPLINE_SURFACE(3,2,(
    (#3511,#3512,#3513)
    ,(#3514,#3515,#3516)
    ,(#3517,#3518,#3519)
    ,(#3520,#3521,#3522
)),.UNSPECIFIED.,.F.,.F.,.F.) B_SPLINE_SURFACE_WITH_KNOTS((4,4),(3,3),(
    1.979716286801E-02,3.216910638058E-02),(0.,1.),
.PIECEWISE_BEZIER_KNOTS.) GEOMETRIC_REPRESENTATION_ITEM() 
RATIONAL_B_SPLINE_SURFACE((
    (1.,0.81852964087,1.)
    ,(1.,0.82072482822,1.)
    ,(1.,0.822839613167,1.)
,(1.,0.824882322726,1.))) REPRESENTATION_ITEM('') SURFACE() );
#3511 = CARTESIAN_POINT('',(6.200360953185,-11.73572942024,
    -4.53206448085));
#3512 = CARTESIAN_POINT('',(6.156698298053,-10.19314859968,
    -3.639694418241));
#3513 = CARTESIAN_POINT('',(6.200360953185,-10.50641240108,
    -1.885343909554));
#3514 = CARTESIAN_POINT('',(2.080129838397,-11.89520081051,
    -4.457995122613));
#3515 = CARTESIAN_POINT('',(2.04819529944,-10.36468235436,
    -3.573062182543));
#3516 = CARTESIAN_POINT('',(2.080129832822,-10.66245405242,
    -1.830387379323));
#3517 = CARTESIAN_POINT('',(-2.040132544595,-12.05360650604,
    -4.383309224397));
#3518 = CARTESIAN_POINT('',(-2.072183330346,-10.5351940486,
    -3.505360998517));
#3519 = CARTESIAN_POINT('',(-2.04013254995,-10.81774654376,
    -1.774308823065));
#3520 = CARTESIAN_POINT('',(-6.160421295393,-12.21101987933,
    -4.308049345441));
#3521 = CARTESIAN_POINT('',(-6.202053915104,-10.70468738108,
    -3.436689118664));
#3522 = CARTESIAN_POINT('',(-6.160421295393,-10.97232086714,
    -1.717189610898));
#3523 = ADVANCED_FACE('',(#3524),#3568,.F.);
#3524 = FACE_BOUND('',#3525,.F.);
#3525 = EDGE_LOOP('',(#3526,#3545,#3546,#3567));
#3526 = ORIENTED_EDGE('',*,*,#3527,.F.);
#3527 = EDGE_CURVE('',#2672,#2644,#3528,.T.);
#3528 = B_SPLINE_CURVE_WITH_KNOTS('',3,(#3529,#3530,#3531,#3532,#3533,
    #3534,#3535,#3536,#3537,#3538,#3539,#3540,#3541,#3542,#3543,#3544),
  .UNSPECIFIED.,.F.,.F.,(4,2,2,2,2,2,2,4),(2.79715755707E-17,
    5.730326345399E-04,1.14606526908E-03,2.292130538159E-03,
    2.865163172699E-03,3.438195807239E-03,4.011228441779E-03,
    4.584261076319E-03),.UNSPECIFIED.);
#3529 = CARTESIAN_POINT('',(6.104864472162,-20.25644396982,
    -5.80723077345));
#3530 = CARTESIAN_POINT('',(6.105727331947,-20.20307705322,
    -5.99349147961));
#3531 = CARTESIAN_POINT('',(6.106497636976,-20.12973195304,
    -6.170160880099));
#3532 = CARTESIAN_POINT('',(6.107859818909,-19.94451890648,
    -6.505005287179));
#3533 = CARTESIAN_POINT('',(6.108454280642,-19.8310754617,
    -6.664310199274));
#3534 = CARTESIAN_POINT('',(6.109877346304,-19.44737642064,
    -7.090962224815));
#3535 = CARTESIAN_POINT('',(6.110381234527,-19.12426284498,
    -7.317674160636));
#3536 = CARTESIAN_POINT('',(6.110384039639,-18.59208360266,
    -7.533195748068));
#3537 = CARTESIAN_POINT('',(6.110259415388,-18.40365779762,
    -7.585526947745));
#3538 = CARTESIAN_POINT('',(6.109773688085,-18.02592860315,
    -7.645413225177));
#3539 = CARTESIAN_POINT('',(6.109412818276,-17.83402518868,
    -7.654063155642));
#3540 = CARTESIAN_POINT('',(6.108455016743,-17.44815637372,
    -7.627154704868));
#3541 = CARTESIAN_POINT('',(6.107873801584,-17.26019295688,
    -7.592171138188));
#3542 = CARTESIAN_POINT('',(6.106512995075,-16.89390192434,
    -7.480471387944));
#3543 = CARTESIAN_POINT('',(6.105727596153,-16.71484451641,
    -7.402942018131));
#3544 = CARTESIAN_POINT('',(6.104864472163,-16.54706162048,
    -7.306037714222));
#3545 = ORIENTED_EDGE('',*,*,#2701,.T.);
#3546 = ORIENTED_EDGE('',*,*,#3547,.F.);
#3547 = EDGE_CURVE('',#2636,#2693,#3548,.T.);
#3548 = B_SPLINE_CURVE_WITH_KNOTS('',3,(#3549,#3550,#3551,#3552,#3553,
    #3554,#3555,#3556,#3557,#3558,#3559,#3560,#3561,#3562,#3563,#3564,
    #3565,#3566),.UNSPECIFIED.,.F.,.F.,(4,2,2,2,2,2,2,2,4),(0.,
    5.890685110653E-04,1.178137022131E-03,1.767205533196E-03,
    2.356274044261E-03,2.945342555327E-03,3.534411066392E-03,
    4.123479577457E-03,4.712548088523E-03),.UNSPECIFIED.);
#3549 = CARTESIAN_POINT('',(-6.087135527838,-16.28060309468,
    -6.660579414618));
#3550 = CARTESIAN_POINT('',(-6.086230340079,-16.45117068513,
    -6.759093158793));
#3551 = CARTESIAN_POINT('',(-6.085405557872,-16.63332579053,
    -6.83759310244));
#3552 = CARTESIAN_POINT('',(-6.083972369444,-17.00694491378,
    -6.949939863101));
#3553 = CARTESIAN_POINT('',(-6.083362043387,-17.19810762507,
    -6.984274994073));
#3554 = CARTESIAN_POINT('',(-6.082357050084,-17.58926967955,
    -7.008614922806));
#3555 = CARTESIAN_POINT('',(-6.081974032611,-17.78563632039,
    -6.997957407338));
#3556 = CARTESIAN_POINT('',(-6.081462960697,-18.16864328461,
    -6.932725359096));
#3557 = CARTESIAN_POINT('',(-6.0813316409,-18.35933676535,
    -6.877056820474));
#3558 = CARTESIAN_POINT('',(-6.081333825272,-18.71812902208,
    -6.725362349965));
#3559 = CARTESIAN_POINT('',(-6.081462523771,-18.88730371666,
    -6.629787932272));
#3560 = CARTESIAN_POINT('',(-6.081981702468,-19.2046820563,
    -6.398165350329));
#3561 = CARTESIAN_POINT('',(-6.082366030067,-19.3481997692,
    -6.265251967575));
#3562 = CARTESIAN_POINT('',(-6.083364463597,-19.60150453374,
    -5.970360717245));
#3563 = CARTESIAN_POINT('',(-6.083989812189,-19.71282359715,
    -5.805619000057));
#3564 = CARTESIAN_POINT('',(-6.085421883832,-19.89206594809,
    -5.460270211233));
#3565 = CARTESIAN_POINT('',(-6.086230642369,-19.96149784601,
    -5.278643552379));
#3566 = CARTESIAN_POINT('',(-6.087135527837,-20.01000473532,
    -5.087738393704));
#3567 = ORIENTED_EDGE('',*,*,#2643,.T.);
#3568 = ( BOUNDED_SURFACE() B_SPLINE_SURFACE(3,2,(
    (#3569,#3570,#3571)
    ,(#3572,#3573,#3574)
    ,(#3575,#3576,#3577)
    ,(#3578,#3579,#3580
)),.UNSPECIFIED.,.F.,.F.,.F.) B_SPLINE_SURFACE_WITH_KNOTS((4,4),(3,3),(
    2.912239127223E-02,4.154342169942E-02),(0.,1.),
.PIECEWISE_BEZIER_KNOTS.) GEOMETRIC_REPRESENTATION_ITEM() 
RATIONAL_B_SPLINE_SURFACE((
    (1.,0.604231683483,1.)
    ,(1.,0.608420108864,1.)
    ,(1.,0.612465210351,1.)
,(1.,0.616381835645,1.))) REPRESENTATION_ITEM('') SURFACE() );
#3569 = CARTESIAN_POINT('',(-6.160655160734,-16.27895012907,
    -6.656660540014));
#3570 = CARTESIAN_POINT('',(-6.314808879163,-19.17934510054,
    -8.324988412334));
#3571 = CARTESIAN_POINT('',(-6.160655160734,-20.00846887043,
    -5.083358782913));
#3572 = CARTESIAN_POINT('',(-2.027219879065,-16.37189955118,
    -6.876997554264));
#3573 = CARTESIAN_POINT('',(-2.206485776138,-19.24024367917,
    -8.525808264309));
#3574 = CARTESIAN_POINT('',(-2.027219897267,-20.09483595051,
    -5.329604370093));
#3575 = CARTESIAN_POINT('',(2.106369730608,-16.4621458239,
    -7.095780127465));
#3576 = CARTESIAN_POINT('',(1.932275131082,-19.30045205569,
    -8.727456972424));
#3577 = CARTESIAN_POINT('',(2.106369717526,-20.17827797453,
    -5.573458350943));
#3578 = CARTESIAN_POINT('',(6.240076469429,-16.54993401836,
    -7.313148251514));
#3579 = CARTESIAN_POINT('',(6.095400520032,-19.35985476115,
    -8.929622975928));
#3580 = CARTESIAN_POINT('',(6.240076469429,-20.25908818261,
    -5.815136763212));
#3581 = ADVANCED_FACE('',(#3582),#3616,.F.);
#3582 = FACE_BOUND('',#3583,.F.);
#3583 = EDGE_LOOP('',(#3584,#3599,#3600,#3615));
#3584 = ORIENTED_EDGE('',*,*,#3585,.F.);
#3585 = EDGE_CURVE('',#2575,#2552,#3586,.T.);
#3586 = B_SPLINE_CURVE_WITH_KNOTS('',3,(#3587,#3588,#3589,#3590,#3591,
    #3592,#3593,#3594,#3595,#3596,#3597,#3598),.UNSPECIFIED.,.F.,.F.,(4,
    2,2,2,2,4),(1.250926888277E-17,7.727098128125E-04,1.545419625625E-03
    ,1.931774532031E-03,2.318129438437E-03,3.09083925125E-03),
  .UNSPECIFIED.);
#3587 = CARTESIAN_POINT('',(6.104864472162,-10.51002891543,
    1.884069955981));
#3588 = CARTESIAN_POINT('',(6.105504154922,-10.46390439576,
    2.141242740935));
#3589 = CARTESIAN_POINT('',(6.10599015595,-10.45772601396,2.398767779853
    ));
#3590 = CARTESIAN_POINT('',(6.106659030753,-10.52416085494,2.91451265965
    ));
#3591 = CARTESIAN_POINT('',(6.106828233737,-10.59647138057,
    3.164462706129));
#3592 = CARTESIAN_POINT('',(6.106829721988,-10.75983490911,
    3.516950773575));
#3593 = CARTESIAN_POINT('',(6.106787178977,-10.8240966378,3.631573050337
    ));
#3594 = CARTESIAN_POINT('',(6.106619806841,-10.96732270714,3.84660752136
    ));
#3595 = CARTESIAN_POINT('',(6.106495334221,-11.046670996,3.948044891294)
  );
#3596 = CARTESIAN_POINT('',(6.105999723437,-11.30789145132,
    4.234141120782));
#3597 = CARTESIAN_POINT('',(6.105504075995,-11.51314149233,
    4.399728363925));
#3598 = CARTESIAN_POINT('',(6.104864472162,-11.73942537045,
    4.530347631102));
#3599 = ORIENTED_EDGE('',*,*,#2574,.T.);
#3600 = ORIENTED_EDGE('',*,*,#3601,.F.);
#3601 = EDGE_CURVE('',#2544,#2577,#3602,.T.);
#3602 = B_SPLINE_CURVE_WITH_KNOTS('',3,(#3603,#3604,#3605,#3606,#3607,
    #3608,#3609,#3610,#3611,#3612,#3613,#3614),.UNSPECIFIED.,.F.,.F.,(4,
    2,2,2,2,4),(0.,7.662348527962E-04,1.149352279194E-03,
    1.532469705592E-03,2.298704558389E-03,3.064939411185E-03),
  .UNSPECIFIED.);
#3603 = CARTESIAN_POINT('',(-6.087135527838,-12.20821993191,
    4.309387899346));
#3604 = CARTESIAN_POINT('',(-6.08652200383,-11.98601024541,4.18111981618
    ));
#3605 = CARTESIAN_POINT('',(-6.086046917497,-11.78390310256,
    4.018944523182));
#3606 = CARTESIAN_POINT('',(-6.085572842693,-11.52611564993,
    3.739723773411));
#3607 = CARTESIAN_POINT('',(-6.085453575901,-11.44748310194,
    3.640650753127));
#3608 = CARTESIAN_POINT('',(-6.085293191149,-11.30492945049,
    3.430408619836));
#3609 = CARTESIAN_POINT('',(-6.085252560565,-11.24073903199,
    3.318408716711));
#3610 = CARTESIAN_POINT('',(-6.085254027635,-11.07670173755,
    2.974431151205));
#3611 = CARTESIAN_POINT('',(-6.085416218092,-11.00219779503,
    2.729591873506));
#3612 = CARTESIAN_POINT('',(-6.086056301765,-10.92867374927,
    2.224653601474));
#3613 = CARTESIAN_POINT('',(-6.086521934005,-10.92984647147,
    1.971683890273));
#3614 = CARTESIAN_POINT('',(-6.087135527837,-10.96957144564,
    1.718205455458));
#3615 = ORIENTED_EDGE('',*,*,#2551,.T.);
#3616 = ( BOUNDED_SURFACE() B_SPLINE_SURFACE(3,2,(
    (#3617,#3618,#3619)
    ,(#3620,#3621,#3622)
    ,(#3623,#3624,#3625)
    ,(#3626,#3627,#3628
)),.UNSPECIFIED.,.F.,.F.,.F.) B_SPLINE_SURFACE_WITH_KNOTS((4,4),(3,3),(
    1.972895862017E-02,3.210090281171E-02),(0.,1.),
.PIECEWISE_BEZIER_KNOTS.) GEOMETRIC_REPRESENTATION_ITEM() 
RATIONAL_B_SPLINE_SURFACE((
    (1.,0.824882322727,1.)
    ,(1.,0.82283961313,1.)
    ,(1.,0.820724828144,1.)
,(1.,0.818529640751,1.))) REPRESENTATION_ITEM('') SURFACE() );
#3617 = CARTESIAN_POINT('',(-6.16042129672,-12.21101987938,
    4.308049345417));
#3618 = CARTESIAN_POINT('',(-6.20205391643,-10.70468738114,
    3.436689118642));
#3619 = CARTESIAN_POINT('',(-6.16042129672,-10.97232086719,1.71718961088
    ));
#3620 = CARTESIAN_POINT('',(-2.040132471361,-12.05360650323,
    4.383309225732));
#3621 = CARTESIAN_POINT('',(-2.072183256753,-10.53519404558,
    3.505360999729));
#3622 = CARTESIAN_POINT('',(-2.040132476716,-10.81774654102,
    1.774308824069));
#3623 = CARTESIAN_POINT('',(2.080129986189,-11.89520080484,
    4.457995125296));
#3624 = CARTESIAN_POINT('',(2.048195447621,-10.36468234821,
    3.573062184979));
#3625 = CARTESIAN_POINT('',(2.080129980614,-10.66245404685,
    1.830387381336));
#3626 = CARTESIAN_POINT('',(6.200361175534,-11.73572941163,
    4.532064484848));
#3627 = CARTESIAN_POINT('',(6.156698520364,-10.19314859039,
    3.639694421847));
#3628 = CARTESIAN_POINT('',(6.200361175534,-10.50641239266,1.88534391252
    ));
#3629 = ADVANCED_FACE('',(#3630),#3674,.F.);
#3630 = FACE_BOUND('',#3631,.F.);
#3631 = EDGE_LOOP('',(#3632,#3651,#3652,#3673));
#3632 = ORIENTED_EDGE('',*,*,#3633,.F.);
#3633 = EDGE_CURVE('',#2530,#2670,#3634,.T.);
#3634 = B_SPLINE_CURVE_WITH_KNOTS('',3,(#3635,#3636,#3637,#3638,#3639,
    #3640,#3641,#3642,#3643,#3644,#3645,#3646,#3647,#3648,#3649,#3650),
  .UNSPECIFIED.,.F.,.F.,(4,2,2,2,2,2,2,4),(2.453269466693E-18,
    5.730326344335E-04,1.146065268867E-03,2.292130537734E-03,
    2.865163172167E-03,3.438195806601E-03,4.011228441034E-03,
    4.584261075468E-03),.UNSPECIFIED.);
#3635 = CARTESIAN_POINT('',(6.104864472162,-16.54706162048,
    7.306037714222));
#3636 = CARTESIAN_POINT('',(6.105727590787,-16.71484347326,7.40294141565
    ));
#3637 = CARTESIAN_POINT('',(6.106498080026,-16.89033259698,
    7.479067285663));
#3638 = CARTESIAN_POINT('',(6.107860485395,-17.25617236796,
    7.591254230262));
#3639 = CARTESIAN_POINT('',(6.108454984709,-17.44844121859,
    7.627033551894));
#3640 = CARTESIAN_POINT('',(6.109877973697,-18.0208308341,7.667369982311
    ));
#3641 = CARTESIAN_POINT('',(6.11038155306,-18.41074324137,7.605977771312
    ));
#3642 = CARTESIAN_POINT('',(6.110383882864,-18.94326294492,
    7.391298774453));
#3643 = CARTESIAN_POINT('',(6.110259098098,-19.11515226677,
    7.298041610167));
#3644 = CARTESIAN_POINT('',(6.109773124378,-19.42845628228,
    7.078710113179));
#3645 = CARTESIAN_POINT('',(6.10941216623,-19.5725017744,6.951617071259)
  );
#3646 = CARTESIAN_POINT('',(6.108454312241,-19.83136451543,
    6.664199463169));
#3647 = CARTESIAN_POINT('',(6.107873133714,-19.94226386534,
    6.508457915072));
#3648 = CARTESIAN_POINT('',(6.106512548794,-20.12813995753,
    6.173650457721));
#3649 = CARTESIAN_POINT('',(6.105727337307,-20.2030767217,5.9934926367)
  );
#3650 = CARTESIAN_POINT('',(6.104864472163,-20.25644396982,5.80723077345
    ));
#3651 = ORIENTED_EDGE('',*,*,#2529,.T.);
#3652 = ORIENTED_EDGE('',*,*,#3653,.F.);
#3653 = EDGE_CURVE('',#2681,#2532,#3654,.T.);
#3654 = B_SPLINE_CURVE_WITH_KNOTS('',3,(#3655,#3656,#3657,#3658,#3659,
    #3660,#3661,#3662,#3663,#3664,#3665,#3666,#3667,#3668,#3669,#3670,
    #3671,#3672),.UNSPECIFIED.,.F.,.F.,(4,2,2,2,2,2,2,2,4),(
    2.709746383411E-17,5.890685094931E-04,1.178137018986E-03,
    1.767205528479E-03,2.356274037972E-03,2.945342547465E-03,
    3.534411056958E-03,4.123479566451E-03,4.712548075945E-03),
  .UNSPECIFIED.);
#3655 = CARTESIAN_POINT('',(-6.087135527838,-20.01000473532,
    5.087738393704));
#3656 = CARTESIAN_POINT('',(-6.086230635797,-19.96149749377,
    5.278644938652));
#3657 = CARTESIAN_POINT('',(-6.085406068923,-19.89057020962,
    5.463880044178));
#3658 = CARTESIAN_POINT('',(-6.083973136057,-19.71024157881,
    5.809849161252));
#3659 = CARTESIAN_POINT('',(-6.083362852285,-19.60140022724,
    5.970708240387));
#3660 = CARTESIAN_POINT('',(-6.082357799926,-19.34580428428,
    6.267812417773));
#3661 = CARTESIAN_POINT('',(-6.081974680725,-19.20111097005,
    6.400993827006));
#3662 = CARTESIAN_POINT('',(-6.081463325699,-18.88706376745,
    6.629738032668));
#3663 = CARTESIAN_POINT('',(-6.081331821341,-18.71409739763,
    6.727439739232));
#3664 = CARTESIAN_POINT('',(-6.081333640593,-18.35503510042,
    6.878493920474));
#3665 = CARTESIAN_POINT('',(-6.081462158326,-18.16851153521,
    6.932932019271));
#3666 = CARTESIAN_POINT('',(-6.081981051377,-17.78111823898,
    6.998540461022));
#3667 = CARTESIAN_POINT('',(-6.082365279268,-17.58576408498,
    7.008543193409));
#3668 = CARTESIAN_POINT('',(-6.083363655114,-17.19778595595,
    6.984107121902));
#3669 = CARTESIAN_POINT('',(-6.083989047569,-17.00211343528,
    6.948836275332));
#3670 = CARTESIAN_POINT('',(-6.085421376611,-16.62969674494,
    6.836144599319));
#3671 = CARTESIAN_POINT('',(-6.086230346658,-16.45116944548,
    6.759092442815));
#3672 = CARTESIAN_POINT('',(-6.087135527837,-16.28060309468,
    6.660579414618));
#3673 = ORIENTED_EDGE('',*,*,#2680,.T.);
#3674 = ( BOUNDED_SURFACE() B_SPLINE_SURFACE(3,2,(
    (#3675,#3676,#3677)
    ,(#3678,#3679,#3680)
    ,(#3681,#3682,#3683)
    ,(#3684,#3685,#3686
)),.UNSPECIFIED.,.F.,.F.,.F.) B_SPLINE_SURFACE_WITH_KNOTS((4,4),(3,3),(
    2.928490207541E-02,4.170594225001E-02),(0.,1.),
.PIECEWISE_BEZIER_KNOTS.) GEOMETRIC_REPRESENTATION_ITEM() 
RATIONAL_B_SPLINE_SURFACE((
    (1.,0.616381835717,1.)
    ,(1.,0.612465210401,1.)
    ,(1.,0.60842010889,1.)
,(1.,0.604231683483,1.))) REPRESENTATION_ITEM('') SURFACE() );
#3675 = CARTESIAN_POINT('',(6.240076545811,-16.54993401998,7.31314825553
    ));
#3676 = CARTESIAN_POINT('',(6.095400596469,-19.35985476224,8.92962297964
    ));
#3677 = CARTESIAN_POINT('',(6.240076545811,-20.25908818411,
    5.815136767678));
#3678 = CARTESIAN_POINT('',(2.106369781375,-16.46214582503,
    7.095780130161));
#3679 = CARTESIAN_POINT('',(1.932275181574,-19.30045205643,
    8.727456974891));
#3680 = CARTESIAN_POINT('',(2.106369768294,-20.17827797555,5.57345835395
    ));
#3681 = CARTESIAN_POINT('',(-2.027219853909,-16.37189955174,
    6.876997555605));
#3682 = CARTESIAN_POINT('',(-2.206485751313,-19.24024367952,
    8.52580826551));
#3683 = CARTESIAN_POINT('',(-2.027219872112,-20.09483595104,
    5.329604371593));
#3684 = CARTESIAN_POINT('',(-6.16065516119,-16.27895012906,6.65666053999
    ));
#3685 = CARTESIAN_POINT('',(-6.314808879619,-19.17934510054,
    8.324988412312));
#3686 = CARTESIAN_POINT('',(-6.16065516119,-20.00846887042,
    5.083358782887));
#3687 = ADVANCED_FACE('',(#3688),#3722,.F.);
#3688 = FACE_BOUND('',#3689,.F.);
#3689 = EDGE_LOOP('',(#3690,#3705,#3706,#3721));
#3690 = ORIENTED_EDGE('',*,*,#3691,.F.);
#3691 = EDGE_CURVE('',#3195,#3168,#3692,.T.);
#3692 = B_SPLINE_CURVE_WITH_KNOTS('',3,(#3693,#3694,#3695,#3696,#3697,
    #3698,#3699,#3700,#3701,#3702,#3703,#3704),.UNSPECIFIED.,.F.,.F.,(4,
    2,2,2,2,4),(0.,7.727098134047E-04,1.545419626809E-03,
    1.931774533512E-03,2.318129440214E-03,3.090839253619E-03),
  .UNSPECIFIED.);
#3693 = CARTESIAN_POINT('',(6.104864472162,-1.946316548717,
    -12.43181441219));
#3694 = CARTESIAN_POINT('',(6.105504073778,-1.946294213336,
    -12.17053809809));
#3695 = CARTESIAN_POINT('',(6.105990049459,-1.98565339313,
    -11.91596360378));
#3696 = CARTESIAN_POINT('',(6.106658942618,-2.142049659224,
    -11.42003359179));
#3697 = CARTESIAN_POINT('',(6.106828189078,-2.25732958311,
    -11.18676469751));
#3698 = CARTESIAN_POINT('',(6.106829743719,-2.480326792228,
    -10.86863308203));
#3699 = CARTESIAN_POINT('',(6.106787223085,-2.563805457264,
    -10.76714836089));
#3700 = CARTESIAN_POINT('',(6.106619886177,-2.742727320123,
    -10.58076033127));
#3701 = CARTESIAN_POINT('',(6.106495426627,-2.838729335246,
    -10.49491568089));
#3702 = CARTESIAN_POINT('',(6.10599983009,-3.146333116501,
    -10.25940115496));
#3703 = CARTESIAN_POINT('',(6.105504157142,-3.377580735719,
    -10.13262870755));
#3704 = CARTESIAN_POINT('',(6.104864472162,-3.623362013331,
    -10.04398701326));
#3705 = ORIENTED_EDGE('',*,*,#3194,.T.);
#3706 = ORIENTED_EDGE('',*,*,#3707,.F.);
#3707 = EDGE_CURVE('',#3159,#3197,#3708,.T.);
#3708 = B_SPLINE_CURVE_WITH_KNOTS('',3,(#3709,#3710,#3711,#3712,#3713,
    #3714,#3715,#3716,#3717,#3718,#3719,#3720),.UNSPECIFIED.,.F.,.F.,(4,
    2,2,2,2,4),(8.673617379884E-18,7.662348534835E-04,1.149352280225E-03
    ,1.532469706967E-03,2.29870456045E-03,3.064939413934E-03),
  .UNSPECIFIED.);
#3709 = CARTESIAN_POINT('',(-6.087135527838,-3.996776149473,
    -10.35903026828));
#3710 = CARTESIAN_POINT('',(-6.086521931882,-3.757394070522,
    -10.45136696828));
#3711 = CARTESIAN_POINT('',(-6.08604682314,-3.53262534261,
    -10.58031324414));
#3712 = CARTESIAN_POINT('',(-6.08557276099,-3.234734592702,
    -10.81627870437));
#3713 = CARTESIAN_POINT('',(-6.08545350576,-3.141717990578,
    -10.90199015423));
#3714 = CARTESIAN_POINT('',(-6.085293152193,-2.968347185342,
    -11.08763999134));
#3715 = CARTESIAN_POINT('',(-6.085252541395,-2.887598349132,
    -11.18835748536));
#3716 = CARTESIAN_POINT('',(-6.085254067062,-2.6723075364,-11.5028072674
    ));
#3717 = CARTESIAN_POINT('',(-6.085416296002,-2.560812919222,
    -11.7331679839));
#3718 = CARTESIAN_POINT('',(-6.086056395982,-2.410036855288,
    -12.22064621134));
#3719 = CARTESIAN_POINT('',(-6.086522005952,-2.372049145704,
    -12.4707501579));
#3720 = CARTESIAN_POINT('',(-6.087135527837,-2.37207057036,
    -12.72732254569));
#3721 = ORIENTED_EDGE('',*,*,#3167,.T.);
#3722 = ( BOUNDED_SURFACE() B_SPLINE_SURFACE(3,2,(
    (#3723,#3724,#3725)
    ,(#3726,#3727,#3728)
    ,(#3729,#3730,#3731)
    ,(#3732,#3733,#3734
)),.UNSPECIFIED.,.F.,.F.,.F.) B_SPLINE_SURFACE_WITH_KNOTS((4,4),(3,3),(
    1.979716286801E-02,3.216910638058E-02),(0.,1.),
.PIECEWISE_BEZIER_KNOTS.) GEOMETRIC_REPRESENTATION_ITEM() 
RATIONAL_B_SPLINE_SURFACE((
    (1.,0.81852964087,1.)
    ,(1.,0.82072482822,1.)
    ,(1.,0.822839613167,1.)
,(1.,0.824882322726,1.))) REPRESENTATION_ITEM('') SURFACE() );
#3723 = CARTESIAN_POINT('',(6.200360953185,-1.942981738116,
    -12.42947205029));
#3724 = CARTESIAN_POINT('',(6.156698298053,-1.944506471631,
    -10.64737284099));
#3725 = CARTESIAN_POINT('',(6.200360953185,-3.620450479999,
    -10.04149199675));
#3726 = CARTESIAN_POINT('',(2.080129838397,-2.086863379128,
    -12.53054364634));
#3727 = CARTESIAN_POINT('',(2.04819529944,-2.087978557798,
    -10.76260931232));
#3728 = CARTESIAN_POINT('',(2.080129832822,-3.746065056938,
    -10.14914976574));
#3729 = CARTESIAN_POINT('',(-2.040132544595,-2.23074611205,
    -12.63038405363));
#3730 = CARTESIAN_POINT('',(-2.072183330346,-2.231865350155,
    -10.87642617913));
#3731 = CARTESIAN_POINT('',(-2.04013254995,-3.872276756959,
    -10.25559773013));
#3732 = CARTESIAN_POINT('',(-6.160421295393,-2.374629765756,
    -12.72907809433));
#3733 = CARTESIAN_POINT('',(-6.202053915104,-2.376083608872,
    -10.98887577092));
#3734 = CARTESIAN_POINT('',(-6.160421295393,-3.999030607422,
    -10.36090341487));
#3735 = ADVANCED_FACE('',(#3736),#3780,.F.);
#3736 = FACE_BOUND('',#3737,.F.);
#3737 = EDGE_LOOP('',(#3738,#3757,#3758,#3779));
#3738 = ORIENTED_EDGE('',*,*,#3739,.F.);
#3739 = EDGE_CURVE('',#3242,#3214,#3740,.T.);
#3740 = B_SPLINE_CURVE_WITH_KNOTS('',3,(#3741,#3742,#3743,#3744,#3745,
    #3746,#3747,#3748,#3749,#3750,#3751,#3752,#3753,#3754,#3755,#3756),
  .UNSPECIFIED.,.F.,.F.,(4,2,2,2,2,2,2,4),(2.602085213965E-17,
    5.730326345399E-04,1.14606526908E-03,2.292130538159E-03,
    2.865163172699E-03,3.438195807239E-03,4.011228441779E-03,
    4.584261076319E-03),.UNSPECIFIED.);
#3741 = CARTESIAN_POINT('',(6.104864472162,-5.099012609466,
    -20.44621045493));
#3742 = CARTESIAN_POINT('',(6.105727331947,-4.911022647907,
    -20.49312370251));
#3743 = CARTESIAN_POINT('',(6.106497636976,-4.721349908921,
    -20.51793968275));
#3744 = CARTESIAN_POINT('',(6.107859818909,-4.338759622792,
    -20.52496268286));
#3745 = CARTESIAN_POINT('',(6.108454280642,-4.14407579958,
    -20.50637023383));
#3746 = CARTESIAN_POINT('',(6.109877346304,-3.582734786357,
    -20.38740312964));
#3747 = CARTESIAN_POINT('',(6.110381234527,-3.224839702766,
    -20.22093453272));
#3748 = CARTESIAN_POINT('',(6.110384039639,-2.772102911826,
    -19.86781458322));
#3749 = CARTESIAN_POINT('',(6.110259415388,-2.632569860975,
    -19.73079864917));
#3750 = CARTESIAN_POINT('',(6.109773688085,-2.391842226143,
    -19.43361870972));
#3751 = CARTESIAN_POINT('',(6.109412818276,-2.288399459387,
    -19.27175044295));
#3752 = CARTESIAN_POINT('',(6.108455016743,-2.118768453852,
    -18.92412402128));
#3753 = CARTESIAN_POINT('',(6.107873801584,-2.055083402891,
    -18.74385114397));
#3754 = CARTESIAN_POINT('',(6.106512995075,-1.968672707929,
    -18.37078392949));
#3755 = CARTESIAN_POINT('',(6.105727596153,-1.946286407763,
    -18.17695098058));
#3756 = CARTESIAN_POINT('',(6.104864472163,-1.946316548717,
    -17.98319457843));
#3757 = ORIENTED_EDGE('',*,*,#3271,.T.);
#3758 = ORIENTED_EDGE('',*,*,#3759,.F.);
#3759 = EDGE_CURVE('',#3206,#3263,#3760,.T.);
#3760 = B_SPLINE_CURVE_WITH_KNOTS('',3,(#3761,#3762,#3763,#3764,#3765,
    #3766,#3767,#3768,#3769,#3770,#3771,#3772,#3773,#3774,#3775,#3776,
    #3777,#3778),.UNSPECIFIED.,.F.,.F.,(4,2,2,2,2,2,2,2,4),(0.,
    5.890685110653E-04,1.178137022131E-03,1.767205533196E-03,
    2.356274044261E-03,2.945342555327E-03,3.534411066392E-03,
    4.123479577457E-03,4.712548088523E-03),.UNSPECIFIED.);
#3761 = CARTESIAN_POINT('',(-6.087135527838,-2.37207057036,
    -17.42970557623));
#3762 = CARTESIAN_POINT('',(-6.086230340079,-2.372038960507,
    -17.62667831471));
#3763 = CARTESIAN_POINT('',(-6.085405557872,-2.395133567814,
    -17.82367923524));
#3764 = CARTESIAN_POINT('',(-6.083972369444,-2.484647980673,
    -18.20341626765));
#3765 = CARTESIAN_POINT('',(-6.083362043387,-2.550494240654,
    -18.38613559737));
#3766 = CARTESIAN_POINT('',(-6.082357050084,-2.724996271284,
    -18.73706183791));
#3767 = CARTESIAN_POINT('',(-6.081974032611,-2.832409270842,
    -18.9017915796));
#3768 = CARTESIAN_POINT('',(-6.081462960697,-3.080405363868,
    -19.20086931631));
#3769 = CARTESIAN_POINT('',(-6.0813316409,-3.223962472878,
    -19.33818044566));
#3770 = CARTESIAN_POINT('',(-6.081333825272,-3.534729866316,
    -19.57305641942));
#3771 = CARTESIAN_POINT('',(-6.081462523771,-3.702087087283,
    -19.67177879376));
#3772 = CARTESIAN_POINT('',(-6.081981702468,-4.061367297155,
    -19.83082520753));
#3773 = CARTESIAN_POINT('',(-6.082366030067,-4.248232519573,
    -19.88865850141));
#3774 = CARTESIAN_POINT('',(-6.083364463597,-4.630268215982,
    -19.96058123724));
#3775 = CARTESIAN_POINT('',(-6.083989812189,-4.828598259833,
    -19.97461551548));
#3776 = CARTESIAN_POINT('',(-6.085421883832,-5.217300259594,
    -19.95716955042));
#3777 = CARTESIAN_POINT('',(-6.086230642369,-5.409309509122,
    -19.92648600842));
#3778 = CARTESIAN_POINT('',(-6.087135527837,-5.598891670903,
    -19.87304162748));
#3779 = ORIENTED_EDGE('',*,*,#3213,.T.);
#3780 = ( BOUNDED_SURFACE() B_SPLINE_SURFACE(3,2,(
    (#3781,#3782,#3783)
    ,(#3784,#3785,#3786)
    ,(#3787,#3788,#3789)
    ,(#3790,#3791,#3792
)),.UNSPECIFIED.,.F.,.F.,.F.) B_SPLINE_SURFACE_WITH_KNOTS((4,4),(3,3),(
    2.912239127223E-02,4.154342169942E-02),(0.,1.),
.PIECEWISE_BEZIER_KNOTS.) GEOMETRIC_REPRESENTATION_ITEM() 
RATIONAL_B_SPLINE_SURFACE((
    (1.,0.604231683483,1.)
    ,(1.,0.608420108864,1.)
    ,(1.,0.612465210351,1.)
,(1.,0.616381835645,1.))) REPRESENTATION_ITEM('') SURFACE() );
#3781 = CARTESIAN_POINT('',(-6.160655160734,-2.374637932514,
    -17.42631462872));
#3782 = CARTESIAN_POINT('',(-6.314808879163,-2.380021098981,
    -20.77229429119));
#3783 = CARTESIAN_POINT('',(-6.160655160734,-5.601916592663,
    -19.86952172408));
#3784 = CARTESIAN_POINT('',(-2.027219879066,-2.230295191834,
    -17.61697969667));
#3785 = CARTESIAN_POINT('',(-2.206485776139,-2.236555294886,
    -20.92544393334));
#3786 = CARTESIAN_POINT('',(-2.027219897268,-5.431845198624,
    -20.06744060307));
#3787 = CARTESIAN_POINT('',(2.106369730607,-2.085947061901,
    -17.80452654805));
#3788 = CARTESIAN_POINT('',(1.932275131083,-2.092026579276,
    -21.07841027093));
#3789 = CARTESIAN_POINT('',(2.106369717525,-5.262382468396,
    -20.26163050604));
#3790 = CARTESIAN_POINT('',(6.240076469429,-1.941594841728,
    -17.98923741661));
#3791 = CARTESIAN_POINT('',(6.095400520032,-1.946647037208,
    -21.2309375247));
#3792 = CARTESIAN_POINT('',(6.240076469429,-5.093487927886,
    -20.45245340526));
#3793 = ADVANCED_FACE('',(#3794),#3828,.F.);
#3794 = FACE_BOUND('',#3795,.F.);
#3795 = EDGE_LOOP('',(#3796,#3811,#3812,#3827));
#3796 = ORIENTED_EDGE('',*,*,#3797,.F.);
#3797 = EDGE_CURVE('',#3145,#3122,#3798,.T.);
#3798 = B_SPLINE_CURVE_WITH_KNOTS('',3,(#3799,#3800,#3801,#3802,#3803,
    #3804,#3805,#3806,#3807,#3808,#3809,#3810),.UNSPECIFIED.,.F.,.F.,(4,
    2,2,2,2,4),(1.323970232273E-17,7.727098128124E-04,1.545419625625E-03
    ,1.931774532031E-03,2.318129438437E-03,3.09083925125E-03),
  .UNSPECIFIED.);
#3799 = CARTESIAN_POINT('',(6.104864472162,-6.886666902103,
    -8.159917057284));
#3800 = CARTESIAN_POINT('',(6.105504154922,-7.086322807203,
    -7.991385659039));
#3801 = CARTESIAN_POINT('',(6.10599015595,-7.306256842114,
    -7.857272503982));
#3802 = CARTESIAN_POINT('',(6.106659030753,-7.786122430381,
    -7.65693432407));
#3803 = CARTESIAN_POINT('',(6.106828233737,-8.038740783126,
    -7.594582052991));
#3804 = CARTESIAN_POINT('',(6.106829721988,-8.42568616833,
    -7.559814985029));
#3805 = CARTESIAN_POINT('',(6.106787178977,-8.557082836191,
    -7.558156136184));
#3806 = CARTESIAN_POINT('',(6.106619806841,-8.81492118546,
    -7.574676315212));
#3807 = CARTESIAN_POINT('',(6.106495334221,-8.942442669142,
    -7.592675264138));
#3808 = CARTESIAN_POINT('',(6.105999723437,-9.320819499469,
    -7.675850699696));
#3809 = CARTESIAN_POINT('',(6.105504075997,-9.566847279078,
    -7.770808827766));
#3810 = CARTESIAN_POINT('',(6.104864472162,-9.793108821734,
    -7.901466781091));
#3811 = ORIENTED_EDGE('',*,*,#3144,.T.);
#3812 = ORIENTED_EDGE('',*,*,#3813,.F.);
#3813 = EDGE_CURVE('',#3114,#3147,#3814,.T.);
#3814 = B_SPLINE_CURVE_WITH_KNOTS('',3,(#3815,#3816,#3817,#3818,#3819,
    #3820,#3821,#3822,#3823,#3824,#3825,#3826),.UNSPECIFIED.,.F.,.F.,(4,
    2,2,2,2,4),(0.,7.662348527962E-04,1.149352279194E-03,
    1.532469705592E-03,2.298704558389E-03,3.064939411185E-03),
  .UNSPECIFIED.);
#3815 = CARTESIAN_POINT('',(-6.087135527838,-9.83614936155,
    -8.417934646348));
#3816 = CARTESIAN_POINT('',(-6.08652200383,-9.613961099786,
    -8.28962945446));
#3817 = CARTESIAN_POINT('',(-6.086046917497,-9.372459604757,
    -8.195687180961));
#3818 = CARTESIAN_POINT('',(-6.085572842693,-9.001753615879,
    -8.112047073097));
#3819 = CARTESIAN_POINT('',(-6.085453575901,-8.876637589488,
    -8.093485799116));
#3820 = CARTESIAN_POINT('',(-6.085293191149,-8.623285735386,
    -8.0751517822));
#3821 = CARTESIAN_POINT('',(-6.085252560565,-8.49419576481,
    -8.075561200665));
#3822 = CARTESIAN_POINT('',(-6.085254027635,-8.114283807527,
    -8.10548951926));
#3823 = CARTESIAN_POINT('',(-6.085416218092,-7.864994801935,
    -8.163386851204));
#3824 = CARTESIAN_POINT('',(-6.086056301765,-7.390943408137,
    -8.352182295811));
#3825 = CARTESIAN_POINT('',(-6.086521934005,-7.172451572947,
    -8.479682758626));
#3826 = CARTESIAN_POINT('',(-6.087135527837,-6.972795296168,
    -8.640824812824));
#3827 = ORIENTED_EDGE('',*,*,#3121,.T.);
#3828 = ( BOUNDED_SURFACE() B_SPLINE_SURFACE(3,2,(
    (#3829,#3830,#3831)
    ,(#3832,#3833,#3834)
    ,(#3835,#3836,#3837)
    ,(#3838,#3839,#3840
)),.UNSPECIFIED.,.F.,.F.,.F.) B_SPLINE_SURFACE_WITH_KNOTS((4,4),(3,3),(
    1.972895862017E-02,3.210090281171E-02),(0.,1.),
.PIECEWISE_BEZIER_KNOTS.) GEOMETRIC_REPRESENTATION_ITEM() 
RATIONAL_B_SPLINE_SURFACE((
    (1.,0.824882322727,1.)
    ,(1.,0.82283961313,1.)
    ,(1.,0.820724828144,1.)
,(1.,0.818529640751,1.))) REPRESENTATION_ITEM('') SURFACE() );
#3829 = CARTESIAN_POINT('',(-6.16042129672,-9.836390113579,
    -8.421028748952));
#3830 = CARTESIAN_POINT('',(-6.20205391643,-8.328603772225,
    -7.55218665232));
#3831 = CARTESIAN_POINT('',(-6.16042129672,-6.973290259735,
    -8.643713804027));
#3832 = CARTESIAN_POINT('',(-2.040132471361,-9.822860393754,
    -8.247074826164));
#3833 = CARTESIAN_POINT('',(-2.072183256753,-8.303328698017,
    -7.371065177415));
#3834 = CARTESIAN_POINT('',(-2.040132476717,-6.945469786331,
    -8.481288904177));
#3835 = CARTESIAN_POINT('',(2.08012998619,-9.808337430885,
    -8.072548517467));
#3836 = CARTESIAN_POINT('',(2.048195447622,-8.276703795626,
    -7.189547123243));
#3837 = CARTESIAN_POINT('',(2.080129980614,-6.916388994431,
    -8.318762380586));
#3838 = CARTESIAN_POINT('',(6.200361175534,-9.792747681285,
    -7.897407559993));
#3839 = CARTESIAN_POINT('',(6.156698520364,-8.248642126532,
    -7.007678412912));
#3840 = CARTESIAN_POINT('',(6.200361175534,-6.885961919445,
    -8.156148078424));
#3841 = ADVANCED_FACE('',(#3842),#3886,.F.);
#3842 = FACE_BOUND('',#3843,.F.);
#3843 = EDGE_LOOP('',(#3844,#3863,#3864,#3885));
#3844 = ORIENTED_EDGE('',*,*,#3845,.F.);
#3845 = EDGE_CURVE('',#3100,#3240,#3846,.T.);
#3846 = B_SPLINE_CURVE_WITH_KNOTS('',3,(#3847,#3848,#3849,#3850,#3851,
    #3852,#3853,#3854,#3855,#3856,#3857,#3858,#3859,#3860,#3861,#3862),
  .UNSPECIFIED.,.F.,.F.,(4,2,2,2,2,2,2,4),(0.,5.730326344335E-04,
    1.146065268867E-03,2.292130537734E-03,2.865163172167E-03,
    3.438195806601E-03,4.011228441034E-03,4.584261075468E-03),
  .UNSPECIFIED.);
#3847 = CARTESIAN_POINT('',(6.104864472162,-14.60074507176,
    -10.67715686421));
#3848 = CARTESIAN_POINT('',(6.105727590787,-14.76855706531,
    -10.7740083603));
#3849 = CARTESIAN_POINT('',(6.106498080026,-14.92222856449,
    -10.88792346452));
#3850 = CARTESIAN_POINT('',(6.107860485395,-15.20230519397,
    -11.1486565276));
#3851 = CARTESIAN_POINT('',(6.108454984709,-15.32942542075,
    -11.29727657579));
#3852 = CARTESIAN_POINT('',(6.109877973697,-15.65055260194,
    -11.77281230847));
#3853 = CARTESIAN_POINT('',(6.11038155306,-15.79234159126,
    -12.14118246392));
#3854 = CARTESIAN_POINT('',(6.110383882864,-15.8726839781,
    -12.70969755364));
#3855 = CARTESIAN_POINT('',(6.110259098098,-15.87786556566,
    -12.90518665515));
#3856 = CARTESIAN_POINT('',(6.109773124378,-15.84457092518,
    -13.28618164018));
#3857 = CARTESIAN_POINT('',(6.10941216623,-15.80652786829,
    -13.47447521661));
#3858 = CARTESIAN_POINT('',(6.108454312241,-15.6870482887,
    -13.84236573049));
#3859 = CARTESIAN_POINT('',(6.107873133714,-15.60762182658,
    -14.01627815882));
#3860 = CARTESIAN_POINT('',(6.106512548794,-15.41060810923,
    -14.34465530529));
#3861 = CARTESIAN_POINT('',(6.105727337307,-15.29205524162,
    -14.49963135725));
#3862 = CARTESIAN_POINT('',(6.104864472163,-15.15743136035,
    -14.63897968147));
#3863 = ORIENTED_EDGE('',*,*,#3099,.T.);
#3864 = ORIENTED_EDGE('',*,*,#3865,.F.);
#3865 = EDGE_CURVE('',#3251,#3102,#3866,.T.);
#3866 = B_SPLINE_CURVE_WITH_KNOTS('',3,(#3867,#3868,#3869,#3870,#3871,
    #3872,#3873,#3874,#3875,#3876,#3877,#3878,#3879,#3880,#3881,#3882,
    #3883,#3884),.UNSPECIFIED.,.F.,.F.,(4,2,2,2,2,2,2,2,4),(
    2.625135354929E-17,5.890685094931E-04,1.178137018986E-03,
    1.767205528479E-03,2.356274037972E-03,2.945342547465E-03,
    3.534411056958E-03,4.123479566451E-03,4.712548075945E-03),
  .UNSPECIFIED.);
#3867 = CARTESIAN_POINT('',(-6.087135527838,-14.41111306441,
    -14.78530323378));
#3868 = CARTESIAN_POINT('',(-6.086230635797,-14.55218936131,
    -14.64784145786));
#3869 = CARTESIAN_POINT('',(-6.085406068923,-14.6771440263,
    -14.4937990752));
#3870 = CARTESIAN_POINT('',(-6.083973136057,-14.8865977552,
    -14.16464534135));
#3871 = CARTESIAN_POINT('',(-6.083362852285,-14.97148512838,
    -13.98995642635));
#3872 = CARTESIAN_POINT('',(-6.082357799926,-15.10098692208,
    -13.62005175794));
#3873 = CARTESIAN_POINT('',(-6.081974680725,-15.14397874868,
    -13.42815296744));
#3874 = CARTESIAN_POINT('',(-6.081463325699,-15.18505344045,
    -13.04180800917));
#3875 = CARTESIAN_POINT('',(-6.081331821341,-15.18318241542,
    -12.84316388563));
#3876 = CARTESIAN_POINT('',(-6.081333640593,-15.13446802511,
    -12.45667972408));
#3877 = CARTESIAN_POINT('',(-6.081462158326,-15.088351019,
    -12.26792652881));
#3878 = CARTESIAN_POINT('',(-6.081981051377,-14.95147294815,
    -11.89962987214));
#3879 = CARTESIAN_POINT('',(-6.082365279268,-14.8624584915,
    -11.72544684585));
#3880 = CARTESIAN_POINT('',(-6.083363655114,-14.64730716829,
    -11.40166596575));
#3881 = CARTESIAN_POINT('',(-6.083989047569,-14.51892545882,
    -11.24984401531));
#3882 = CARTESIAN_POINT('',(-6.085421376611,-14.23512325942,
    -10.98366753869));
#3883 = CARTESIAN_POINT('',(-6.086230346658,-14.07913048474,
    -10.86758444034));
#3884 = CARTESIAN_POINT('',(-6.087135527837,-13.90853252432,
    -10.76912616162));
#3885 = ORIENTED_EDGE('',*,*,#3250,.T.);
#3886 = ( BOUNDED_SURFACE() B_SPLINE_SURFACE(3,2,(
    (#3887,#3888,#3889)
    ,(#3890,#3891,#3892)
    ,(#3893,#3894,#3895)
    ,(#3896,#3897,#3898
)),.UNSPECIFIED.,.F.,.F.,.F.) B_SPLINE_SURFACE_WITH_KNOTS((4,4),(3,3),(
    2.928490207541E-02,4.170594225001E-02),(0.,1.),
.PIECEWISE_BEZIER_KNOTS.) GEOMETRIC_REPRESENTATION_ITEM() 
RATIONAL_B_SPLINE_SURFACE((
    (1.,0.616381835717,1.)
    ,(1.,0.612465210401,1.)
    ,(1.,0.60842010889,1.)
,(1.,0.604231683483,1.))) REPRESENTATION_ITEM('') SURFACE() );
#3887 = CARTESIAN_POINT('',(6.240076545811,-14.60833918092,
    -10.67608916449));
#3888 = CARTESIAN_POINT('',(6.095400596469,-17.41320772771,
    -12.30131454786));
#3889 = CARTESIAN_POINT('',(6.240076545811,-15.16560025934,
    -14.6373166411));
#3890 = CARTESIAN_POINT('',(2.106369781375,-14.37619876489,
    -10.70874642019));
#3891 = CARTESIAN_POINT('',(1.932275181573,-17.20842547892,
    -12.35095329795));
#3892 = CARTESIAN_POINT('',(2.106369768294,-14.91589550923,
    -14.68817215448));
#3893 = CARTESIAN_POINT('',(-2.02721985391,-14.1416043608,
    -10.73998214222));
#3894 = CARTESIAN_POINT('',(-2.206485751314,-17.00368838552,
    -12.39963566873));
#3895 = CARTESIAN_POINT('',(-2.027219872112,-14.66299075343,
    -14.73783623268));
#3896 = CARTESIAN_POINT('',(-6.16065516119,-13.90431219653,
    -10.76965408871));
#3897 = CARTESIAN_POINT('',(-6.314808879619,-16.79932400154,
    -12.44730587886));
#3898 = CARTESIAN_POINT('',(-6.16065516119,-14.40655227774,
    -14.78616294117));
#3899 = ADVANCED_FACE('',(#3900),#3934,.F.);
#3900 = FACE_BOUND('',#3901,.F.);
#3901 = EDGE_LOOP('',(#3902,#3917,#3918,#3933));
#3902 = ORIENTED_EDGE('',*,*,#3903,.F.);
#3903 = EDGE_CURVE('',#3385,#3358,#3904,.T.);
#3904 = B_SPLINE_CURVE_WITH_KNOTS('',3,(#3905,#3906,#3907,#3908,#3909,
    #3910,#3911,#3912,#3913,#3914,#3915,#3916),.UNSPECIFIED.,.F.,.F.,(4,
    2,2,2,2,4),(1.939479807224E-18,7.727098134047E-04,1.545419626809E-03
    ,1.931774533512E-03,2.318129440214E-03,3.090839253619E-03),
  .UNSPECIFIED.);
#3905 = CARTESIAN_POINT('',(6.104864472162,9.793108821734,
    -7.901466781091));
#3906 = CARTESIAN_POINT('',(6.105504073778,9.566848064008,
    -7.770809281035));
#3907 = CARTESIAN_POINT('',(6.105990049459,9.326700494886,
    -7.677608083455));
#3908 = CARTESIAN_POINT('',(6.106658942618,8.819014372953,
    -7.565086216953));
#3909 = CARTESIAN_POINT('',(6.106828189078,8.559357622653,
    -7.548287112446));
#3910 = CARTESIAN_POINT('',(6.106829743719,8.172348957339,
    -7.582342552773));
#3911 = CARTESIAN_POINT('',(6.106787223085,8.042721278218,
    -7.603894836798));
#3912 = CARTESIAN_POINT('',(6.106619886177,7.791843578175,
    -7.665651700516));
#3913 = CARTESIAN_POINT('',(6.106495426627,7.669498922608,
    -7.705869559239));
#3914 = CARTESIAN_POINT('',(6.10599983009,7.311735469561,-7.854504985138
    ));
#3915 = CARTESIAN_POINT('',(6.105504157142,7.086323499999,
    -7.991385074243));
#3916 = CARTESIAN_POINT('',(6.104864472162,6.886666902103,
    -8.159917057284));
#3917 = ORIENTED_EDGE('',*,*,#3384,.T.);
#3918 = ORIENTED_EDGE('',*,*,#3919,.F.);
#3919 = EDGE_CURVE('',#3349,#3387,#3920,.T.);
#3920 = B_SPLINE_CURVE_WITH_KNOTS('',3,(#3921,#3922,#3923,#3924,#3925,
    #3926,#3927,#3928,#3929,#3930,#3931,#3932),.UNSPECIFIED.,.F.,.F.,(4,
    2,2,2,2,4),(2.168404344971E-19,7.662348534835E-04,1.149352280225E-03
    ,1.532469706967E-03,2.29870456045E-03,3.064939413934E-03),
  .UNSPECIFIED.);
#3921 = CARTESIAN_POINT('',(-6.087135527838,6.972795296168,
    -8.640824812824));
#3922 = CARTESIAN_POINT('',(-6.086521931882,7.172452263549,
    -8.479682201244));
#3923 = CARTESIAN_POINT('',(-6.08604682314,7.396507378123,
    -8.349499910826));
#3924 = CARTESIAN_POINT('',(-6.08557276099,7.74980483605,-8.209501683967
    ));
#3925 = CARTESIAN_POINT('',(-6.08545350576,7.87054143009,-8.171802668487
    ));
#3926 = CARTESIAN_POINT('',(-6.085293152193,8.118004307846,
    -8.114484065428));
#3927 = CARTESIAN_POINT('',(-6.085252541395,8.245602634382,
    -8.094912268956));
#3928 = CARTESIAN_POINT('',(-6.085254067062,8.625569540212,
    -8.065689846951));
#3929 = CARTESIAN_POINT('',(-6.085416296002,8.88081508132,
    -8.084313034337));
#3930 = CARTESIAN_POINT('',(-6.086056395982,9.378371642042,
    -8.197476246409));
#3931 = CARTESIAN_POINT('',(-6.086522005952,9.613961868144,
    -8.289629898158));
#3932 = CARTESIAN_POINT('',(-6.087135527837,9.83614936155,
    -8.417934646348));
#3933 = ORIENTED_EDGE('',*,*,#3357,.T.);
#3934 = ( BOUNDED_SURFACE() B_SPLINE_SURFACE(3,2,(
    (#3935,#3936,#3937)
    ,(#3938,#3939,#3940)
    ,(#3941,#3942,#3943)
    ,(#3944,#3945,#3946
)),.UNSPECIFIED.,.F.,.F.,.F.) B_SPLINE_SURFACE_WITH_KNOTS((4,4),(3,3),(
    1.979716286801E-02,3.216910638058E-02),(0.,1.),
.PIECEWISE_BEZIER_KNOTS.) GEOMETRIC_REPRESENTATION_ITEM() 
RATIONAL_B_SPLINE_SURFACE((
    (1.,0.81852964087,1.)
    ,(1.,0.82072482822,1.)
    ,(1.,0.822839613167,1.)
,(1.,0.824882322726,1.))) REPRESENTATION_ITEM('') SURFACE() );
#3935 = CARTESIAN_POINT('',(6.200360953185,9.792747682126,
    -7.897407569445));
#3936 = CARTESIAN_POINT('',(6.156698298053,8.24864212805,-7.007678422753
    ));
#3937 = CARTESIAN_POINT('',(6.200360953185,6.885961921087,-8.1561480872)
  );
#3938 = CARTESIAN_POINT('',(2.080129838397,9.808337431395,
    -8.072548523722));
#3939 = CARTESIAN_POINT('',(2.04819529944,8.276703796569,-7.189547129769
    ));
#3940 = CARTESIAN_POINT('',(2.080129832822,6.916388995476,
    -8.318762386414));
#3941 = CARTESIAN_POINT('',(-2.040132544595,9.822860393973,
    -8.247074829244));
#3942 = CARTESIAN_POINT('',(-2.072183330347,8.303328698446,
    -7.371065180609));
#3943 = CARTESIAN_POINT('',(-2.04013254995,6.945469786816,
    -8.481288907072));
#3944 = CARTESIAN_POINT('',(-6.160421295393,9.836390113574,
    -8.421028748896));
#3945 = CARTESIAN_POINT('',(-6.202053915104,8.328603772217,
    -7.552186652262));
#3946 = CARTESIAN_POINT('',(-6.160421295393,6.973290259726,
    -8.643713803975));
#3947 = ADVANCED_FACE('',(#3948),#3992,.F.);
#3948 = FACE_BOUND('',#3949,.F.);
#3949 = EDGE_LOOP('',(#3950,#3969,#3970,#3991));
#3950 = ORIENTED_EDGE('',*,*,#3951,.F.);
#3951 = EDGE_CURVE('',#3432,#3404,#3952,.T.);
#3952 = B_SPLINE_CURVE_WITH_KNOTS('',3,(#3953,#3954,#3955,#3956,#3957,
    #3958,#3959,#3960,#3961,#3962,#3963,#3964,#3965,#3966,#3967,#3968),
  .UNSPECIFIED.,.F.,.F.,(4,2,2,2,2,2,2,4),(2.56275672605E-17,
    5.730326345399E-04,1.14606526908E-03,2.292130538159E-03,
    2.865163172699E-03,3.438195807239E-03,4.011228441779E-03,
    4.584261076319E-03),.UNSPECIFIED.);
#3953 = CARTESIAN_POINT('',(6.104864472162,15.157431360359,
    -14.63897968148));
#3954 = CARTESIAN_POINT('',(6.105727331947,15.292054405322,
    -14.4996322229));
#3955 = CARTESIAN_POINT('',(6.106497636976,15.408382044126,
    -14.34777880266));
#3956 = CARTESIAN_POINT('',(6.107859818909,15.60575928369,
    -14.01995739568));
#3957 = CARTESIAN_POINT('',(6.108454280642,15.686999662123,
    -13.84206003456));
#3958 = CARTESIAN_POINT('',(6.109877346304,15.864641634288,
    -13.29644090483));
#3959 = CARTESIAN_POINT('',(6.110381234527,15.899423142221,
    -12.90326037209));
#3960 = CARTESIAN_POINT('',(6.110384039639,15.819980690841,
    -12.33461883516));
#3961 = CARTESIAN_POINT('',(6.110259415388,15.771087936652,
    -12.14527170142));
#3962 = CARTESIAN_POINT('',(6.109773688085,15.63408637701,
    -11.78820548454));
#3963 = CARTESIAN_POINT('',(6.109412818276,15.5456257293,-11.61768728731
    ));
#3964 = CARTESIAN_POINT('',(6.108455016743,15.329387919872,
    -11.29696931641));
#3965 = CARTESIAN_POINT('',(6.107873801584,15.205109553991,
    -11.15168000578));
#3966 = CARTESIAN_POINT('',(6.106512995075,14.925229216413,
    -10.89031254155));
#3967 = CARTESIAN_POINT('',(6.105727596153,14.768558108653,
    -10.77400896245));
#3968 = CARTESIAN_POINT('',(6.104864472163,14.600745071763,
    -10.67715686421));
#3969 = ORIENTED_EDGE('',*,*,#3461,.T.);
#3970 = ORIENTED_EDGE('',*,*,#3971,.F.);
#3971 = EDGE_CURVE('',#3396,#3453,#3972,.T.);
#3972 = B_SPLINE_CURVE_WITH_KNOTS('',3,(#3973,#3974,#3975,#3976,#3977,
    #3978,#3979,#3980,#3981,#3982,#3983,#3984,#3985,#3986,#3987,#3988,
    #3989,#3990),.UNSPECIFIED.,.F.,.F.,(4,2,2,2,2,2,2,2,4),(
    3.576224061345E-18,5.890685110653E-04,1.178137022131E-03,
    1.767205533196E-03,2.356274044261E-03,2.945342555327E-03,
    3.534411066392E-03,4.123479577457E-03,4.712548088523E-03),
  .UNSPECIFIED.);
#3973 = CARTESIAN_POINT('',(-6.087135527838,13.908532524326,
    -10.76912616162));
#3974 = CARTESIAN_POINT('',(-6.086230340079,14.079131724627,
    -10.86758515592));
#3975 = CARTESIAN_POINT('',(-6.085405557872,14.238192222722,
    -10.9860861328));
#3976 = CARTESIAN_POINT('',(-6.083972369444,14.522296933113,
    -11.25347640455));
#3977 = CARTESIAN_POINT('',(-6.083362043387,14.647613384421,
    -11.40186060329));
#3978 = CARTESIAN_POINT('',(-6.082357050084,14.86427340827,
    -11.7284469151));
#3979 = CARTESIAN_POINT('',(-6.081974032611,14.953227049554,
    -11.90383417226));
#3980 = CARTESIAN_POINT('',(-6.081462960697,15.088237920743,
    -12.26814395722));
#3981 = CARTESIAN_POINT('',(-6.0813316409,15.135374292477,
    -12.46112362519));
#3982 = CARTESIAN_POINT('',(-6.081333825272,15.183399155766,
    -12.84769406945));
#3983 = CARTESIAN_POINT('',(-6.081462523771,15.185216629384,
    -13.04199086149));
#3984 = CARTESIAN_POINT('',(-6.081981702468,15.143314759152,
    -13.4326598572));
#3985 = CARTESIAN_POINT('',(-6.082366030067,15.099967249634,
    -13.62340653384));
#3986 = CARTESIAN_POINT('',(-6.083364463597,14.971236317764,
    -13.99022051999));
#3987 = CARTESIAN_POINT('',(-6.083989812189,14.884225337319,
    -14.16899651542));
#3988 = CARTESIAN_POINT('',(-6.085421883832,14.674765688504,
    -14.49689933919));
#3989 = CARTESIAN_POINT('',(-6.086230642369,14.552188336888,
    -14.64784245604));
#3990 = CARTESIAN_POINT('',(-6.087135527837,14.411113064417,
    -14.78530323378));
#3991 = ORIENTED_EDGE('',*,*,#3403,.T.);
#3992 = ( BOUNDED_SURFACE() B_SPLINE_SURFACE(3,2,(
    (#3993,#3994,#3995)
    ,(#3996,#3997,#3998)
    ,(#3999,#4000,#4001)
    ,(#4002,#4003,#4004
)),.UNSPECIFIED.,.F.,.F.,.F.) B_SPLINE_SURFACE_WITH_KNOTS((4,4),(3,3),(
    2.912239127223E-02,4.154342169942E-02),(0.,1.),
.PIECEWISE_BEZIER_KNOTS.) GEOMETRIC_REPRESENTATION_ITEM() 
RATIONAL_B_SPLINE_SURFACE((
    (1.,0.604231683483,1.)
    ,(1.,0.608420108864,1.)
    ,(1.,0.612465210351,1.)
,(1.,0.616381835645,1.))) REPRESENTATION_ITEM('') SURFACE() );
#3993 = CARTESIAN_POINT('',(-6.160655160734,13.904312196557,
    -10.7696540887));
#3994 = CARTESIAN_POINT('',(-6.314808879163,16.799324001566,
    -12.44730587885));
#3995 = CARTESIAN_POINT('',(-6.160655160734,14.406552277771,
    -14.78616294116));
#3996 = CARTESIAN_POINT('',(-2.027219879064,14.141604359333,
    -10.73998214238));
#3997 = CARTESIAN_POINT('',(-2.206485776136,17.003688384231,
    -12.39963566897));
#3998 = CARTESIAN_POINT('',(-2.027219897268,14.662990751892,
    -14.73783623296));
#3999 = CARTESIAN_POINT('',(2.106369730606,14.376198762033,
    -10.70874642059));
#4000 = CARTESIAN_POINT('',(1.932275131083,17.208425476379,
    -12.35095329852));
#4001 = CARTESIAN_POINT('',(2.106369717526,14.915895506118,
    -14.6881721551));
#4002 = CARTESIAN_POINT('',(6.240076469429,14.608339176633,
    -10.6760891651));
#4003 = CARTESIAN_POINT('',(6.095400520032,17.413207723949,
    -12.30131454877));
#4004 = CARTESIAN_POINT('',(6.240076469429,15.16560025473,
    -14.63731664204));
#4005 = ADVANCED_FACE('',(#4006),#4040,.F.);
#4006 = FACE_BOUND('',#4007,.F.);
#4007 = EDGE_LOOP('',(#4008,#4023,#4024,#4039));
#4008 = ORIENTED_EDGE('',*,*,#4009,.F.);
#4009 = EDGE_CURVE('',#3335,#3312,#4010,.T.);
#4010 = B_SPLINE_CURVE_WITH_KNOTS('',3,(#4011,#4012,#4013,#4014,#4015,
    #4016,#4017,#4018,#4019,#4020,#4021,#4022),.UNSPECIFIED.,.F.,.F.,(4,
    2,2,2,2,4),(1.301042606983E-17,7.727098128125E-04,1.545419625625E-03
    ,1.931774532031E-03,2.318129438437E-03,3.09083925125E-03),
  .UNSPECIFIED.);
#4011 = CARTESIAN_POINT('',(6.104864472162,3.62336201333,-10.04398701326
    ));
#4012 = CARTESIAN_POINT('',(6.105504154922,3.377581588565,
    -10.13262839997));
#4013 = CARTESIAN_POINT('',(6.10599015595,3.151469171848,-10.25604028383
    ));
#4014 = CARTESIAN_POINT('',(6.106659030753,2.738038424563,
    -10.57144698372));
#4015 = CARTESIAN_POINT('',(6.106828233737,2.557730597453,
    -10.75904475912));
#4016 = CARTESIAN_POINT('',(6.106829721988,2.33414874078,-11.0767657586)
  );
#4017 = CARTESIAN_POINT('',(6.106787178977,2.267013801609,
    -11.18972918652));
#4018 = CARTESIAN_POINT('',(6.106619806841,2.152401521688,
    -11.42128383657));
#4019 = CARTESIAN_POINT('',(6.106495334221,2.104228326858,
    -11.54072015543));
#4020 = CARTESIAN_POINT('',(6.105999723437,1.987071951858,
    -11.90999182047));
#4021 = CARTESIAN_POINT('',(6.105504075995,1.946294213258,
    -12.17053719169));
#4022 = CARTESIAN_POINT('',(6.104864472162,1.946316548717,
    -12.43181441219));
#4023 = ORIENTED_EDGE('',*,*,#3334,.T.);
#4024 = ORIENTED_EDGE('',*,*,#4025,.F.);
#4025 = EDGE_CURVE('',#3304,#3337,#4026,.T.);
#4026 = B_SPLINE_CURVE_WITH_KNOTS('',3,(#4027,#4028,#4029,#4030,#4031,
    #4032,#4033,#4034,#4035,#4036,#4037,#4038),.UNSPECIFIED.,.F.,.F.,(4,
    2,2,2,2,4),(0.,7.662348527962E-04,1.149352279194E-03,
    1.532469705592E-03,2.298704558389E-03,3.064939411185E-03),
  .UNSPECIFIED.);
#4027 = CARTESIAN_POINT('',(-6.087135527838,2.37207057036,
    -12.72732254569));
#4028 = CARTESIAN_POINT('',(-6.08652200383,2.372049145629,
    -12.47074927064));
#4029 = CARTESIAN_POINT('',(-6.086046917497,2.411443497804,
    -12.21463170414));
#4030 = CARTESIAN_POINT('',(-6.085572842693,2.524362034057,
    -11.8517708465));
#4031 = CARTESIAN_POINT('',(-6.085453575901,2.570845512459,
    -11.73413655224));
#4032 = CARTESIAN_POINT('',(-6.085293191149,2.681643715107,
    -11.50556040203));
#4033 = CARTESIAN_POINT('',(-6.085252560565,2.746543267187,
    -11.39396991737));
#4034 = CARTESIAN_POINT('',(-6.085254027635,2.962417930024,
    -11.07992067046));
#4035 = CARTESIAN_POINT('',(-6.085416218092,3.137202993095,
    -10.89297872471));
#4036 = CARTESIAN_POINT('',(-6.086056301765,3.537730341143,
    -10.57683589728));
#4037 = CARTESIAN_POINT('',(-6.086521934005,3.75739489853,
    -10.45136664889));
#4038 = CARTESIAN_POINT('',(-6.087135527837,3.996776149472,
    -10.35903026828));
#4039 = ORIENTED_EDGE('',*,*,#3311,.T.);
#4040 = ( BOUNDED_SURFACE() B_SPLINE_SURFACE(3,2,(
    (#4041,#4042,#4043)
    ,(#4044,#4045,#4046)
    ,(#4047,#4048,#4049)
    ,(#4050,#4051,#4052
)),.UNSPECIFIED.,.F.,.F.,.F.) B_SPLINE_SURFACE_WITH_KNOTS((4,4),(3,3),(
    1.972895862017E-02,3.210090281171E-02),(0.,1.),
.PIECEWISE_BEZIER_KNOTS.) GEOMETRIC_REPRESENTATION_ITEM() 
RATIONAL_B_SPLINE_SURFACE((
    (1.,0.824882322727,1.)
    ,(1.,0.82283961313,1.)
    ,(1.,0.820724828144,1.)
,(1.,0.818529640751,1.))) REPRESENTATION_ITEM('') SURFACE() );
#4041 = CARTESIAN_POINT('',(-6.16042129672,2.374629765802,
    -12.72907809436));
#4042 = CARTESIAN_POINT('',(-6.20205391643,2.376083608918,
    -10.98887577096));
#4043 = CARTESIAN_POINT('',(-6.16042129672,3.999030607462,-10.3609034149
    ));
#4044 = CARTESIAN_POINT('',(-2.040132471361,2.230746109492,
    -12.63038405188));
#4045 = CARTESIAN_POINT('',(-2.072183256753,2.231865347586,
    -10.87642617714));
#4046 = CARTESIAN_POINT('',(-2.040132476717,3.872276754694,
    -10.25559772826));
#4047 = CARTESIAN_POINT('',(2.080129986189,2.086863373967,
    -12.53054364275));
#4048 = CARTESIAN_POINT('',(2.048195447622,2.08797855262,-10.76260930821
    ));
#4049 = CARTESIAN_POINT('',(2.080129980614,3.746065052424,
    -10.14914976192));
#4050 = CARTESIAN_POINT('',(6.200361175534,1.942981730351,
    -12.42947204484));
#4051 = CARTESIAN_POINT('',(6.156698520364,1.944506463867,
    -10.64737283475));
#4052 = CARTESIAN_POINT('',(6.200361175534,3.62045047322,-10.04149199094
    ));
#4053 = ADVANCED_FACE('',(#4054),#4098,.F.);
#4054 = FACE_BOUND('',#4055,.F.);
#4055 = EDGE_LOOP('',(#4056,#4075,#4076,#4097));
#4056 = ORIENTED_EDGE('',*,*,#4057,.F.);
#4057 = EDGE_CURVE('',#3290,#3430,#4058,.T.);
#4058 = B_SPLINE_CURVE_WITH_KNOTS('',3,(#4059,#4060,#4061,#4062,#4063,
    #4064,#4065,#4066,#4067,#4068,#4069,#4070,#4071,#4072,#4073,#4074),
  .UNSPECIFIED.,.F.,.F.,(4,2,2,2,2,2,2,4),(8.673617379884E-19,
    5.730326344335E-04,1.146065268867E-03,2.292130537734E-03,
    2.865163172167E-03,3.438195806601E-03,4.011228441034E-03,
    4.584261075468E-03),.UNSPECIFIED.);
#4059 = CARTESIAN_POINT('',(6.104864472162,1.946316548716,
    -17.98319457843));
#4060 = CARTESIAN_POINT('',(6.105727590787,1.94628640795,-18.17694977595
    ));
#4061 = CARTESIAN_POINT('',(6.106498080026,1.968104032496,
    -18.36699075019));
#4062 = CARTESIAN_POINT('',(6.107860485395,2.053867173987,
    -18.73991075786));
#4063 = CARTESIAN_POINT('',(6.108454984709,2.119015797843,
    -18.92431012769));
#4064 = CARTESIAN_POINT('',(6.109877973697,2.370278232154,
    -19.44018229078));
#4065 = CARTESIAN_POINT('',(6.11038155306,2.61840165011,-19.74716023523)
  );
#4066 = CARTESIAN_POINT('',(6.110383882864,3.070578966827,-20.1009963281
    ));
#4067 = CARTESIAN_POINT('',(6.110259098098,3.237286701106,
    -20.20322826531));
#4068 = CARTESIAN_POINT('',(6.109773124378,3.583885357104,
    -20.36489175336));
#4069 = CARTESIAN_POINT('',(6.10941216623,3.765973906109,-20.42609228787
    ));
#4070 = CARTESIAN_POINT('',(6.108454312241,4.144316226726,
    -20.50656519366));
#4071 = CARTESIAN_POINT('',(6.107873133714,4.334642038758,
    -20.52473607389));
#4072 = CARTESIAN_POINT('',(6.106512548794,4.717531848295,
    -20.51830576301));
#4073 = CARTESIAN_POINT('',(6.105727337307,4.911021480074,
    -20.49312399395));
#4074 = CARTESIAN_POINT('',(6.104864472163,5.099012609466,
    -20.44621045493));
#4075 = ORIENTED_EDGE('',*,*,#3289,.T.);
#4076 = ORIENTED_EDGE('',*,*,#4077,.F.);
#4077 = EDGE_CURVE('',#3441,#3292,#4078,.T.);
#4078 = B_SPLINE_CURVE_WITH_KNOTS('',3,(#4079,#4080,#4081,#4082,#4083,
    #4084,#4085,#4086,#4087,#4088,#4089,#4090,#4091,#4092,#4093,#4094,
    #4095,#4096),.UNSPECIFIED.,.F.,.F.,(4,2,2,2,2,2,2,2,4),(
    2.609325742294E-17,5.890685094931E-04,1.178137018986E-03,
    1.767205528479E-03,2.356274037972E-03,2.945342547465E-03,
    3.534411056958E-03,4.123479566451E-03,4.712548075945E-03),
  .UNSPECIFIED.);
#4079 = CARTESIAN_POINT('',(-6.087135527838,5.598891670903,
    -19.87304162748));
#4080 = CARTESIAN_POINT('',(-6.086230635797,5.409308132456,
    -19.92648639651));
#4081 = CARTESIAN_POINT('',(-6.085406068923,5.213426183325,
    -19.95767911938));
#4082 = CARTESIAN_POINT('',(-6.083973136057,4.823643823606,
    -19.9744945026));
#4083 = CARTESIAN_POINT('',(-6.083362852285,4.629915098864,
    -19.96066466673));
#4084 = CARTESIAN_POINT('',(-6.082357799926,4.244817362194,
    -19.88786417571));
#4085 = CARTESIAN_POINT('',(-6.081974680725,4.057132221373,
    -19.82914679445));
#4086 = CARTESIAN_POINT('',(-6.081463325699,3.702010326999,
    -19.67154604184));
#4087 = CARTESIAN_POINT('',(-6.081331821341,3.530914982212,
    -19.57060362486));
#4088 = CARTESIAN_POINT('',(-6.081333640593,3.220567075305,
    -19.33517364455));
#4089 = CARTESIAN_POINT('',(-6.081462158326,3.08016051621,
    -19.20085854808));
#4090 = CARTESIAN_POINT('',(-6.081981051377,2.829645290833,
    -18.89817033316));
#4091 = CARTESIAN_POINT('',(-6.082365279268,2.723305593482,
    -18.73399003926));
#4092 = CARTESIAN_POINT('',(-6.083363655114,2.55047878766,
    -18.38577308765));
#4093 = CARTESIAN_POINT('',(-6.083989047569,2.483187976468,
    -18.19868029065));
#4094 = CARTESIAN_POINT('',(-6.085421376611,2.394573485518,
    -17.81981213801));
#4095 = CARTESIAN_POINT('',(-6.086230346658,2.372038960737,
    -17.62667688315));
#4096 = CARTESIAN_POINT('',(-6.087135527837,2.37207057036,
    -17.42970557623));
#4097 = ORIENTED_EDGE('',*,*,#3440,.T.);
#4098 = ( BOUNDED_SURFACE() B_SPLINE_SURFACE(3,2,(
    (#4099,#4100,#4101)
    ,(#4102,#4103,#4104)
    ,(#4105,#4106,#4107)
    ,(#4108,#4109,#4110
)),.UNSPECIFIED.,.F.,.F.,.F.) B_SPLINE_SURFACE_WITH_KNOTS((4,4),(3,3),(
    2.928490207541E-02,4.170594225001E-02),(0.,1.),
.PIECEWISE_BEZIER_KNOTS.) GEOMETRIC_REPRESENTATION_ITEM() 
RATIONAL_B_SPLINE_SURFACE((
    (1.,0.616381835717,1.)
    ,(1.,0.612465210401,1.)
    ,(1.,0.60842010889,1.)
,(1.,0.604231683483,1.))) REPRESENTATION_ITEM('') SURFACE() );
#4099 = CARTESIAN_POINT('',(6.240076545811,1.94159483906,-17.98923742002
    ));
#4100 = CARTESIAN_POINT('',(6.095400596469,1.946647034538,-21.2309375275
    ));
#4101 = CARTESIAN_POINT('',(6.240076545811,5.093487924765,
    -20.45245340878));
#4102 = CARTESIAN_POINT('',(2.106369781374,2.085947060127,
    -17.80452655037));
#4103 = CARTESIAN_POINT('',(1.932275181573,2.092026577509,
    -21.07841027284));
#4104 = CARTESIAN_POINT('',(2.106369768294,5.262382466323,
    -20.26163050843));
#4105 = CARTESIAN_POINT('',(-2.027219853909,2.230295190955,
    -17.6169796978));
#4106 = CARTESIAN_POINT('',(-2.206485751311,2.23655529406,
    -20.92544393419));
#4107 = CARTESIAN_POINT('',(-2.027219872112,5.431845197599,
    -20.06744060428));
#4108 = CARTESIAN_POINT('',(-6.16065516119,2.374637932529,-17.4263146287
    ));
#4109 = CARTESIAN_POINT('',(-6.314808879619,2.380021098997,
    -20.77229429117));
#4110 = CARTESIAN_POINT('',(-6.16065516119,5.601916592681,
    -19.86952172406));
#4111 = ADVANCED_FACE('',(#4112),#4146,.F.);
#4112 = FACE_BOUND('',#4113,.F.);
#4113 = EDGE_LOOP('',(#4114,#4129,#4130,#4145));
#4114 = ORIENTED_EDGE('',*,*,#4115,.F.);
#4115 = EDGE_CURVE('',#3005,#2978,#4116,.T.);
#4116 = B_SPLINE_CURVE_WITH_KNOTS('',3,(#4117,#4118,#4119,#4120,#4121,
    #4122,#4123,#4124,#4125,#4126,#4127,#4128),.UNSPECIFIED.,.F.,.F.,(4,
    2,2,2,2,4),(0.,7.727098134047E-04,1.545419626809E-03,
    1.931774533512E-03,2.318129440214E-03,3.090839253619E-03),
  .UNSPECIFIED.);
#4117 = CARTESIAN_POINT('',(6.104864472162,11.73942537045,4.530347631101
    ));
#4118 = CARTESIAN_POINT('',(6.105504073778,11.513142277344,
    4.399728817059));
#4119 = CARTESIAN_POINT('',(6.105990049459,11.312353888016,
    4.238355520333));
#4120 = CARTESIAN_POINT('',(6.106658942618,10.961064032177,
    3.854947374841));
#4121 = CARTESIAN_POINT('',(6.106828189078,10.816687205763,
    3.638477585071));
#4122 = CARTESIAN_POINT('',(6.106829743719,10.652675749567,3.28629052926
    ));
#4123 = CARTESIAN_POINT('',(6.106787223085,10.606526735482,
    3.163253524095));
#4124 = CARTESIAN_POINT('',(6.106619886177,10.534570898298,
    2.915108630756));
#4125 = CARTESIAN_POINT('',(6.106495426627,10.508228257854,
    2.789046121656));
#4126 = CARTESIAN_POINT('',(6.10599983009,10.458068586062,2.404896169822
    ));
#4127 = CARTESIAN_POINT('',(6.105504157142,10.463904235718,
    2.141243633312));
#4128 = CARTESIAN_POINT('',(6.104864472162,10.510028915433,1.88406995598
    ));
#4129 = ORIENTED_EDGE('',*,*,#3004,.T.);
#4130 = ORIENTED_EDGE('',*,*,#4131,.F.);
#4131 = EDGE_CURVE('',#2969,#3007,#4132,.T.);
#4132 = B_SPLINE_CURVE_WITH_KNOTS('',3,(#4133,#4134,#4135,#4136,#4137,
    #4138,#4139,#4140,#4141,#4142,#4143,#4144),.UNSPECIFIED.,.F.,.F.,(4,
    2,2,2,2,4),(0.,7.662348534835E-04,1.149352280225E-03,
    1.532469706967E-03,2.29870456045E-03,3.064939413934E-03),
  .UNSPECIFIED.);
#4133 = CARTESIAN_POINT('',(-6.087135527838,10.969571445641,
    1.718205455458));
#4134 = CARTESIAN_POINT('',(-6.086521931882,10.92984633407,
    1.971684767043));
#4135 = CARTESIAN_POINT('',(-6.08604682314,10.929132720732,2.23081333332
    ));
#4136 = CARTESIAN_POINT('',(-6.08557276099,10.984539428752,
    2.606777020407));
#4137 = CARTESIAN_POINT('',(-6.08545350576,11.012259420668,
    2.730187485752));
#4138 = CARTESIAN_POINT('',(-6.085293152193,11.086351493188,
    2.973155925912));
#4139 = CARTESIAN_POINT('',(-6.085252541395,11.133200983513,
    3.093445216408));
#4140 = CARTESIAN_POINT('',(-6.085254067062,11.297877076612,
    3.437117420458));
#4141 = CARTESIAN_POINT('',(-6.085416296002,11.441628000542,
    3.648854949566));
#4142 = CARTESIAN_POINT('',(-6.086056395982,11.78840849733,
    4.023169964935));
#4143 = CARTESIAN_POINT('',(-6.086522005952,11.986011013848,
    4.181120259749));
#4144 = CARTESIAN_POINT('',(-6.087135527837,12.20821993191,
    4.309387899346));
#4145 = ORIENTED_EDGE('',*,*,#2977,.T.);
#4146 = ( BOUNDED_SURFACE() B_SPLINE_SURFACE(3,2,(
    (#4147,#4148,#4149)
    ,(#4150,#4151,#4152)
    ,(#4153,#4154,#4155)
    ,(#4156,#4157,#4158
)),.UNSPECIFIED.,.F.,.F.,.F.) B_SPLINE_SURFACE_WITH_KNOTS((4,4),(3,3),(
    1.979716286801E-02,3.216910638058E-02),(0.,1.),
.PIECEWISE_BEZIER_KNOTS.) GEOMETRIC_REPRESENTATION_ITEM() 
RATIONAL_B_SPLINE_SURFACE((
    (1.,0.81852964087,1.)
    ,(1.,0.82072482822,1.)
    ,(1.,0.822839613167,1.)
,(1.,0.824882322726,1.))) REPRESENTATION_ITEM('') SURFACE() );
#4147 = CARTESIAN_POINT('',(6.200360953185,11.735729420242,4.53206448085
    ));
#4148 = CARTESIAN_POINT('',(6.156698298053,10.193148599681,
    3.639694418241));
#4149 = CARTESIAN_POINT('',(6.200360953185,10.506412401086,
    1.885343909554));
#4150 = CARTESIAN_POINT('',(2.080129838397,11.895200810525,
    4.457995122618));
#4151 = CARTESIAN_POINT('',(2.04819529944,10.364682354377,3.573062182547
    ));
#4152 = CARTESIAN_POINT('',(2.080129832822,10.662454052421,
    1.830387379324));
#4153 = CARTESIAN_POINT('',(-2.040132544594,12.053606506045,
    4.383309224399));
#4154 = CARTESIAN_POINT('',(-2.072183330345,10.53519404862,3.50536099852
    ));
#4155 = CARTESIAN_POINT('',(-2.04013254995,10.817746543767,
    1.774308823064));
#4156 = CARTESIAN_POINT('',(-6.160421295393,12.21101987933,
    4.308049345441));
#4157 = CARTESIAN_POINT('',(-6.202053915104,10.704687381089,
    3.436689118664));
#4158 = CARTESIAN_POINT('',(-6.160421295393,10.972320867148,
    1.717189610898));
#4159 = ADVANCED_FACE('',(#4160),#4204,.F.);
#4160 = FACE_BOUND('',#4161,.F.);
#4161 = EDGE_LOOP('',(#4162,#4181,#4182,#4203));
#4162 = ORIENTED_EDGE('',*,*,#4163,.F.);
#4163 = EDGE_CURVE('',#3052,#3024,#4164,.T.);
#4164 = B_SPLINE_CURVE_WITH_KNOTS('',3,(#4165,#4166,#4167,#4168,#4169,
    #4170,#4171,#4172,#4173,#4174,#4175,#4176,#4177,#4178,#4179,#4180),
  .UNSPECIFIED.,.F.,.F.,(4,2,2,2,2,2,2,4),(2.711112516444E-17,
    5.730326345399E-04,1.14606526908E-03,2.292130538159E-03,
    2.865163172699E-03,3.438195807239E-03,4.011228441779E-03,
    4.584261076319E-03),.UNSPECIFIED.);
#4165 = CARTESIAN_POINT('',(6.104864472162,20.256443969825,5.80723077345
    ));
#4166 = CARTESIAN_POINT('',(6.105727331947,20.203077053229,5.99349147961
    ));
#4167 = CARTESIAN_POINT('',(6.106497636976,20.129731953047,
    6.170160880099));
#4168 = CARTESIAN_POINT('',(6.107859818909,19.944518906482,
    6.505005287179));
#4169 = CARTESIAN_POINT('',(6.108454280642,19.831075461703,
    6.664310199274));
#4170 = CARTESIAN_POINT('',(6.109877346304,19.447376420645,
    7.090962224815));
#4171 = CARTESIAN_POINT('',(6.110381234527,19.124262844986,
    7.317674160636));
#4172 = CARTESIAN_POINT('',(6.110384039639,18.592083602667,
    7.533195748068));
#4173 = CARTESIAN_POINT('',(6.110259415388,18.403657797627,
    7.585526947745));
#4174 = CARTESIAN_POINT('',(6.109773688085,18.025928603153,
    7.645413225177));
#4175 = CARTESIAN_POINT('',(6.109412818276,17.834025188687,
    7.654063155642));
#4176 = CARTESIAN_POINT('',(6.108455016743,17.448156373725,
    7.627154704868));
#4177 = CARTESIAN_POINT('',(6.107873801584,17.260192956883,
    7.592171138188));
#4178 = CARTESIAN_POINT('',(6.106512995075,16.893901924343,
    7.480471387944));
#4179 = CARTESIAN_POINT('',(6.105727596153,16.714844516416,
    7.402942018131));
#4180 = CARTESIAN_POINT('',(6.104864472163,16.54706162048,7.306037714222
    ));
#4181 = ORIENTED_EDGE('',*,*,#3081,.T.);
#4182 = ORIENTED_EDGE('',*,*,#4183,.F.);
#4183 = EDGE_CURVE('',#3016,#3073,#4184,.T.);
#4184 = B_SPLINE_CURVE_WITH_KNOTS('',3,(#4185,#4186,#4187,#4188,#4189,
    #4190,#4191,#4192,#4193,#4194,#4195,#4196,#4197,#4198,#4199,#4200,
    #4201,#4202),.UNSPECIFIED.,.F.,.F.,(4,2,2,2,2,2,2,2,4),(0.,
    5.890685110653E-04,1.178137022131E-03,1.767205533196E-03,
    2.356274044261E-03,2.945342555327E-03,3.534411066392E-03,
    4.123479577457E-03,4.712548088523E-03),.UNSPECIFIED.);
#4185 = CARTESIAN_POINT('',(-6.087135527838,16.280603094686,
    6.660579414618));
#4186 = CARTESIAN_POINT('',(-6.086230340079,16.451170685135,
    6.759093158793));
#4187 = CARTESIAN_POINT('',(-6.085405557872,16.633325790536,
    6.83759310244));
#4188 = CARTESIAN_POINT('',(-6.083972369444,17.006944913785,
    6.949939863101));
#4189 = CARTESIAN_POINT('',(-6.083362043387,17.198107625076,
    6.984274994073));
#4190 = CARTESIAN_POINT('',(-6.082357050084,17.589269679554,
    7.008614922806));
#4191 = CARTESIAN_POINT('',(-6.081974032611,17.785636320395,
    6.997957407338));
#4192 = CARTESIAN_POINT('',(-6.081462960697,18.168643284611,
    6.932725359096));
#4193 = CARTESIAN_POINT('',(-6.0813316409,18.359336765354,6.877056820474
    ));
#4194 = CARTESIAN_POINT('',(-6.081333825272,18.718129022082,
    6.725362349965));
#4195 = CARTESIAN_POINT('',(-6.081462523771,18.887303716667,
    6.629787932272));
#4196 = CARTESIAN_POINT('',(-6.081981702468,19.204682056308,
    6.398165350329));
#4197 = CARTESIAN_POINT('',(-6.082366030067,19.348199769207,
    6.265251967575));
#4198 = CARTESIAN_POINT('',(-6.083364463597,19.601504533746,
    5.970360717245));
#4199 = CARTESIAN_POINT('',(-6.083989812189,19.712823597152,
    5.805619000057));
#4200 = CARTESIAN_POINT('',(-6.085421883832,19.892065948099,
    5.460270211233));
#4201 = CARTESIAN_POINT('',(-6.086230642369,19.96149784601,
    5.278643552379));
#4202 = CARTESIAN_POINT('',(-6.087135527837,20.010004735321,
    5.087738393704));
#4203 = ORIENTED_EDGE('',*,*,#3023,.T.);
#4204 = ( BOUNDED_SURFACE() B_SPLINE_SURFACE(3,2,(
    (#4205,#4206,#4207)
    ,(#4208,#4209,#4210)
    ,(#4211,#4212,#4213)
    ,(#4214,#4215,#4216
)),.UNSPECIFIED.,.F.,.F.,.F.) B_SPLINE_SURFACE_WITH_KNOTS((4,4),(3,3),(
    2.912239127223E-02,4.154342169942E-02),(0.,1.),
.PIECEWISE_BEZIER_KNOTS.) GEOMETRIC_REPRESENTATION_ITEM() 
RATIONAL_B_SPLINE_SURFACE((
    (1.,0.604231683483,1.)
    ,(1.,0.608420108864,1.)
    ,(1.,0.612465210351,1.)
,(1.,0.616381835645,1.))) REPRESENTATION_ITEM('') SURFACE() );
#4205 = CARTESIAN_POINT('',(-6.160655160734,16.278950129071,
    6.656660540014));
#4206 = CARTESIAN_POINT('',(-6.314808879163,19.179345100548,
    8.324988412334));
#4207 = CARTESIAN_POINT('',(-6.160655160734,20.008468870434,
    5.083358782913));
#4208 = CARTESIAN_POINT('',(-2.027219879066,16.371899551204,
    6.876997554279));
#4209 = CARTESIAN_POINT('',(-2.206485776138,19.24024367918,
    8.525808264309));
#4210 = CARTESIAN_POINT('',(-2.027219897267,20.094835950516,
    5.329604370095));
#4211 = CARTESIAN_POINT('',(2.106369730608,16.462145823907,
    7.095780127464));
#4212 = CARTESIAN_POINT('',(1.932275131083,19.300452055672,
    8.727456972416));
#4213 = CARTESIAN_POINT('',(2.106369717526,20.178277974533,
    5.573458350949));
#4214 = CARTESIAN_POINT('',(6.240076469429,16.549934018361,
    7.313148251514));
#4215 = CARTESIAN_POINT('',(6.095400520032,19.359854761157,
    8.929622975928));
#4216 = CARTESIAN_POINT('',(6.240076469429,20.259088182617,
    5.815136763212));
#4217 = ADVANCED_FACE('',(#4218),#4252,.F.);
#4218 = FACE_BOUND('',#4219,.F.);
#4219 = EDGE_LOOP('',(#4220,#4235,#4236,#4251));
#4220 = ORIENTED_EDGE('',*,*,#4221,.F.);
#4221 = EDGE_CURVE('',#2955,#2932,#4222,.T.);
#4222 = B_SPLINE_CURVE_WITH_KNOTS('',3,(#4223,#4224,#4225,#4226,#4227,
    #4228,#4229,#4230,#4231,#4232,#4233,#4234),.UNSPECIFIED.,.F.,.F.,(4,
    2,2,2,2,4),(1.323970232273E-17,7.727098128125E-04,1.545419625625E-03
    ,1.931774532031E-03,2.318129438437E-03,3.09083925125E-03),
  .UNSPECIFIED.);
#4223 = CARTESIAN_POINT('',(6.104864472162,10.510028915433,
    -1.884069955981));
#4224 = CARTESIAN_POINT('',(6.105504154922,10.463904395768,
    -2.141242740935));
#4225 = CARTESIAN_POINT('',(6.10599015595,10.457726013962,
    -2.398767779853));
#4226 = CARTESIAN_POINT('',(6.106659030753,10.524160854944,
    -2.91451265965));
#4227 = CARTESIAN_POINT('',(6.106828233737,10.596471380579,
    -3.164462706129));
#4228 = CARTESIAN_POINT('',(6.106829721988,10.759834909111,
    -3.516950773575));
#4229 = CARTESIAN_POINT('',(6.106787178977,10.8240966378,-3.631573050337
    ));
#4230 = CARTESIAN_POINT('',(6.106619806841,10.967322707148,
    -3.84660752136));
#4231 = CARTESIAN_POINT('',(6.106495334221,11.046670996,-3.948044891294)
  );
#4232 = CARTESIAN_POINT('',(6.105999723437,11.307891451327,
    -4.234141120782));
#4233 = CARTESIAN_POINT('',(6.105504075995,11.513141492337,
    -4.399728363925));
#4234 = CARTESIAN_POINT('',(6.104864472162,11.73942537045,
    -4.530347631102));
#4235 = ORIENTED_EDGE('',*,*,#2954,.T.);
#4236 = ORIENTED_EDGE('',*,*,#4237,.F.);
#4237 = EDGE_CURVE('',#2924,#2957,#4238,.T.);
#4238 = B_SPLINE_CURVE_WITH_KNOTS('',3,(#4239,#4240,#4241,#4242,#4243,
    #4244,#4245,#4246,#4247,#4248,#4249,#4250),.UNSPECIFIED.,.F.,.F.,(4,
    2,2,2,2,4),(0.,7.662348527962E-04,1.149352279194E-03,
    1.532469705592E-03,2.298704558389E-03,3.064939411185E-03),
  .UNSPECIFIED.);
#4239 = CARTESIAN_POINT('',(-6.087135527838,12.20821993191,
    -4.309387899346));
#4240 = CARTESIAN_POINT('',(-6.08652200383,11.986010245415,
    -4.18111981618));
#4241 = CARTESIAN_POINT('',(-6.086046917497,11.783903102562,
    -4.018944523182));
#4242 = CARTESIAN_POINT('',(-6.085572842693,11.526115649937,
    -3.739723773411));
#4243 = CARTESIAN_POINT('',(-6.085453575901,11.447483101947,
    -3.640650753127));
#4244 = CARTESIAN_POINT('',(-6.085293191149,11.304929450493,
    -3.430408619836));
#4245 = CARTESIAN_POINT('',(-6.085252560565,11.240739031997,
    -3.318408716711));
#4246 = CARTESIAN_POINT('',(-6.085254027635,11.076701737551,
    -2.974431151205));
#4247 = CARTESIAN_POINT('',(-6.085416218092,11.00219779503,
    -2.729591873506));
#4248 = CARTESIAN_POINT('',(-6.086056301765,10.928673749279,
    -2.224653601474));
#4249 = CARTESIAN_POINT('',(-6.086521934005,10.929846471477,
    -1.971683890273));
#4250 = CARTESIAN_POINT('',(-6.087135527837,10.969571445641,
    -1.718205455458));
#4251 = ORIENTED_EDGE('',*,*,#2931,.T.);
#4252 = ( BOUNDED_SURFACE() B_SPLINE_SURFACE(3,2,(
    (#4253,#4254,#4255)
    ,(#4256,#4257,#4258)
    ,(#4259,#4260,#4261)
    ,(#4262,#4263,#4264
)),.UNSPECIFIED.,.F.,.F.,.F.) B_SPLINE_SURFACE_WITH_KNOTS((4,4),(3,3),(
    1.972895862017E-02,3.210090281171E-02),(0.,1.),
.PIECEWISE_BEZIER_KNOTS.) GEOMETRIC_REPRESENTATION_ITEM() 
RATIONAL_B_SPLINE_SURFACE((
    (1.,0.824882322727,1.)
    ,(1.,0.82283961313,1.)
    ,(1.,0.820724828144,1.)
,(1.,0.818529640751,1.))) REPRESENTATION_ITEM('') SURFACE() );
#4253 = CARTESIAN_POINT('',(-6.16042129672,12.211019879381,
    -4.308049345417));
#4254 = CARTESIAN_POINT('',(-6.20205391643,10.704687381143,
    -3.436689118642));
#4255 = CARTESIAN_POINT('',(-6.16042129672,10.972320867198,
    -1.71718961088));
#4256 = CARTESIAN_POINT('',(-2.040132471361,12.053606503238,
    -4.383309225732));
#4257 = CARTESIAN_POINT('',(-2.072183256754,10.535194045577,
    -3.505360999749));
#4258 = CARTESIAN_POINT('',(-2.040132476716,10.817746541021,
    -1.774308824072));
#4259 = CARTESIAN_POINT('',(2.08012998619,11.895200804855,
    -4.457995125305));
#4260 = CARTESIAN_POINT('',(2.048195447622,10.36468234824,-3.57306218497
    ));
#4261 = CARTESIAN_POINT('',(2.080129980614,10.66245404685,
    -1.830387381336));
#4262 = CARTESIAN_POINT('',(6.200361175534,11.735729411636,
    -4.532064484848));
#4263 = CARTESIAN_POINT('',(6.156698520364,10.193148590399,
    -3.639694421847));
#4264 = CARTESIAN_POINT('',(6.200361175534,10.506412392666,
    -1.88534391252));
#4265 = ADVANCED_FACE('',(#4266),#4310,.F.);
#4266 = FACE_BOUND('',#4267,.F.);
#4267 = EDGE_LOOP('',(#4268,#4287,#4288,#4309));
#4268 = ORIENTED_EDGE('',*,*,#4269,.F.);
#4269 = EDGE_CURVE('',#2910,#3050,#4270,.T.);
#4270 = B_SPLINE_CURVE_WITH_KNOTS('',3,(#4271,#4272,#4273,#4274,#4275,
    #4276,#4277,#4278,#4279,#4280,#4281,#4282,#4283,#4284,#4285,#4286),
  .UNSPECIFIED.,.F.,.F.,(4,2,2,2,2,2,2,4),(1.734723475977E-18,
    5.730326344335E-04,1.146065268867E-03,2.292130537734E-03,
    2.865163172167E-03,3.438195806601E-03,4.011228441034E-03,
    4.584261075468E-03),.UNSPECIFIED.);
#4271 = CARTESIAN_POINT('',(6.104864472162,16.54706162048,
    -7.306037714222));
#4272 = CARTESIAN_POINT('',(6.105727590787,16.714843473262,
    -7.40294141565));
#4273 = CARTESIAN_POINT('',(6.106498080026,16.890332596987,
    -7.479067285663));
#4274 = CARTESIAN_POINT('',(6.107860485395,17.256172367961,
    -7.591254230262));
#4275 = CARTESIAN_POINT('',(6.108454984709,17.448441218598,
    -7.627033551894));
#4276 = CARTESIAN_POINT('',(6.109877973697,18.0208308341,-7.667369982311
    ));
#4277 = CARTESIAN_POINT('',(6.11038155306,18.410743241371,
    -7.605977771312));
#4278 = CARTESIAN_POINT('',(6.110383882864,18.943262944927,
    -7.391298774453));
#4279 = CARTESIAN_POINT('',(6.110259098098,19.115152266774,
    -7.298041610167));
#4280 = CARTESIAN_POINT('',(6.109773124378,19.428456282287,
    -7.07871011318));
#4281 = CARTESIAN_POINT('',(6.10941216623,19.572501774401,
    -6.951617071259));
#4282 = CARTESIAN_POINT('',(6.108454312241,19.831364515435,
    -6.664199463169));
#4283 = CARTESIAN_POINT('',(6.107873133714,19.942263865343,
    -6.508457915072));
#4284 = CARTESIAN_POINT('',(6.106512548794,20.128139957533,
    -6.173650457721));
#4285 = CARTESIAN_POINT('',(6.105727337307,20.203076721703,-5.9934926367
    ));
#4286 = CARTESIAN_POINT('',(6.104864472163,20.256443969825,
    -5.80723077345));
#4287 = ORIENTED_EDGE('',*,*,#2909,.T.);
#4288 = ORIENTED_EDGE('',*,*,#4289,.F.);
#4289 = EDGE_CURVE('',#3061,#2912,#4290,.T.);
#4290 = B_SPLINE_CURVE_WITH_KNOTS('',3,(#4291,#4292,#4293,#4294,#4295,
    #4296,#4297,#4298,#4299,#4300,#4301,#4302,#4303,#4304,#4305,#4306,
    #4307,#4308),.UNSPECIFIED.,.F.,.F.,(4,2,2,2,2,2,2,2,4),(0.,
    5.89068509493E-04,1.178137018986E-03,1.767205528479E-03,
    2.356274037972E-03,2.945342547465E-03,3.534411056958E-03,
    4.123479566451E-03,4.712548075944E-03),.UNSPECIFIED.);
#4291 = CARTESIAN_POINT('',(-6.087135527838,20.01000473532,
    -5.087738393704));
#4292 = CARTESIAN_POINT('',(-6.086230635798,19.961497493773,
    -5.278644938652));
#4293 = CARTESIAN_POINT('',(-6.085406068923,19.890570209629,
    -5.463880044178));
#4294 = CARTESIAN_POINT('',(-6.083973136057,19.710241578811,
    -5.809849161252));
#4295 = CARTESIAN_POINT('',(-6.083362852285,19.601400227249,
    -5.970708240387));
#4296 = CARTESIAN_POINT('',(-6.082357799926,19.345804284282,
    -6.267812417773));
#4297 = CARTESIAN_POINT('',(-6.081974680725,19.201110970055,
    -6.400993827006));
#4298 = CARTESIAN_POINT('',(-6.081463325699,18.88706376745,
    -6.629738032668));
#4299 = CARTESIAN_POINT('',(-6.081331821341,18.714097397633,
    -6.727439739232));
#4300 = CARTESIAN_POINT('',(-6.081333640593,18.355035100423,
    -6.878493920474));
#4301 = CARTESIAN_POINT('',(-6.081462158326,18.168511535218,
    -6.932932019271));
#4302 = CARTESIAN_POINT('',(-6.081981051377,17.781118238983,
    -6.998540461022));
#4303 = CARTESIAN_POINT('',(-6.082365279268,17.585764084989,
    -7.008543193409));
#4304 = CARTESIAN_POINT('',(-6.083363655114,17.197785955958,
    -6.984107121902));
#4305 = CARTESIAN_POINT('',(-6.083989047569,17.002113435289,
    -6.948836275332));
#4306 = CARTESIAN_POINT('',(-6.085421376611,16.629696744943,
    -6.836144599319));
#4307 = CARTESIAN_POINT('',(-6.086230346658,16.451169445483,
    -6.759092442815));
#4308 = CARTESIAN_POINT('',(-6.087135527837,16.280603094686,
    -6.660579414618));
#4309 = ORIENTED_EDGE('',*,*,#3060,.T.);
#4310 = ( BOUNDED_SURFACE() B_SPLINE_SURFACE(3,2,(
    (#4311,#4312,#4313)
    ,(#4314,#4315,#4316)
    ,(#4317,#4318,#4319)
    ,(#4320,#4321,#4322
)),.UNSPECIFIED.,.F.,.F.,.F.) B_SPLINE_SURFACE_WITH_KNOTS((4,4),(3,3),(
    2.928490207541E-02,4.170594225001E-02),(0.,1.),
.PIECEWISE_BEZIER_KNOTS.) GEOMETRIC_REPRESENTATION_ITEM() 
RATIONAL_B_SPLINE_SURFACE((
    (1.,0.616381835717,1.)
    ,(1.,0.612465210401,1.)
    ,(1.,0.60842010889,1.)
,(1.,0.604231683483,1.))) REPRESENTATION_ITEM('') SURFACE() );
#4311 = CARTESIAN_POINT('',(6.240076545811,16.549934019983,
    -7.31314825553));
#4312 = CARTESIAN_POINT('',(6.095400596469,19.359854762248,
    -8.92962297964));
#4313 = CARTESIAN_POINT('',(6.240076545811,20.25908818411,
    -5.815136767678));
#4314 = CARTESIAN_POINT('',(2.106369781375,16.462145825025,
    -7.095780130157));
#4315 = CARTESIAN_POINT('',(1.932275181571,19.300452056435,
    -8.727456974947));
#4316 = CARTESIAN_POINT('',(2.106369768293,20.17827797555,
    -5.573458353969));
#4317 = CARTESIAN_POINT('',(-2.027219853909,16.371899551744,
    -6.876997555605));
#4318 = CARTESIAN_POINT('',(-2.20648575131,19.240243679494,
    -8.525808265461));
#4319 = CARTESIAN_POINT('',(-2.027219872112,20.094835951044,
    -5.329604371586));
#4320 = CARTESIAN_POINT('',(-6.16065516119,16.27895012906,-6.65666053999
    ));
#4321 = CARTESIAN_POINT('',(-6.314808879619,19.179345100541,
    -8.324988412312));
#4322 = CARTESIAN_POINT('',(-6.16065516119,20.008468870424,
    -5.083358782887));
#4323 = ADVANCED_FACE('',(#4324),#4358,.F.);
#4324 = FACE_BOUND('',#4325,.F.);
#4325 = EDGE_LOOP('',(#4326,#4341,#4342,#4357));
#4326 = ORIENTED_EDGE('',*,*,#4327,.F.);
#4327 = EDGE_CURVE('',#2815,#2788,#4328,.T.);
#4328 = B_SPLINE_CURVE_WITH_KNOTS('',3,(#4329,#4330,#4331,#4332,#4333,
    #4334,#4335,#4336,#4337,#4338,#4339,#4340),.UNSPECIFIED.,.F.,.F.,(4,
    2,2,2,2,4),(0.,7.727098134047E-04,1.545419626809E-03,
    1.931774533512E-03,2.318129440214E-03,3.090839253619E-03),
  .UNSPECIFIED.);
#4329 = CARTESIAN_POINT('',(6.104864472162,1.946316548717,
    12.431814412192));
#4330 = CARTESIAN_POINT('',(6.105504073778,1.946294213336,
    12.170538098094));
#4331 = CARTESIAN_POINT('',(6.105990049459,1.98565339313,11.915963603788
    ));
#4332 = CARTESIAN_POINT('',(6.106658942618,2.142049659224,
    11.420033591793));
#4333 = CARTESIAN_POINT('',(6.106828189078,2.25732958311,11.186764697516
    ));
#4334 = CARTESIAN_POINT('',(6.106829743719,2.480326792228,
    10.868633082033));
#4335 = CARTESIAN_POINT('',(6.106787223086,2.563805457264,
    10.767148360893));
#4336 = CARTESIAN_POINT('',(6.106619886177,2.742727320123,
    10.580760331273));
#4337 = CARTESIAN_POINT('',(6.106495426627,2.838729335246,
    10.494915680895));
#4338 = CARTESIAN_POINT('',(6.10599983009,3.146333116501,10.25940115496)
  );
#4339 = CARTESIAN_POINT('',(6.105504157142,3.377580735719,
    10.132628707555));
#4340 = CARTESIAN_POINT('',(6.104864472162,3.623362013331,
    10.043987013265));
#4341 = ORIENTED_EDGE('',*,*,#2814,.T.);
#4342 = ORIENTED_EDGE('',*,*,#4343,.F.);
#4343 = EDGE_CURVE('',#2779,#2817,#4344,.T.);
#4344 = B_SPLINE_CURVE_WITH_KNOTS('',3,(#4345,#4346,#4347,#4348,#4349,
    #4350,#4351,#4352,#4353,#4354,#4355,#4356),.UNSPECIFIED.,.F.,.F.,(4,
    2,2,2,2,4),(0.,7.662348534835E-04,1.149352280225E-03,
    1.532469706967E-03,2.29870456045E-03,3.064939413934E-03),
  .UNSPECIFIED.);
#4345 = CARTESIAN_POINT('',(-6.087135527838,3.996776149473,
    10.359030268282));
#4346 = CARTESIAN_POINT('',(-6.086521931882,3.757394070522,
    10.451366968286));
#4347 = CARTESIAN_POINT('',(-6.08604682314,3.53262534261,10.580313244146
    ));
#4348 = CARTESIAN_POINT('',(-6.08557276099,3.234734592702,
    10.816278704375));
#4349 = CARTESIAN_POINT('',(-6.08545350576,3.141717990578,
    10.901990154239));
#4350 = CARTESIAN_POINT('',(-6.085293152193,2.968347185342,
    11.08763999134));
#4351 = CARTESIAN_POINT('',(-6.085252541395,2.887598349132,
    11.188357485364));
#4352 = CARTESIAN_POINT('',(-6.085254067062,2.6723075364,11.502807267409
    ));
#4353 = CARTESIAN_POINT('',(-6.085416296002,2.560812919222,
    11.733167983903));
#4354 = CARTESIAN_POINT('',(-6.086056395982,2.410036855288,
    12.220646211344));
#4355 = CARTESIAN_POINT('',(-6.086522005952,2.372049145704,
    12.470750157907));
#4356 = CARTESIAN_POINT('',(-6.087135527837,2.37207057036,
    12.727322545694));
#4357 = ORIENTED_EDGE('',*,*,#2787,.T.);
#4358 = ( BOUNDED_SURFACE() B_SPLINE_SURFACE(3,2,(
    (#4359,#4360,#4361)
    ,(#4362,#4363,#4364)
    ,(#4365,#4366,#4367)
    ,(#4368,#4369,#4370
)),.UNSPECIFIED.,.F.,.F.,.F.) B_SPLINE_SURFACE_WITH_KNOTS((4,4),(3,3),(
    1.979716286801E-02,3.216910638058E-02),(0.,1.),
.PIECEWISE_BEZIER_KNOTS.) GEOMETRIC_REPRESENTATION_ITEM() 
RATIONAL_B_SPLINE_SURFACE((
    (1.,0.81852964087,1.)
    ,(1.,0.82072482822,1.)
    ,(1.,0.822839613167,1.)
,(1.,0.824882322726,1.))) REPRESENTATION_ITEM('') SURFACE() );
#4359 = CARTESIAN_POINT('',(6.200360953185,1.942981738116,
    12.429472050295));
#4360 = CARTESIAN_POINT('',(6.156698298053,1.944506471631,
    10.647372840994));
#4361 = CARTESIAN_POINT('',(6.200360953185,3.620450479999,
    10.041491996754));
#4362 = CARTESIAN_POINT('',(2.080129838397,2.086863379128,
    12.530543646332));
#4363 = CARTESIAN_POINT('',(2.04819529944,2.087978557798,10.762609312317
    ));
#4364 = CARTESIAN_POINT('',(2.080129832822,3.746065056939,
    10.149149765746));
#4365 = CARTESIAN_POINT('',(-2.040132544595,2.23074611205,12.63038405362
    ));
#4366 = CARTESIAN_POINT('',(-2.072183330346,2.231865350139,
    10.876426179129));
#4367 = CARTESIAN_POINT('',(-2.04013254995,3.872276756966,10.25559773013
    ));
#4368 = CARTESIAN_POINT('',(-6.160421295393,2.374629765756,
    12.729078094337));
#4369 = CARTESIAN_POINT('',(-6.202053915104,2.376083608872,
    10.988875770926));
#4370 = CARTESIAN_POINT('',(-6.160421295393,3.999030607422,
    10.360903414873));
#4371 = ADVANCED_FACE('',(#4372),#4416,.F.);
#4372 = FACE_BOUND('',#4373,.F.);
#4373 = EDGE_LOOP('',(#4374,#4393,#4394,#4415));
#4374 = ORIENTED_EDGE('',*,*,#4375,.F.);
#4375 = EDGE_CURVE('',#2862,#2834,#4376,.T.);
#4376 = B_SPLINE_CURVE_WITH_KNOTS('',3,(#4377,#4378,#4379,#4380,#4381,
    #4382,#4383,#4384,#4385,#4386,#4387,#4388,#4389,#4390,#4391,#4392),
  .UNSPECIFIED.,.F.,.F.,(4,2,2,2,2,2,2,4),(2.742838647326E-17,
    5.730326345399E-04,1.14606526908E-03,2.292130538159E-03,
    2.865163172699E-03,3.438195807239E-03,4.011228441779E-03,
    4.584261076319E-03),.UNSPECIFIED.);
#4377 = CARTESIAN_POINT('',(6.104864472162,5.099012609466,20.44621045493
    ));
#4378 = CARTESIAN_POINT('',(6.105727331947,4.911022647907,
    20.493123702516));
#4379 = CARTESIAN_POINT('',(6.106497636976,4.721349908921,
    20.517939682759));
#4380 = CARTESIAN_POINT('',(6.107859818909,4.338759622792,
    20.524962682862));
#4381 = CARTESIAN_POINT('',(6.108454280642,4.14407579958,20.506370233838
    ));
#4382 = CARTESIAN_POINT('',(6.109877346304,3.582734786357,
    20.387403129645));
#4383 = CARTESIAN_POINT('',(6.110381234527,3.224839702766,
    20.220934532727));
#4384 = CARTESIAN_POINT('',(6.110384039639,2.772102911826,
    19.867814583227));
#4385 = CARTESIAN_POINT('',(6.110259415388,2.632569860975,
    19.730798649173));
#4386 = CARTESIAN_POINT('',(6.109773688085,2.391842226143,
    19.433618709723));
#4387 = CARTESIAN_POINT('',(6.109412818276,2.288399459387,
    19.271750442956));
#4388 = CARTESIAN_POINT('',(6.108455016743,2.118768453852,
    18.924124021283));
#4389 = CARTESIAN_POINT('',(6.107873801584,2.055083402891,
    18.743851143976));
#4390 = CARTESIAN_POINT('',(6.106512995075,1.96867270793,18.370783929495
    ));
#4391 = CARTESIAN_POINT('',(6.105727596153,1.946286407763,
    18.176950980589));
#4392 = CARTESIAN_POINT('',(6.104864472163,1.946316548717,
    17.983194578433));
#4393 = ORIENTED_EDGE('',*,*,#2891,.T.);
#4394 = ORIENTED_EDGE('',*,*,#4395,.F.);
#4395 = EDGE_CURVE('',#2826,#2883,#4396,.T.);
#4396 = B_SPLINE_CURVE_WITH_KNOTS('',3,(#4397,#4398,#4399,#4400,#4401,
    #4402,#4403,#4404,#4405,#4406,#4407,#4408,#4409,#4410,#4411,#4412,
    #4413,#4414),.UNSPECIFIED.,.F.,.F.,(4,2,2,2,2,2,2,2,4),(0.,
    5.890685110653E-04,1.178137022131E-03,1.767205533196E-03,
    2.356274044261E-03,2.945342555327E-03,3.534411066392E-03,
    4.123479577457E-03,4.712548088523E-03),.UNSPECIFIED.);
#4397 = CARTESIAN_POINT('',(-6.087135527838,2.37207057036,
    17.429705576239));
#4398 = CARTESIAN_POINT('',(-6.086230340079,2.372038960507,
    17.626678314717));
#4399 = CARTESIAN_POINT('',(-6.085405557872,2.395133567814,
    17.823679235247));
#4400 = CARTESIAN_POINT('',(-6.083972369444,2.484647980673,
    18.203416267651));
#4401 = CARTESIAN_POINT('',(-6.083362043387,2.550494240654,
    18.386135597371));
#4402 = CARTESIAN_POINT('',(-6.082357050084,2.724996271284,
    18.737061837913));
#4403 = CARTESIAN_POINT('',(-6.081974032611,2.832409270842,
    18.901791579603));
#4404 = CARTESIAN_POINT('',(-6.081462960697,3.080405363868,
    19.200869316319));
#4405 = CARTESIAN_POINT('',(-6.0813316409,3.223962472878,19.338180445668
    ));
#4406 = CARTESIAN_POINT('',(-6.081333825272,3.534729866316,
    19.57305641942));
#4407 = CARTESIAN_POINT('',(-6.081462523771,3.702087087283,
    19.671778793762));
#4408 = CARTESIAN_POINT('',(-6.081981702468,4.061367297155,
    19.83082520753));
#4409 = CARTESIAN_POINT('',(-6.082366030067,4.248232519573,
    19.888658501417));
#4410 = CARTESIAN_POINT('',(-6.083364463597,4.630268215982,
    19.960581237243));
#4411 = CARTESIAN_POINT('',(-6.083989812189,4.828598259833,
    19.974615515483));
#4412 = CARTESIAN_POINT('',(-6.085421883832,5.217300259594,
    19.957169550425));
#4413 = CARTESIAN_POINT('',(-6.086230642369,5.409309509122,
    19.926486008423));
#4414 = CARTESIAN_POINT('',(-6.087135527837,5.598891670903,
    19.873041627486));
#4415 = ORIENTED_EDGE('',*,*,#2833,.T.);
#4416 = ( BOUNDED_SURFACE() B_SPLINE_SURFACE(3,2,(
    (#4417,#4418,#4419)
    ,(#4420,#4421,#4422)
    ,(#4423,#4424,#4425)
    ,(#4426,#4427,#4428
)),.UNSPECIFIED.,.F.,.F.,.F.) B_SPLINE_SURFACE_WITH_KNOTS((4,4),(3,3),(
    2.912239127223E-02,4.154342169942E-02),(0.,1.),
.PIECEWISE_BEZIER_KNOTS.) GEOMETRIC_REPRESENTATION_ITEM() 
RATIONAL_B_SPLINE_SURFACE((
    (1.,0.604231683483,1.)
    ,(1.,0.608420108864,1.)
    ,(1.,0.612465210351,1.)
,(1.,0.616381835645,1.))) REPRESENTATION_ITEM('') SURFACE() );
#4417 = CARTESIAN_POINT('',(-6.160655160734,2.374637932514,
    17.426314628722));
#4418 = CARTESIAN_POINT('',(-6.314808879163,2.380021098981,
    20.77229429119));
#4419 = CARTESIAN_POINT('',(-6.160655160734,5.601916592663,
    19.869521724082));
#4420 = CARTESIAN_POINT('',(-2.027219879063,2.230295191833,
    17.616979696629));
#4421 = CARTESIAN_POINT('',(-2.206485776137,2.236555294883,
    20.925443933299));
#4422 = CARTESIAN_POINT('',(-2.027219897267,5.431845198639,
    20.067440603074));
#4423 = CARTESIAN_POINT('',(2.106369730607,2.085947061901,17.80452654806
    ));
#4424 = CARTESIAN_POINT('',(1.932275131081,2.092026579292,
    21.078410270995));
#4425 = CARTESIAN_POINT('',(2.106369717526,5.262382468414,
    20.261630506043));
#4426 = CARTESIAN_POINT('',(6.240076469429,1.941594841728,
    17.989237416613));
#4427 = CARTESIAN_POINT('',(6.095400520032,1.946647037208,
    21.230937524703));
#4428 = CARTESIAN_POINT('',(6.240076469429,5.093487927886,
    20.452453405261));
#4429 = ADVANCED_FACE('',(#4430),#4464,.F.);
#4430 = FACE_BOUND('',#4431,.F.);
#4431 = EDGE_LOOP('',(#4432,#4447,#4448,#4463));
#4432 = ORIENTED_EDGE('',*,*,#4433,.F.);
#4433 = EDGE_CURVE('',#2765,#2742,#4434,.T.);
#4434 = B_SPLINE_CURVE_WITH_KNOTS('',3,(#4435,#4436,#4437,#4438,#4439,
    #4440,#4441,#4442,#4443,#4444,#4445,#4446),.UNSPECIFIED.,.F.,.F.,(4,
    2,2,2,2,4),(1.287236123219E-17,7.727098128125E-04,1.545419625625E-03
    ,1.931774532031E-03,2.318129438437E-03,3.09083925125E-03),
  .UNSPECIFIED.);
#4435 = CARTESIAN_POINT('',(6.104864472162,6.886666902103,8.159917057284
    ));
#4436 = CARTESIAN_POINT('',(6.105504154922,7.086322807203,7.991385659039
    ));
#4437 = CARTESIAN_POINT('',(6.10599015595,7.306256842114,7.857272503982)
  );
#4438 = CARTESIAN_POINT('',(6.106659030753,7.786122430381,7.65693432407)
  );
#4439 = CARTESIAN_POINT('',(6.106828233737,8.038740783126,7.594582052991
    ));
#4440 = CARTESIAN_POINT('',(6.106829721988,8.42568616833,7.559814985029)
  );
#4441 = CARTESIAN_POINT('',(6.106787178977,8.557082836191,7.558156136184
    ));
#4442 = CARTESIAN_POINT('',(6.106619806841,8.81492118546,7.574676315212)
  );
#4443 = CARTESIAN_POINT('',(6.106495334221,8.942442669142,7.592675264138
    ));
#4444 = CARTESIAN_POINT('',(6.105999723437,9.320819499469,7.675850699696
    ));
#4445 = CARTESIAN_POINT('',(6.105504075995,9.566847279078,7.770808827766
    ));
#4446 = CARTESIAN_POINT('',(6.104864472162,9.793108821734,7.901466781091
    ));
#4447 = ORIENTED_EDGE('',*,*,#2764,.T.);
#4448 = ORIENTED_EDGE('',*,*,#4449,.F.);
#4449 = EDGE_CURVE('',#2734,#2767,#4450,.T.);
#4450 = B_SPLINE_CURVE_WITH_KNOTS('',3,(#4451,#4452,#4453,#4454,#4455,
    #4456,#4457,#4458,#4459,#4460,#4461,#4462),.UNSPECIFIED.,.F.,.F.,(4,
    2,2,2,2,4),(0.,7.662348527962E-04,1.149352279194E-03,
    1.532469705592E-03,2.298704558389E-03,3.064939411185E-03),
  .UNSPECIFIED.);
#4451 = CARTESIAN_POINT('',(-6.087135527838,9.83614936155,8.417934646348
    ));
#4452 = CARTESIAN_POINT('',(-6.08652200383,9.613961099786,8.28962945446)
  );
#4453 = CARTESIAN_POINT('',(-6.086046917497,9.372459604757,
    8.195687180961));
#4454 = CARTESIAN_POINT('',(-6.085572842693,9.001753615879,
    8.112047073097));
#4455 = CARTESIAN_POINT('',(-6.085453575901,8.876637589488,
    8.093485799116));
#4456 = CARTESIAN_POINT('',(-6.085293191149,8.623285735386,8.0751517822)
  );
#4457 = CARTESIAN_POINT('',(-6.085252560565,8.49419576481,8.075561200665
    ));
#4458 = CARTESIAN_POINT('',(-6.085254027635,8.114283807527,8.10548951926
    ));
#4459 = CARTESIAN_POINT('',(-6.085416218092,7.864994801935,
    8.163386851204));
#4460 = CARTESIAN_POINT('',(-6.086056301765,7.390943408137,
    8.352182295811));
#4461 = CARTESIAN_POINT('',(-6.086521934005,7.172451572947,
    8.479682758626));
#4462 = CARTESIAN_POINT('',(-6.087135527837,6.972795296168,
    8.640824812824));
#4463 = ORIENTED_EDGE('',*,*,#2741,.T.);
#4464 = ( BOUNDED_SURFACE() B_SPLINE_SURFACE(3,2,(
    (#4465,#4466,#4467)
    ,(#4468,#4469,#4470)
    ,(#4471,#4472,#4473)
    ,(#4474,#4475,#4476
)),.UNSPECIFIED.,.F.,.F.,.F.) B_SPLINE_SURFACE_WITH_KNOTS((4,4),(3,3),(
    1.972895862017E-02,3.210090281171E-02),(0.,1.),
.PIECEWISE_BEZIER_KNOTS.) GEOMETRIC_REPRESENTATION_ITEM() 
RATIONAL_B_SPLINE_SURFACE((
    (1.,0.824882322727,1.)
    ,(1.,0.82283961313,1.)
    ,(1.,0.820724828144,1.)
,(1.,0.818529640751,1.))) REPRESENTATION_ITEM('') SURFACE() );
#4465 = CARTESIAN_POINT('',(-6.16042129672,9.836390113579,8.421028748952
    ));
#4466 = CARTESIAN_POINT('',(-6.20205391643,8.328603772225,7.55218665232)
  );
#4467 = CARTESIAN_POINT('',(-6.16042129672,6.973290259735,8.643713804027
    ));
#4468 = CARTESIAN_POINT('',(-2.040132471361,9.822860393754,
    8.247074826164));
#4469 = CARTESIAN_POINT('',(-2.072183256753,8.303328698011,
    7.371065177405));
#4470 = CARTESIAN_POINT('',(-2.040132476717,6.945469786329,
    8.481288904179));
#4471 = CARTESIAN_POINT('',(2.080129986189,9.808337430873,8.07254851746)
  );
#4472 = CARTESIAN_POINT('',(2.048195447622,8.276703795603,7.189547123248
    ));
#4473 = CARTESIAN_POINT('',(2.080129980614,6.916388994431,8.318762380587
    ));
#4474 = CARTESIAN_POINT('',(6.200361175534,9.792747681285,7.897407559993
    ));
#4475 = CARTESIAN_POINT('',(6.156698520364,8.248642126532,7.007678412912
    ));
#4476 = CARTESIAN_POINT('',(6.200361175534,6.885961919445,8.156148078424
    ));
#4477 = ADVANCED_FACE('',(#4478),#4522,.F.);
#4478 = FACE_BOUND('',#4479,.F.);
#4479 = EDGE_LOOP('',(#4480,#4499,#4500,#4521));
#4480 = ORIENTED_EDGE('',*,*,#4481,.F.);
#4481 = EDGE_CURVE('',#2720,#2860,#4482,.T.);
#4482 = B_SPLINE_CURVE_WITH_KNOTS('',3,(#4483,#4484,#4485,#4486,#4487,
    #4488,#4489,#4490,#4491,#4492,#4493,#4494,#4495,#4496,#4497,#4498),
  .UNSPECIFIED.,.F.,.F.,(4,2,2,2,2,2,2,4),(0.,5.730326344335E-04,
    1.146065268867E-03,2.292130537734E-03,2.865163172167E-03,
    3.438195806601E-03,4.011228441034E-03,4.584261075468E-03),
  .UNSPECIFIED.);
#4483 = CARTESIAN_POINT('',(6.104864472162,14.600745071763,
    10.677156864211));
#4484 = CARTESIAN_POINT('',(6.105727590787,14.768557065312,10.7740083603
    ));
#4485 = CARTESIAN_POINT('',(6.106498080026,14.922228564491,
    10.887923464528));
#4486 = CARTESIAN_POINT('',(6.107860485395,15.202305193974,
    11.148656527606));
#4487 = CARTESIAN_POINT('',(6.108454984709,15.329425420755,
    11.297276575798));
#4488 = CARTESIAN_POINT('',(6.109877973697,15.650552601946,
    11.772812308477));
#4489 = CARTESIAN_POINT('',(6.11038155306,15.792341591261,
    12.141182463924));
#4490 = CARTESIAN_POINT('',(6.110383882864,15.8726839781,12.709697553649
    ));
#4491 = CARTESIAN_POINT('',(6.110259098098,15.877865565668,
    12.90518665515));
#4492 = CARTESIAN_POINT('',(6.109773124378,15.844570925183,
    13.286181640186));
#4493 = CARTESIAN_POINT('',(6.10941216623,15.806527868292,
    13.474475216618));
#4494 = CARTESIAN_POINT('',(6.108454312241,15.687048288708,
    13.842365730491));
#4495 = CARTESIAN_POINT('',(6.107873133714,15.607621826585,
    14.016278158824));
#4496 = CARTESIAN_POINT('',(6.106512548794,15.410608109238,
    14.344655305292));
#4497 = CARTESIAN_POINT('',(6.105727337307,15.292055241628,
    14.499631357251));
#4498 = CARTESIAN_POINT('',(6.104864472163,15.157431360359,
    14.638979681479));
#4499 = ORIENTED_EDGE('',*,*,#2719,.T.);
#4500 = ORIENTED_EDGE('',*,*,#4501,.F.);
#4501 = EDGE_CURVE('',#2871,#2722,#4502,.T.);
#4502 = B_SPLINE_CURVE_WITH_KNOTS('',3,(#4503,#4504,#4505,#4506,#4507,
    #4508,#4509,#4510,#4511,#4512,#4513,#4514,#4515,#4516,#4517,#4518,
    #4519,#4520),.UNSPECIFIED.,.F.,.F.,(4,2,2,2,2,2,2,2,4),(0.,
    5.89068509493E-04,1.178137018986E-03,1.767205528479E-03,
    2.356274037972E-03,2.945342547465E-03,3.534411056958E-03,
    4.123479566451E-03,4.712548075944E-03),.UNSPECIFIED.);
#4503 = CARTESIAN_POINT('',(-6.087135527838,14.411113064418,
    14.785303233782));
#4504 = CARTESIAN_POINT('',(-6.086230635798,14.552189361318,
    14.647841457861));
#4505 = CARTESIAN_POINT('',(-6.085406068923,14.677144026304,
    14.493799075208));
#4506 = CARTESIAN_POINT('',(-6.083973136057,14.886597755205,
    14.164645341353));
#4507 = CARTESIAN_POINT('',(-6.083362852285,14.971485128384,
    13.98995642635));
#4508 = CARTESIAN_POINT('',(-6.082357799926,15.100986922087,
    13.620051757943));
#4509 = CARTESIAN_POINT('',(-6.081974680725,15.143978748682,
    13.428152967449));
#4510 = CARTESIAN_POINT('',(-6.081463325699,15.185053440452,
    13.041808009175));
#4511 = CARTESIAN_POINT('',(-6.081331821341,15.183182415421,
    12.84316388563));
#4512 = CARTESIAN_POINT('',(-6.081333640593,15.134468025119,
    12.456679724085));
#4513 = CARTESIAN_POINT('',(-6.081462158326,15.088351019008,
    12.267926528814));
#4514 = CARTESIAN_POINT('',(-6.081981051377,14.95147294815,
    11.899629872143));
#4515 = CARTESIAN_POINT('',(-6.082365279268,14.862458491507,
    11.725446845856));
#4516 = CARTESIAN_POINT('',(-6.083363655114,14.647307168298,
    11.401665965756));
#4517 = CARTESIAN_POINT('',(-6.083989047569,14.518925458821,
    11.249844015319));
#4518 = CARTESIAN_POINT('',(-6.085421376611,14.235123259425,
    10.983667538693));
#4519 = CARTESIAN_POINT('',(-6.086230346658,14.079130484746,
    10.867584440343));
#4520 = CARTESIAN_POINT('',(-6.087135527837,13.908532524326,
    10.76912616162));
#4521 = ORIENTED_EDGE('',*,*,#2870,.T.);
#4522 = ( BOUNDED_SURFACE() B_SPLINE_SURFACE(3,2,(
    (#4523,#4524,#4525)
    ,(#4526,#4527,#4528)
    ,(#4529,#4530,#4531)
    ,(#4532,#4533,#4534
)),.UNSPECIFIED.,.F.,.F.,.F.) B_SPLINE_SURFACE_WITH_KNOTS((4,4),(3,3),(
    2.928490207541E-02,4.170594225001E-02),(0.,1.),
.PIECEWISE_BEZIER_KNOTS.) GEOMETRIC_REPRESENTATION_ITEM() 
RATIONAL_B_SPLINE_SURFACE((
    (1.,0.616381835717,1.)
    ,(1.,0.612465210401,1.)
    ,(1.,0.60842010889,1.)
,(1.,0.604231683483,1.))) REPRESENTATION_ITEM('') SURFACE() );
#4523 = CARTESIAN_POINT('',(6.240076545811,14.608339180922,
    10.676089164496));
#4524 = CARTESIAN_POINT('',(6.095400596469,17.41320772771,
    12.301314547863));
#4525 = CARTESIAN_POINT('',(6.240076545811,15.165600259345,
    14.637316641109));
#4526 = CARTESIAN_POINT('',(2.106369781376,14.376198764881,
    10.708746420187));
#4527 = CARTESIAN_POINT('',(1.932275181575,17.208425478879,
    12.350953297916));
#4528 = CARTESIAN_POINT('',(2.106369768294,14.915895509229,
    14.688172154485));
#4529 = CARTESIAN_POINT('',(-2.02721985391,14.141604360794,
    10.739982142218));
#4530 = CARTESIAN_POINT('',(-2.206485751312,17.003688385486,
    12.399635668724));
#4531 = CARTESIAN_POINT('',(-2.027219872112,14.662990753441,
    14.737836232687));
#4532 = CARTESIAN_POINT('',(-6.16065516119,13.904312196531,
    10.769654088711));
#4533 = CARTESIAN_POINT('',(-6.314808879619,16.799324001544,
    12.447305878861));
#4534 = CARTESIAN_POINT('',(-6.16065516119,14.406552277743,
    14.786162941174));
#4535 = ADVANCED_FACE('',(#4536),#4570,.F.);
#4536 = FACE_BOUND('',#4537,.F.);
#4537 = EDGE_LOOP('',(#4538,#4553,#4554,#4569));
#4538 = ORIENTED_EDGE('',*,*,#4539,.F.);
#4539 = EDGE_CURVE('',#2435,#2408,#4540,.T.);
#4540 = B_SPLINE_CURVE_WITH_KNOTS('',3,(#4541,#4542,#4543,#4544,#4545,
    #4546,#4547,#4548,#4549,#4550,#4551,#4552),.UNSPECIFIED.,.F.,.F.,(4,
    2,2,2,2,4),(2.453269466693E-18,7.727098134047E-04,1.545419626809E-03
    ,1.931774533512E-03,2.318129440214E-03,3.090839253619E-03),
  .UNSPECIFIED.);
#4541 = CARTESIAN_POINT('',(6.104864472162,-9.793108821734,
    7.901466781091));
#4542 = CARTESIAN_POINT('',(6.105504073778,-9.566848064008,
    7.770809281035));
#4543 = CARTESIAN_POINT('',(6.105990049459,-9.326700494886,
    7.677608083455));
#4544 = CARTESIAN_POINT('',(6.106658942618,-8.819014372953,
    7.565086216953));
#4545 = CARTESIAN_POINT('',(6.106828189078,-8.559357622653,
    7.548287112446));
#4546 = CARTESIAN_POINT('',(6.106829743719,-8.172348957339,
    7.582342552773));
#4547 = CARTESIAN_POINT('',(6.106787223086,-8.042721278218,
    7.603894836798));
#4548 = CARTESIAN_POINT('',(6.106619886177,-7.791843578175,
    7.665651700516));
#4549 = CARTESIAN_POINT('',(6.106495426627,-7.669498922608,
    7.705869559239));
#4550 = CARTESIAN_POINT('',(6.10599983009,-7.311735469561,7.854504985138
    ));
#4551 = CARTESIAN_POINT('',(6.105504157142,-7.086323499999,
    7.991385074243));
#4552 = CARTESIAN_POINT('',(6.104864472162,-6.886666902103,
    8.159917057284));
#4553 = ORIENTED_EDGE('',*,*,#2434,.T.);
#4554 = ORIENTED_EDGE('',*,*,#4555,.F.);
#4555 = EDGE_CURVE('',#2399,#2437,#4556,.T.);
#4556 = B_SPLINE_CURVE_WITH_KNOTS('',3,(#4557,#4558,#4559,#4560,#4561,
    #4562,#4563,#4564,#4565,#4566,#4567,#4568),.UNSPECIFIED.,.F.,.F.,(4,
    2,2,2,2,4),(9.107298248878E-18,7.662348534835E-04,1.149352280225E-03
    ,1.532469706967E-03,2.29870456045E-03,3.064939413934E-03),
  .UNSPECIFIED.);
#4557 = CARTESIAN_POINT('',(-6.087135527838,-6.972795296168,
    8.640824812824));
#4558 = CARTESIAN_POINT('',(-6.086521931882,-7.172452263549,
    8.479682201244));
#4559 = CARTESIAN_POINT('',(-6.08604682314,-7.396507378123,
    8.349499910826));
#4560 = CARTESIAN_POINT('',(-6.08557276099,-7.74980483605,8.209501683967
    ));
#4561 = CARTESIAN_POINT('',(-6.08545350576,-7.87054143009,8.171802668487
    ));
#4562 = CARTESIAN_POINT('',(-6.085293152193,-8.118004307846,
    8.114484065428));
#4563 = CARTESIAN_POINT('',(-6.085252541395,-8.245602634382,
    8.094912268956));
#4564 = CARTESIAN_POINT('',(-6.085254067062,-8.625569540212,
    8.065689846951));
#4565 = CARTESIAN_POINT('',(-6.085416296002,-8.88081508132,
    8.084313034337));
#4566 = CARTESIAN_POINT('',(-6.086056395982,-9.378371642042,
    8.197476246409));
#4567 = CARTESIAN_POINT('',(-6.086522005952,-9.613961868144,
    8.289629898158));
#4568 = CARTESIAN_POINT('',(-6.087135527837,-9.83614936155,
    8.417934646348));
#4569 = ORIENTED_EDGE('',*,*,#2407,.T.);
#4570 = ( BOUNDED_SURFACE() B_SPLINE_SURFACE(3,2,(
    (#4571,#4572,#4573)
    ,(#4574,#4575,#4576)
    ,(#4577,#4578,#4579)
    ,(#4580,#4581,#4582
)),.UNSPECIFIED.,.F.,.F.,.F.) B_SPLINE_SURFACE_WITH_KNOTS((4,4),(3,3),(
    1.979716286801E-02,3.216910638058E-02),(0.,1.),
.PIECEWISE_BEZIER_KNOTS.) GEOMETRIC_REPRESENTATION_ITEM() 
RATIONAL_B_SPLINE_SURFACE((
    (1.,0.81852964087,1.)
    ,(1.,0.82072482822,1.)
    ,(1.,0.822839613167,1.)
,(1.,0.824882322726,1.))) REPRESENTATION_ITEM('') SURFACE() );
#4571 = CARTESIAN_POINT('',(6.200360953185,-9.792747682126,
    7.897407569445));
#4572 = CARTESIAN_POINT('',(6.156698298053,-8.24864212805,7.007678422753
    ));
#4573 = CARTESIAN_POINT('',(6.200360953185,-6.885961921087,8.1561480872)
  );
#4574 = CARTESIAN_POINT('',(2.080129838397,-9.808337431399,
    8.072548523724));
#4575 = CARTESIAN_POINT('',(2.04819529944,-8.276703796567,7.189547129779
    ));
#4576 = CARTESIAN_POINT('',(2.080129832822,-6.916388995467,
    8.318762386422));
#4577 = CARTESIAN_POINT('',(-2.040132544595,-9.822860393975,
    8.247074829245));
#4578 = CARTESIAN_POINT('',(-2.072183330346,-8.303328698439,
    7.371065180617));
#4579 = CARTESIAN_POINT('',(-2.04013254995,-6.94546978682,8.481288907069
    ));
#4580 = CARTESIAN_POINT('',(-6.160421295393,-9.836390113574,
    8.421028748896));
#4581 = CARTESIAN_POINT('',(-6.202053915104,-8.328603772217,
    7.552186652262));
#4582 = CARTESIAN_POINT('',(-6.160421295393,-6.973290259726,
    8.643713803975));
#4583 = ADVANCED_FACE('',(#4584),#4628,.F.);
#4584 = FACE_BOUND('',#4585,.F.);
#4585 = EDGE_LOOP('',(#4586,#4605,#4606,#4627));
#4586 = ORIENTED_EDGE('',*,*,#4587,.F.);
#4587 = EDGE_CURVE('',#2482,#2454,#4588,.T.);
#4588 = B_SPLINE_CURVE_WITH_KNOTS('',3,(#4589,#4590,#4591,#4592,#4593,
    #4594,#4595,#4596,#4597,#4598,#4599,#4600,#4601,#4602,#4603,#4604),
  .UNSPECIFIED.,.F.,.F.,(4,2,2,2,2,2,2,4),(2.642252078891E-17,
    5.730326345399E-04,1.14606526908E-03,2.292130538159E-03,
    2.865163172699E-03,3.438195807239E-03,4.011228441779E-03,
    4.584261076319E-03),.UNSPECIFIED.);
#4589 = CARTESIAN_POINT('',(6.104864472162,-15.15743136035,
    14.63897968148));
#4590 = CARTESIAN_POINT('',(6.105727331947,-15.29205440532,
    14.499632222906));
#4591 = CARTESIAN_POINT('',(6.106497636976,-15.40838204412,
    14.34777880266));
#4592 = CARTESIAN_POINT('',(6.107859818909,-15.60575928369,
    14.019957395683));
#4593 = CARTESIAN_POINT('',(6.108454280642,-15.68699966212,
    13.842060034564));
#4594 = CARTESIAN_POINT('',(6.109877346304,-15.86464163428,
    13.29644090483));
#4595 = CARTESIAN_POINT('',(6.110381234527,-15.89942314222,
    12.903260372091));
#4596 = CARTESIAN_POINT('',(6.110384039639,-15.81998069084,
    12.33461883516));
#4597 = CARTESIAN_POINT('',(6.110259415388,-15.77108793665,
    12.145271701428));
#4598 = CARTESIAN_POINT('',(6.109773688085,-15.63408637701,
    11.788205484546));
#4599 = CARTESIAN_POINT('',(6.109412818276,-15.5456257293,
    11.617687287314));
#4600 = CARTESIAN_POINT('',(6.108455016743,-15.32938791987,
    11.296969316415));
#4601 = CARTESIAN_POINT('',(6.107873801584,-15.20510955399,
    11.151680005788));
#4602 = CARTESIAN_POINT('',(6.106512995075,-14.92522921641,
    10.890312541552));
#4603 = CARTESIAN_POINT('',(6.105727596153,-14.76855810865,
    10.774008962458));
#4604 = CARTESIAN_POINT('',(6.104864472163,-14.60074507176,
    10.677156864211));
#4605 = ORIENTED_EDGE('',*,*,#2511,.T.);
#4606 = ORIENTED_EDGE('',*,*,#4607,.F.);
#4607 = EDGE_CURVE('',#2446,#2503,#4608,.T.);
#4608 = B_SPLINE_CURVE_WITH_KNOTS('',3,(#4609,#4610,#4611,#4612,#4613,
    #4614,#4615,#4616,#4617,#4618,#4619,#4620,#4621,#4622,#4623,#4624,
    #4625,#4626),.UNSPECIFIED.,.F.,.F.,(4,2,2,2,2,2,2,2,4),(
    8.673617379884E-19,5.890685110653E-04,1.178137022131E-03,
    1.767205533196E-03,2.356274044261E-03,2.945342555327E-03,
    3.534411066392E-03,4.123479577457E-03,4.712548088523E-03),
  .UNSPECIFIED.);
#4609 = CARTESIAN_POINT('',(-6.087135527838,-13.90853252432,
    10.769126161621));
#4610 = CARTESIAN_POINT('',(-6.086230340079,-14.07913172462,
    10.867585155924));
#4611 = CARTESIAN_POINT('',(-6.085405557872,-14.23819222272,
    10.986086132807));
#4612 = CARTESIAN_POINT('',(-6.083972369444,-14.52229693311,
    11.25347640455));
#4613 = CARTESIAN_POINT('',(-6.083362043387,-14.64761338442,
    11.401860603298));
#4614 = CARTESIAN_POINT('',(-6.082357050084,-14.86427340827,
    11.728446915106));
#4615 = CARTESIAN_POINT('',(-6.081974032611,-14.95322704955,
    11.903834172265));
#4616 = CARTESIAN_POINT('',(-6.081462960697,-15.08823792074,
    12.268143957223));
#4617 = CARTESIAN_POINT('',(-6.0813316409,-15.13537429247,
    12.461123625194));
#4618 = CARTESIAN_POINT('',(-6.081333825272,-15.18339915576,
    12.847694069456));
#4619 = CARTESIAN_POINT('',(-6.081462523771,-15.18521662938,
    13.04199086149));
#4620 = CARTESIAN_POINT('',(-6.081981702468,-15.14331475915,
    13.432659857201));
#4621 = CARTESIAN_POINT('',(-6.082366030067,-15.09996724963,
    13.623406533842));
#4622 = CARTESIAN_POINT('',(-6.083364463597,-14.97123631776,
    13.990220519997));
#4623 = CARTESIAN_POINT('',(-6.083989812189,-14.88422533731,
    14.168996515427));
#4624 = CARTESIAN_POINT('',(-6.085421883832,-14.6747656885,
    14.496899339193));
#4625 = CARTESIAN_POINT('',(-6.086230642369,-14.55218833688,
    14.647842456044));
#4626 = CARTESIAN_POINT('',(-6.087135527837,-14.41111306441,
    14.785303233783));
#4627 = ORIENTED_EDGE('',*,*,#2453,.T.);
#4628 = ( BOUNDED_SURFACE() B_SPLINE_SURFACE(3,2,(
    (#4629,#4630,#4631)
    ,(#4632,#4633,#4634)
    ,(#4635,#4636,#4637)
    ,(#4638,#4639,#4640
)),.UNSPECIFIED.,.F.,.F.,.F.) B_SPLINE_SURFACE_WITH_KNOTS((4,4),(3,3),(
    2.912239127223E-02,4.154342169942E-02),(0.,1.),
.PIECEWISE_BEZIER_KNOTS.) GEOMETRIC_REPRESENTATION_ITEM() 
RATIONAL_B_SPLINE_SURFACE((
    (1.,0.604231683483,1.)
    ,(1.,0.608420108864,1.)
    ,(1.,0.612465210351,1.)
,(1.,0.616381835645,1.))) REPRESENTATION_ITEM('') SURFACE() );
#4629 = CARTESIAN_POINT('',(-6.160655160734,-13.90431219655,
    10.769654088708));
#4630 = CARTESIAN_POINT('',(-6.314808879163,-16.79932400156,
    12.447305878856));
#4631 = CARTESIAN_POINT('',(-6.160655160734,-14.40655227777,
    14.786162941169));
#4632 = CARTESIAN_POINT('',(-2.027219879065,-14.14160435935,
    10.739982142402));
#4633 = CARTESIAN_POINT('',(-2.206485776138,-17.00368838427,
    12.399635669019));
#4634 = CARTESIAN_POINT('',(-2.027219897267,-14.66299075187,
    14.737836232984));
#4635 = CARTESIAN_POINT('',(2.106369730607,-14.37619876201,
    10.708746420582));
#4636 = CARTESIAN_POINT('',(1.93227513108,-17.20842547644,
    12.350953298552));
#4637 = CARTESIAN_POINT('',(2.106369717526,-14.91589550613,
    14.688172155086));
#4638 = CARTESIAN_POINT('',(6.240076469429,-14.60833917663,10.6760891651
    ));
#4639 = CARTESIAN_POINT('',(6.095400520032,-17.41320772394,
    12.301314548775));
#4640 = CARTESIAN_POINT('',(6.240076469429,-15.16560025473,
    14.637316642049));
#4641 = ADVANCED_FACE('',(#4642),#4676,.F.);
#4642 = FACE_BOUND('',#4643,.F.);
#4643 = EDGE_LOOP('',(#4644,#4659,#4660,#4675));
#4644 = ORIENTED_EDGE('',*,*,#4645,.F.);
#4645 = EDGE_CURVE('',#2385,#2362,#4646,.T.);
#4646 = B_SPLINE_CURVE_WITH_KNOTS('',3,(#4647,#4648,#4649,#4650,#4651,
    #4652,#4653,#4654,#4655,#4656,#4657,#4658),.UNSPECIFIED.,.F.,.F.,(4,
    2,2,2,2,4),(1.279358563533E-17,7.727098128124E-04,1.545419625625E-03
    ,1.931774532031E-03,2.318129438437E-03,3.09083925125E-03),
  .UNSPECIFIED.);
#4647 = CARTESIAN_POINT('',(6.104864472162,-3.62336201333,
    10.043987013265));
#4648 = CARTESIAN_POINT('',(6.105504154922,-3.377581588565,
    10.132628399974));
#4649 = CARTESIAN_POINT('',(6.10599015595,-3.151469171848,
    10.256040283835));
#4650 = CARTESIAN_POINT('',(6.106659030753,-2.738038424563,
    10.571446983721));
#4651 = CARTESIAN_POINT('',(6.106828233737,-2.557730597453,
    10.759044759121));
#4652 = CARTESIAN_POINT('',(6.106829721988,-2.33414874078,
    11.076765758604));
#4653 = CARTESIAN_POINT('',(6.106787178977,-2.267013801609,
    11.189729186521));
#4654 = CARTESIAN_POINT('',(6.106619806841,-2.152401521688,
    11.421283836572));
#4655 = CARTESIAN_POINT('',(6.106495334221,-2.104228326858,
    11.540720155432));
#4656 = CARTESIAN_POINT('',(6.105999723437,-1.987071951858,
    11.909991820477));
#4657 = CARTESIAN_POINT('',(6.105504075997,-1.946294213258,
    12.17053719169));
#4658 = CARTESIAN_POINT('',(6.104864472162,-1.946316548717,
    12.431814412192));
#4659 = ORIENTED_EDGE('',*,*,#2384,.T.);
#4660 = ORIENTED_EDGE('',*,*,#4661,.F.);
#4661 = EDGE_CURVE('',#2354,#2387,#4662,.T.);
#4662 = B_SPLINE_CURVE_WITH_KNOTS('',3,(#4663,#4664,#4665,#4666,#4667,
    #4668,#4669,#4670,#4671,#4672,#4673,#4674),.UNSPECIFIED.,.F.,.F.,(4,
    2,2,2,2,4),(0.,7.662348527962E-04,1.149352279194E-03,
    1.532469705592E-03,2.298704558389E-03,3.064939411185E-03),
  .UNSPECIFIED.);
#4663 = CARTESIAN_POINT('',(-6.087135527838,-2.37207057036,
    12.727322545694));
#4664 = CARTESIAN_POINT('',(-6.08652200383,-2.372049145629,
    12.47074927064));
#4665 = CARTESIAN_POINT('',(-6.086046917497,-2.411443497804,
    12.214631704144));
#4666 = CARTESIAN_POINT('',(-6.085572842693,-2.524362034057,
    11.851770846508));
#4667 = CARTESIAN_POINT('',(-6.085453575901,-2.570845512459,
    11.734136552243));
#4668 = CARTESIAN_POINT('',(-6.085293191149,-2.681643715107,
    11.505560402036));
#4669 = CARTESIAN_POINT('',(-6.085252560565,-2.746543267187,
    11.393969917377));
#4670 = CARTESIAN_POINT('',(-6.085254027635,-2.962417930024,
    11.079920670465));
#4671 = CARTESIAN_POINT('',(-6.085416218092,-3.137202993095,
    10.89297872471));
#4672 = CARTESIAN_POINT('',(-6.086056301765,-3.537730341143,
    10.576835897285));
#4673 = CARTESIAN_POINT('',(-6.086521934005,-3.75739489853,
    10.451366648899));
#4674 = CARTESIAN_POINT('',(-6.087135527837,-3.996776149472,
    10.359030268282));
#4675 = ORIENTED_EDGE('',*,*,#2361,.T.);
#4676 = ( BOUNDED_SURFACE() B_SPLINE_SURFACE(3,2,(
    (#4677,#4678,#4679)
    ,(#4680,#4681,#4682)
    ,(#4683,#4684,#4685)
    ,(#4686,#4687,#4688
)),.UNSPECIFIED.,.F.,.F.,.F.) B_SPLINE_SURFACE_WITH_KNOTS((4,4),(3,3),(
    1.972895862017E-02,3.210090281171E-02),(0.,1.),
.PIECEWISE_BEZIER_KNOTS.) GEOMETRIC_REPRESENTATION_ITEM() 
RATIONAL_B_SPLINE_SURFACE((
    (1.,0.824882322727,1.)
    ,(1.,0.82283961313,1.)
    ,(1.,0.820724828144,1.)
,(1.,0.818529640751,1.))) REPRESENTATION_ITEM('') SURFACE() );
#4677 = CARTESIAN_POINT('',(-6.16042129672,-2.374629765802,
    12.729078094369));
#4678 = CARTESIAN_POINT('',(-6.20205391643,-2.376083608918,
    10.988875770962));
#4679 = CARTESIAN_POINT('',(-6.16042129672,-3.999030607462,
    10.360903414907));
#4680 = CARTESIAN_POINT('',(-2.040132471361,-2.230746109492,
    12.630384051905));
#4681 = CARTESIAN_POINT('',(-2.072183256753,-2.231865347576,
    10.876426177161));
#4682 = CARTESIAN_POINT('',(-2.040132476717,-3.872276754692,
    10.255597728267));
#4683 = CARTESIAN_POINT('',(2.080129986189,-2.086863373967,
    12.53054364275));
#4684 = CARTESIAN_POINT('',(2.048195447622,-2.087978552616,
    10.762609308213));
#4685 = CARTESIAN_POINT('',(2.080129980614,-3.74606505242,
    10.149149761925));
#4686 = CARTESIAN_POINT('',(6.200361175534,-1.942981730351,
    12.429472044841));
#4687 = CARTESIAN_POINT('',(6.156698520364,-1.944506463867,
    10.647372834759));
#4688 = CARTESIAN_POINT('',(6.200361175534,-3.62045047322,
    10.041491990944));
#4689 = ADVANCED_FACE('',(#4690),#4734,.F.);
#4690 = FACE_BOUND('',#4691,.F.);
#4691 = EDGE_LOOP('',(#4692,#4711,#4712,#4733));
#4692 = ORIENTED_EDGE('',*,*,#4693,.F.);
#4693 = EDGE_CURVE('',#2340,#2480,#4694,.T.);
#4694 = B_SPLINE_CURVE_WITH_KNOTS('',3,(#4695,#4696,#4697,#4698,#4699,
    #4700,#4701,#4702,#4703,#4704,#4705,#4706,#4707,#4708,#4709,#4710),
  .UNSPECIFIED.,.F.,.F.,(4,2,2,2,2,2,2,4),(0.,5.730326344335E-04,
    1.146065268867E-03,2.292130537734E-03,2.865163172167E-03,
    3.438195806601E-03,4.011228441034E-03,4.584261075468E-03),
  .UNSPECIFIED.);
#4695 = CARTESIAN_POINT('',(6.104864472162,-1.946316548716,
    17.983194578433));
#4696 = CARTESIAN_POINT('',(6.105727590787,-1.94628640795,18.17694977595
    ));
#4697 = CARTESIAN_POINT('',(6.106498080026,-1.968104032496,
    18.36699075019));
#4698 = CARTESIAN_POINT('',(6.107860485395,-2.053867173987,
    18.739910757868));
#4699 = CARTESIAN_POINT('',(6.108454984709,-2.119015797843,
    18.924310127692));
#4700 = CARTESIAN_POINT('',(6.109877973697,-2.370278232154,
    19.440182290789));
#4701 = CARTESIAN_POINT('',(6.11038155306,-2.61840165011,19.747160235236
    ));
#4702 = CARTESIAN_POINT('',(6.110383882864,-3.070578966827,
    20.100996328102));
#4703 = CARTESIAN_POINT('',(6.110259098098,-3.237286701106,
    20.203228265317));
#4704 = CARTESIAN_POINT('',(6.109773124378,-3.583885357104,
    20.364891753365));
#4705 = CARTESIAN_POINT('',(6.10941216623,-3.765973906109,
    20.426092287876));
#4706 = CARTESIAN_POINT('',(6.108454312241,-4.144316226726,
    20.50656519366));
#4707 = CARTESIAN_POINT('',(6.107873133714,-4.334642038758,
    20.524736073895));
#4708 = CARTESIAN_POINT('',(6.106512548794,-4.717531848295,
    20.518305763013));
#4709 = CARTESIAN_POINT('',(6.105727337307,-4.911021480074,
    20.49312399395));
#4710 = CARTESIAN_POINT('',(6.104864472163,-5.099012609466,
    20.44621045493));
#4711 = ORIENTED_EDGE('',*,*,#2339,.T.);
#4712 = ORIENTED_EDGE('',*,*,#4713,.F.);
#4713 = EDGE_CURVE('',#2491,#2342,#4714,.T.);
#4714 = B_SPLINE_CURVE_WITH_KNOTS('',3,(#4715,#4716,#4717,#4718,#4719,
    #4720,#4721,#4722,#4723,#4724,#4725,#4726,#4727,#4728,#4729,#4730,
    #4731,#4732),.UNSPECIFIED.,.F.,.F.,(4,2,2,2,2,2,2,2,4),(
    8.673617379884E-19,5.89068509493E-04,1.178137018986E-03,
    1.767205528479E-03,2.356274037972E-03,2.945342547465E-03,
    3.534411056958E-03,4.123479566451E-03,4.712548075944E-03),
  .UNSPECIFIED.);
#4715 = CARTESIAN_POINT('',(-6.087135527838,-5.598891670903,
    19.873041627487));
#4716 = CARTESIAN_POINT('',(-6.086230635798,-5.409308132456,
    19.926486396513));
#4717 = CARTESIAN_POINT('',(-6.085406068923,-5.213426183325,
    19.957679119386));
#4718 = CARTESIAN_POINT('',(-6.083973136057,-4.823643823606,
    19.974494502605));
#4719 = CARTESIAN_POINT('',(-6.083362852285,-4.629915098864,
    19.960664666737));
#4720 = CARTESIAN_POINT('',(-6.082357799926,-4.244817362194,
    19.887864175716));
#4721 = CARTESIAN_POINT('',(-6.081974680725,-4.057132221373,
    19.829146794455));
#4722 = CARTESIAN_POINT('',(-6.081463325699,-3.702010326999,
    19.671546041843));
#4723 = CARTESIAN_POINT('',(-6.081331821341,-3.530914982212,
    19.570603624862));
#4724 = CARTESIAN_POINT('',(-6.081333640593,-3.220567075305,
    19.335173644558));
#4725 = CARTESIAN_POINT('',(-6.081462158326,-3.08016051621,
    19.200858548085));
#4726 = CARTESIAN_POINT('',(-6.081981051377,-2.829645290833,
    18.898170333165));
#4727 = CARTESIAN_POINT('',(-6.082365279268,-2.723305593482,
    18.733990039265));
#4728 = CARTESIAN_POINT('',(-6.083363655114,-2.55047878766,
    18.385773087658));
#4729 = CARTESIAN_POINT('',(-6.083989047569,-2.483187976468,
    18.198680290651));
#4730 = CARTESIAN_POINT('',(-6.085421376611,-2.394573485518,
    17.819812138011));
#4731 = CARTESIAN_POINT('',(-6.086230346658,-2.372038960737,
    17.626676883158));
#4732 = CARTESIAN_POINT('',(-6.087135527837,-2.37207057036,
    17.429705576239));
#4733 = ORIENTED_EDGE('',*,*,#2490,.T.);
#4734 = ( BOUNDED_SURFACE() B_SPLINE_SURFACE(3,2,(
    (#4735,#4736,#4737)
    ,(#4738,#4739,#4740)
    ,(#4741,#4742,#4743)
    ,(#4744,#4745,#4746
)),.UNSPECIFIED.,.F.,.F.,.F.) B_SPLINE_SURFACE_WITH_KNOTS((4,4),(3,3),(
    2.928490207541E-02,4.170594225001E-02),(0.,1.),
.PIECEWISE_BEZIER_KNOTS.) GEOMETRIC_REPRESENTATION_ITEM() 
RATIONAL_B_SPLINE_SURFACE((
    (1.,0.616381835717,1.)
    ,(1.,0.612465210401,1.)
    ,(1.,0.60842010889,1.)
,(1.,0.604231683483,1.))) REPRESENTATION_ITEM('') SURFACE() );
#4735 = CARTESIAN_POINT('',(6.240076545811,-1.94159483906,
    17.989237420026));
#4736 = CARTESIAN_POINT('',(6.095400596469,-1.946647034538,
    21.230937527504));
#4737 = CARTESIAN_POINT('',(6.240076545811,-5.093487924765,
    20.452453408787));
#4738 = CARTESIAN_POINT('',(2.106369781374,-2.085947060127,
    17.804526550373));
#4739 = CARTESIAN_POINT('',(1.932275181573,-2.092026577506,
    21.078410272848));
#4740 = CARTESIAN_POINT('',(2.106369768295,-5.262382466333,
    20.261630508428));
#4741 = CARTESIAN_POINT('',(-2.027219853907,-2.230295190955,
    17.616979697777));
#4742 = CARTESIAN_POINT('',(-2.206485751312,-2.236555294015,
    20.92544393419));
#4743 = CARTESIAN_POINT('',(-2.027219872112,-5.431845197604,
    20.067440604279));
#4744 = CARTESIAN_POINT('',(-6.16065516119,-2.374637932529,
    17.426314628701));
#4745 = CARTESIAN_POINT('',(-6.314808879619,-2.380021098997,
    20.772294291173));
#4746 = CARTESIAN_POINT('',(-6.16065516119,-5.601916592681,
    19.869521724061));
#4747 = ADVANCED_FACE('',(#4748),#4766,.T.);
#4748 = FACE_BOUND('',#4749,.T.);
#4749 = EDGE_LOOP('',(#4750,#4757,#4758,#4765));
#4750 = ORIENTED_EDGE('',*,*,#4751,.F.);
#4751 = EDGE_CURVE('',#2196,#1496,#4752,.T.);
#4752 = ( BOUNDED_CURVE() B_SPLINE_CURVE(3,(#4753,#4754,#4755,#4756),
.UNSPECIFIED.,.F.,.F.) B_SPLINE_CURVE_WITH_KNOTS((4,4),(3.14159265359,
4.712388980385),.PIECEWISE_BEZIER_KNOTS.) CURVE() 
GEOMETRIC_REPRESENTATION_ITEM() RATIONAL_B_SPLINE_CURVE((1.,
0.804737854124,0.804737854124,1.)) REPRESENTATION_ITEM('') );
#4753 = CARTESIAN_POINT('',(-6.096,7.416289804496E-14,6.232496155902));
#4754 = CARTESIAN_POINT('',(-6.244789755157,7.105427357601E-14,
    6.232496155902));
#4755 = CARTESIAN_POINT('',(-6.35,7.238654120556E-14,6.353982482265));
#4756 = CARTESIAN_POINT('',(-6.35,7.327471962526E-14,6.52579009265));
#4757 = ORIENTED_EDGE('',*,*,#2234,.F.);
#4758 = ORIENTED_EDGE('',*,*,#4759,.F.);
#4759 = EDGE_CURVE('',#1504,#2227,#4760,.T.);
#4760 = ( BOUNDED_CURVE() B_SPLINE_CURVE(3,(#4761,#4762,#4763,#4764),
.UNSPECIFIED.,.F.,.F.) B_SPLINE_CURVE_WITH_KNOTS((4,4),(1.570796326795,
3.14159265359),.PIECEWISE_BEZIER_KNOTS.) CURVE() 
GEOMETRIC_REPRESENTATION_ITEM() RATIONAL_B_SPLINE_CURVE((1.,
0.804737854124,0.804737854124,1.)) REPRESENTATION_ITEM('') );
#4761 = CARTESIAN_POINT('',(-6.35,-5.6515,3.262895046325));
#4762 = CARTESIAN_POINT('',(-6.35,-5.502710244843,3.176991241132));
#4763 = CARTESIAN_POINT('',(-6.244789755157,-5.3975,3.116248077951));
#4764 = CARTESIAN_POINT('',(-6.096,-5.3975,3.116248077951));
#4765 = ORIENTED_EDGE('',*,*,#1503,.F.);
#4766 = CYLINDRICAL_SURFACE('',#4767,0.254);
#4767 = AXIS2_PLACEMENT_3D('',#4768,#4769,#4770);
#4768 = CARTESIAN_POINT('',(-6.096,-2.82575,4.894342569488));
#4769 = DIRECTION('',(0.,0.866025403784,0.5));
#4770 = DIRECTION('',(0.,-0.5,0.866025403784));
#4771 = ADVANCED_FACE('',(#4772),#4784,.T.);
#4772 = FACE_BOUND('',#4773,.T.);
#4773 = EDGE_LOOP('',(#4774,#4775,#4776,#4783));
#4774 = ORIENTED_EDGE('',*,*,#4759,.T.);
#4775 = ORIENTED_EDGE('',*,*,#2265,.F.);
#4776 = ORIENTED_EDGE('',*,*,#4777,.F.);
#4777 = EDGE_CURVE('',#1470,#2258,#4778,.T.);
#4778 = ( BOUNDED_CURVE() B_SPLINE_CURVE(3,(#4779,#4780,#4781,#4782),
.UNSPECIFIED.,.F.,.F.) B_SPLINE_CURVE_WITH_KNOTS((4,4),(1.570796326795,
3.14159265359),.PIECEWISE_BEZIER_KNOTS.) CURVE() 
GEOMETRIC_REPRESENTATION_ITEM() RATIONAL_B_SPLINE_CURVE((1.,
0.804737854124,0.804737854124,1.)) REPRESENTATION_ITEM('') );
#4779 = CARTESIAN_POINT('',(-6.35,-5.6515,-3.262895046325));
#4780 = CARTESIAN_POINT('',(-6.35,-5.502710244843,-3.176991241132));
#4781 = CARTESIAN_POINT('',(-6.244789755157,-5.3975,-3.116248077951));
#4782 = CARTESIAN_POINT('',(-6.096,-5.3975,-3.116248077951));
#4783 = ORIENTED_EDGE('',*,*,#1511,.F.);
#4784 = CYLINDRICAL_SURFACE('',#4785,0.254);
#4785 = AXIS2_PLACEMENT_3D('',#4786,#4787,#4788);
#4786 = CARTESIAN_POINT('',(-6.096,-5.6515,-1.33226762955E-15));
#4787 = DIRECTION('',(0.,-2.775557561563E-16,1.));
#4788 = DIRECTION('',(0.,-1.,-2.775557561563E-16));
#4789 = ADVANCED_FACE('',(#4790),#4802,.T.);
#4790 = FACE_BOUND('',#4791,.T.);
#4791 = EDGE_LOOP('',(#4792,#4793,#4794,#4801));
#4792 = ORIENTED_EDGE('',*,*,#4751,.T.);
#4793 = ORIENTED_EDGE('',*,*,#1495,.F.);
#4794 = ORIENTED_EDGE('',*,*,#4795,.F.);
#4795 = EDGE_CURVE('',#2156,#1488,#4796,.T.);
#4796 = ( BOUNDED_CURVE() B_SPLINE_CURVE(3,(#4797,#4798,#4799,#4800),
.UNSPECIFIED.,.F.,.F.) B_SPLINE_CURVE_WITH_KNOTS((4,4),(3.14159265359,
4.712388980385),.PIECEWISE_BEZIER_KNOTS.) CURVE() 
GEOMETRIC_REPRESENTATION_ITEM() RATIONAL_B_SPLINE_CURVE((1.,
0.804737854124,0.804737854124,1.)) REPRESENTATION_ITEM('') );
#4797 = CARTESIAN_POINT('',(-6.096,5.3975,3.116248077951));
#4798 = CARTESIAN_POINT('',(-6.244789755157,5.3975,3.116248077951));
#4799 = CARTESIAN_POINT('',(-6.35,5.502710244843,3.176991241132));
#4800 = CARTESIAN_POINT('',(-6.35,5.6515,3.262895046325));
#4801 = ORIENTED_EDGE('',*,*,#2203,.F.);
#4802 = CYLINDRICAL_SURFACE('',#4803,0.254);
#4803 = AXIS2_PLACEMENT_3D('',#4804,#4805,#4806);
#4804 = CARTESIAN_POINT('',(-6.096,2.82575,4.894342569488));
#4805 = DIRECTION('',(0.,0.866025403784,-0.5));
#4806 = DIRECTION('',(0.,0.5,0.866025403784));
#4807 = ADVANCED_FACE('',(#4808),#4820,.T.);
#4808 = FACE_BOUND('',#4809,.T.);
#4809 = EDGE_LOOP('',(#4810,#4811,#4812,#4819));
#4810 = ORIENTED_EDGE('',*,*,#4777,.T.);
#4811 = ORIENTED_EDGE('',*,*,#2296,.F.);
#4812 = ORIENTED_EDGE('',*,*,#4813,.F.);
#4813 = EDGE_CURVE('',#1472,#2289,#4814,.T.);
#4814 = ( BOUNDED_CURVE() B_SPLINE_CURVE(3,(#4815,#4816,#4817,#4818),
.UNSPECIFIED.,.F.,.F.) B_SPLINE_CURVE_WITH_KNOTS((4,4),(1.570796326795,
3.14159265359),.PIECEWISE_BEZIER_KNOTS.) CURVE() 
GEOMETRIC_REPRESENTATION_ITEM() RATIONAL_B_SPLINE_CURVE((1.,
0.804737854124,0.804737854124,1.)) REPRESENTATION_ITEM('') );
#4815 = CARTESIAN_POINT('',(-6.35,7.416289804496E-14,-6.52579009265));
#4816 = CARTESIAN_POINT('',(-6.35,7.327471962526E-14,-6.353982482265));
#4817 = CARTESIAN_POINT('',(-6.244789755157,7.371880883511E-14,
    -6.232496155902));
#4818 = CARTESIAN_POINT('',(-6.096,7.327471962526E-14,-6.232496155902));
#4819 = ORIENTED_EDGE('',*,*,#1469,.F.);
#4820 = CYLINDRICAL_SURFACE('',#4821,0.254);
#4821 = AXIS2_PLACEMENT_3D('',#4822,#4823,#4824);
#4822 = CARTESIAN_POINT('',(-6.096,-2.82575,-4.894342569488));
#4823 = DIRECTION('',(0.,-0.866025403784,0.5));
#4824 = DIRECTION('',(0.,-0.5,-0.866025403784));
#4825 = ADVANCED_FACE('',(#4826),#4838,.T.);
#4826 = FACE_BOUND('',#4827,.T.);
#4827 = EDGE_LOOP('',(#4828,#4829,#4830,#4837));
#4828 = ORIENTED_EDGE('',*,*,#4795,.T.);
#4829 = ORIENTED_EDGE('',*,*,#1487,.F.);
#4830 = ORIENTED_EDGE('',*,*,#4831,.F.);
#4831 = EDGE_CURVE('',#2164,#1480,#4832,.T.);
#4832 = ( BOUNDED_CURVE() B_SPLINE_CURVE(3,(#4833,#4834,#4835,#4836),
.UNSPECIFIED.,.F.,.F.) B_SPLINE_CURVE_WITH_KNOTS((4,4),(
-2.6645352591E-15,1.570796326795),.PIECEWISE_BEZIER_KNOTS.) CURVE() 
GEOMETRIC_REPRESENTATION_ITEM() RATIONAL_B_SPLINE_CURVE((1.,
0.804737854124,0.804737854124,1.)) REPRESENTATION_ITEM('') );
#4833 = CARTESIAN_POINT('',(-6.096,5.3975,-3.116248077951));
#4834 = CARTESIAN_POINT('',(-6.244789755157,5.3975,-3.116248077951));
#4835 = CARTESIAN_POINT('',(-6.35,5.502710244843,-3.176991241132));
#4836 = CARTESIAN_POINT('',(-6.35,5.6515,-3.262895046325));
#4837 = ORIENTED_EDGE('',*,*,#2163,.F.);
#4838 = CYLINDRICAL_SURFACE('',#4839,0.254);
#4839 = AXIS2_PLACEMENT_3D('',#4840,#4841,#4842);
#4840 = CARTESIAN_POINT('',(-6.096,5.6515,-4.440892098501E-16));
#4841 = DIRECTION('',(0.,-1.665334536938E-16,-1.));
#4842 = DIRECTION('',(0.,1.,-1.665334536938E-16));
#4843 = ADVANCED_FACE('',(#4844),#4850,.T.);
#4844 = FACE_BOUND('',#4845,.T.);
#4845 = EDGE_LOOP('',(#4846,#4847,#4848,#4849));
#4846 = ORIENTED_EDGE('',*,*,#4813,.T.);
#4847 = ORIENTED_EDGE('',*,*,#2318,.F.);
#4848 = ORIENTED_EDGE('',*,*,#4831,.T.);
#4849 = ORIENTED_EDGE('',*,*,#1479,.F.);
#4850 = CYLINDRICAL_SURFACE('',#4851,0.254);
#4851 = AXIS2_PLACEMENT_3D('',#4852,#4853,#4854);
#4852 = CARTESIAN_POINT('',(-6.096,2.82575,-4.894342569488));
#4853 = DIRECTION('',(0.,-0.866025403784,-0.5));
#4854 = DIRECTION('',(1.,0.,0.));
#4855 = ADVANCED_FACE('',(#4856),#4862,.T.);
#4856 = FACE_BOUND('',#4857,.T.);
#4857 = EDGE_LOOP('',(#4858,#4859,#4860,#4861));
#4858 = ORIENTED_EDGE('',*,*,#592,.F.);
#4859 = ORIENTED_EDGE('',*,*,#1519,.F.);
#4860 = ORIENTED_EDGE('',*,*,#610,.T.);
#4861 = ORIENTED_EDGE('',*,*,#638,.F.);
#4862 = TOROIDAL_SURFACE('',#4863,25.136975300297,0.254);
#4863 = AXIS2_PLACEMENT_3D('',#4864,#4865,#4866);
#4864 = CARTESIAN_POINT('',(-6.096,0.,0.));
#4865 = DIRECTION('',(1.,0.,0.));
#4866 = DIRECTION('',(0.,0.866025403784,0.5));
#4867 = ADVANCED_FACE('',(#4868),#4887,.T.);
#4868 = FACE_BOUND('',#4869,.T.);
#4869 = EDGE_LOOP('',(#4870,#4877,#4878,#4885,#4886));
#4870 = ORIENTED_EDGE('',*,*,#4871,.F.);
#4871 = EDGE_CURVE('',#2342,#1578,#4872,.T.);
#4872 = CIRCLE('',#4873,0.254);
#4873 = AXIS2_PLACEMENT_3D('',#4874,#4875,#4876);
#4874 = CARTESIAN_POINT('',(-6.096,-2.118225300297,17.429705576239));
#4875 = DIRECTION('',(7.792769900118E-14,-1.043609643148E-14,-1.));
#4876 = DIRECTION('',(5.679798517591E-29,1.,-1.043609643148E-14));
#4877 = ORIENTED_EDGE('',*,*,#4713,.F.);
#4878 = ORIENTED_EDGE('',*,*,#4879,.F.);
#4879 = EDGE_CURVE('',#244,#2491,#4880,.T.);
#4880 = CIRCLE('',#4881,0.254);
#4881 = AXIS2_PLACEMENT_3D('',#4882,#4883,#4884);
#4882 = CARTESIAN_POINT('',(-6.096,-5.667728510894,20.117375232612));
#4883 = DIRECTION('',(0.,-0.962529674334,-0.271176374389));
#4884 = DIRECTION('',(0.,0.271176374389,-0.962529674334));
#4885 = ORIENTED_EDGE('',*,*,#241,.F.);
#4886 = ORIENTED_EDGE('',*,*,#1585,.F.);
#4887 = ( BOUNDED_SURFACE() B_SPLINE_SURFACE(3,2,(
    (#4888,#4889,#4890)
    ,(#4891,#4892,#4893)
    ,(#4894,#4895,#4896)
    ,(#4897,#4898,#4899)
    ,(#4900,#4901,#4902)
    ,(#4903,#4904,#4905)
    ,(#4906,#4907,#4908)
    ,(#4909,#4910,#4911)
    ,(#4912,#4913,#4914)
    ,(#4915,#4916,#4917)
    ,(#4918,#4919,#4920)
    ,(#4921,#4922,#4923)
    ,(#4924,#4925,#4926)
    ,(#4927,#4928,#4929)
    ,(#4930,#4931,#4932)
    ,(#4933,#4934,#4935
)),.UNSPECIFIED.,.F.,.F.,.F.) B_SPLINE_SURFACE_WITH_KNOTS((4,2,2,2,2,2,2
    ,4),(3,3),(1.788933584601E-17,6.407458912127E-04,1.281491782425E-03,
    1.922237673638E-03,2.562983564851E-03,3.203729456063E-03,
    3.844475347276E-03,5.125967129701E-03),(0.,1.),.UNSPECIFIED.) 
GEOMETRIC_REPRESENTATION_ITEM() RATIONAL_B_SPLINE_SURFACE((
    (1.,0.694658370459,1.)
    ,(1.,0.693376315946,1.)
    ,(1.,0.692225835454,1.)
    ,(1.,0.690186185457,1.)
    ,(1.,0.68929340398,1.)
    ,(1.,0.687866429091,1.)
    ,(1.,0.687316222246,1.)
    ,(1.,0.686572863699,1.)
    ,(1.,0.686388529084,1.)
    ,(1.,0.686385921662,1.)
    ,(1.,0.686574530914,1.)
    ,(1.,0.687307102337,1.)
    ,(1.,0.687855730909,1.)
    ,(1.,0.690010526009,1.)
    ,(1.,0.69207852042,1.)
,(1.,0.694658370459,1.))) REPRESENTATION_ITEM('') SURFACE() );
#4888 = CARTESIAN_POINT('',(-6.087135527838,-2.37207057036,
    17.429705576239));
#4889 = CARTESIAN_POINT('',(-6.35,-2.38125,17.429705576239));
#4890 = CARTESIAN_POINT('',(-6.35,-2.118225300297,17.429705576239));
#4891 = CARTESIAN_POINT('',(-6.08623030841,-2.372038959401,
    17.626685189743));
#4892 = CARTESIAN_POINT('',(-6.35,-2.382190267511,17.626337947187));
#4893 = CARTESIAN_POINT('',(-6.35,-2.118225304951,17.646337270384));
#4894 = CARTESIAN_POINT('',(-6.085421188117,-2.39457965087,
    17.819857824162));
#4895 = CARTESIAN_POINT('',(-6.35,-2.405588386138,17.818502331584));
#4896 = CARTESIAN_POINT('',(-6.35,-2.143051140685,17.858786081826));
#4897 = CARTESIAN_POINT('',(-6.083988812754,-2.483208001732,
    18.19874657585));
#4898 = CARTESIAN_POINT('',(-6.35,-2.495327907327,18.195274794448));
#4899 = CARTESIAN_POINT('',(-6.35,-2.240597349931,18.27549104847));
#4900 = CARTESIAN_POINT('',(-6.083363442984,-2.550506017123,
    18.385839891928));
#4901 = CARTESIAN_POINT('',(-6.35,-2.562961612905,18.381061480862));
#4902 = CARTESIAN_POINT('',(-6.35,-2.314649188792,18.481261974224));
#4903 = CARTESIAN_POINT('',(-6.082365135296,-2.723340011612,
    18.734047440269));
#4904 = CARTESIAN_POINT('',(-6.35,-2.735844148396,18.726880138545));
#4905 = CARTESIAN_POINT('',(-6.35,-2.504804929492,18.864239639696));
#4906 = CARTESIAN_POINT('',(-6.081980953327,-2.8296804742,18.89821834995
    ));
#4907 = CARTESIAN_POINT('',(-6.35,-2.841906201341,18.889753729288));
#4908 = CARTESIAN_POINT('',(-6.35,-2.621794198033,19.044808151971));
#4909 = CARTESIAN_POINT('',(-6.081462136674,-3.080183125952,
    19.200880359291));
#4910 = CARTESIAN_POINT('',(-6.35,-3.091363645997,19.19024383549));
#4911 = CARTESIAN_POINT('',(-6.35,-2.89736704092,19.37771004933));
#4912 = CARTESIAN_POINT('',(-6.081333640074,-3.220580401619,
    19.335183836277));
#4913 = CARTESIAN_POINT('',(-6.35,-3.23092306509,19.323525375467));
#4914 = CARTESIAN_POINT('',(-6.35,-3.051808981055,19.525437355974));
#4915 = CARTESIAN_POINT('',(-6.081331821851,-3.530903016913,
    19.570594465609));
#4916 = CARTESIAN_POINT('',(-6.35,-3.539345131754,19.557491689367));
#4917 = CARTESIAN_POINT('',(-6.35,-3.393163929023,19.784388954301));
#4918 = CARTESIAN_POINT('',(-6.081463301806,-3.70198174308,
    19.671529601782));
#4919 = CARTESIAN_POINT('',(-6.35,-3.709190714884,19.657887425778));
#4920 = CARTESIAN_POINT('',(-6.35,-3.581345476799,19.895424273453));
#4921 = CARTESIAN_POINT('',(-6.081974586709,-4.057078917795,
    19.829126892519));
#4922 = CARTESIAN_POINT('',(-6.35,-4.061941172672,19.815068164164));
#4923 = CARTESIAN_POINT('',(-6.35,-3.971932728753,20.068807227583));
#4924 = CARTESIAN_POINT('',(-6.082357655333,-4.244752269366,
    19.887846384925));
#4925 = CARTESIAN_POINT('',(-6.35,-4.248278192905,19.873862782123));
#4926 = CARTESIAN_POINT('',(-6.35,-4.178358701241,20.13341809728));
#4927 = CARTESIAN_POINT('',(-6.083865130716,-4.822388413165,
    19.997061597004));
#4928 = CARTESIAN_POINT('',(-6.35,-4.821857949966,19.984008368598));
#4929 = CARTESIAN_POINT('',(-6.35,-4.813700551938,20.253631301433));
#4930 = CARTESIAN_POINT('',(-6.085312368205,-5.216922256249,
    19.980721161837));
#4931 = CARTESIAN_POINT('',(-6.35,-5.213850860942,19.970012355444));
#4932 = CARTESIAN_POINT('',(-6.35,-5.247631934084,20.235730297716));
#4933 = CARTESIAN_POINT('',(-6.087135527838,-5.598891670903,
    19.873041627487));
#4934 = CARTESIAN_POINT('',(-6.35,-5.596402426454,19.864206154065));
#4935 = CARTESIAN_POINT('',(-6.35,-5.667728510894,20.117375232611));
#4936 = ADVANCED_FACE('',(#4937),#4949,.T.);
#4937 = FACE_BOUND('',#4938,.T.);
#4938 = EDGE_LOOP('',(#4939,#4940,#4941,#4942));
#4939 = ORIENTED_EDGE('',*,*,#252,.F.);
#4940 = ORIENTED_EDGE('',*,*,#4879,.T.);
#4941 = ORIENTED_EDGE('',*,*,#2502,.F.);
#4942 = ORIENTED_EDGE('',*,*,#4943,.F.);
#4943 = EDGE_CURVE('',#253,#2503,#4944,.T.);
#4944 = CIRCLE('',#4945,0.254);
#4945 = AXIS2_PLACEMENT_3D('',#4946,#4947,#4948);
#4946 = CARTESIAN_POINT('',(-6.096,-14.58829375345,14.967084488494));
#4947 = DIRECTION('',(0.,-0.716110466294,-0.697986962675));
#4948 = DIRECTION('',(0.,0.697986962675,-0.716110466294));
#4949 = TOROIDAL_SURFACE('',#4950,20.900524699703,0.254);
#4950 = AXIS2_PLACEMENT_3D('',#4951,#4952,#4953);
#4951 = CARTESIAN_POINT('',(-6.096,0.,0.));
#4952 = DIRECTION('',(1.,0.,0.));
#4953 = DIRECTION('',(0.,0.866025403784,0.5));
#4954 = ADVANCED_FACE('',(#4955),#4967,.T.);
#4955 = FACE_BOUND('',#4956,.T.);
#4956 = EDGE_LOOP('',(#4957,#4958,#4959,#4966));
#4957 = ORIENTED_EDGE('',*,*,#4871,.T.);
#4958 = ORIENTED_EDGE('',*,*,#1577,.F.);
#4959 = ORIENTED_EDGE('',*,*,#4960,.F.);
#4960 = EDGE_CURVE('',#2354,#1559,#4961,.T.);
#4961 = CIRCLE('',#4962,0.254);
#4962 = AXIS2_PLACEMENT_3D('',#4963,#4964,#4965);
#4963 = CARTESIAN_POINT('',(-6.096,-2.118225300297,12.727322545694));
#4964 = DIRECTION('',(-1.70740499604E-15,-1.321165399304E-14,-1.));
#4965 = DIRECTION('',(-5.916456789158E-30,1.,-1.321165399304E-14));
#4966 = ORIENTED_EDGE('',*,*,#2353,.F.);
#4967 = CYLINDRICAL_SURFACE('',#4968,0.254);
#4968 = AXIS2_PLACEMENT_3D('',#4969,#4970,#4971);
#4969 = CARTESIAN_POINT('',(-6.096,-2.118225300297,2.564615186884E-14));
#4970 = DIRECTION('',(0.,-1.221245327088E-14,-1.));
#4971 = DIRECTION('',(0.,1.,-1.215694211965E-14));
#4972 = ADVANCED_FACE('',(#4973),#4987,.T.);
#4973 = FACE_BOUND('',#4974,.T.);
#4974 = EDGE_LOOP('',(#4975,#4976,#4977,#4978,#4985,#4986));
#4975 = ORIENTED_EDGE('',*,*,#261,.T.);
#4976 = ORIENTED_EDGE('',*,*,#4943,.T.);
#4977 = ORIENTED_EDGE('',*,*,#4607,.F.);
#4978 = ORIENTED_EDGE('',*,*,#4979,.F.);
#4979 = EDGE_CURVE('',#542,#2446,#4980,.T.);
#4980 = CIRCLE('',#4981,0.254);
#4981 = AXIS2_PLACEMENT_3D('',#4982,#4983,#4984);
#4982 = CARTESIAN_POINT('',(-6.096,-14.03545515935,10.549289709116));
#4983 = DIRECTION('',(0.,0.866025403784,-0.5));
#4984 = DIRECTION('',(0.,0.5,0.866025403784));
#4985 = ORIENTED_EDGE('',*,*,#539,.F.);
#4986 = ORIENTED_EDGE('',*,*,#1607,.F.);
#4987 = ( BOUNDED_SURFACE() B_SPLINE_SURFACE(3,2,(
    (#4988,#4989,#4990)
    ,(#4991,#4992,#4993)
    ,(#4994,#4995,#4996)
    ,(#4997,#4998,#4999)
    ,(#5000,#5001,#5002)
    ,(#5003,#5004,#5005)
    ,(#5006,#5007,#5008)
    ,(#5009,#5010,#5011)
    ,(#5012,#5013,#5014)
    ,(#5015,#5016,#5017)
    ,(#5018,#5019,#5020)
    ,(#5021,#5022,#5023)
    ,(#5024,#5025,#5026)
    ,(#5027,#5028,#5029)
    ,(#5030,#5031,#5032)
    ,(#5033,#5034,#5035
)),.UNSPECIFIED.,.F.,.F.,.F.) B_SPLINE_SURFACE_WITH_KNOTS((4,2,2,2,2,2,2
    ,4),(3,3),(-1.973247953924E-17,6.407458898096E-04,1.281491779619E-03
    ,1.922237669429E-03,2.562983559238E-03,3.203729449048E-03,
    3.844475338858E-03,5.125967118477E-03),(0.,1.),.UNSPECIFIED.) 
GEOMETRIC_REPRESENTATION_ITEM() RATIONAL_B_SPLINE_SURFACE((
    (1.,0.694658370459,1.)
    ,(1.,0.693376735269,1.)
    ,(1.,0.692226556584,1.)
    ,(1.,0.690187275773,1.)
    ,(1.,0.689294558591,1.)
    ,(1.,0.687867503458,1.)
    ,(1.,0.687317154718,1.)
    ,(1.,0.686573387666,1.)
    ,(1.,0.686388793887,1.)
    ,(1.,0.686385662934,1.)
    ,(1.,0.686574007585,1.)
    ,(1.,0.687306174118,1.)
    ,(1.,0.687854657893,1.)
    ,(1.,0.690009329704,1.)
    ,(1.,0.692077667306,1.)
,(1.,0.694658370459,1.))) REPRESENTATION_ITEM('') SURFACE() );
#4988 = CARTESIAN_POINT('',(-6.087135527838,-14.41111306441,
    14.785303233783));
#4989 = CARTESIAN_POINT('',(-6.35,-14.4047059422,14.778729748143));
#4990 = CARTESIAN_POINT('',(-6.35,-14.58829375345,14.967084488494));
#4991 = CARTESIAN_POINT('',(-6.086230604204,-14.55219427537,
    14.647836669715));
#4992 = CARTESIAN_POINT('',(-6.35,-14.544860267,14.640809893792));
#4993 = CARTESIAN_POINT('',(-6.35,-14.7434259748,14.81587838583));
#4994 = CARTESIAN_POINT('',(-6.085421695481,-14.67479408706,
    14.496863054513));
#4995 = CARTESIAN_POINT('',(-6.35,-14.66613985798,14.489926085655));
#4996 = CARTESIAN_POINT('',(-6.35,-14.87823466888,14.649813834173));
#4997 = CARTESIAN_POINT('',(-6.083989577508,-14.88425881272,
    14.168935935843));
#4998 = CARTESIAN_POINT('',(-6.35,-14.87331380517,14.162680454538));
#4999 = CARTESIAN_POINT('',(-6.35,-15.10855544584,14.28910532088));
#5000 = CARTESIAN_POINT('',(-6.083364251555,-14.97126514015,
    13.990154417939));
#5001 = CARTESIAN_POINT('',(-6.35,-14.95915024994,13.984570452186));
#5002 = CARTESIAN_POINT('',(-6.35,-15.20422292589,14.092450594037));
#5003 = CARTESIAN_POINT('',(-6.082365886113,-15.09998432644,
    13.623341842118));
#5004 = CARTESIAN_POINT('',(-6.35,-15.08612483565,13.619390385714));
#5005 = CARTESIAN_POINT('',(-6.35,-15.34575100038,13.688964652571));
#5006 = CARTESIAN_POINT('',(-6.081981604408,-15.14332458425,
    13.432601163338));
#5007 = CARTESIAN_POINT('',(-6.35,-15.12873030642,13.429754450221));
#5008 = CARTESIAN_POINT('',(-6.35,-15.39340102021,13.479152943293));
#5009 = CARTESIAN_POINT('',(-6.081462502095,-15.18521646746,
    13.041959453771));
#5010 = CARTESIAN_POINT('',(-6.35,-15.16979610217,13.041377062289));
#5011 = CARTESIAN_POINT('',(-6.35,-15.43944932331,13.049451166878));
#5012 = CARTESIAN_POINT('',(-6.08133382474,-15.18339715279,
    12.84767741755));
#5013 = CARTESIAN_POINT('',(-6.35,-15.16782955899,12.848408281612));
#5014 = CARTESIAN_POINT('',(-6.35,-15.4374399524,12.835741943967));
#5015 = CARTESIAN_POINT('',(-6.081331641422,-15.13537608606,
    12.461138591702));
#5016 = CARTESIAN_POINT('',(-6.35,-15.12010035465,12.46423862196));
#5017 = CARTESIAN_POINT('',(-6.35,-15.38461663903,12.410549253061));
#5018 = CARTESIAN_POINT('',(-6.081462936828,-15.08824610094,
    12.268175909102));
#5019 = CARTESIAN_POINT('',(-6.35,-15.07344460903,12.272535596849));
#5020 = CARTESIAN_POINT('',(-6.35,-15.33278194511,12.19828926422));
#5021 = CARTESIAN_POINT('',(-6.081973938606,-14.95325000889,
    11.903886248782));
#5022 = CARTESIAN_POINT('',(-6.35,-14.939787933,11.910217384517));
#5023 = CARTESIAN_POINT('',(-6.35,-15.18431850582,11.797566597967));
#5024 = CARTESIAN_POINT('',(-6.082356905474,-14.86430611214,
    11.728505965207));
#5025 = CARTESIAN_POINT('',(-6.35,-14.851830521,11.735741782818));
#5026 = CARTESIAN_POINT('',(-6.35,-15.08650439552,11.604645259803));
#5027 = CARTESIAN_POINT('',(-6.083864292165,-14.53933375517,
    11.238623891155));
#5028 = CARTESIAN_POINT('',(-6.35,-14.53035573909,11.248115328509));
#5029 = CARTESIAN_POINT('',(-6.35,-14.72912997607,11.065763060134));
#5030 = CARTESIAN_POINT('',(-6.085311772262,-14.25225267022,
    10.96749954103));
#5031 = CARTESIAN_POINT('',(-6.35,-14.24672787554,10.977174407056));
#5032 = CARTESIAN_POINT('',(-6.35,-14.41343239213,10.7675149712));
#5033 = CARTESIAN_POINT('',(-6.087135527838,-13.90853252432,
    10.769126161621));
#5034 = CARTESIAN_POINT('',(-6.35,-13.9039428095,10.777075780881));
#5035 = CARTESIAN_POINT('',(-6.35,-14.03545515935,10.549289709116));
#5036 = ADVANCED_FACE('',(#5037),#5049,.T.);
#5037 = FACE_BOUND('',#5038,.T.);
#5038 = EDGE_LOOP('',(#5039,#5040,#5041,#5048));
#5039 = ORIENTED_EDGE('',*,*,#4960,.T.);
#5040 = ORIENTED_EDGE('',*,*,#1558,.F.);
#5041 = ORIENTED_EDGE('',*,*,#5042,.F.);
#5042 = EDGE_CURVE('',#2387,#1550,#5043,.T.);
#5043 = CIRCLE('',#5044,0.254);
#5044 = AXIS2_PLACEMENT_3D('',#5045,#5046,#5047);
#5045 = CARTESIAN_POINT('',(-6.096,-3.905401437321,10.122201040541));
#5046 = DIRECTION('',(-2.644195070954E-15,-0.932966872625,
    -0.359962240498));
#5047 = DIRECTION('',(-1.774937036747E-30,0.359962240498,-0.932966872625
    ));
#5048 = ORIENTED_EDGE('',*,*,#4661,.F.);
#5049 = ( BOUNDED_SURFACE() B_SPLINE_SURFACE(3,2,(
    (#5050,#5051,#5052)
    ,(#5053,#5054,#5055)
    ,(#5056,#5057,#5058)
    ,(#5059,#5060,#5061)
    ,(#5062,#5063,#5064)
    ,(#5065,#5066,#5067)
    ,(#5068,#5069,#5070)
    ,(#5071,#5072,#5073)
    ,(#5074,#5075,#5076)
    ,(#5077,#5078,#5079)
    ,(#5080,#5081,#5082)
    ,(#5083,#5084,#5085)
    ,(#5086,#5087,#5088)
    ,(#5089,#5090,#5091
)),.UNSPECIFIED.,.F.,.F.,.F.) B_SPLINE_SURFACE_WITH_KNOTS((4,2,2,2,2,2,4
    ),(3,3),(-6.505213034913E-19,8.346611135208E-04,1.251991670281E-03,
    1.669322227042E-03,2.086652783802E-03,2.503983340562E-03,
    3.338644454083E-03),(0.,1.),.UNSPECIFIED.) 
GEOMETRIC_REPRESENTATION_ITEM() RATIONAL_B_SPLINE_SURFACE((
    (1.,0.694658370459,1.)
    ,(1.,0.693790680572,1.)
    ,(1.,0.693127661151,1.)
    ,(1.,0.692445531073,1.)
    ,(1.,0.692272834706,1.)
    ,(1.,0.692044395456,1.)
    ,(1.,0.691986667571,1.)
    ,(1.,0.691985276939,1.)
    ,(1.,0.692043072523,1.)
    ,(1.,0.692271132739,1.)
    ,(1.,0.692440704232,1.)
    ,(1.,0.693114335439,1.)
    ,(1.,0.693791473002,1.)
,(1.,0.694658370459,1.))) REPRESENTATION_ITEM('') SURFACE() );
#5050 = CARTESIAN_POINT('',(-6.087135527838,-3.996776149472,
    10.359030268282));
#5051 = CARTESIAN_POINT('',(-6.35,-4.000080397532,10.367594372046));
#5052 = CARTESIAN_POINT('',(-6.35,-3.905401437321,10.122201040541));
#5053 = CARTESIAN_POINT('',(-6.086522041543,-3.757436879957,
    10.451350455427));
#5054 = CARTESIAN_POINT('',(-6.35,-3.76154414077,10.46031031863));
#5055 = CARTESIAN_POINT('',(-6.35,-3.642151751581,10.223769440825));
#5056 = CARTESIAN_POINT('',(-6.086056279822,-3.53771900642,
    10.576843282358));
#5057 = CARTESIAN_POINT('',(-6.35,-3.543152281037,10.58572864461));
#5058 = CARTESIAN_POINT('',(-6.35,-3.400480035471,10.361823794935));
#5059 = CARTESIAN_POINT('',(-6.085576227039,-3.237326140062,
    10.81395065791));
#5060 = CARTESIAN_POINT('',(-6.35,-3.24444434768,10.822168331457));
#5061 = CARTESIAN_POINT('',(-6.35,-3.070066324892,10.622654561635));
#5062 = CARTESIAN_POINT('',(-6.085454765649,-3.142745031549,
    10.901019984497));
#5063 = CARTESIAN_POINT('',(-6.35,-3.150382160786,10.908947062119));
#5064 = CARTESIAN_POINT('',(-6.35,-2.966031770825,10.71843402116));
#5065 = CARTESIAN_POINT('',(-6.085294119557,-2.969723577049,
    11.086038293338));
#5066 = CARTESIAN_POINT('',(-6.35,-2.978243525677,11.093276822043));
#5067 = CARTESIAN_POINT('',(-6.35,-2.775714341028,10.921958393735));
#5068 = CARTESIAN_POINT('',(-6.0852535384,-2.8904577662,11.184606511262)
  );
#5069 = CARTESIAN_POINT('',(-6.35,-2.899378735752,11.191419861631));
#5070 = CARTESIAN_POINT('',(-6.35,-2.688523507593,11.03038450275));
#5071 = CARTESIAN_POINT('',(-6.08525256077,-2.746544338918,
    11.393968426209));
#5072 = CARTESIAN_POINT('',(-6.35,-2.75610199705,11.399857416098));
#5073 = CARTESIAN_POINT('',(-6.35,-2.530218776535,11.260682635917));
#5074 = CARTESIAN_POINT('',(-6.085293189454,-2.681646269199,
    11.50555595554));
#5075 = CARTESIAN_POINT('',(-6.35,-2.691462946401,11.510907865546));
#5076 = CARTESIAN_POINT('',(-6.35,-2.45882933923,11.383427847368));
#5077 = CARTESIAN_POINT('',(-6.085453568545,-2.570849211845,
    11.734128097892));
#5078 = CARTESIAN_POINT('',(-6.35,-2.58099288012,11.73840602795));
#5079 = CARTESIAN_POINT('',(-6.35,-2.336946414026,11.634852976743));
#5080 = CARTESIAN_POINT('',(-6.085572831838,-2.524365656922,
    11.851761034598));
#5081 = CARTESIAN_POINT('',(-6.35,-2.534592696588,11.85546023523));
#5082 = CARTESIAN_POINT('',(-6.35,-2.285809922631,11.764246064377));
#5083 = CARTESIAN_POINT('',(-6.086046898436,-2.411445963478,
    12.214620120854));
#5084 = CARTESIAN_POINT('',(-6.35,-2.421694920165,12.216521155152));
#5085 = CARTESIAN_POINT('',(-6.35,-2.161580051052,12.163378566682));
#5086 = CARTESIAN_POINT('',(-6.086524984981,-2.372049249734,
    12.471995926464));
#5087 = CARTESIAN_POINT('',(-6.35,-2.381883803863,12.472599554444));
#5088 = CARTESIAN_POINT('',(-6.35,-2.118225303694,12.446479423985));
#5089 = CARTESIAN_POINT('',(-6.087135527838,-2.37207057036,
    12.727322545694));
#5090 = CARTESIAN_POINT('',(-6.35,-2.38125,12.727322545694));
#5091 = CARTESIAN_POINT('',(-6.35,-2.118225300297,12.727322545694));
#5092 = ADVANCED_FACE('',(#5093),#5105,.T.);
#5093 = FACE_BOUND('',#5094,.T.);
#5094 = EDGE_LOOP('',(#5095,#5096,#5097,#5098));
#5095 = ORIENTED_EDGE('',*,*,#550,.F.);
#5096 = ORIENTED_EDGE('',*,*,#4979,.T.);
#5097 = ORIENTED_EDGE('',*,*,#2445,.F.);
#5098 = ORIENTED_EDGE('',*,*,#5099,.F.);
#5099 = EDGE_CURVE('',#551,#2437,#5100,.T.);
#5100 = CIRCLE('',#5101,0.254);
#5101 = AXIS2_PLACEMENT_3D('',#5102,#5103,#5104);
#5102 = CARTESIAN_POINT('',(-6.096,-9.963071996581,8.198098193844));
#5103 = DIRECTION('',(0.,0.866025403784,-0.5));
#5104 = DIRECTION('',(0.,0.5,0.866025403784));
#5105 = CYLINDRICAL_SURFACE('',#5106,0.254);
#5106 = AXIS2_PLACEMENT_3D('',#5107,#5108,#5109);
#5107 = CARTESIAN_POINT('',(-6.096,1.059112650149,1.834436920996));
#5108 = DIRECTION('',(0.,0.866025403784,-0.5));
#5109 = DIRECTION('',(0.,0.5,0.866025403784));
#5110 = ADVANCED_FACE('',(#5111),#5123,.T.);
#5111 = FACE_BOUND('',#5112,.T.);
#5112 = EDGE_LOOP('',(#5113,#5114,#5115,#5122));
#5113 = ORIENTED_EDGE('',*,*,#5042,.T.);
#5114 = ORIENTED_EDGE('',*,*,#1549,.F.);
#5115 = ORIENTED_EDGE('',*,*,#5116,.F.);
#5116 = EDGE_CURVE('',#2399,#1531,#5117,.T.);
#5117 = CIRCLE('',#5118,0.254);
#5118 = AXIS2_PLACEMENT_3D('',#5119,#5120,#5121);
#5119 = CARTESIAN_POINT('',(-6.096,-6.813382524661,8.443277376967));
#5120 = DIRECTION('',(-3.395020068056E-14,-0.778219880987,
    -0.627991892334));
#5121 = DIRECTION('',(1.341063538876E-29,0.627991892334,-0.778219880987)
  );
#5122 = ORIENTED_EDGE('',*,*,#2398,.F.);
#5123 = TOROIDAL_SURFACE('',#5124,10.849475300297,0.254);
#5124 = AXIS2_PLACEMENT_3D('',#5125,#5126,#5127);
#5125 = CARTESIAN_POINT('',(-6.096,0.,0.));
#5126 = DIRECTION('',(1.,0.,0.));
#5127 = DIRECTION('',(0.,0.866025403784,0.5));
#5128 = ADVANCED_FACE('',(#5129),#5136,.T.);
#5129 = FACE_BOUND('',#5130,.T.);
#5130 = EDGE_LOOP('',(#5131,#5132,#5133,#5134,#5135));
#5131 = ORIENTED_EDGE('',*,*,#558,.T.);
#5132 = ORIENTED_EDGE('',*,*,#5099,.T.);
#5133 = ORIENTED_EDGE('',*,*,#4555,.F.);
#5134 = ORIENTED_EDGE('',*,*,#5116,.T.);
#5135 = ORIENTED_EDGE('',*,*,#1530,.F.);
#5136 = ( BOUNDED_SURFACE() B_SPLINE_SURFACE(3,2,(
    (#5137,#5138,#5139)
    ,(#5140,#5141,#5142)
    ,(#5143,#5144,#5145)
    ,(#5146,#5147,#5148)
    ,(#5149,#5150,#5151)
    ,(#5152,#5153,#5154)
    ,(#5155,#5156,#5157)
    ,(#5158,#5159,#5160)
    ,(#5161,#5162,#5163)
    ,(#5164,#5165,#5166)
    ,(#5167,#5168,#5169)
    ,(#5170,#5171,#5172)
    ,(#5173,#5174,#5175)
    ,(#5176,#5177,#5178
)),.UNSPECIFIED.,.F.,.F.,.F.) B_SPLINE_SURFACE_WITH_KNOTS((4,2,2,2,2,2,4
    ),(3,3),(0.,8.346611135472E-04,1.251991670321E-03,1.669322227094E-03
    ,2.086652783868E-03,2.503983340642E-03,3.338644454189E-03),(0.,1.),
.UNSPECIFIED.) GEOMETRIC_REPRESENTATION_ITEM() RATIONAL_B_SPLINE_SURFACE
((
    (1.,0.694658370459,1.)
    ,(1.,0.693790782666,1.)
    ,(1.,0.693127794953,1.)
    ,(1.,0.692445647612,1.)
    ,(1.,0.69227293463,1.)
    ,(1.,0.692044451284,1.)
    ,(1.,0.691986695868,1.)
    ,(1.,0.691985249673,1.)
    ,(1.,0.692043017115,1.)
    ,(1.,0.692271033011,1.)
    ,(1.,0.692440588096,1.)
    ,(1.,0.693114201435,1.)
    ,(1.,0.693791370381,1.)
,(1.,0.694658370459,1.))) REPRESENTATION_ITEM('') SURFACE() );
#5137 = CARTESIAN_POINT('',(-6.087135527838,-9.83614936155,
    8.417934646348));
#5138 = CARTESIAN_POINT('',(-6.35,-9.83155964673,8.425884265609));
#5139 = CARTESIAN_POINT('',(-6.35,-9.963071996581,8.198098193844));
#5140 = CARTESIAN_POINT('',(-6.086522113482,-9.614000835809,
    8.289652400486));
#5141 = CARTESIAN_POINT('',(-6.35,-9.609607489271,8.298475425541));
#5142 = CARTESIAN_POINT('',(-6.35,-9.718710779721,8.057016186568));
#5143 = CARTESIAN_POINT('',(-6.086056374042,-9.378358778648,
    8.19747206387));
#5144 = CARTESIAN_POINT('',(-6.35,-9.374856093179,8.20728018351));
#5145 = CARTESIAN_POINT('',(-6.35,-9.459506257523,7.955639469609));
#5146 = CARTESIAN_POINT('',(-6.085576309026,-9.005192819909,
    8.112601872704));
#5147 = CARTESIAN_POINT('',(-6.35,-9.003267853775,8.123301947754));
#5148 = CARTESIAN_POINT('',(-6.35,-9.049025437966,7.862304558456));
#5149 = CARTESIAN_POINT('',(-6.085454835928,-8.87803756938,
    8.093675804217));
#5150 = CARTESIAN_POINT('',(-6.35,-8.876664619714,8.104597234311));
#5151 = CARTESIAN_POINT('',(-6.35,-8.909155101859,7.841491524027));
#5152 = CARTESIAN_POINT('',(-6.085294158808,-8.625396572069,
    8.075217064254));
#5153 = CARTESIAN_POINT('',(-6.35,-8.625113859874,8.086393151927));
#5154 = CARTESIAN_POINT('',(-6.35,-8.631250585901,7.82119437142));
#5155 = CARTESIAN_POINT('',(-6.085253558294,-8.498910538545,
    8.075430874599));
#5156 = CARTESIAN_POINT('',(-6.35,-8.499210543622,8.086652058073));
#5157 = CARTESIAN_POINT('',(-6.35,-8.49211609574,7.821431448059));
#5158 = CARTESIAN_POINT('',(-6.085252541601,-8.245604468321,
    8.094912166501));
#5159 = CARTESIAN_POINT('',(-6.35,-8.247023667584,8.106048385163));
#5160 = CARTESIAN_POINT('',(-6.35,-8.2134794223,7.842860918061));
#5161 = CARTESIAN_POINT('',(-6.085293150498,-8.118009372738,
    8.114483260611));
#5162 = CARTESIAN_POINT('',(-6.35,-8.120009206336,8.125483792923));
#5163 = CARTESIAN_POINT('',(-6.35,-8.073124670435,7.864387235544));
#5164 = CARTESIAN_POINT('',(-6.085453498404,-7.870550333516,
    8.171800237912));
#5165 = CARTESIAN_POINT('',(-6.35,-7.873591320842,8.182380822071));
#5166 = CARTESIAN_POINT('',(-6.35,-7.800919147093,7.927428461908));
#5167 = CARTESIAN_POINT('',(-6.085572750135,-7.749814748072,
    8.209498341198));
#5168 = CARTESIAN_POINT('',(-6.35,-7.753358481912,8.219780379304));
#5169 = CARTESIAN_POINT('',(-6.35,-7.668109571891,7.968890837447));
#5170 = CARTESIAN_POINT('',(-6.086046804075,-7.396517942331,
    8.349494554742));
#5171 = CARTESIAN_POINT('',(-6.35,-7.401474823592,8.358664423693));
#5172 = CARTESIAN_POINT('',(-6.35,-7.279481372023,8.1228646573));
#5173 = CARTESIAN_POINT('',(-6.086524913378,-7.171482158203,
    8.480465170714));
#5174 = CARTESIAN_POINT('',(-6.35,-7.177188500138,8.488497726469));
#5175 = CARTESIAN_POINT('',(-6.35,-7.031940227772,8.266910175978));
#5176 = CARTESIAN_POINT('',(-6.087135527838,-6.972795296168,
    8.640824812824));
#5177 = CARTESIAN_POINT('',(-6.35,-6.978559903558,8.647968427466));
#5178 = CARTESIAN_POINT('',(-6.35,-6.813382524661,8.443277376967));
#5179 = ADVANCED_FACE('',(#5180),#5199,.T.);
#5180 = FACE_BOUND('',#5181,.T.);
#5181 = EDGE_LOOP('',(#5182,#5189,#5190,#5197,#5198));
#5182 = ORIENTED_EDGE('',*,*,#5183,.F.);
#5183 = EDGE_CURVE('',#2532,#1679,#5184,.T.);
#5184 = CIRCLE('',#5185,0.254);
#5185 = AXIS2_PLACEMENT_3D('',#5186,#5187,#5188);
#5186 = CARTESIAN_POINT('',(-6.096,-16.15368045965,6.880415867123));
#5187 = DIRECTION('',(-5.914624404477E-15,0.866025403784,-0.5));
#5188 = DIRECTION('',(-9.860761315263E-30,0.5,0.866025403784));
#5189 = ORIENTED_EDGE('',*,*,#3653,.F.);
#5190 = ORIENTED_EDGE('',*,*,#5191,.F.);
#5191 = EDGE_CURVE('',#200,#2681,#5192,.T.);
#5192 = CIRCLE('',#5193,0.254);
#5193 = AXIS2_PLACEMENT_3D('',#5194,#5195,#5196);
#5194 = CARTESIAN_POINT('',(-6.096,-20.25602226435,5.150290744118));
#5195 = DIRECTION('',(0.,-0.24641920804,-0.969163337064));
#5196 = DIRECTION('',(0.,0.969163337064,-0.24641920804));
#5197 = ORIENTED_EDGE('',*,*,#197,.F.);
#5198 = ORIENTED_EDGE('',*,*,#1686,.F.);
#5199 = ( BOUNDED_SURFACE() B_SPLINE_SURFACE(3,2,(
    (#5200,#5201,#5202)
    ,(#5203,#5204,#5205)
    ,(#5206,#5207,#5208)
    ,(#5209,#5210,#5211)
    ,(#5212,#5213,#5214)
    ,(#5215,#5216,#5217)
    ,(#5218,#5219,#5220)
    ,(#5221,#5222,#5223)
    ,(#5224,#5225,#5226)
    ,(#5227,#5228,#5229)
    ,(#5230,#5231,#5232)
    ,(#5233,#5234,#5235)
    ,(#5236,#5237,#5238)
    ,(#5239,#5240,#5241)
    ,(#5242,#5243,#5244)
    ,(#5245,#5246,#5247
)),.UNSPECIFIED.,.F.,.F.,.F.) B_SPLINE_SURFACE_WITH_KNOTS((4,2,2,2,2,2,2
    ,4),(3,3),(-1.51788304148E-18,6.407458912127E-04,1.281491782425E-03,
    1.922237673638E-03,2.562983564851E-03,3.203729456063E-03,
    3.844475347276E-03,5.125967129701E-03),(0.,1.),.UNSPECIFIED.) 
GEOMETRIC_REPRESENTATION_ITEM() RATIONAL_B_SPLINE_SURFACE((
    (1.,0.694658370459,1.)
    ,(1.,0.693376315945,1.)
    ,(1.,0.692225835454,1.)
    ,(1.,0.690186185456,1.)
    ,(1.,0.68929340398,1.)
    ,(1.,0.687866429091,1.)
    ,(1.,0.687316222246,1.)
    ,(1.,0.686572863698,1.)
    ,(1.,0.686388529083,1.)
    ,(1.,0.686385921662,1.)
    ,(1.,0.686574530914,1.)
    ,(1.,0.687307102337,1.)
    ,(1.,0.687855730909,1.)
    ,(1.,0.69001052601,1.)
    ,(1.,0.69207852042,1.)
,(1.,0.694658370459,1.))) REPRESENTATION_ITEM('') SURFACE() );
#5200 = CARTESIAN_POINT('',(-6.087135527838,-16.28060309468,
    6.660579414618));
#5201 = CARTESIAN_POINT('',(-6.35,-16.2851928095,6.652629795358));
#5202 = CARTESIAN_POINT('',(-6.35,-16.15368045965,6.880415867123));
#5203 = CARTESIAN_POINT('',(-6.08623030841,-16.45117663852,
    6.759096597264));
#5204 = CARTESIAN_POINT('',(-6.349999999999,-16.45595157171,
    6.75013168528));
#5205 = CARTESIAN_POINT('',(-6.35,-16.34128901237,6.988731710164));
#5206 = CARTESIAN_POINT('',(-6.085421188117,-16.62973939298,
    6.836162103043));
#5207 = CARTESIAN_POINT('',(-6.35,-16.63406986961,6.825950512348));
#5208 = CARTESIAN_POINT('',(-6.35,-16.53768799795,7.073456311471));
#5209 = CARTESIAN_POINT('',(-6.083988812754,-17.00218085258,
    6.948852075544));
#5210 = CARTESIAN_POINT('',(-6.35,-17.00523415449,6.936620038707));
#5211 = CARTESIAN_POINT('',(-6.35,-16.94733818957,7.197331299542));
#5212 = CARTESIAN_POINT('',(-6.083363442984,-17.19785742488,
    6.98411694263));
#5213 = CARTESIAN_POINT('',(-6.35,-17.1999469974,6.97094087473));
#5214 = CARTESIAN_POINT('',(-6.35,-17.16256695806,7.236085988769));
#5215 = CARTESIAN_POINT('',(-6.082365135296,-17.58583100478,
    7.008542086936));
#5216 = CARTESIAN_POINT('',(-6.35,-17.5858760078,6.994129535967));
#5217 = CARTESIAN_POINT('',(-6.35,-17.5893132158,7.262895119383));
#5218 = CARTESIAN_POINT('',(-6.081980953327,-17.78117741442,
    6.998533999725));
#5219 = CARTESIAN_POINT('',(-6.35,-17.77995970146,6.98371389911));
#5220 = CARTESIAN_POINT('',(-6.35,-17.80418476882,7.251863696994));
#5221 = CARTESIAN_POINT('',(-6.081462136674,-18.16854172914,
    6.932923344263));
#5222 = CARTESIAN_POINT('',(-6.35,-18.16492048935,6.917922467976));
#5223 = CARTESIAN_POINT('',(-6.35,-18.23027269034,7.179661563141));
#5224 = CARTESIAN_POINT('',(-6.081333640074,-18.35505058986,
    6.878487475407));
#5225 = CARTESIAN_POINT('',(-6.35,-18.35012539837,6.863701235693));
#5226 = CARTESIAN_POINT('',(-6.35,-18.4354292608,7.119774572896));
#5227 = CARTESIAN_POINT('',(-6.081331821851,-18.71408348283,
    6.727445521859));
#5228 = CARTESIAN_POINT('',(-6.35,-18.70695720317,6.713583047824));
#5229 = CARTESIAN_POINT('',(-6.35,-18.83036539728,6.953628315412));
#5230 = CARTESIAN_POINT('',(-6.081463301806,-18.88703523798,
    6.629754567037));
#5231 = CARTESIAN_POINT('',(-6.35,-18.8788252529,6.616690326318));
#5232 = CARTESIAN_POINT('',(-6.35,-19.02061557827,6.84617597409));
#5233 = CARTESIAN_POINT('',(-6.081974586709,-19.20106708268,
    6.401030038291));
#5234 = CARTESIAN_POINT('',(-6.35,-19.19132299422,6.38978983787));
#5235 = CARTESIAN_POINT('',(-6.35,-19.36606324711,6.594608968569));
#5236 = CARTESIAN_POINT('',(-6.082357655333,-19.34575633059,
    6.26785989442));
#5237 = CARTESIAN_POINT('',(-6.35,-19.33540913709,6.257814553663));
#5238 = CARTESIAN_POINT('',(-6.35,-19.52523088787,6.448144267242));
#5239 = CARTESIAN_POINT('',(-6.083865130716,-19.72915755063,
    5.822219925785));
#5240 = CARTESIAN_POINT('',(-6.35,-19.71758789163,5.816152706189));
#5241 = CARTESIAN_POINT('',(-6.35,-19.94700950189,5.958028686528));
#5242 = CARTESIAN_POINT('',(-6.085312368205,-19.9122732402,
    5.472373377439));
#5243 = CARTESIAN_POINT('',(-6.350000000001,-19.90146344417,
    5.469678880602));
#5244 = CARTESIAN_POINT('',(-6.35,-20.14847246899,5.57328258423));
#5245 = CARTESIAN_POINT('',(-6.087135527838,-20.01000473532,
    5.087738393704));
#5246 = CARTESIAN_POINT('',(-6.35,-20.00110836865,5.085476405922));
#5247 = CARTESIAN_POINT('',(-6.35,-20.25602226435,5.150290744118));
#5248 = ADVANCED_FACE('',(#5249),#5261,.T.);
#5249 = FACE_BOUND('',#5250,.T.);
#5250 = EDGE_LOOP('',(#5251,#5252,#5253,#5254));
#5251 = ORIENTED_EDGE('',*,*,#208,.F.);
#5252 = ORIENTED_EDGE('',*,*,#5191,.T.);
#5253 = ORIENTED_EDGE('',*,*,#2692,.F.);
#5254 = ORIENTED_EDGE('',*,*,#5255,.F.);
#5255 = EDGE_CURVE('',#209,#2693,#5256,.T.);
#5256 = CIRCLE('',#5257,0.254);
#5257 = AXIS2_PLACEMENT_3D('',#5258,#5259,#5260);
#5258 = CARTESIAN_POINT('',(-6.096,-20.25602226435,-5.150290744117));
#5259 = DIRECTION('',(0.,0.24641920804,-0.969163337064));
#5260 = DIRECTION('',(0.,0.969163337064,0.24641920804));
#5261 = TOROIDAL_SURFACE('',#5262,20.900524699703,0.254);
#5262 = AXIS2_PLACEMENT_3D('',#5263,#5264,#5265);
#5263 = CARTESIAN_POINT('',(-6.096,0.,0.));
#5264 = DIRECTION('',(1.,0.,0.));
#5265 = DIRECTION('',(0.,0.866025403784,0.5));
#5266 = ADVANCED_FACE('',(#5267),#5279,.T.);
#5267 = FACE_BOUND('',#5268,.T.);
#5268 = EDGE_LOOP('',(#5269,#5270,#5271,#5278));
#5269 = ORIENTED_EDGE('',*,*,#5183,.T.);
#5270 = ORIENTED_EDGE('',*,*,#1678,.F.);
#5271 = ORIENTED_EDGE('',*,*,#5272,.F.);
#5272 = EDGE_CURVE('',#2544,#1660,#5273,.T.);
#5273 = CIRCLE('',#5274,0.254);
#5274 = AXIS2_PLACEMENT_3D('',#5275,#5276,#5277);
#5275 = CARTESIAN_POINT('',(-6.096,-12.08129729687,4.529224351851));
#5276 = DIRECTION('',(3.41480999208E-15,0.866025403784,-0.5));
#5277 = DIRECTION('',(8.085824278515E-30,0.5,0.866025403784));
#5278 = ORIENTED_EDGE('',*,*,#2543,.F.);
#5279 = CYLINDRICAL_SURFACE('',#5280,0.254);
#5280 = AXIS2_PLACEMENT_3D('',#5281,#5282,#5283);
#5281 = CARTESIAN_POINT('',(-6.096,-1.059112650149,-1.834436920996));
#5282 = DIRECTION('',(0.,0.866025403784,-0.5));
#5283 = DIRECTION('',(0.,0.5,0.866025403784));
#5284 = ADVANCED_FACE('',(#5285),#5299,.T.);
#5285 = FACE_BOUND('',#5286,.T.);
#5286 = EDGE_LOOP('',(#5287,#5288,#5289,#5290,#5297,#5298));
#5287 = ORIENTED_EDGE('',*,*,#217,.T.);
#5288 = ORIENTED_EDGE('',*,*,#5255,.T.);
#5289 = ORIENTED_EDGE('',*,*,#3547,.F.);
#5290 = ORIENTED_EDGE('',*,*,#5291,.F.);
#5291 = EDGE_CURVE('',#500,#2636,#5292,.T.);
#5292 = CIRCLE('',#5293,0.254);
#5293 = AXIS2_PLACEMENT_3D('',#5294,#5295,#5296);
#5294 = CARTESIAN_POINT('',(-6.096,-16.15368045965,-6.880415867123));
#5295 = DIRECTION('',(-0.,0.866025403784,0.5));
#5296 = DIRECTION('',(0.,-0.5,0.866025403784));
#5297 = ORIENTED_EDGE('',*,*,#497,.F.);
#5298 = ORIENTED_EDGE('',*,*,#1708,.F.);
#5299 = ( BOUNDED_SURFACE() B_SPLINE_SURFACE(3,2,(
    (#5300,#5301,#5302)
    ,(#5303,#5304,#5305)
    ,(#5306,#5307,#5308)
    ,(#5309,#5310,#5311)
    ,(#5312,#5313,#5314)
    ,(#5315,#5316,#5317)
    ,(#5318,#5319,#5320)
    ,(#5321,#5322,#5323)
    ,(#5324,#5325,#5326)
    ,(#5327,#5328,#5329)
    ,(#5330,#5331,#5332)
    ,(#5333,#5334,#5335)
    ,(#5336,#5337,#5338)
    ,(#5339,#5340,#5341)
    ,(#5342,#5343,#5344)
    ,(#5345,#5346,#5347
)),.UNSPECIFIED.,.F.,.F.,.F.) B_SPLINE_SURFACE_WITH_KNOTS((4,2,2,2,2,2,2
    ,4),(3,3),(-1.85398571495E-17,6.407458898096E-04,1.281491779619E-03,
    1.922237669429E-03,2.562983559238E-03,3.203729449048E-03,
    3.844475338858E-03,5.125967118477E-03),(0.,1.),.UNSPECIFIED.) 
GEOMETRIC_REPRESENTATION_ITEM() RATIONAL_B_SPLINE_SURFACE((
    (1.,0.694658370459,1.)
    ,(1.,0.693376735269,1.)
    ,(1.,0.692226556584,1.)
    ,(1.,0.690187275773,1.)
    ,(1.,0.689294558591,1.)
    ,(1.,0.687867503458,1.)
    ,(1.,0.687317154718,1.)
    ,(1.,0.686573387666,1.)
    ,(1.,0.686388793887,1.)
    ,(1.,0.686385662934,1.)
    ,(1.,0.686574007585,1.)
    ,(1.,0.687306174118,1.)
    ,(1.,0.687854657893,1.)
    ,(1.,0.690009329704,1.)
    ,(1.,0.692077667306,1.)
,(1.,0.694658370459,1.))) REPRESENTATION_ITEM('') SURFACE() );
#5300 = CARTESIAN_POINT('',(-6.087135527838,-20.01000473532,
    -5.087738393704));
#5301 = CARTESIAN_POINT('',(-6.35,-20.00110836865,-5.085476405922));
#5302 = CARTESIAN_POINT('',(-6.35,-20.25602226435,-5.150290744117));
#5303 = CARTESIAN_POINT('',(-6.086230604204,-19.96149580414,
    -5.278651588421));
#5304 = CARTESIAN_POINT('',(-6.35,-19.9517434335,-5.275813538825));
#5305 = CARTESIAN_POINT('',(-6.35,-20.20264004891,-5.360242240083));
#5306 = CARTESIAN_POINT('',(-6.085421695481,-19.89204872392,
    -5.460312947449));
#5307 = CARTESIAN_POINT('',(-6.35,-19.88171401812,-5.456286649639));
#5308 = CARTESIAN_POINT('',(-6.35,-20.12622827555,-5.560022269636));
#5309 = CARTESIAN_POINT('',(-6.083989577508,-19.71278787139,
    -5.8056782804));
#5310 = CARTESIAN_POINT('',(-6.35,-19.70189796189,-5.799327366466));
#5311 = CARTESIAN_POINT('',(-6.35,-19.92900592815,-5.939840170149));
#5312 = CARTESIAN_POINT('',(-6.083364251555,-19.60146169887,
    -5.970418729195));
#5313 = CARTESIAN_POINT('',(-6.35,-19.59056839757,-5.962718909388));
#5314 = CARTESIAN_POINT('',(-6.35,-19.80653167895,-6.121018001604));
#5315 = CARTESIAN_POINT('',(-6.082365886113,-19.34815228293,
    -6.265299102392));
#5316 = CARTESIAN_POINT('',(-6.35,-19.33780047591,-6.255272159484));
#5317 = CARTESIAN_POINT('',(-6.35,-19.52786664082,-6.445327880196));
#5318 = CARTESIAN_POINT('',(-6.081981604408,-19.20463613848,
    -6.398203206052));
#5319 = CARTESIAN_POINT('',(-6.35,-19.19487367368,-6.386987547253));
#5320 = CARTESIAN_POINT('',(-6.35,-19.36998938049,-6.591499862503));
#5321 = CARTESIAN_POINT('',(-6.081462502095,-18.88727643582,
    -6.629803495903));
#5322 = CARTESIAN_POINT('',(-6.35,-18.87906188736,-6.616740263568));
#5323 = CARTESIAN_POINT('',(-6.35,-19.02088087761,-6.846229750992));
#5324 = CARTESIAN_POINT('',(-6.08133382474,-18.71811359962,
    -6.725368941293));
#5325 = CARTESIAN_POINT('',(-6.35,-18.71096274956,-6.711521577554));
#5326 = CARTESIAN_POINT('',(-6.35,-18.8347985761,-6.951344196197));
#5327 = CARTESIAN_POINT('',(-6.081331641422,-18.35935062352,
    -6.877050890514));
#5328 = CARTESIAN_POINT('',(-6.35,-18.35439746277,-6.862271703918));
#5329 = CARTESIAN_POINT('',(-6.35,-18.44015924758,-7.118194210355));
#5330 = CARTESIAN_POINT('',(-6.081462936828,-18.16867504585,
    -6.93271646742));
#5331 = CARTESIAN_POINT('',(-6.35,-18.16504990023,-6.917718155536));
#5332 = CARTESIAN_POINT('',(-6.35,-18.23041935808,-7.179434043043));
#5333 = CARTESIAN_POINT('',(-6.081973938606,-17.78569289965,
    -6.997951252448));
#5334 = CARTESIAN_POINT('',(-6.35,-17.78444478608,-6.983127184872));
#5335 = CARTESIAN_POINT('',(-6.35,-17.80915162959,-7.251222266215));
#5336 = CARTESIAN_POINT('',(-6.082356905474,-17.58933717038,
    -7.008613720146));
#5337 = CARTESIAN_POINT('',(-6.35,-17.58936577667,-6.994191632485));
#5338 = CARTESIAN_POINT('',(-6.35,-17.59316979465,-7.262973430926));
#5339 = CARTESIAN_POINT('',(-6.083864292165,-17.0026006709,
    -6.972120440501));
#5340 = CARTESIAN_POINT('',(-6.35,-17.00633148873,-6.959599531827));
#5341 = CARTESIAN_POINT('',(-6.35,-16.94779691037,-7.222919204855));
#5342 = CARTESIAN_POINT('',(-6.085311772262,-16.62425955364,
    -6.859063103057));
#5343 = CARTESIAN_POINT('',(-6.35,-16.62987583605,-6.849441057502));
#5344 = CARTESIAN_POINT('',(-6.35,-16.53165769675,-7.09864112172));
#5345 = CARTESIAN_POINT('',(-6.087135527838,-16.28060309468,
    -6.660579414618));
#5346 = CARTESIAN_POINT('',(-6.35,-16.2851928095,-6.652629795357));
#5347 = CARTESIAN_POINT('',(-6.35,-16.15368045965,-6.880415867123));
#5348 = ADVANCED_FACE('',(#5349),#5361,.T.);
#5349 = FACE_BOUND('',#5350,.T.);
#5350 = EDGE_LOOP('',(#5351,#5352,#5353,#5360));
#5351 = ORIENTED_EDGE('',*,*,#5272,.T.);
#5352 = ORIENTED_EDGE('',*,*,#1659,.F.);
#5353 = ORIENTED_EDGE('',*,*,#5354,.F.);
#5354 = EDGE_CURVE('',#2577,#1651,#5355,.T.);
#5355 = CIRCLE('',#5356,0.254);
#5356 = AXIS2_PLACEMENT_3D('',#5357,#5358,#5359);
#5357 = CARTESIAN_POINT('',(-6.096,-10.71878396198,1.678923663574));
#5358 = DIRECTION('',(-1.294619786826E-15,-0.154746991638,
    -0.987954132832));
#5359 = DIRECTION('',(-2.366582715663E-30,0.987954132832,-0.154746991638
    ));
#5360 = ORIENTED_EDGE('',*,*,#3601,.F.);
#5361 = ( BOUNDED_SURFACE() B_SPLINE_SURFACE(3,2,(
    (#5362,#5363,#5364)
    ,(#5365,#5366,#5367)
    ,(#5368,#5369,#5370)
    ,(#5371,#5372,#5373)
    ,(#5374,#5375,#5376)
    ,(#5377,#5378,#5379)
    ,(#5380,#5381,#5382)
    ,(#5383,#5384,#5385)
    ,(#5386,#5387,#5388)
    ,(#5389,#5390,#5391)
    ,(#5392,#5393,#5394)
    ,(#5395,#5396,#5397)
    ,(#5398,#5399,#5400)
    ,(#5401,#5402,#5403
)),.UNSPECIFIED.,.F.,.F.,.F.) B_SPLINE_SURFACE_WITH_KNOTS((4,2,2,2,2,2,4
    ),(3,3),(1.084202172486E-19,8.346611135208E-04,1.251991670281E-03,
    1.669322227042E-03,2.086652783802E-03,2.503983340562E-03,
    3.338644454083E-03),(0.,1.),.UNSPECIFIED.) 
GEOMETRIC_REPRESENTATION_ITEM() RATIONAL_B_SPLINE_SURFACE((
    (1.,0.694658370459,1.)
    ,(1.,0.693790680572,1.)
    ,(1.,0.693127661151,1.)
    ,(1.,0.692445531072,1.)
    ,(1.,0.692272834706,1.)
    ,(1.,0.692044395456,1.)
    ,(1.,0.691986667571,1.)
    ,(1.,0.691985276939,1.)
    ,(1.,0.692043072524,1.)
    ,(1.,0.692271132739,1.)
    ,(1.,0.692440704232,1.)
    ,(1.,0.693114335439,1.)
    ,(1.,0.693791473002,1.)
,(1.,0.694658370459,1.))) REPRESENTATION_ITEM('') SURFACE() );
#5362 = CARTESIAN_POINT('',(-6.087135527838,-10.96957144564,
    1.718205455458));
#5363 = CARTESIAN_POINT('',(-6.35,-10.97864030109,1.71962594458));
#5364 = CARTESIAN_POINT('',(-6.35,-10.71878396198,1.678923663574));
#5365 = CARTESIAN_POINT('',(-6.086522041543,-10.92985343823,
    1.971639436554));
#5366 = CARTESIAN_POINT('',(-6.35,-10.93966653778,1.972562375952));
#5367 = CARTESIAN_POINT('',(-6.35,-10.67511993398,1.957688779105));
#5368 = CARTESIAN_POINT('',(-6.086056279822,-10.92867447757,
    2.224667110168));
#5369 = CARTESIAN_POINT('',(-6.35,-10.93908606431,2.22440443745));
#5370 = CARTESIAN_POINT('',(-6.35,-10.67384265368,2.236009801687));
#5371 = CARTESIAN_POINT('',(-6.085576227039,-10.98381905505,
    2.603368651326));
#5372 = CARTESIAN_POINT('',(-6.35,-10.99449487291,2.601312939473));
#5373 = CARTESIAN_POINT('',(-6.35,-10.73452186844,2.652571852158));
#5374 = CARTESIAN_POINT('',(-6.085454765649,-11.01193274951,
    2.728812957309));
#5375 = CARTESIAN_POINT('',(-6.35,-11.02261636472,2.726162548189));
#5376 = CARTESIAN_POINT('',(-6.35,-10.76545203652,2.790558148614));
#5377 = CARTESIAN_POINT('',(-6.085294119557,-11.08565257788,
    2.971163086727));
#5378 = CARTESIAN_POINT('',(-6.35,-11.09618130194,2.967403859129));
#5379 = CARTESIAN_POINT('',(-6.35,-10.84655059856,3.057140063888));
#5380 = CARTESIAN_POINT('',(-6.0852535384,-11.13138225318,3.089093401536
    ));
#5381 = CARTESIAN_POINT('',(-6.35,-11.14174327246,3.084774290462));
#5382 = CARTESIAN_POINT('',(-6.35,-10.89685494668,3.186862595128));
#5383 = CARTESIAN_POINT('',(-6.08525256077,-11.24073827647,
    3.318407042981));
#5384 = CARTESIAN_POINT('',(-6.35,-11.25061712038,3.313074363183));
#5385 = CARTESIAN_POINT('',(-6.35,-11.01714661492,3.439107580347));
#5386 = CARTESIAN_POINT('',(-6.085293189454,-11.30492687676,
    3.43040418468));
#5387 = CARTESIAN_POINT('',(-6.35,-11.31447010538,3.424578647845));
#5388 = CARTESIAN_POINT('',(-6.35,-11.08775236758,3.562305252341));
#5389 = CARTESIAN_POINT('',(-6.085453568545,-11.44747762995,
    3.640643322189));
#5390 = CARTESIAN_POINT('',(-6.35,-11.4562542602,3.633997612804));
#5391 = CARTESIAN_POINT('',(-6.35,-11.24455145417,3.793571526542));
#5392 = CARTESIAN_POINT('',(-6.085572831838,-11.526108964,3.739715729963
    ));
#5393 = CARTESIAN_POINT('',(-6.35,-11.53442608555,3.732708454124));
#5394 = CARTESIAN_POINT('',(-6.35,-11.33104090943,3.902553570967));
#5395 = CARTESIAN_POINT('',(-6.086046898436,-11.78389430397,
    4.018936596201));
#5396 = CARTESIAN_POINT('',(-6.35,-11.79066512631,4.011011256497));
#5397 = CARTESIAN_POINT('',(-6.35,-11.61458486012,4.209706046816));
#5398 = CARTESIAN_POINT('',(-6.086524984981,-11.98708993308,
    4.181743053935));
#5399 = CARTESIAN_POINT('',(-6.35,-11.99252996731,4.173527894214));
#5400 = CARTESIAN_POINT('',(-6.35,-11.83808002069,4.388802788055));
#5401 = CARTESIAN_POINT('',(-6.087135527838,-12.20821993191,
    4.309387899346));
#5402 = CARTESIAN_POINT('',(-6.35,-12.21280964673,4.301438280086));
#5403 = CARTESIAN_POINT('',(-6.35,-12.08129729687,4.529224351851));
#5404 = ADVANCED_FACE('',(#5405),#5417,.T.);
#5405 = FACE_BOUND('',#5406,.T.);
#5406 = EDGE_LOOP('',(#5407,#5408,#5409,#5410));
#5407 = ORIENTED_EDGE('',*,*,#508,.F.);
#5408 = ORIENTED_EDGE('',*,*,#5291,.T.);
#5409 = ORIENTED_EDGE('',*,*,#2635,.F.);
#5410 = ORIENTED_EDGE('',*,*,#5411,.F.);
#5411 = EDGE_CURVE('',#509,#2627,#5412,.T.);
#5412 = CIRCLE('',#5413,0.254);
#5413 = AXIS2_PLACEMENT_3D('',#5414,#5415,#5416);
#5414 = CARTESIAN_POINT('',(-6.096,-12.08129729687,-4.529224351851));
#5415 = DIRECTION('',(-0.,0.866025403784,0.5));
#5416 = DIRECTION('',(0.,-0.5,0.866025403784));
#5417 = CYLINDRICAL_SURFACE('',#5418,0.254);
#5418 = AXIS2_PLACEMENT_3D('',#5419,#5420,#5421);
#5419 = CARTESIAN_POINT('',(-6.096,-1.059112650149,1.834436920996));
#5420 = DIRECTION('',(0.,0.866025403784,0.5));
#5421 = DIRECTION('',(0.,-0.5,0.866025403784));
#5422 = ADVANCED_FACE('',(#5423),#5435,.T.);
#5423 = FACE_BOUND('',#5424,.T.);
#5424 = EDGE_LOOP('',(#5425,#5426,#5427,#5434));
#5425 = ORIENTED_EDGE('',*,*,#5354,.T.);
#5426 = ORIENTED_EDGE('',*,*,#1650,.F.);
#5427 = ORIENTED_EDGE('',*,*,#5428,.F.);
#5428 = EDGE_CURVE('',#2589,#1632,#5429,.T.);
#5429 = CIRCLE('',#5430,0.254);
#5430 = AXIS2_PLACEMENT_3D('',#5431,#5432,#5433);
#5431 = CARTESIAN_POINT('',(-6.096,-10.71878396198,-1.678923663574));
#5432 = DIRECTION('',(-3.518290431223E-14,0.154746991638,-0.987954132832
    ));
#5433 = DIRECTION('',(-3.628760164017E-29,0.987954132832,0.154746991638)
  );
#5434 = ORIENTED_EDGE('',*,*,#2588,.F.);
#5435 = TOROIDAL_SURFACE('',#5436,10.849475300297,0.254);
#5436 = AXIS2_PLACEMENT_3D('',#5437,#5438,#5439);
#5437 = CARTESIAN_POINT('',(-6.096,0.,0.));
#5438 = DIRECTION('',(1.,0.,0.));
#5439 = DIRECTION('',(0.,0.866025403784,0.5));
#5440 = ADVANCED_FACE('',(#5441),#5448,.T.);
#5441 = FACE_BOUND('',#5442,.T.);
#5442 = EDGE_LOOP('',(#5443,#5444,#5445,#5446,#5447));
#5443 = ORIENTED_EDGE('',*,*,#516,.T.);
#5444 = ORIENTED_EDGE('',*,*,#5411,.T.);
#5445 = ORIENTED_EDGE('',*,*,#3495,.F.);
#5446 = ORIENTED_EDGE('',*,*,#5428,.T.);
#5447 = ORIENTED_EDGE('',*,*,#1631,.F.);
#5448 = ( BOUNDED_SURFACE() B_SPLINE_SURFACE(3,2,(
    (#5449,#5450,#5451)
    ,(#5452,#5453,#5454)
    ,(#5455,#5456,#5457)
    ,(#5458,#5459,#5460)
    ,(#5461,#5462,#5463)
    ,(#5464,#5465,#5466)
    ,(#5467,#5468,#5469)
    ,(#5470,#5471,#5472)
    ,(#5473,#5474,#5475)
    ,(#5476,#5477,#5478)
    ,(#5479,#5480,#5481)
    ,(#5482,#5483,#5484)
    ,(#5485,#5486,#5487)
    ,(#5488,#5489,#5490
)),.UNSPECIFIED.,.F.,.F.,.F.) B_SPLINE_SURFACE_WITH_KNOTS((4,2,2,2,2,2,4
    ),(3,3),(-1.084202172486E-19,8.346611135472E-04,1.251991670321E-03,
    1.669322227094E-03,2.086652783868E-03,2.503983340642E-03,
    3.338644454189E-03),(0.,1.),.UNSPECIFIED.) 
GEOMETRIC_REPRESENTATION_ITEM() RATIONAL_B_SPLINE_SURFACE((
    (1.,0.694658370459,1.)
    ,(1.,0.693790782665,1.)
    ,(1.,0.693127794953,1.)
    ,(1.,0.692445647612,1.)
    ,(1.,0.69227293463,1.)
    ,(1.,0.692044451284,1.)
    ,(1.,0.691986695868,1.)
    ,(1.,0.691985249673,1.)
    ,(1.,0.692043017116,1.)
    ,(1.,0.692271033011,1.)
    ,(1.,0.692440588096,1.)
    ,(1.,0.693114201435,1.)
    ,(1.,0.693791370381,1.)
,(1.,0.694658370459,1.))) REPRESENTATION_ITEM('') SURFACE() );
#5449 = CARTESIAN_POINT('',(-6.087135527838,-12.20821993191,
    -4.309387899346));
#5450 = CARTESIAN_POINT('',(-6.35,-12.21280964673,-4.301438280085));
#5451 = CARTESIAN_POINT('',(-6.35,-12.08129729687,-4.529224351851));
#5452 = CARTESIAN_POINT('',(-6.086522113482,-11.98604998526,
    -4.181142755572));
#5453 = CARTESIAN_POINT('',(-6.35,-11.99149427583,-4.172926493335));
#5454 = CARTESIAN_POINT('',(-6.35,-11.83693608613,-4.388142333987));
#5455 = CARTESIAN_POINT('',(-6.086056374042,-11.78839844344,
    -4.023160916179));
#5456 = CARTESIAN_POINT('',(-6.35,-11.79514118148,-4.015223441762));
#5457 = CARTESIAN_POINT('',(-6.35,-11.61953901279,-4.214352991468));
#5458 = CARTESIAN_POINT('',(-6.085576309026,-11.5283157225,
    -3.742424811666));
#5459 = CARTESIAN_POINT('',(-6.35,-11.53661977625,-3.735407704568));
#5460 = CARTESIAN_POINT('',(-6.35,-11.33346819889,-3.905533629542));
#5461 = CARTESIAN_POINT('',(-6.085454835928,-11.44834764113,
    -3.641768168727));
#5462 = CARTESIAN_POINT('',(-6.35,-11.45711940221,-3.635118444391));
#5463 = CARTESIAN_POINT('',(-6.35,-11.24550841429,-3.794808882452));
#5464 = CARTESIAN_POINT('',(-6.085294158808,-11.30604140475,-3.432204017
    ));
#5465 = CARTESIAN_POINT('',(-6.35,-11.31557882449,-3.426371137221));
#5466 = CARTESIAN_POINT('',(-6.35,-11.08897830653,-3.56428508811));
#5467 = CARTESIAN_POINT('',(-6.085253558294,-11.24298355318,
    -3.322556993572));
#5468 = CARTESIAN_POINT('',(-6.35,-11.25285138566,-3.317206213852));
#5469 = CARTESIAN_POINT('',(-6.35,-11.01961637584,-3.443672546768));
#5470 = CARTESIAN_POINT('',(-6.085252541601,-11.13320181175,
    -3.093446855874));
#5471 = CARTESIAN_POINT('',(-6.35,-11.14355565964,-3.089107809158));
#5472 = CARTESIAN_POINT('',(-6.35,-10.89885650453,-3.191651374142));
#5473 = CARTESIAN_POINT('',(-6.085293150498,-11.08635332864,
    -2.973160714645));
#5474 = CARTESIAN_POINT('',(-6.35,-11.09687998587,-2.96939235519));
#5475 = CARTESIAN_POINT('',(-6.35,-10.84732146639,-3.059337434744));
#5476 = CARTESIAN_POINT('',(-6.085453498404,-11.01226176744,
    -2.730196411632));
#5477 = CARTESIAN_POINT('',(-6.35,-11.02294531577,-2.72753969183));
#5478 = CARTESIAN_POINT('',(-6.35,-10.76581400824,-2.792079923296));
#5479 = CARTESIAN_POINT('',(-6.085572750135,-10.98454148983,
    -2.606787275855));
#5480 = CARTESIAN_POINT('',(-6.35,-10.99521786296,-2.604715220331));
#5481 = CARTESIAN_POINT('',(-6.35,-10.73531669116,-2.656332269537));
#5482 = CARTESIAN_POINT('',(-6.086046804075,-10.92913336433,
    -2.230825160234));
#5483 = CARTESIAN_POINT('',(-6.35,-10.93955314442,-2.230533010854));
#5484 = CARTESIAN_POINT('',(-6.35,-10.67434783073,-2.242783465897));
#5485 = CARTESIAN_POINT('',(-6.086524913378,-10.93003935284,
    -1.970453146434));
#5486 = CARTESIAN_POINT('',(-6.35,-10.93984892115,-1.971378705634));
#5487 = CARTESIAN_POINT('',(-6.35,-10.67532433708,-1.956383787156));
#5488 = CARTESIAN_POINT('',(-6.087135527838,-10.96957144564,
    -1.718205455458));
#5489 = CARTESIAN_POINT('',(-6.35,-10.97864030109,-1.71962594458));
#5490 = CARTESIAN_POINT('',(-6.35,-10.71878396198,-1.678923663574));
#5491 = ADVANCED_FACE('',(#5492),#5511,.T.);
#5492 = FACE_BOUND('',#5493,.T.);
#5493 = EDGE_LOOP('',(#5494,#5501,#5502,#5509,#5510));
#5494 = ORIENTED_EDGE('',*,*,#5495,.F.);
#5495 = EDGE_CURVE('',#2722,#1780,#5496,.T.);
#5496 = CIRCLE('',#5497,0.254);
#5497 = AXIS2_PLACEMENT_3D('',#5498,#5499,#5500);
#5498 = CARTESIAN_POINT('',(-6.096,14.035455159357,10.549289709115));
#5499 = DIRECTION('',(6.829619984158E-14,-0.866025403784,-0.5));
#5500 = DIRECTION('',(1.,5.914624404475E-14,3.414809992079E-14));
#5501 = ORIENTED_EDGE('',*,*,#4501,.F.);
#5502 = ORIENTED_EDGE('',*,*,#5503,.F.);
#5503 = EDGE_CURVE('',#156,#2871,#5504,.T.);
#5504 = CIRCLE('',#5505,0.254);
#5505 = AXIS2_PLACEMENT_3D('',#5506,#5507,#5508);
#5506 = CARTESIAN_POINT('',(-6.096,14.588293753458,14.967084488494));
#5507 = DIRECTION('',(0.,-0.716110466294,0.697986962675));
#5508 = DIRECTION('',(0.,-0.697986962675,-0.716110466294));
#5509 = ORIENTED_EDGE('',*,*,#153,.F.);
#5510 = ORIENTED_EDGE('',*,*,#1787,.F.);
#5511 = ( BOUNDED_SURFACE() B_SPLINE_SURFACE(3,2,(
    (#5512,#5513,#5514)
    ,(#5515,#5516,#5517)
    ,(#5518,#5519,#5520)
    ,(#5521,#5522,#5523)
    ,(#5524,#5525,#5526)
    ,(#5527,#5528,#5529)
    ,(#5530,#5531,#5532)
    ,(#5533,#5534,#5535)
    ,(#5536,#5537,#5538)
    ,(#5539,#5540,#5541)
    ,(#5542,#5543,#5544)
    ,(#5545,#5546,#5547)
    ,(#5548,#5549,#5550)
    ,(#5551,#5552,#5553)
    ,(#5554,#5555,#5556)
    ,(#5557,#5558,#5559
)),.UNSPECIFIED.,.F.,.F.,.F.) B_SPLINE_SURFACE_WITH_KNOTS((4,2,2,2,2,2,2
    ,4),(3,3),(1.767249541151E-17,6.407458912127E-04,1.281491782425E-03,
    1.922237673638E-03,2.562983564851E-03,3.203729456063E-03,
    3.844475347276E-03,5.125967129701E-03),(0.,1.),.UNSPECIFIED.) 
GEOMETRIC_REPRESENTATION_ITEM() RATIONAL_B_SPLINE_SURFACE((
    (1.,0.694658370459,1.)
    ,(1.,0.693376315946,1.)
    ,(1.,0.692225835454,1.)
    ,(1.,0.690186185457,1.)
    ,(1.,0.68929340398,1.)
    ,(1.,0.687866429091,1.)
    ,(1.,0.687316222246,1.)
    ,(1.,0.686572863699,1.)
    ,(1.,0.686388529084,1.)
    ,(1.,0.686385921662,1.)
    ,(1.,0.686574530914,1.)
    ,(1.,0.687307102337,1.)
    ,(1.,0.687855730909,1.)
    ,(1.,0.690010526009,1.)
    ,(1.,0.69207852042,1.)
,(1.,0.694658370459,1.))) REPRESENTATION_ITEM('') SURFACE() );
#5512 = CARTESIAN_POINT('',(-6.087135527838,13.908532524326,
    10.76912616162));
#5513 = CARTESIAN_POINT('',(-6.35,13.903942809506,10.777075780881));
#5514 = CARTESIAN_POINT('',(-6.35,14.035455159357,10.549289709115));
#5515 = CARTESIAN_POINT('',(-6.08623030841,14.079137679128,
    10.867588592479));
#5516 = CARTESIAN_POINT('',(-6.35,14.073761304197,10.876206261908));
#5517 = CARTESIAN_POINT('',(-6.35,14.223063707424,10.65760556022));
#5518 = CARTESIAN_POINT('',(-6.085421188117,14.235159742117,
    10.98369572112));
#5519 = CARTESIAN_POINT('',(-6.35,14.228481483475,10.992551819236));
#5520 = CARTESIAN_POINT('',(-6.35,14.394636857271,10.785329770356));
#5521 = CARTESIAN_POINT('',(-6.083988812754,14.518972850855,
    11.249894500306));
#5522 = CARTESIAN_POINT('',(-6.35,14.509906247167,11.258654755741));
#5523 = CARTESIAN_POINT('',(-6.35,14.706740839644,11.078159748927));
#5524 = CARTESIAN_POINT('',(-6.083363442984,14.647351407762,
    11.401722949298));
#5525 = CARTESIAN_POINT('',(-6.35,14.636985384498,11.410120606132));
#5526 = CARTESIAN_POINT('',(-6.35,14.847917769278,11.245175985455));
#5527 = CARTESIAN_POINT('',(-6.082365135296,14.86249099317,
    11.725505353333));
#5528 = CARTESIAN_POINT('',(-6.35,14.850031859408,11.732750602578));
#5529 = CARTESIAN_POINT('',(-6.35,15.084508286308,11.601344520312));
#5530 = CARTESIAN_POINT('',(-6.081980953327,14.951496940222,
    11.899684350225));
#5531 = CARTESIAN_POINT('',(-6.35,14.938053500125,11.906039830178));
#5532 = CARTESIAN_POINT('',(-6.35,15.182390570792,11.792944454977));
#5533 = CARTESIAN_POINT('',(-6.081462136674,15.088358603195,
    12.267957015028));
#5534 = CARTESIAN_POINT('',(-6.35,15.073556843354,12.272321367514));
#5535 = CARTESIAN_POINT('',(-6.35,15.332905649429,12.198048486189));
#5536 = CARTESIAN_POINT('',(-6.081333640074,15.134470188249,
    12.45669636087));
#5537 = CARTESIAN_POINT('',(-6.35,15.119202333283,12.459824139775));
#5538 = CARTESIAN_POINT('',(-6.35,15.383620279748,12.405662783078));
#5539 = CARTESIAN_POINT('',(-6.081331821851,15.183180465924,
    12.843148943751));
#5540 = CARTESIAN_POINT('',(-6.35,15.167612071418,12.843908641543));
#5541 = CARTESIAN_POINT('',(-6.35,15.437201468265,12.830760638889));
#5542 = CARTESIAN_POINT('',(-6.081463301806,15.185053494901,
    13.041775034745));
#5543 = CARTESIAN_POINT('',(-6.35,15.169634538016,13.04119709946));
#5544 = CARTESIAN_POINT('',(-6.35,15.43927010148,13.049248299363));
#5545 = CARTESIAN_POINT('',(-6.081974586709,15.14398816489,
    13.428096854228));
#5546 = CARTESIAN_POINT('',(-6.35,15.12938182155,13.425278326294));
#5547 = CARTESIAN_POINT('',(-6.35,15.394130518364,13.474198259014));
#5548 = CARTESIAN_POINT('',(-6.082357655333,15.101004061225,
    13.619986490505));
#5549 = CARTESIAN_POINT('',(-6.35,15.087130944193,13.616048228461));
#5550 = CARTESIAN_POINT('',(-6.35,15.346872186638,13.685273830038));
#5551 = CARTESIAN_POINT('',(-6.083865130716,14.906769137465,
    14.17484167122));
#5552 = CARTESIAN_POINT('',(-6.35,14.895729941664,14.16785566241));
#5553 = CARTESIAN_POINT('',(-6.35,15.133308949957,14.295602614906));
#5554 = CARTESIAN_POINT('',(-6.085312368206,14.69535098396,
    14.508347784398));
#5555 = CARTESIAN_POINT('',(-6.35,14.687612583232,14.500333474839));
#5556 = CARTESIAN_POINT('',(-6.35,14.900840534909,14.662447713484));
#5557 = CARTESIAN_POINT('',(-6.087135527838,14.411113064417,
    14.785303233782));
#5558 = CARTESIAN_POINT('',(-6.35,14.404705942204,14.778729748143));
#5559 = CARTESIAN_POINT('',(-6.35,14.588293753458,14.967084488494));
#5560 = ADVANCED_FACE('',(#5561),#5573,.T.);
#5561 = FACE_BOUND('',#5562,.T.);
#5562 = EDGE_LOOP('',(#5563,#5564,#5565,#5566));
#5563 = ORIENTED_EDGE('',*,*,#164,.F.);
#5564 = ORIENTED_EDGE('',*,*,#5503,.T.);
#5565 = ORIENTED_EDGE('',*,*,#2882,.F.);
#5566 = ORIENTED_EDGE('',*,*,#5567,.F.);
#5567 = EDGE_CURVE('',#165,#2883,#5568,.T.);
#5568 = CIRCLE('',#5569,0.254);
#5569 = AXIS2_PLACEMENT_3D('',#5570,#5571,#5572);
#5570 = CARTESIAN_POINT('',(-6.096,5.667728510895,20.117375232611));
#5571 = DIRECTION('',(0.,-0.962529674334,0.271176374389));
#5572 = DIRECTION('',(0.,-0.271176374389,-0.962529674334));
#5573 = TOROIDAL_SURFACE('',#5574,20.900524699703,0.254);
#5574 = AXIS2_PLACEMENT_3D('',#5575,#5576,#5577);
#5575 = CARTESIAN_POINT('',(-6.096,0.,0.));
#5576 = DIRECTION('',(1.,0.,0.));
#5577 = DIRECTION('',(0.,0.866025403784,0.5));
#5578 = ADVANCED_FACE('',(#5579),#5591,.T.);
#5579 = FACE_BOUND('',#5580,.T.);
#5580 = EDGE_LOOP('',(#5581,#5582,#5583,#5590));
#5581 = ORIENTED_EDGE('',*,*,#5495,.T.);
#5582 = ORIENTED_EDGE('',*,*,#1779,.F.);
#5583 = ORIENTED_EDGE('',*,*,#5584,.F.);
#5584 = EDGE_CURVE('',#2734,#1761,#5585,.T.);
#5585 = CIRCLE('',#5586,0.254);
#5586 = AXIS2_PLACEMENT_3D('',#5587,#5588,#5589);
#5587 = CARTESIAN_POINT('',(-6.096,9.963071996581,8.198098193843));
#5588 = DIRECTION('',(-2.333607026751E-29,-0.866025403784,-0.5));
#5589 = DIRECTION('',(-1.942940639474E-46,0.5,-0.866025403784));
#5590 = ORIENTED_EDGE('',*,*,#2733,.F.);
#5591 = CYLINDRICAL_SURFACE('',#5592,0.254);
#5592 = AXIS2_PLACEMENT_3D('',#5593,#5594,#5595);
#5593 = CARTESIAN_POINT('',(-6.096,-1.059112650149,1.834436920996));
#5594 = DIRECTION('',(0.,-0.866025403784,-0.5));
#5595 = DIRECTION('',(0.,0.5,-0.866025403784));
#5596 = ADVANCED_FACE('',(#5597),#5611,.T.);
#5597 = FACE_BOUND('',#5598,.T.);
#5598 = EDGE_LOOP('',(#5599,#5600,#5601,#5602,#5609,#5610));
#5599 = ORIENTED_EDGE('',*,*,#173,.T.);
#5600 = ORIENTED_EDGE('',*,*,#5567,.T.);
#5601 = ORIENTED_EDGE('',*,*,#4395,.F.);
#5602 = ORIENTED_EDGE('',*,*,#5603,.F.);
#5603 = EDGE_CURVE('',#458,#2826,#5604,.T.);
#5604 = CIRCLE('',#5605,0.254);
#5605 = AXIS2_PLACEMENT_3D('',#5606,#5607,#5608);
#5606 = CARTESIAN_POINT('',(-6.096,2.118225300297,17.429705576239));
#5607 = DIRECTION('',(0.,-1.149080830487E-14,-1.));
#5608 = DIRECTION('',(0.,1.,-1.149080830487E-14));
#5609 = ORIENTED_EDGE('',*,*,#455,.F.);
#5610 = ORIENTED_EDGE('',*,*,#1809,.F.);
#5611 = ( BOUNDED_SURFACE() B_SPLINE_SURFACE(3,2,(
    (#5612,#5613,#5614)
    ,(#5615,#5616,#5617)
    ,(#5618,#5619,#5620)
    ,(#5621,#5622,#5623)
    ,(#5624,#5625,#5626)
    ,(#5627,#5628,#5629)
    ,(#5630,#5631,#5632)
    ,(#5633,#5634,#5635)
    ,(#5636,#5637,#5638)
    ,(#5639,#5640,#5641)
    ,(#5642,#5643,#5644)
    ,(#5645,#5646,#5647)
    ,(#5648,#5649,#5650)
    ,(#5651,#5652,#5653)
    ,(#5654,#5655,#5656)
    ,(#5657,#5658,#5659
)),.UNSPECIFIED.,.F.,.F.,.F.) B_SPLINE_SURFACE_WITH_KNOTS((4,2,2,2,2,2,2
    ,4),(3,3),(-2.114194236347E-17,6.407458898096E-04,1.281491779619E-03
    ,1.922237669429E-03,2.562983559238E-03,3.203729449048E-03,
    3.844475338858E-03,5.125967118477E-03),(0.,1.),.UNSPECIFIED.) 
GEOMETRIC_REPRESENTATION_ITEM() RATIONAL_B_SPLINE_SURFACE((
    (1.,0.694658370459,1.)
    ,(1.,0.693376735269,1.)
    ,(1.,0.692226556584,1.)
    ,(1.,0.690187275773,1.)
    ,(1.,0.68929455859,1.)
    ,(1.,0.687867503459,1.)
    ,(1.,0.687317154718,1.)
    ,(1.,0.686573387666,1.)
    ,(1.,0.686388793887,1.)
    ,(1.,0.686385662934,1.)
    ,(1.,0.686574007585,1.)
    ,(1.,0.687306174118,1.)
    ,(1.,0.687854657893,1.)
    ,(1.,0.690009329703,1.)
    ,(1.,0.692077667306,1.)
,(1.,0.694658370459,1.))) REPRESENTATION_ITEM('') SURFACE() );
#5612 = CARTESIAN_POINT('',(-6.087135527838,5.598891670903,
    19.873041627486));
#5613 = CARTESIAN_POINT('',(-6.35,5.596402426455,19.864206154065));
#5614 = CARTESIAN_POINT('',(-6.35,5.667728510895,20.117375232611));
#5615 = CARTESIAN_POINT('',(-6.086230604205,5.409301528772,
    19.926488258135));
#5616 = CARTESIAN_POINT('',(-6.350000000001,5.406883166499,
    19.916623432614));
#5617 = CARTESIAN_POINT('',(-6.35,5.459214074105,20.17612062591));
#5618 = CARTESIAN_POINT('',(-6.085421695481,5.21725463686,
    19.957176001962));
#5619 = CARTESIAN_POINT('',(-6.35,5.215574160146,19.946212735293));
#5620 = CARTESIAN_POINT('',(-6.35,5.247993606663,20.209836103809));
#5621 = CARTESIAN_POINT('',(-6.083989577508,4.828529058672,
    19.974614216243));
#5622 = CARTESIAN_POINT('',(-6.35,4.828584156726,19.962007821004));
#5623 = CARTESIAN_POINT('',(-6.35,4.82045048231,20.22894549103));
#5624 = CARTESIAN_POINT('',(-6.083364251555,4.630196558726,
    19.960573147134));
#5625 = CARTESIAN_POINT('',(-6.35,4.631418147634,19.947289361573));
#5626 = CARTESIAN_POINT('',(-6.35,4.602308753068,20.213468595642));
#5627 = CARTESIAN_POINT('',(-6.082365886113,4.24816795649,19.88864094451
    ));
#5628 = CARTESIAN_POINT('',(-6.35,4.251675640258,19.874662545199));
#5629 = CARTESIAN_POINT('',(-6.35,4.182115640442,20.134292532768));
#5630 = CARTESIAN_POINT('',(-6.081981604408,4.061311554226,
    19.830804369391));
#5631 = CARTESIAN_POINT('',(-6.35,4.066143367269,19.816741997474));
#5632 = CARTESIAN_POINT('',(-6.35,3.976588360279,20.070652805796));
#5633 = CARTESIAN_POINT('',(-6.081462502095,3.702059968361,
    19.671762949674));
#5634 = CARTESIAN_POINT('',(-6.35,3.709265785187,19.658117325858));
#5635 = CARTESIAN_POINT('',(-6.35,3.581431554304,19.89568091787));
#5636 = CARTESIAN_POINT('',(-6.08133382474,3.534716446829,
    19.573046358842));
#5637 = CARTESIAN_POINT('',(-6.35,3.543133190574,19.559929859166));
#5638 = CARTESIAN_POINT('',(-6.35,3.397358623694,19.787086140164));
#5639 = CARTESIAN_POINT('',(-6.081331641422,3.22397453746,
    19.338189482216));
#5640 = CARTESIAN_POINT('',(-6.35,3.234297108123,19.326510325879));
#5641 = CARTESIAN_POINT('',(-6.35,3.055542608553,19.528743463416));
#5642 = CARTESIAN_POINT('',(-6.081462936828,3.080428944905,
    19.200892376522));
#5643 = CARTESIAN_POINT('',(-6.35,3.091605291204,19.190253752385));
#5644 = CARTESIAN_POINT('',(-6.35,2.897637412971,19.377723307263));
#5645 = CARTESIAN_POINT('',(-6.081973938606,2.83244289076,
    18.901837501231));
#5646 = CARTESIAN_POINT('',(-6.35,2.844656853086,18.893344569389));
#5647 = CARTESIAN_POINT('',(-6.35,2.624833123766,19.048788864183));
#5648 = CARTESIAN_POINT('',(-6.082356905474,2.725031058232,
    18.737119685353));
#5649 = CARTESIAN_POINT('',(-6.35,2.737535255671,18.729933415303));
#5650 = CARTESIAN_POINT('',(-6.35,2.506665399135,18.867618690728));
#5651 = CARTESIAN_POINT('',(-6.083864292165,2.463266915733,
    18.210744331655));
#5652 = CARTESIAN_POINT('',(-6.35,2.475975749637,18.207714860336));
#5653 = CARTESIAN_POINT('',(-6.35,2.218666934298,18.288682264988));
#5654 = CARTESIAN_POINT('',(-6.085311772262,2.372006883412,
    17.826562644087));
#5655 = CARTESIAN_POINT('',(-6.349999999998,2.383147960508,
    17.826615464557));
#5656 = CARTESIAN_POINT('',(-6.35,2.118225304622,17.86615609292));
#5657 = CARTESIAN_POINT('',(-6.087135527838,2.37207057036,
    17.429705576239));
#5658 = CARTESIAN_POINT('',(-6.35,2.38125,17.429705576239));
#5659 = CARTESIAN_POINT('',(-6.35,2.118225300297,17.429705576239));
#5660 = ADVANCED_FACE('',(#5661),#5673,.T.);
#5661 = FACE_BOUND('',#5662,.T.);
#5662 = EDGE_LOOP('',(#5663,#5664,#5665,#5672));
#5663 = ORIENTED_EDGE('',*,*,#5584,.T.);
#5664 = ORIENTED_EDGE('',*,*,#1760,.F.);
#5665 = ORIENTED_EDGE('',*,*,#5666,.F.);
#5666 = EDGE_CURVE('',#2767,#1752,#5667,.T.);
#5667 = CIRCLE('',#5668,0.254);
#5668 = AXIS2_PLACEMENT_3D('',#5669,#5670,#5671);
#5669 = CARTESIAN_POINT('',(-6.096,6.813382524662,8.443277376967));
#5670 = DIRECTION('',(2.897028206394E-15,-0.778219880987,0.627991892334)
  );
#5671 = DIRECTION('',(4.14151975241E-30,-0.627991892334,-0.778219880987)
  );
#5672 = ORIENTED_EDGE('',*,*,#4449,.F.);
#5673 = ( BOUNDED_SURFACE() B_SPLINE_SURFACE(3,2,(
    (#5674,#5675,#5676)
    ,(#5677,#5678,#5679)
    ,(#5680,#5681,#5682)
    ,(#5683,#5684,#5685)
    ,(#5686,#5687,#5688)
    ,(#5689,#5690,#5691)
    ,(#5692,#5693,#5694)
    ,(#5695,#5696,#5697)
    ,(#5698,#5699,#5700)
    ,(#5701,#5702,#5703)
    ,(#5704,#5705,#5706)
    ,(#5707,#5708,#5709)
    ,(#5710,#5711,#5712)
    ,(#5713,#5714,#5715
)),.UNSPECIFIED.,.F.,.F.,.F.) B_SPLINE_SURFACE_WITH_KNOTS((4,2,2,2,2,2,4
    ),(3,3),(4.336808689942E-19,8.346611135208E-04,1.251991670281E-03,
    1.669322227042E-03,2.086652783802E-03,2.503983340562E-03,
    3.338644454083E-03),(0.,1.),.UNSPECIFIED.) 
GEOMETRIC_REPRESENTATION_ITEM() RATIONAL_B_SPLINE_SURFACE((
    (1.,0.694658370459,1.)
    ,(1.,0.693790680572,1.)
    ,(1.,0.693127661151,1.)
    ,(1.,0.692445531073,1.)
    ,(1.,0.692272834706,1.)
    ,(1.,0.692044395456,1.)
    ,(1.,0.691986667571,1.)
    ,(1.,0.691985276939,1.)
    ,(1.,0.692043072524,1.)
    ,(1.,0.692271132739,1.)
    ,(1.,0.692440704232,1.)
    ,(1.,0.693114335439,1.)
    ,(1.,0.693791473002,1.)
,(1.,0.694658370459,1.))) REPRESENTATION_ITEM('') SURFACE() );
#5674 = CARTESIAN_POINT('',(-6.087135527838,6.972795296168,
    8.640824812824));
#5675 = CARTESIAN_POINT('',(-6.35,6.978559903558,8.647968427466));
#5676 = CARTESIAN_POINT('',(-6.35,6.813382524662,8.443277376967));
#5677 = CARTESIAN_POINT('',(-6.086522041543,7.172416558275,
    8.479711018873));
#5678 = CARTESIAN_POINT('',(-6.35,7.178122397017,8.487747942677));
#5679 = CARTESIAN_POINT('',(-6.35,7.032968182398,8.266080661719));
#5680 = CARTESIAN_POINT('',(-6.086056279822,7.390955471159,8.35217617219
    ));
#5681 = CARTESIAN_POINT('',(-6.35,7.395933783282,8.36132420716));
#5682 = CARTESIAN_POINT('',(-6.35,7.273362618216,8.125813993247));
#5683 = CARTESIAN_POINT('',(-6.085576227039,7.74649291499,8.210582006584
    ));
#5684 = CARTESIAN_POINT('',(-6.35,7.750050525233,8.220855391984));
#5685 = CARTESIAN_POINT('',(-6.35,7.664455543556,7.970082709477));
#5686 = CARTESIAN_POINT('',(-6.085454765649,7.869187717961,
    8.172207027187));
#5687 = CARTESIAN_POINT('',(-6.35,7.872234203941,8.182784513929));
#5688 = CARTESIAN_POINT('',(-6.35,7.7994202657,7.927875872547));
#5689 = CARTESIAN_POINT('',(-6.085294119557,8.115929000833,
    8.114875206611));
#5690 = CARTESIAN_POINT('',(-6.35,8.117937776264,8.125872962914));
#5691 = CARTESIAN_POINT('',(-6.35,8.070836257537,7.864818329847));
#5692 = CARTESIAN_POINT('',(-6.0852535384,8.240924486986,8.095513109726)
  );
#5693 = CARTESIAN_POINT('',(-6.35,8.242364536714,8.106645571169));
#5694 = CARTESIAN_POINT('',(-6.35,8.208331439096,7.843521907623));
#5695 = CARTESIAN_POINT('',(-6.08525256077,8.494193937556,8.075561383228
    ));
#5696 = CARTESIAN_POINT('',(-6.35,8.494515123336,8.086783052915));
#5697 = CARTESIAN_POINT('',(-6.35,8.486927838391,7.82157505557));
#5698 = CARTESIAN_POINT('',(-6.085293189454,8.623280607561,
    8.075151770859));
#5699 = CARTESIAN_POINT('',(-6.35,8.623007158984,8.0863292177));
#5700 = CARTESIAN_POINT('',(-6.35,8.628923028353,7.821122595027));
#5701 = CARTESIAN_POINT('',(-6.085453568545,8.876628418113,
    8.093484775703));
#5702 = CARTESIAN_POINT('',(-6.35,8.875261380081,8.104408415146));
#5703 = CARTESIAN_POINT('',(-6.35,8.907605040143,7.841281450201));
#5704 = CARTESIAN_POINT('',(-6.085572831838,9.001743307083,
    8.112045304634));
#5705 = CARTESIAN_POINT('',(-6.35,8.999833388971,8.122751781106));
#5706 = CARTESIAN_POINT('',(-6.35,9.045230986806,7.86169249341));
#5707 = CARTESIAN_POINT('',(-6.086046898436,9.372448340497,
    8.195683524653));
#5708 = CARTESIAN_POINT('',(-6.35,9.368970206149,8.205509898655));
#5709 = CARTESIAN_POINT('',(-6.35,9.453004809068,7.953672519866));
#5710 = CARTESIAN_POINT('',(-6.086524984981,9.615040683347,
    8.290252872529));
#5711 = CARTESIAN_POINT('',(-6.35,9.610646163448,8.29907166023));
#5712 = CARTESIAN_POINT('',(-6.35,9.719854717005,8.057676635929));
#5713 = CARTESIAN_POINT('',(-6.087135527838,9.83614936155,8.417934646348
    ));
#5714 = CARTESIAN_POINT('',(-6.35,9.83155964673,8.425884265609));
#5715 = CARTESIAN_POINT('',(-6.35,9.963071996581,8.198098193843));
#5716 = ADVANCED_FACE('',(#5717),#5729,.T.);
#5717 = FACE_BOUND('',#5718,.T.);
#5718 = EDGE_LOOP('',(#5719,#5720,#5721,#5722));
#5719 = ORIENTED_EDGE('',*,*,#466,.F.);
#5720 = ORIENTED_EDGE('',*,*,#5603,.T.);
#5721 = ORIENTED_EDGE('',*,*,#2825,.F.);
#5722 = ORIENTED_EDGE('',*,*,#5723,.F.);
#5723 = EDGE_CURVE('',#467,#2817,#5724,.T.);
#5724 = CIRCLE('',#5725,0.254);
#5725 = AXIS2_PLACEMENT_3D('',#5726,#5727,#5728);
#5726 = CARTESIAN_POINT('',(-6.096,2.118225300297,12.727322545694));
#5727 = DIRECTION('',(0.,9.769962616701E-15,-1.));
#5728 = DIRECTION('',(0.,1.,9.769962616701E-15));
#5729 = CYLINDRICAL_SURFACE('',#5730,0.254);
#5730 = AXIS2_PLACEMENT_3D('',#5731,#5732,#5733);
#5731 = CARTESIAN_POINT('',(-6.096,2.118225300297,-2.48689957516E-14));
#5732 = DIRECTION('',(0.,-1.193489751472E-14,-1.));
#5733 = DIRECTION('',(0.,1.,-1.187938636349E-14));
#5734 = ADVANCED_FACE('',(#5735),#5747,.T.);
#5735 = FACE_BOUND('',#5736,.T.);
#5736 = EDGE_LOOP('',(#5737,#5738,#5739,#5746));
#5737 = ORIENTED_EDGE('',*,*,#5666,.T.);
#5738 = ORIENTED_EDGE('',*,*,#1751,.F.);
#5739 = ORIENTED_EDGE('',*,*,#5740,.F.);
#5740 = EDGE_CURVE('',#2779,#1733,#5741,.T.);
#5741 = CIRCLE('',#5742,0.254);
#5742 = AXIS2_PLACEMENT_3D('',#5743,#5744,#5745);
#5743 = CARTESIAN_POINT('',(-6.096,3.905401437321,10.122201040541));
#5744 = DIRECTION('',(-3.310062206487E-14,-0.932966872625,0.359962240498
    ));
#5745 = DIRECTION('',(9.466330862652E-29,-0.359962240498,-0.932966872625
    ));
#5746 = ORIENTED_EDGE('',*,*,#2778,.F.);
#5747 = TOROIDAL_SURFACE('',#5748,10.849475300297,0.254);
#5748 = AXIS2_PLACEMENT_3D('',#5749,#5750,#5751);
#5749 = CARTESIAN_POINT('',(-6.096,0.,0.));
#5750 = DIRECTION('',(1.,0.,0.));
#5751 = DIRECTION('',(0.,0.866025403784,0.5));
#5752 = ADVANCED_FACE('',(#5753),#5760,.T.);
#5753 = FACE_BOUND('',#5754,.T.);
#5754 = EDGE_LOOP('',(#5755,#5756,#5757,#5758,#5759));
#5755 = ORIENTED_EDGE('',*,*,#474,.T.);
#5756 = ORIENTED_EDGE('',*,*,#5723,.T.);
#5757 = ORIENTED_EDGE('',*,*,#4343,.F.);
#5758 = ORIENTED_EDGE('',*,*,#5740,.T.);
#5759 = ORIENTED_EDGE('',*,*,#1732,.F.);
#5760 = ( BOUNDED_SURFACE() B_SPLINE_SURFACE(3,2,(
    (#5761,#5762,#5763)
    ,(#5764,#5765,#5766)
    ,(#5767,#5768,#5769)
    ,(#5770,#5771,#5772)
    ,(#5773,#5774,#5775)
    ,(#5776,#5777,#5778)
    ,(#5779,#5780,#5781)
    ,(#5782,#5783,#5784)
    ,(#5785,#5786,#5787)
    ,(#5788,#5789,#5790)
    ,(#5791,#5792,#5793)
    ,(#5794,#5795,#5796)
    ,(#5797,#5798,#5799)
    ,(#5800,#5801,#5802
)),.UNSPECIFIED.,.F.,.F.,.F.) B_SPLINE_SURFACE_WITH_KNOTS((4,2,2,2,2,2,4
    ),(3,3),(1.084202172486E-19,8.346611135472E-04,1.251991670321E-03,
    1.669322227094E-03,2.086652783868E-03,2.503983340642E-03,
    3.338644454189E-03),(0.,1.),.UNSPECIFIED.) 
GEOMETRIC_REPRESENTATION_ITEM() RATIONAL_B_SPLINE_SURFACE((
    (1.,0.694658370459,1.)
    ,(1.,0.693790782665,1.)
    ,(1.,0.693127794953,1.)
    ,(1.,0.692445647612,1.)
    ,(1.,0.69227293463,1.)
    ,(1.,0.692044451284,1.)
    ,(1.,0.691986695868,1.)
    ,(1.,0.691985249672,1.)
    ,(1.,0.692043017116,1.)
    ,(1.,0.692271033011,1.)
    ,(1.,0.692440588096,1.)
    ,(1.,0.693114201435,1.)
    ,(1.,0.693791370381,1.)
,(1.,0.694658370459,1.))) REPRESENTATION_ITEM('') SURFACE() );
#5761 = CARTESIAN_POINT('',(-6.087135527838,2.37207057036,
    12.727322545694));
#5762 = CARTESIAN_POINT('',(-6.35,2.38125,12.727322545694));
#5763 = CARTESIAN_POINT('',(-6.35,2.118225300297,12.727322545694));
#5764 = CARTESIAN_POINT('',(-6.086522113482,2.372049149459,
    12.470795156058));
#5765 = CARTESIAN_POINT('',(-6.35,2.381886786564,12.471401918876));
#5766 = CARTESIAN_POINT('',(-6.35,2.118225306409,12.445158520556));
#5767 = CARTESIAN_POINT('',(-6.086056374042,2.4100396648,12.220632980049
    ));
#5768 = CARTESIAN_POINT('',(-6.35,2.420285088306,12.222503625271));
#5769 = CARTESIAN_POINT('',(-6.35,2.16003275527,12.169992461077));
#5770 = CARTESIAN_POINT('',(-6.085576309026,2.523122902597,
    11.855026684371));
#5771 = CARTESIAN_POINT('',(-6.35,2.533351922479,11.858709652322));
#5772 = CARTESIAN_POINT('',(-6.35,2.284442760931,11.767838187998));
#5773 = CARTESIAN_POINT('',(-6.085454835928,2.570310071758,
    11.735443972944));
#5774 = CARTESIAN_POINT('',(-6.35,2.580454782498,11.739715678702));
#5775 = CARTESIAN_POINT('',(-6.35,2.336353312438,11.636300406479));
#5776 = CARTESIAN_POINT('',(-6.085294158808,2.680644832683,
    11.507421081254));
#5777 = CARTESIAN_POINT('',(-6.35,2.69046496462,11.512764289148));
#5778 = CARTESIAN_POINT('',(-6.35,2.457727720635,11.38547945953));
#5779 = CARTESIAN_POINT('',(-6.085253558294,2.744073014636,
    11.39798786817));
#5780 = CARTESIAN_POINT('',(-6.35,2.753640842046,11.403858271925));
#5781 = CARTESIAN_POINT('',(-6.35,2.527500280108,11.265103994827));
#5782 = CARTESIAN_POINT('',(-6.085252541601,2.887597343433,
    11.188359022375));
#5783 = CARTESIAN_POINT('',(-6.35,2.896531992065,11.195156194321));
#5784 = CARTESIAN_POINT('',(-6.35,2.685377082239,11.034512292203));
#5785 = CARTESIAN_POINT('',(-6.085293150498,2.968343955904,
    11.087643975257));
#5786 = CARTESIAN_POINT('',(-6.35,2.976870779541,11.094876148112));
#5787 = CARTESIAN_POINT('',(-6.35,2.774196795962,10.923724670288));
#5788 = CARTESIAN_POINT('',(-6.085453498404,3.141711433926,
    10.901996649545));
#5789 = CARTESIAN_POINT('',(-6.35,3.149353994931,10.909920513902));
#5790 = CARTESIAN_POINT('',(-6.35,2.96489486115,10.719508385205));
#5791 = CARTESIAN_POINT('',(-6.085572750135,3.234726741767,
    10.816285617053));
#5792 = CARTESIAN_POINT('',(-6.35,3.24185938105,10.824495599635));
#5793 = CARTESIAN_POINT('',(-6.35,3.067207119269,10.625223106984));
#5794 = CARTESIAN_POINT('',(-6.086046804075,3.532615422001,
    10.580319714977));
#5795 = CARTESIAN_POINT('',(-6.35,3.538078320832,10.589197434548));
#5796 = CARTESIAN_POINT('',(-6.35,3.394866458713,10.365648123198));
#5797 = CARTESIAN_POINT('',(-6.086524913378,3.758557194646,
    10.450918317148));
#5798 = CARTESIAN_POINT('',(-6.35,3.762660421019,10.459876432102));
#5799 = CARTESIAN_POINT('',(-6.35,3.643384109315,10.223293963133));
#5800 = CARTESIAN_POINT('',(-6.087135527838,3.996776149473,
    10.359030268282));
#5801 = CARTESIAN_POINT('',(-6.35,4.000080397532,10.367594372046));
#5802 = CARTESIAN_POINT('',(-6.35,3.905401437321,10.122201040541));
#5803 = ADVANCED_FACE('',(#5804),#5823,.T.);
#5804 = FACE_BOUND('',#5805,.T.);
#5805 = EDGE_LOOP('',(#5806,#5813,#5814,#5821,#5822));
#5806 = ORIENTED_EDGE('',*,*,#5807,.F.);
#5807 = EDGE_CURVE('',#2912,#1881,#5808,.T.);
#5808 = CIRCLE('',#5809,0.254);
#5809 = AXIS2_PLACEMENT_3D('',#5810,#5811,#5812);
#5810 = CARTESIAN_POINT('',(-6.096,16.153680459654,-6.880415867123));
#5811 = DIRECTION('',(0.,-0.866025403784,0.5));
#5812 = DIRECTION('',(0.,-0.5,-0.866025403784));
#5813 = ORIENTED_EDGE('',*,*,#4289,.F.);
#5814 = ORIENTED_EDGE('',*,*,#5815,.F.);
#5815 = EDGE_CURVE('',#112,#3061,#5816,.T.);
#5816 = CIRCLE('',#5817,0.254);
#5817 = AXIS2_PLACEMENT_3D('',#5818,#5819,#5820);
#5818 = CARTESIAN_POINT('',(-6.096,20.256022264353,-5.150290744118));
#5819 = DIRECTION('',(-0.,0.24641920804,0.969163337064));
#5820 = DIRECTION('',(0.,-0.969163337064,0.24641920804));
#5821 = ORIENTED_EDGE('',*,*,#109,.F.);
#5822 = ORIENTED_EDGE('',*,*,#1888,.F.);
#5823 = ( BOUNDED_SURFACE() B_SPLINE_SURFACE(3,2,(
    (#5824,#5825,#5826)
    ,(#5827,#5828,#5829)
    ,(#5830,#5831,#5832)
    ,(#5833,#5834,#5835)
    ,(#5836,#5837,#5838)
    ,(#5839,#5840,#5841)
    ,(#5842,#5843,#5844)
    ,(#5845,#5846,#5847)
    ,(#5848,#5849,#5850)
    ,(#5851,#5852,#5853)
    ,(#5854,#5855,#5856)
    ,(#5857,#5858,#5859)
    ,(#5860,#5861,#5862)
    ,(#5863,#5864,#5865)
    ,(#5866,#5867,#5868)
    ,(#5869,#5870,#5871
)),.UNSPECIFIED.,.F.,.F.,.F.) B_SPLINE_SURFACE_WITH_KNOTS((4,2,2,2,2,2,2
    ,4),(3,3),(0.,6.407458912127E-04,1.281491782425E-03,
    1.922237673638E-03,2.562983564851E-03,3.203729456063E-03,
    3.844475347276E-03,5.125967129701E-03),(0.,1.),.UNSPECIFIED.) 
GEOMETRIC_REPRESENTATION_ITEM() RATIONAL_B_SPLINE_SURFACE((
    (1.,0.694658370459,1.)
    ,(1.,0.693376315945,1.)
    ,(1.,0.692225835454,1.)
    ,(1.,0.690186185456,1.)
    ,(1.,0.68929340398,1.)
    ,(1.,0.687866429091,1.)
    ,(1.,0.687316222246,1.)
    ,(1.,0.686572863699,1.)
    ,(1.,0.686388529084,1.)
    ,(1.,0.686385921662,1.)
    ,(1.,0.686574530914,1.)
    ,(1.,0.687307102337,1.)
    ,(1.,0.68785573091,1.)
    ,(1.,0.690010526009,1.)
    ,(1.,0.692078520421,1.)
,(1.,0.694658370459,1.))) REPRESENTATION_ITEM('') SURFACE() );
#5824 = CARTESIAN_POINT('',(-6.087135527838,16.280603094686,
    -6.660579414618));
#5825 = CARTESIAN_POINT('',(-6.35,16.285192809506,-6.652629795358));
#5826 = CARTESIAN_POINT('',(-6.35,16.153680459654,-6.880415867123));
#5827 = CARTESIAN_POINT('',(-6.08623030841,16.451176638529,
    -6.759096597264));
#5828 = CARTESIAN_POINT('',(-6.350000000001,16.45595157171,
    -6.75013168528));
#5829 = CARTESIAN_POINT('',(-6.35,16.341289012376,-6.988731710164));
#5830 = CARTESIAN_POINT('',(-6.085421188117,16.629739392986,
    -6.836162103043));
#5831 = CARTESIAN_POINT('',(-6.35,16.634069869613,-6.825950512348));
#5832 = CARTESIAN_POINT('',(-6.35,16.537687997956,-7.073456311471));
#5833 = CARTESIAN_POINT('',(-6.083988812754,17.002180852587,
    -6.948852075544));
#5834 = CARTESIAN_POINT('',(-6.35,17.005234154494,-6.936620038707));
#5835 = CARTESIAN_POINT('',(-6.35,16.947338189575,-7.197331299542));
#5836 = CARTESIAN_POINT('',(-6.083363442984,17.197857424885,
    -6.98411694263));
#5837 = CARTESIAN_POINT('',(-6.35,17.199946997403,-6.970940874731));
#5838 = CARTESIAN_POINT('',(-6.35,17.16256695807,-7.236085988769));
#5839 = CARTESIAN_POINT('',(-6.082365135296,17.585831004782,
    -7.008542086936));
#5840 = CARTESIAN_POINT('',(-6.35,17.585876007804,-6.994129535967));
#5841 = CARTESIAN_POINT('',(-6.35,17.589313215799,-7.262895119383));
#5842 = CARTESIAN_POINT('',(-6.081980953327,17.781177414423,
    -6.998533999725));
#5843 = CARTESIAN_POINT('',(-6.35,17.779959701466,-6.98371389911));
#5844 = CARTESIAN_POINT('',(-6.35,17.804184768825,-7.251863696994));
#5845 = CARTESIAN_POINT('',(-6.081462136674,18.168541729147,
    -6.932923344263));
#5846 = CARTESIAN_POINT('',(-6.35,18.16492048935,-6.917922467976));
#5847 = CARTESIAN_POINT('',(-6.35,18.230272690348,-7.179661563141));
#5848 = CARTESIAN_POINT('',(-6.081333640074,18.355050589868,
    -6.878487475406));
#5849 = CARTESIAN_POINT('',(-6.35,18.350125398373,-6.863701235693));
#5850 = CARTESIAN_POINT('',(-6.35,18.435429260803,-7.119774572896));
#5851 = CARTESIAN_POINT('',(-6.081331821851,18.714083482837,
    -6.727445521859));
#5852 = CARTESIAN_POINT('',(-6.35,18.706957203172,-6.713583047824));
#5853 = CARTESIAN_POINT('',(-6.35,18.830365397288,-6.953628315412));
#5854 = CARTESIAN_POINT('',(-6.081463301806,18.887035237981,
    -6.629754567037));
#5855 = CARTESIAN_POINT('',(-6.35,18.8788252529,-6.616690326318));
#5856 = CARTESIAN_POINT('',(-6.35,19.020615578279,-6.84617597409));
#5857 = CARTESIAN_POINT('',(-6.081974586709,19.201067082684,
    -6.401030038291));
#5858 = CARTESIAN_POINT('',(-6.35,19.191322994222,-6.389789837869));
#5859 = CARTESIAN_POINT('',(-6.35,19.366063247116,-6.594608968569));
#5860 = CARTESIAN_POINT('',(-6.082357655333,19.345756330591,
    -6.26785989442));
#5861 = CARTESIAN_POINT('',(-6.35,19.335409137097,-6.257814553663));
#5862 = CARTESIAN_POINT('',(-6.35,19.525230887878,-6.448144267242));
#5863 = CARTESIAN_POINT('',(-6.083865130716,19.729157550631,
    -5.822219925785));
#5864 = CARTESIAN_POINT('',(-6.35,19.71758789163,-5.816152706188));
#5865 = CARTESIAN_POINT('',(-6.35,19.947009501894,-5.958028686527));
#5866 = CARTESIAN_POINT('',(-6.085312368205,19.912273240208,
    -5.472373377439));
#5867 = CARTESIAN_POINT('',(-6.349999999999,19.901463444172,
    -5.469678880603));
#5868 = CARTESIAN_POINT('',(-6.35,20.148472468992,-5.57328258423));
#5869 = CARTESIAN_POINT('',(-6.087135527838,20.01000473532,
    -5.087738393704));
#5870 = CARTESIAN_POINT('',(-6.35,20.001108368658,-5.085476405922));
#5871 = CARTESIAN_POINT('',(-6.35,20.256022264352,-5.150290744118));
#5872 = ADVANCED_FACE('',(#5873),#5885,.T.);
#5873 = FACE_BOUND('',#5874,.T.);
#5874 = EDGE_LOOP('',(#5875,#5876,#5877,#5878));
#5875 = ORIENTED_EDGE('',*,*,#120,.F.);
#5876 = ORIENTED_EDGE('',*,*,#5815,.T.);
#5877 = ORIENTED_EDGE('',*,*,#3072,.F.);
#5878 = ORIENTED_EDGE('',*,*,#5879,.F.);
#5879 = EDGE_CURVE('',#121,#3073,#5880,.T.);
#5880 = CIRCLE('',#5881,0.254);
#5881 = AXIS2_PLACEMENT_3D('',#5882,#5883,#5884);
#5882 = CARTESIAN_POINT('',(-6.096,20.256022264353,5.150290744117));
#5883 = DIRECTION('',(0.,-0.24641920804,0.969163337064));
#5884 = DIRECTION('',(0.,-0.969163337064,-0.24641920804));
#5885 = TOROIDAL_SURFACE('',#5886,20.900524699703,0.254);
#5886 = AXIS2_PLACEMENT_3D('',#5887,#5888,#5889);
#5887 = CARTESIAN_POINT('',(-6.096,0.,0.));
#5888 = DIRECTION('',(1.,0.,0.));
#5889 = DIRECTION('',(0.,0.866025403784,0.5));
#5890 = ADVANCED_FACE('',(#5891),#5903,.T.);
#5891 = FACE_BOUND('',#5892,.T.);
#5892 = EDGE_LOOP('',(#5893,#5894,#5895,#5902));
#5893 = ORIENTED_EDGE('',*,*,#5807,.T.);
#5894 = ORIENTED_EDGE('',*,*,#1880,.F.);
#5895 = ORIENTED_EDGE('',*,*,#5896,.F.);
#5896 = EDGE_CURVE('',#2924,#1862,#5897,.T.);
#5897 = CIRCLE('',#5898,0.254);
#5898 = AXIS2_PLACEMENT_3D('',#5899,#5900,#5901);
#5899 = CARTESIAN_POINT('',(-6.096,12.081297296878,-4.529224351851));
#5900 = DIRECTION('',(0.,-0.866025403784,0.5));
#5901 = DIRECTION('',(0.,-0.5,-0.866025403784));
#5902 = ORIENTED_EDGE('',*,*,#2923,.F.);
#5903 = CYLINDRICAL_SURFACE('',#5904,0.254);
#5904 = AXIS2_PLACEMENT_3D('',#5905,#5906,#5907);
#5905 = CARTESIAN_POINT('',(-6.096,1.059112650149,1.834436920996));
#5906 = DIRECTION('',(0.,-0.866025403784,0.5));
#5907 = DIRECTION('',(0.,-0.5,-0.866025403784));
#5908 = ADVANCED_FACE('',(#5909),#5923,.T.);
#5909 = FACE_BOUND('',#5910,.T.);
#5910 = EDGE_LOOP('',(#5911,#5912,#5913,#5914,#5921,#5922));
#5911 = ORIENTED_EDGE('',*,*,#129,.T.);
#5912 = ORIENTED_EDGE('',*,*,#5879,.T.);
#5913 = ORIENTED_EDGE('',*,*,#4183,.F.);
#5914 = ORIENTED_EDGE('',*,*,#5915,.F.);
#5915 = EDGE_CURVE('',#416,#3016,#5916,.T.);
#5916 = CIRCLE('',#5917,0.254);
#5917 = AXIS2_PLACEMENT_3D('',#5918,#5919,#5920);
#5918 = CARTESIAN_POINT('',(-6.096,16.153680459655,6.880415867123));
#5919 = DIRECTION('',(0.,-0.866025403784,-0.5));
#5920 = DIRECTION('',(0.,0.5,-0.866025403784));
#5921 = ORIENTED_EDGE('',*,*,#413,.F.);
#5922 = ORIENTED_EDGE('',*,*,#1910,.F.);
#5923 = ( BOUNDED_SURFACE() B_SPLINE_SURFACE(3,2,(
    (#5924,#5925,#5926)
    ,(#5927,#5928,#5929)
    ,(#5930,#5931,#5932)
    ,(#5933,#5934,#5935)
    ,(#5936,#5937,#5938)
    ,(#5939,#5940,#5941)
    ,(#5942,#5943,#5944)
    ,(#5945,#5946,#5947)
    ,(#5948,#5949,#5950)
    ,(#5951,#5952,#5953)
    ,(#5954,#5955,#5956)
    ,(#5957,#5958,#5959)
    ,(#5960,#5961,#5962)
    ,(#5963,#5964,#5965)
    ,(#5966,#5967,#5968)
    ,(#5969,#5970,#5971
)),.UNSPECIFIED.,.F.,.F.,.F.) B_SPLINE_SURFACE_WITH_KNOTS((4,2,2,2,2,2,2
    ,4),(3,3),(-1.843143693225E-17,6.407458898096E-04,1.281491779619E-03
    ,1.922237669429E-03,2.562983559238E-03,3.203729449048E-03,
    3.844475338858E-03,5.125967118477E-03),(0.,1.),.UNSPECIFIED.) 
GEOMETRIC_REPRESENTATION_ITEM() RATIONAL_B_SPLINE_SURFACE((
    (1.,0.694658370459,1.)
    ,(1.,0.693376735269,1.)
    ,(1.,0.692226556584,1.)
    ,(1.,0.690187275773,1.)
    ,(1.,0.689294558591,1.)
    ,(1.,0.687867503458,1.)
    ,(1.,0.687317154718,1.)
    ,(1.,0.686573387666,1.)
    ,(1.,0.686388793887,1.)
    ,(1.,0.686385662934,1.)
    ,(1.,0.686574007585,1.)
    ,(1.,0.687306174118,1.)
    ,(1.,0.687854657893,1.)
    ,(1.,0.690009329704,1.)
    ,(1.,0.692077667306,1.)
,(1.,0.694658370459,1.))) REPRESENTATION_ITEM('') SURFACE() );
#5924 = CARTESIAN_POINT('',(-6.087135527838,20.010004735321,
    5.087738393704));
#5925 = CARTESIAN_POINT('',(-6.35,20.001108368658,5.085476405922));
#5926 = CARTESIAN_POINT('',(-6.35,20.256022264353,5.150290744117));
#5927 = CARTESIAN_POINT('',(-6.086230604204,19.961495804144,
    5.278651588421));
#5928 = CARTESIAN_POINT('',(-6.35,19.951743433504,5.275813538825));
#5929 = CARTESIAN_POINT('',(-6.35,20.202640048911,5.360242240083));
#5930 = CARTESIAN_POINT('',(-6.085421695481,19.892048723926,
    5.460312947448));
#5931 = CARTESIAN_POINT('',(-6.35,19.881714018126,5.456286649638));
#5932 = CARTESIAN_POINT('',(-6.35,20.12622827555,5.560022269636));
#5933 = CARTESIAN_POINT('',(-6.083989577508,19.712787871396,5.8056782804
    ));
#5934 = CARTESIAN_POINT('',(-6.35,19.701897961896,5.799327366466));
#5935 = CARTESIAN_POINT('',(-6.35,19.929005928158,5.939840170149));
#5936 = CARTESIAN_POINT('',(-6.083364251555,19.601461698878,
    5.970418729195));
#5937 = CARTESIAN_POINT('',(-6.35,19.590568397579,5.962718909388));
#5938 = CARTESIAN_POINT('',(-6.35,19.806531678959,6.121018001604));
#5939 = CARTESIAN_POINT('',(-6.082365886113,19.348152282938,
    6.265299102392));
#5940 = CARTESIAN_POINT('',(-6.35,19.337800475914,6.255272159484));
#5941 = CARTESIAN_POINT('',(-6.35,19.527866640825,6.445327880196));
#5942 = CARTESIAN_POINT('',(-6.081981604408,19.204636138485,
    6.398203206052));
#5943 = CARTESIAN_POINT('',(-6.35,19.194873673689,6.386987547253));
#5944 = CARTESIAN_POINT('',(-6.35,19.369989380496,6.591499862503));
#5945 = CARTESIAN_POINT('',(-6.081462502095,18.887276435823,
    6.629803495903));
#5946 = CARTESIAN_POINT('',(-6.35,18.879061887361,6.616740263568));
#5947 = CARTESIAN_POINT('',(-6.35,19.020880877617,6.846229750992));
#5948 = CARTESIAN_POINT('',(-6.08133382474,18.718113599622,
    6.725368941293));
#5949 = CARTESIAN_POINT('',(-6.35,18.710962749566,6.711521577554));
#5950 = CARTESIAN_POINT('',(-6.35,18.8347985761,6.951344196197));
#5951 = CARTESIAN_POINT('',(-6.081331641422,18.359350623526,
    6.877050890514));
#5952 = CARTESIAN_POINT('',(-6.35,18.354397462775,6.862271703918));
#5953 = CARTESIAN_POINT('',(-6.35,18.440159247584,7.118194210355));
#5954 = CARTESIAN_POINT('',(-6.081462936828,18.168675045852,
    6.93271646742));
#5955 = CARTESIAN_POINT('',(-6.35,18.165049900237,6.917718155535));
#5956 = CARTESIAN_POINT('',(-6.35,18.230419358081,7.179434043043));
#5957 = CARTESIAN_POINT('',(-6.081973938606,17.785692899651,
    6.997951252448));
#5958 = CARTESIAN_POINT('',(-6.35,17.784444786087,6.983127184872));
#5959 = CARTESIAN_POINT('',(-6.35,17.809151629591,7.251222266216));
#5960 = CARTESIAN_POINT('',(-6.082356905474,17.589337170381,
    7.008613720146));
#5961 = CARTESIAN_POINT('',(-6.35,17.589365776679,6.994191632485));
#5962 = CARTESIAN_POINT('',(-6.35,17.593169794656,7.262973430926));
#5963 = CARTESIAN_POINT('',(-6.083864292165,17.002600670905,
    6.972120440501));
#5964 = CARTESIAN_POINT('',(-6.35,17.006331488734,6.959599531828));
#5965 = CARTESIAN_POINT('',(-6.35,16.947796910372,7.222919204855));
#5966 = CARTESIAN_POINT('',(-6.085311772262,16.62425955364,
    6.859063103057));
#5967 = CARTESIAN_POINT('',(-6.35,16.629875836056,6.849441057502));
#5968 = CARTESIAN_POINT('',(-6.35,16.531657696757,7.09864112172));
#5969 = CARTESIAN_POINT('',(-6.087135527838,16.280603094686,
    6.660579414618));
#5970 = CARTESIAN_POINT('',(-6.35,16.285192809506,6.652629795357));
#5971 = CARTESIAN_POINT('',(-6.35,16.153680459655,6.880415867123));
#5972 = ADVANCED_FACE('',(#5973),#5985,.T.);
#5973 = FACE_BOUND('',#5974,.T.);
#5974 = EDGE_LOOP('',(#5975,#5976,#5977,#5984));
#5975 = ORIENTED_EDGE('',*,*,#5896,.T.);
#5976 = ORIENTED_EDGE('',*,*,#1861,.F.);
#5977 = ORIENTED_EDGE('',*,*,#5978,.F.);
#5978 = EDGE_CURVE('',#2957,#1853,#5979,.T.);
#5979 = CIRCLE('',#5980,0.254);
#5980 = AXIS2_PLACEMENT_3D('',#5981,#5982,#5983);
#5981 = CARTESIAN_POINT('',(-6.096,10.718783961982,-1.678923663574));
#5982 = DIRECTION('',(2.994326190947E-15,0.154746991638,0.987954132832)
  );
#5983 = DIRECTION('',(5.324811110242E-30,-0.987954132832,0.154746991638)
  );
#5984 = ORIENTED_EDGE('',*,*,#4237,.F.);
#5985 = ( BOUNDED_SURFACE() B_SPLINE_SURFACE(3,2,(
    (#5986,#5987,#5988)
    ,(#5989,#5990,#5991)
    ,(#5992,#5993,#5994)
    ,(#5995,#5996,#5997)
    ,(#5998,#5999,#6000)
    ,(#6001,#6002,#6003)
    ,(#6004,#6005,#6006)
    ,(#6007,#6008,#6009)
    ,(#6010,#6011,#6012)
    ,(#6013,#6014,#6015)
    ,(#6016,#6017,#6018)
    ,(#6019,#6020,#6021)
    ,(#6022,#6023,#6024)
    ,(#6025,#6026,#6027
)),.UNSPECIFIED.,.F.,.F.,.F.) B_SPLINE_SURFACE_WITH_KNOTS((4,2,2,2,2,2,4
    ),(3,3),(6.505213034913E-19,8.346611135208E-04,1.251991670281E-03,
    1.669322227042E-03,2.086652783802E-03,2.503983340562E-03,
    3.338644454083E-03),(0.,1.),.UNSPECIFIED.) 
GEOMETRIC_REPRESENTATION_ITEM() RATIONAL_B_SPLINE_SURFACE((
    (1.,0.694658370459,1.)
    ,(1.,0.693790680573,1.)
    ,(1.,0.693127661151,1.)
    ,(1.,0.692445531073,1.)
    ,(1.,0.692272834706,1.)
    ,(1.,0.692044395456,1.)
    ,(1.,0.691986667571,1.)
    ,(1.,0.691985276939,1.)
    ,(1.,0.692043072524,1.)
    ,(1.,0.692271132739,1.)
    ,(1.,0.692440704232,1.)
    ,(1.,0.693114335439,1.)
    ,(1.,0.693791473002,1.)
,(1.,0.694658370459,1.))) REPRESENTATION_ITEM('') SURFACE() );
#5986 = CARTESIAN_POINT('',(-6.087135527838,10.969571445641,
    -1.718205455458));
#5987 = CARTESIAN_POINT('',(-6.35,10.978640301091,-1.71962594458));
#5988 = CARTESIAN_POINT('',(-6.35,10.718783961982,-1.678923663574));
#5989 = CARTESIAN_POINT('',(-6.086522041543,10.929853438232,
    -1.971639436554));
#5990 = CARTESIAN_POINT('',(-6.35,10.939666537786,-1.972562375952));
#5991 = CARTESIAN_POINT('',(-6.35,10.675119933979,-1.957688779105));
#5992 = CARTESIAN_POINT('',(-6.086056279822,10.928674477579,
    -2.224667110168));
#5993 = CARTESIAN_POINT('',(-6.35,10.939086064319,-2.22440443745));
#5994 = CARTESIAN_POINT('',(-6.35,10.673842653687,-2.236009801687));
#5995 = CARTESIAN_POINT('',(-6.085576227039,10.983819055052,
    -2.603368651326));
#5996 = CARTESIAN_POINT('',(-6.35,10.994494872914,-2.601312939473));
#5997 = CARTESIAN_POINT('',(-6.35,10.734521868448,-2.652571852158));
#5998 = CARTESIAN_POINT('',(-6.085454765649,11.011932749511,
    -2.72881295731));
#5999 = CARTESIAN_POINT('',(-6.35,11.022616364728,-2.726162548189));
#6000 = CARTESIAN_POINT('',(-6.35,10.765452036525,-2.790558148614));
#6001 = CARTESIAN_POINT('',(-6.085294119557,11.085652577882,
    -2.971163086727));
#6002 = CARTESIAN_POINT('',(-6.35,11.09618130194,-2.967403859129));
#6003 = CARTESIAN_POINT('',(-6.35,10.846550598565,-3.057140063888));
#6004 = CARTESIAN_POINT('',(-6.0852535384,11.131382253185,
    -3.089093401536));
#6005 = CARTESIAN_POINT('',(-6.35,11.141743272466,-3.084774290462));
#6006 = CARTESIAN_POINT('',(-6.35,10.896854946689,-3.186862595128));
#6007 = CARTESIAN_POINT('',(-6.08525256077,11.240738276474,
    -3.318407042981));
#6008 = CARTESIAN_POINT('',(-6.35,11.250617120386,-3.313074363183));
#6009 = CARTESIAN_POINT('',(-6.35,11.017146614926,-3.439107580347));
#6010 = CARTESIAN_POINT('',(-6.085293189454,11.30492687676,
    -3.43040418468));
#6011 = CARTESIAN_POINT('',(-6.35,11.314470105385,-3.424578647845));
#6012 = CARTESIAN_POINT('',(-6.35,11.087752367582,-3.562305252341));
#6013 = CARTESIAN_POINT('',(-6.085453568545,11.447477629958,
    -3.640643322189));
#6014 = CARTESIAN_POINT('',(-6.35,11.456254260201,-3.633997612804));
#6015 = CARTESIAN_POINT('',(-6.35,11.24455145417,-3.793571526542));
#6016 = CARTESIAN_POINT('',(-6.085572831838,11.526108964005,
    -3.739715729963));
#6017 = CARTESIAN_POINT('',(-6.35,11.534426085559,-3.732708454124));
#6018 = CARTESIAN_POINT('',(-6.35,11.331040909437,-3.902553570967));
#6019 = CARTESIAN_POINT('',(-6.086046898436,11.783894303975,
    -4.018936596201));
#6020 = CARTESIAN_POINT('',(-6.35,11.790665126314,-4.011011256497));
#6021 = CARTESIAN_POINT('',(-6.35,11.61458486012,-4.209706046816));
#6022 = CARTESIAN_POINT('',(-6.086524984981,11.98708993308,
    -4.181743053935));
#6023 = CARTESIAN_POINT('',(-6.35,11.992529967311,-4.173527894214));
#6024 = CARTESIAN_POINT('',(-6.35,11.838080020698,-4.388802788055));
#6025 = CARTESIAN_POINT('',(-6.087135527838,12.20821993191,
    -4.309387899346));
#6026 = CARTESIAN_POINT('',(-6.35,12.21280964673,-4.301438280086));
#6027 = CARTESIAN_POINT('',(-6.35,12.081297296878,-4.529224351851));
#6028 = ADVANCED_FACE('',(#6029),#6041,.T.);
#6029 = FACE_BOUND('',#6030,.T.);
#6030 = EDGE_LOOP('',(#6031,#6032,#6033,#6034));
#6031 = ORIENTED_EDGE('',*,*,#424,.F.);
#6032 = ORIENTED_EDGE('',*,*,#5915,.T.);
#6033 = ORIENTED_EDGE('',*,*,#3015,.F.);
#6034 = ORIENTED_EDGE('',*,*,#6035,.F.);
#6035 = EDGE_CURVE('',#425,#3007,#6036,.T.);
#6036 = CIRCLE('',#6037,0.254);
#6037 = AXIS2_PLACEMENT_3D('',#6038,#6039,#6040);
#6038 = CARTESIAN_POINT('',(-6.096,12.081297296878,4.529224351851));
#6039 = DIRECTION('',(0.,-0.866025403784,-0.5));
#6040 = DIRECTION('',(0.,0.5,-0.866025403784));
#6041 = CYLINDRICAL_SURFACE('',#6042,0.254);
#6042 = AXIS2_PLACEMENT_3D('',#6043,#6044,#6045);
#6043 = CARTESIAN_POINT('',(-6.096,1.059112650149,-1.834436920996));
#6044 = DIRECTION('',(0.,-0.866025403784,-0.5));
#6045 = DIRECTION('',(0.,0.5,-0.866025403784));
#6046 = ADVANCED_FACE('',(#6047),#6059,.T.);
#6047 = FACE_BOUND('',#6048,.T.);
#6048 = EDGE_LOOP('',(#6049,#6050,#6051,#6058));
#6049 = ORIENTED_EDGE('',*,*,#5978,.T.);
#6050 = ORIENTED_EDGE('',*,*,#1852,.F.);
#6051 = ORIENTED_EDGE('',*,*,#6052,.F.);
#6052 = EDGE_CURVE('',#2969,#1834,#6053,.T.);
#6053 = CIRCLE('',#6054,0.254);
#6054 = AXIS2_PLACEMENT_3D('',#6055,#6056,#6057);
#6055 = CARTESIAN_POINT('',(-6.096,10.718783961982,1.678923663574));
#6056 = DIRECTION('',(-3.836880891115E-14,-0.154746991638,0.987954132832
    ));
#6057 = DIRECTION('',(-4.89093761237E-29,-0.987954132832,-0.154746991638
    ));
#6058 = ORIENTED_EDGE('',*,*,#2968,.F.);
#6059 = TOROIDAL_SURFACE('',#6060,10.849475300297,0.254);
#6060 = AXIS2_PLACEMENT_3D('',#6061,#6062,#6063);
#6061 = CARTESIAN_POINT('',(-6.096,0.,0.));
#6062 = DIRECTION('',(1.,0.,0.));
#6063 = DIRECTION('',(0.,0.866025403784,0.5));
#6064 = ADVANCED_FACE('',(#6065),#6072,.T.);
#6065 = FACE_BOUND('',#6066,.T.);
#6066 = EDGE_LOOP('',(#6067,#6068,#6069,#6070,#6071));
#6067 = ORIENTED_EDGE('',*,*,#432,.T.);
#6068 = ORIENTED_EDGE('',*,*,#6035,.T.);
#6069 = ORIENTED_EDGE('',*,*,#4131,.F.);
#6070 = ORIENTED_EDGE('',*,*,#6052,.T.);
#6071 = ORIENTED_EDGE('',*,*,#1833,.F.);
#6072 = ( BOUNDED_SURFACE() B_SPLINE_SURFACE(3,2,(
    (#6073,#6074,#6075)
    ,(#6076,#6077,#6078)
    ,(#6079,#6080,#6081)
    ,(#6082,#6083,#6084)
    ,(#6085,#6086,#6087)
    ,(#6088,#6089,#6090)
    ,(#6091,#6092,#6093)
    ,(#6094,#6095,#6096)
    ,(#6097,#6098,#6099)
    ,(#6100,#6101,#6102)
    ,(#6103,#6104,#6105)
    ,(#6106,#6107,#6108)
    ,(#6109,#6110,#6111)
    ,(#6112,#6113,#6114
)),.UNSPECIFIED.,.F.,.F.,.F.) B_SPLINE_SURFACE_WITH_KNOTS((4,2,2,2,2,2,4
    ),(3,3),(1.084202172486E-19,8.346611135472E-04,1.251991670321E-03,
    1.669322227094E-03,2.086652783868E-03,2.503983340642E-03,
    3.338644454189E-03),(0.,1.),.UNSPECIFIED.) 
GEOMETRIC_REPRESENTATION_ITEM() RATIONAL_B_SPLINE_SURFACE((
    (1.,0.694658370459,1.)
    ,(1.,0.693790782665,1.)
    ,(1.,0.693127794953,1.)
    ,(1.,0.692445647612,1.)
    ,(1.,0.69227293463,1.)
    ,(1.,0.692044451284,1.)
    ,(1.,0.691986695868,1.)
    ,(1.,0.691985249673,1.)
    ,(1.,0.692043017116,1.)
    ,(1.,0.692271033011,1.)
    ,(1.,0.692440588096,1.)
    ,(1.,0.693114201435,1.)
    ,(1.,0.693791370381,1.)
,(1.,0.694658370459,1.))) REPRESENTATION_ITEM('') SURFACE() );
#6073 = CARTESIAN_POINT('',(-6.087135527838,12.20821993191,
    4.309387899346));
#6074 = CARTESIAN_POINT('',(-6.35,12.21280964673,4.301438280085));
#6075 = CARTESIAN_POINT('',(-6.35,12.081297296878,4.529224351851));
#6076 = CARTESIAN_POINT('',(-6.086522113482,11.986049985268,
    4.181142755573));
#6077 = CARTESIAN_POINT('',(-6.35,11.991494275835,4.172926493335));
#6078 = CARTESIAN_POINT('',(-6.35,11.836936086131,4.388142333987));
#6079 = CARTESIAN_POINT('',(-6.086056374042,11.788398443448,
    4.023160916179));
#6080 = CARTESIAN_POINT('',(-6.35,11.795141181485,4.015223441761));
#6081 = CARTESIAN_POINT('',(-6.35,11.619539012793,4.214352991468));
#6082 = CARTESIAN_POINT('',(-6.085576309026,11.528315722506,
    3.742424811666));
#6083 = CARTESIAN_POINT('',(-6.35,11.536619776255,3.735407704568));
#6084 = CARTESIAN_POINT('',(-6.35,11.333468198896,3.905533629542));
#6085 = CARTESIAN_POINT('',(-6.085454835928,11.448347641137,
    3.641768168727));
#6086 = CARTESIAN_POINT('',(-6.35,11.457119402211,3.635118444391));
#6087 = CARTESIAN_POINT('',(-6.35,11.245508414297,3.794808882452));
#6088 = CARTESIAN_POINT('',(-6.085294158808,11.306041404752,3.432204017)
  );
#6089 = CARTESIAN_POINT('',(-6.35,11.315578824494,3.426371137221));
#6090 = CARTESIAN_POINT('',(-6.35,11.088978306536,3.56428508811));
#6091 = CARTESIAN_POINT('',(-6.085253558294,11.24298355318,
    3.322556993571));
#6092 = CARTESIAN_POINT('',(-6.35,11.252851385668,3.317206213852));
#6093 = CARTESIAN_POINT('',(-6.35,11.019616375848,3.443672546768));
#6094 = CARTESIAN_POINT('',(-6.085252541601,11.133201811754,
    3.093446855874));
#6095 = CARTESIAN_POINT('',(-6.35,11.143555659649,3.089107809158));
#6096 = CARTESIAN_POINT('',(-6.35,10.898856504539,3.191651374143));
#6097 = CARTESIAN_POINT('',(-6.085293150498,11.086353328642,
    2.973160714645));
#6098 = CARTESIAN_POINT('',(-6.35,11.096879985878,2.96939235519));
#6099 = CARTESIAN_POINT('',(-6.35,10.847321466397,3.059337434744));
#6100 = CARTESIAN_POINT('',(-6.085453498404,11.012261767442,
    2.730196411632));
#6101 = CARTESIAN_POINT('',(-6.35,11.022945315774,2.72753969183));
#6102 = CARTESIAN_POINT('',(-6.35,10.765814008243,2.792079923296));
#6103 = CARTESIAN_POINT('',(-6.085572750135,10.984541489839,
    2.606787275855));
#6104 = CARTESIAN_POINT('',(-6.35,10.995217862962,2.604715220331));
#6105 = CARTESIAN_POINT('',(-6.35,10.73531669116,2.656332269537));
#6106 = CARTESIAN_POINT('',(-6.086046804075,10.929133364332,
    2.230825160234));
#6107 = CARTESIAN_POINT('',(-6.35,10.939553144423,2.230533010855));
#6108 = CARTESIAN_POINT('',(-6.35,10.674347830736,2.242783465897));
#6109 = CARTESIAN_POINT('',(-6.086524913378,10.930039352849,
    1.970453146434));
#6110 = CARTESIAN_POINT('',(-6.35,10.939848921156,1.971378705634));
#6111 = CARTESIAN_POINT('',(-6.35,10.675324337086,1.956383787155));
#6112 = CARTESIAN_POINT('',(-6.087135527838,10.969571445641,
    1.718205455458));
#6113 = CARTESIAN_POINT('',(-6.35,10.97864030109,1.71962594458));
#6114 = CARTESIAN_POINT('',(-6.35,10.718783961982,1.678923663574));
#6115 = ADVANCED_FACE('',(#6116),#6135,.T.);
#6116 = FACE_BOUND('',#6117,.T.);
#6117 = EDGE_LOOP('',(#6118,#6125,#6126,#6133,#6134));
#6118 = ORIENTED_EDGE('',*,*,#6119,.F.);
#6119 = EDGE_CURVE('',#3102,#1982,#6120,.T.);
#6120 = CIRCLE('',#6121,0.254);
#6121 = AXIS2_PLACEMENT_3D('',#6122,#6123,#6124);
#6122 = CARTESIAN_POINT('',(-6.096,-14.03545515935,-10.54928970911));
#6123 = DIRECTION('',(6.829619984158E-14,0.866025403784,0.5));
#6124 = DIRECTION('',(-1.,5.914624404475E-14,3.414809992079E-14));
#6125 = ORIENTED_EDGE('',*,*,#3865,.F.);
#6126 = ORIENTED_EDGE('',*,*,#6127,.F.);
#6127 = EDGE_CURVE('',#68,#3251,#6128,.T.);
#6128 = CIRCLE('',#6129,0.254);
#6129 = AXIS2_PLACEMENT_3D('',#6130,#6131,#6132);
#6130 = CARTESIAN_POINT('',(-6.096,-14.58829375345,-14.96708448849));
#6131 = DIRECTION('',(0.,0.716110466294,-0.697986962675));
#6132 = DIRECTION('',(0.,0.697986962675,0.716110466294));
#6133 = ORIENTED_EDGE('',*,*,#65,.F.);
#6134 = ORIENTED_EDGE('',*,*,#1989,.F.);
#6135 = ( BOUNDED_SURFACE() B_SPLINE_SURFACE(3,2,(
    (#6136,#6137,#6138)
    ,(#6139,#6140,#6141)
    ,(#6142,#6143,#6144)
    ,(#6145,#6146,#6147)
    ,(#6148,#6149,#6150)
    ,(#6151,#6152,#6153)
    ,(#6154,#6155,#6156)
    ,(#6157,#6158,#6159)
    ,(#6160,#6161,#6162)
    ,(#6163,#6164,#6165)
    ,(#6166,#6167,#6168)
    ,(#6169,#6170,#6171)
    ,(#6172,#6173,#6174)
    ,(#6175,#6176,#6177)
    ,(#6178,#6179,#6180)
    ,(#6181,#6182,#6183
)),.UNSPECIFIED.,.F.,.F.,.F.) B_SPLINE_SURFACE_WITH_KNOTS((4,2,2,2,2,2,2
    ,4),(3,3),(1.745565497702E-17,6.407458912127E-04,1.281491782425E-03,
    1.922237673638E-03,2.562983564851E-03,3.203729456063E-03,
    3.844475347276E-03,5.125967129701E-03),(0.,1.),.UNSPECIFIED.) 
GEOMETRIC_REPRESENTATION_ITEM() RATIONAL_B_SPLINE_SURFACE((
    (1.,0.694658370459,1.)
    ,(1.,0.693376315946,1.)
    ,(1.,0.692225835454,1.)
    ,(1.,0.690186185457,1.)
    ,(1.,0.68929340398,1.)
    ,(1.,0.687866429091,1.)
    ,(1.,0.687316222246,1.)
    ,(1.,0.686572863699,1.)
    ,(1.,0.686388529084,1.)
    ,(1.,0.686385921662,1.)
    ,(1.,0.686574530914,1.)
    ,(1.,0.687307102337,1.)
    ,(1.,0.687855730909,1.)
    ,(1.,0.690010526009,1.)
    ,(1.,0.69207852042,1.)
,(1.,0.694658370459,1.))) REPRESENTATION_ITEM('') SURFACE() );
#6136 = CARTESIAN_POINT('',(-6.087135527838,-13.90853252432,
    -10.76912616162));
#6137 = CARTESIAN_POINT('',(-6.35,-13.9039428095,-10.77707578088));
#6138 = CARTESIAN_POINT('',(-6.35,-14.03545515935,-10.54928970911));
#6139 = CARTESIAN_POINT('',(-6.08623030841,-14.07913767912,
    -10.86758859247));
#6140 = CARTESIAN_POINT('',(-6.35,-14.07376130419,-10.8762062619));
#6141 = CARTESIAN_POINT('',(-6.35,-14.22306370742,-10.65760556022));
#6142 = CARTESIAN_POINT('',(-6.085421188117,-14.23515974211,
    -10.98369572111));
#6143 = CARTESIAN_POINT('',(-6.35,-14.22848148347,-10.99255181923));
#6144 = CARTESIAN_POINT('',(-6.35,-14.39463685727,-10.78532977035));
#6145 = CARTESIAN_POINT('',(-6.083988812754,-14.51897285085,
    -11.2498945003));
#6146 = CARTESIAN_POINT('',(-6.35,-14.50990624716,-11.25865475574));
#6147 = CARTESIAN_POINT('',(-6.35,-14.70674083964,-11.07815974892));
#6148 = CARTESIAN_POINT('',(-6.083363442984,-14.64735140776,
    -11.40172294929));
#6149 = CARTESIAN_POINT('',(-6.35,-14.63698538449,-11.41012060613));
#6150 = CARTESIAN_POINT('',(-6.35,-14.84791776927,-11.24517598545));
#6151 = CARTESIAN_POINT('',(-6.082365135296,-14.86249099317,
    -11.72550535333));
#6152 = CARTESIAN_POINT('',(-6.35,-14.8500318594,-11.73275060257));
#6153 = CARTESIAN_POINT('',(-6.35,-15.0845082863,-11.60134452031));
#6154 = CARTESIAN_POINT('',(-6.081980953327,-14.95149694022,
    -11.89968435022));
#6155 = CARTESIAN_POINT('',(-6.35,-14.93805350012,-11.90603983017));
#6156 = CARTESIAN_POINT('',(-6.35,-15.18239057079,-11.79294445497));
#6157 = CARTESIAN_POINT('',(-6.081462136674,-15.08835860319,
    -12.26795701502));
#6158 = CARTESIAN_POINT('',(-6.35,-15.07355684335,-12.27232136751));
#6159 = CARTESIAN_POINT('',(-6.35,-15.33290564942,-12.19804848618));
#6160 = CARTESIAN_POINT('',(-6.081333640074,-15.13447018824,
    -12.45669636087));
#6161 = CARTESIAN_POINT('',(-6.35,-15.11920233328,-12.45982413977));
#6162 = CARTESIAN_POINT('',(-6.35,-15.38362027974,-12.40566278307));
#6163 = CARTESIAN_POINT('',(-6.081331821851,-15.18318046592,
    -12.84314894375));
#6164 = CARTESIAN_POINT('',(-6.35,-15.16761207141,-12.84390864154));
#6165 = CARTESIAN_POINT('',(-6.35,-15.43720146826,-12.83076063888));
#6166 = CARTESIAN_POINT('',(-6.081463301806,-15.1850534949,
    -13.04177503474));
#6167 = CARTESIAN_POINT('',(-6.35,-15.16963453801,-13.04119709946));
#6168 = CARTESIAN_POINT('',(-6.35,-15.43927010148,-13.04924829936));
#6169 = CARTESIAN_POINT('',(-6.081974586709,-15.14398816489,
    -13.42809685422));
#6170 = CARTESIAN_POINT('',(-6.35,-15.12938182155,-13.42527832629));
#6171 = CARTESIAN_POINT('',(-6.35,-15.39413051836,-13.47419825901));
#6172 = CARTESIAN_POINT('',(-6.082357655333,-15.10100406122,
    -13.6199864905));
#6173 = CARTESIAN_POINT('',(-6.35,-15.08713094419,-13.61604822846));
#6174 = CARTESIAN_POINT('',(-6.35,-15.34687218663,-13.68527383003));
#6175 = CARTESIAN_POINT('',(-6.083865130716,-14.90676913746,
    -14.17484167121));
#6176 = CARTESIAN_POINT('',(-6.35,-14.89572994166,-14.16785566241));
#6177 = CARTESIAN_POINT('',(-6.35,-15.13330894995,-14.2956026149));
#6178 = CARTESIAN_POINT('',(-6.085312368206,-14.69535098396,
    -14.50834778439));
#6179 = CARTESIAN_POINT('',(-6.35,-14.68761258323,-14.50033347483));
#6180 = CARTESIAN_POINT('',(-6.35,-14.9008405349,-14.66244771348));
#6181 = CARTESIAN_POINT('',(-6.087135527838,-14.41111306441,
    -14.78530323378));
#6182 = CARTESIAN_POINT('',(-6.35,-14.4047059422,-14.77872974814));
#6183 = CARTESIAN_POINT('',(-6.35,-14.58829375345,-14.96708448849));
#6184 = ADVANCED_FACE('',(#6185),#6197,.T.);
#6185 = FACE_BOUND('',#6186,.T.);
#6186 = EDGE_LOOP('',(#6187,#6188,#6189,#6190));
#6187 = ORIENTED_EDGE('',*,*,#76,.F.);
#6188 = ORIENTED_EDGE('',*,*,#6127,.T.);
#6189 = ORIENTED_EDGE('',*,*,#3262,.F.);
#6190 = ORIENTED_EDGE('',*,*,#6191,.F.);
#6191 = EDGE_CURVE('',#77,#3263,#6192,.T.);
#6192 = CIRCLE('',#6193,0.254);
#6193 = AXIS2_PLACEMENT_3D('',#6194,#6195,#6196);
#6194 = CARTESIAN_POINT('',(-6.096,-5.667728510895,-20.11737523261));
#6195 = DIRECTION('',(0.,0.962529674334,-0.271176374389));
#6196 = DIRECTION('',(0.,0.271176374389,0.962529674334));
#6197 = TOROIDAL_SURFACE('',#6198,20.900524699703,0.254);
#6198 = AXIS2_PLACEMENT_3D('',#6199,#6200,#6201);
#6199 = CARTESIAN_POINT('',(-6.096,0.,0.));
#6200 = DIRECTION('',(1.,0.,0.));
#6201 = DIRECTION('',(0.,0.866025403784,0.5));
#6202 = ADVANCED_FACE('',(#6203),#6215,.T.);
#6203 = FACE_BOUND('',#6204,.T.);
#6204 = EDGE_LOOP('',(#6205,#6206,#6207,#6214));
#6205 = ORIENTED_EDGE('',*,*,#6119,.T.);
#6206 = ORIENTED_EDGE('',*,*,#1981,.F.);
#6207 = ORIENTED_EDGE('',*,*,#6208,.F.);
#6208 = EDGE_CURVE('',#3114,#1963,#6209,.T.);
#6209 = CIRCLE('',#6210,0.254);
#6210 = AXIS2_PLACEMENT_3D('',#6211,#6212,#6213);
#6211 = CARTESIAN_POINT('',(-6.096,-9.963071996581,-8.198098193843));
#6212 = DIRECTION('',(-0.,0.866025403784,0.5));
#6213 = DIRECTION('',(0.,-0.5,0.866025403784));
#6214 = ORIENTED_EDGE('',*,*,#3113,.F.);
#6215 = CYLINDRICAL_SURFACE('',#6216,0.254);
#6216 = AXIS2_PLACEMENT_3D('',#6217,#6218,#6219);
#6217 = CARTESIAN_POINT('',(-6.096,1.059112650149,-1.834436920996));
#6218 = DIRECTION('',(0.,0.866025403784,0.5));
#6219 = DIRECTION('',(0.,-0.5,0.866025403784));
#6220 = ADVANCED_FACE('',(#6221),#6235,.T.);
#6221 = FACE_BOUND('',#6222,.T.);
#6222 = EDGE_LOOP('',(#6223,#6224,#6225,#6226,#6233,#6234));
#6223 = ORIENTED_EDGE('',*,*,#85,.T.);
#6224 = ORIENTED_EDGE('',*,*,#6191,.T.);
#6225 = ORIENTED_EDGE('',*,*,#3759,.F.);
#6226 = ORIENTED_EDGE('',*,*,#6227,.F.);
#6227 = EDGE_CURVE('',#374,#3206,#6228,.T.);
#6228 = CIRCLE('',#6229,0.254);
#6229 = AXIS2_PLACEMENT_3D('',#6230,#6231,#6232);
#6230 = CARTESIAN_POINT('',(-6.096,-2.118225300297,-17.42970557623));
#6231 = DIRECTION('',(-0.,1.654232306691E-14,1.));
#6232 = DIRECTION('',(0.,-1.,1.654232306691E-14));
#6233 = ORIENTED_EDGE('',*,*,#371,.F.);
#6234 = ORIENTED_EDGE('',*,*,#2011,.F.);
#6235 = ( BOUNDED_SURFACE() B_SPLINE_SURFACE(3,2,(
    (#6236,#6237,#6238)
    ,(#6239,#6240,#6241)
    ,(#6242,#6243,#6244)
    ,(#6245,#6246,#6247)
    ,(#6248,#6249,#6250)
    ,(#6251,#6252,#6253)
    ,(#6254,#6255,#6256)
    ,(#6257,#6258,#6259)
    ,(#6260,#6261,#6262)
    ,(#6263,#6264,#6265)
    ,(#6266,#6267,#6268)
    ,(#6269,#6270,#6271)
    ,(#6272,#6273,#6274)
    ,(#6275,#6276,#6277)
    ,(#6278,#6279,#6280)
    ,(#6281,#6282,#6283
)),.UNSPECIFIED.,.F.,.F.,.F.) B_SPLINE_SURFACE_WITH_KNOTS((4,2,2,2,2,2,2
    ,4),(3,3),(-2.125036258072E-17,6.407458898096E-04,1.281491779619E-03
    ,1.922237669429E-03,2.562983559238E-03,3.203729449048E-03,
    3.844475338858E-03,5.125967118477E-03),(0.,1.),.UNSPECIFIED.) 
GEOMETRIC_REPRESENTATION_ITEM() RATIONAL_B_SPLINE_SURFACE((
    (1.,0.694658370459,1.)
    ,(1.,0.693376735269,1.)
    ,(1.,0.692226556584,1.)
    ,(1.,0.690187275773,1.)
    ,(1.,0.689294558591,1.)
    ,(1.,0.687867503458,1.)
    ,(1.,0.687317154718,1.)
    ,(1.,0.686573387666,1.)
    ,(1.,0.686388793887,1.)
    ,(1.,0.686385662934,1.)
    ,(1.,0.686574007585,1.)
    ,(1.,0.687306174118,1.)
    ,(1.,0.687854657893,1.)
    ,(1.,0.690009329704,1.)
    ,(1.,0.692077667306,1.)
,(1.,0.694658370459,1.))) REPRESENTATION_ITEM('') SURFACE() );
#6236 = CARTESIAN_POINT('',(-6.087135527838,-5.598891670903,
    -19.87304162748));
#6237 = CARTESIAN_POINT('',(-6.35,-5.596402426455,-19.86420615406));
#6238 = CARTESIAN_POINT('',(-6.35,-5.667728510895,-20.11737523261));
#6239 = CARTESIAN_POINT('',(-6.086230604204,-5.409301528772,
    -19.92648825813));
#6240 = CARTESIAN_POINT('',(-6.349999999999,-5.4068831665,
    -19.91662343261));
#6241 = CARTESIAN_POINT('',(-6.35,-5.459214074105,-20.17612062591));
#6242 = CARTESIAN_POINT('',(-6.085421695481,-5.21725463686,
    -19.95717600196));
#6243 = CARTESIAN_POINT('',(-6.35,-5.215574160146,-19.94621273529));
#6244 = CARTESIAN_POINT('',(-6.35,-5.247993606663,-20.2098361038));
#6245 = CARTESIAN_POINT('',(-6.083989577508,-4.828529058672,
    -19.97461421624));
#6246 = CARTESIAN_POINT('',(-6.35,-4.828584156726,-19.962007821));
#6247 = CARTESIAN_POINT('',(-6.35,-4.82045048231,-20.22894549103));
#6248 = CARTESIAN_POINT('',(-6.083364251555,-4.630196558726,
    -19.96057314713));
#6249 = CARTESIAN_POINT('',(-6.35,-4.631418147634,-19.94728936157));
#6250 = CARTESIAN_POINT('',(-6.35,-4.602308753068,-20.21346859564));
#6251 = CARTESIAN_POINT('',(-6.082365886113,-4.24816795649,
    -19.88864094451));
#6252 = CARTESIAN_POINT('',(-6.35,-4.251675640258,-19.87466254519));
#6253 = CARTESIAN_POINT('',(-6.35,-4.182115640442,-20.13429253276));
#6254 = CARTESIAN_POINT('',(-6.081981604408,-4.061311554226,
    -19.83080436939));
#6255 = CARTESIAN_POINT('',(-6.35,-4.066143367269,-19.81674199747));
#6256 = CARTESIAN_POINT('',(-6.35,-3.976588360279,-20.07065280579));
#6257 = CARTESIAN_POINT('',(-6.081462502095,-3.702059968361,
    -19.67176294967));
#6258 = CARTESIAN_POINT('',(-6.35,-3.709265785187,-19.65811732585));
#6259 = CARTESIAN_POINT('',(-6.35,-3.581431554305,-19.89568091787));
#6260 = CARTESIAN_POINT('',(-6.08133382474,-3.534716446829,
    -19.57304635884));
#6261 = CARTESIAN_POINT('',(-6.35,-3.543133190574,-19.55992985916));
#6262 = CARTESIAN_POINT('',(-6.35,-3.397358623694,-19.78708614016));
#6263 = CARTESIAN_POINT('',(-6.081331641422,-3.223974537459,
    -19.33818948221));
#6264 = CARTESIAN_POINT('',(-6.35,-3.234297108123,-19.32651032587));
#6265 = CARTESIAN_POINT('',(-6.35,-3.055542608553,-19.52874346341));
#6266 = CARTESIAN_POINT('',(-6.081462936828,-3.080428944905,
    -19.20089237652));
#6267 = CARTESIAN_POINT('',(-6.35,-3.091605291204,-19.19025375238));
#6268 = CARTESIAN_POINT('',(-6.35,-2.89763741297,-19.37772330726));
#6269 = CARTESIAN_POINT('',(-6.081973938606,-2.83244289076,
    -18.90183750123));
#6270 = CARTESIAN_POINT('',(-6.35,-2.844656853087,-18.89334456938));
#6271 = CARTESIAN_POINT('',(-6.35,-2.624833123766,-19.04878886418));
#6272 = CARTESIAN_POINT('',(-6.082356905474,-2.725031058232,
    -18.73711968535));
#6273 = CARTESIAN_POINT('',(-6.35,-2.737535255671,-18.7299334153));
#6274 = CARTESIAN_POINT('',(-6.35,-2.506665399135,-18.86761869072));
#6275 = CARTESIAN_POINT('',(-6.083864292165,-2.463266915734,
    -18.21074433165));
#6276 = CARTESIAN_POINT('',(-6.35,-2.475975749637,-18.20771486033));
#6277 = CARTESIAN_POINT('',(-6.35,-2.218666934299,-18.28868226498));
#6278 = CARTESIAN_POINT('',(-6.085311772262,-2.372006883412,
    -17.82656264408));
#6279 = CARTESIAN_POINT('',(-6.35,-2.383147960508,-17.82661546455));
#6280 = CARTESIAN_POINT('',(-6.35,-2.118225304621,-17.86615609292));
#6281 = CARTESIAN_POINT('',(-6.087135527838,-2.37207057036,
    -17.42970557623));
#6282 = CARTESIAN_POINT('',(-6.35,-2.38125,-17.42970557623));
#6283 = CARTESIAN_POINT('',(-6.35,-2.118225300297,-17.42970557623));
#6284 = ADVANCED_FACE('',(#6285),#6297,.T.);
#6285 = FACE_BOUND('',#6286,.T.);
#6286 = EDGE_LOOP('',(#6287,#6288,#6289,#6296));
#6287 = ORIENTED_EDGE('',*,*,#6208,.T.);
#6288 = ORIENTED_EDGE('',*,*,#1962,.F.);
#6289 = ORIENTED_EDGE('',*,*,#6290,.F.);
#6290 = EDGE_CURVE('',#3147,#1954,#6291,.T.);
#6291 = CIRCLE('',#6292,0.254);
#6292 = AXIS2_PLACEMENT_3D('',#6293,#6294,#6295);
#6293 = CARTESIAN_POINT('',(-6.096,-6.813382524662,-8.443277376967));
#6294 = DIRECTION('',(-2.888763925254E-16,0.778219880987,-0.627991892334
    ));
#6295 = DIRECTION('',(-4.437342591868E-31,0.627991892334,0.778219880987)
  );
#6296 = ORIENTED_EDGE('',*,*,#3813,.F.);
#6297 = ( BOUNDED_SURFACE() B_SPLINE_SURFACE(3,2,(
    (#6298,#6299,#6300)
    ,(#6301,#6302,#6303)
    ,(#6304,#6305,#6306)
    ,(#6307,#6308,#6309)
    ,(#6310,#6311,#6312)
    ,(#6313,#6314,#6315)
    ,(#6316,#6317,#6318)
    ,(#6319,#6320,#6321)
    ,(#6322,#6323,#6324)
    ,(#6325,#6326,#6327)
    ,(#6328,#6329,#6330)
    ,(#6331,#6332,#6333)
    ,(#6334,#6335,#6336)
    ,(#6337,#6338,#6339
)),.UNSPECIFIED.,.F.,.F.,.F.) B_SPLINE_SURFACE_WITH_KNOTS((4,2,2,2,2,2,4
    ),(3,3),(-3.252606517457E-19,8.346611135208E-04,1.251991670281E-03,
    1.669322227042E-03,2.086652783802E-03,2.503983340562E-03,
    3.338644454083E-03),(0.,1.),.UNSPECIFIED.) 
GEOMETRIC_REPRESENTATION_ITEM() RATIONAL_B_SPLINE_SURFACE((
    (1.,0.694658370459,1.)
    ,(1.,0.693790680572,1.)
    ,(1.,0.693127661152,1.)
    ,(1.,0.692445531072,1.)
    ,(1.,0.692272834707,1.)
    ,(1.,0.692044395456,1.)
    ,(1.,0.691986667571,1.)
    ,(1.,0.691985276939,1.)
    ,(1.,0.692043072524,1.)
    ,(1.,0.692271132739,1.)
    ,(1.,0.692440704232,1.)
    ,(1.,0.693114335439,1.)
    ,(1.,0.693791473002,1.)
,(1.,0.694658370459,1.))) REPRESENTATION_ITEM('') SURFACE() );
#6298 = CARTESIAN_POINT('',(-6.087135527838,-6.972795296168,
    -8.640824812824));
#6299 = CARTESIAN_POINT('',(-6.35,-6.978559903558,-8.647968427466));
#6300 = CARTESIAN_POINT('',(-6.35,-6.813382524662,-8.443277376967));
#6301 = CARTESIAN_POINT('',(-6.086522041543,-7.172416558275,
    -8.479711018873));
#6302 = CARTESIAN_POINT('',(-6.35,-7.178122397017,-8.487747942678));
#6303 = CARTESIAN_POINT('',(-6.35,-7.032968182399,-8.266080661719));
#6304 = CARTESIAN_POINT('',(-6.086056279822,-7.390955471159,
    -8.35217617219));
#6305 = CARTESIAN_POINT('',(-6.35,-7.395933783283,-8.36132420716));
#6306 = CARTESIAN_POINT('',(-6.35,-7.273362618215,-8.125813993247));
#6307 = CARTESIAN_POINT('',(-6.085576227039,-7.74649291499,
    -8.210582006584));
#6308 = CARTESIAN_POINT('',(-6.35,-7.750050525233,-8.220855391985));
#6309 = CARTESIAN_POINT('',(-6.35,-7.664455543556,-7.970082709477));
#6310 = CARTESIAN_POINT('',(-6.085454765649,-7.869187717962,
    -8.172207027187));
#6311 = CARTESIAN_POINT('',(-6.35,-7.872234203942,-8.182784513929));
#6312 = CARTESIAN_POINT('',(-6.35,-7.7994202657,-7.927875872547));
#6313 = CARTESIAN_POINT('',(-6.085294119557,-8.115929000833,
    -8.114875206611));
#6314 = CARTESIAN_POINT('',(-6.35,-8.117937776264,-8.125872962914));
#6315 = CARTESIAN_POINT('',(-6.35,-8.070836257537,-7.864818329847));
#6316 = CARTESIAN_POINT('',(-6.0852535384,-8.240924486986,
    -8.095513109726));
#6317 = CARTESIAN_POINT('',(-6.35,-8.242364536714,-8.106645571169));
#6318 = CARTESIAN_POINT('',(-6.35,-8.208331439096,-7.843521907622));
#6319 = CARTESIAN_POINT('',(-6.08525256077,-8.494193937555,
    -8.075561383228));
#6320 = CARTESIAN_POINT('',(-6.35,-8.494515123336,-8.086783052915));
#6321 = CARTESIAN_POINT('',(-6.35,-8.486927838391,-7.82157505557));
#6322 = CARTESIAN_POINT('',(-6.085293189454,-8.623280607561,
    -8.075151770859));
#6323 = CARTESIAN_POINT('',(-6.35,-8.623007158984,-8.0863292177));
#6324 = CARTESIAN_POINT('',(-6.35,-8.628923028353,-7.821122595027));
#6325 = CARTESIAN_POINT('',(-6.085453568545,-8.876628418113,
    -8.093484775703));
#6326 = CARTESIAN_POINT('',(-6.35,-8.875261380081,-8.104408415146));
#6327 = CARTESIAN_POINT('',(-6.35,-8.907605040143,-7.841281450201));
#6328 = CARTESIAN_POINT('',(-6.085572831838,-9.001743307083,
    -8.112045304634));
#6329 = CARTESIAN_POINT('',(-6.35,-8.999833388971,-8.122751781106));
#6330 = CARTESIAN_POINT('',(-6.35,-9.045230986806,-7.86169249341));
#6331 = CARTESIAN_POINT('',(-6.086046898436,-9.372448340497,
    -8.195683524653));
#6332 = CARTESIAN_POINT('',(-6.35,-9.368970206149,-8.205509898655));
#6333 = CARTESIAN_POINT('',(-6.35,-9.453004809068,-7.953672519866));
#6334 = CARTESIAN_POINT('',(-6.086524984981,-9.615040683347,
    -8.290252872529));
#6335 = CARTESIAN_POINT('',(-6.35,-9.610646163448,-8.29907166023));
#6336 = CARTESIAN_POINT('',(-6.35,-9.719854717005,-8.05767663593));
#6337 = CARTESIAN_POINT('',(-6.087135527838,-9.83614936155,
    -8.417934646348));
#6338 = CARTESIAN_POINT('',(-6.35,-9.83155964673,-8.425884265609));
#6339 = CARTESIAN_POINT('',(-6.35,-9.963071996581,-8.198098193843));
#6340 = ADVANCED_FACE('',(#6341),#6353,.T.);
#6341 = FACE_BOUND('',#6342,.T.);
#6342 = EDGE_LOOP('',(#6343,#6344,#6345,#6346));
#6343 = ORIENTED_EDGE('',*,*,#382,.F.);
#6344 = ORIENTED_EDGE('',*,*,#6227,.T.);
#6345 = ORIENTED_EDGE('',*,*,#3205,.F.);
#6346 = ORIENTED_EDGE('',*,*,#6347,.F.);
#6347 = EDGE_CURVE('',#383,#3197,#6348,.T.);
#6348 = CIRCLE('',#6349,0.254);
#6349 = AXIS2_PLACEMENT_3D('',#6350,#6351,#6352);
#6350 = CARTESIAN_POINT('',(-6.096,-2.118225300297,-12.72732254569));
#6351 = DIRECTION('',(0.,-9.769962616701E-15,1.));
#6352 = DIRECTION('',(0.,-1.,-9.769962616701E-15));
#6353 = CYLINDRICAL_SURFACE('',#6354,0.254);
#6354 = AXIS2_PLACEMENT_3D('',#6355,#6356,#6357);
#6355 = CARTESIAN_POINT('',(-6.096,-2.118225300297,2.364775042452E-14));
#6356 = DIRECTION('',(0.,1.121325254871E-14,1.));
#6357 = DIRECTION('',(0.,-1.,1.121325254871E-14));
#6358 = ADVANCED_FACE('',(#6359),#6371,.T.);
#6359 = FACE_BOUND('',#6360,.T.);
#6360 = EDGE_LOOP('',(#6361,#6362,#6363,#6370));
#6361 = ORIENTED_EDGE('',*,*,#6290,.T.);
#6362 = ORIENTED_EDGE('',*,*,#1953,.F.);
#6363 = ORIENTED_EDGE('',*,*,#6364,.F.);
#6364 = EDGE_CURVE('',#3159,#1935,#6365,.T.);
#6365 = CIRCLE('',#6366,0.254);
#6366 = AXIS2_PLACEMENT_3D('',#6367,#6368,#6369);
#6367 = CARTESIAN_POINT('',(-6.096,-3.905401437321,-10.12220104054));
#6368 = DIRECTION('',(-3.310062206487E-14,0.932966872625,-0.359962240498
    ));
#6369 = DIRECTION('',(9.466330862652E-29,0.359962240498,0.932966872625)
  );
#6370 = ORIENTED_EDGE('',*,*,#3158,.F.);
#6371 = TOROIDAL_SURFACE('',#6372,10.849475300297,0.254);
#6372 = AXIS2_PLACEMENT_3D('',#6373,#6374,#6375);
#6373 = CARTESIAN_POINT('',(-6.096,0.,0.));
#6374 = DIRECTION('',(1.,0.,0.));
#6375 = DIRECTION('',(0.,0.866025403784,0.5));
#6376 = ADVANCED_FACE('',(#6377),#6384,.T.);
#6377 = FACE_BOUND('',#6378,.T.);
#6378 = EDGE_LOOP('',(#6379,#6380,#6381,#6382,#6383));
#6379 = ORIENTED_EDGE('',*,*,#390,.T.);
#6380 = ORIENTED_EDGE('',*,*,#6347,.T.);
#6381 = ORIENTED_EDGE('',*,*,#3707,.F.);
#6382 = ORIENTED_EDGE('',*,*,#6364,.T.);
#6383 = ORIENTED_EDGE('',*,*,#1934,.F.);
#6384 = ( BOUNDED_SURFACE() B_SPLINE_SURFACE(3,2,(
    (#6385,#6386,#6387)
    ,(#6388,#6389,#6390)
    ,(#6391,#6392,#6393)
    ,(#6394,#6395,#6396)
    ,(#6397,#6398,#6399)
    ,(#6400,#6401,#6402)
    ,(#6403,#6404,#6405)
    ,(#6406,#6407,#6408)
    ,(#6409,#6410,#6411)
    ,(#6412,#6413,#6414)
    ,(#6415,#6416,#6417)
    ,(#6418,#6419,#6420)
    ,(#6421,#6422,#6423)
    ,(#6424,#6425,#6426
)),.UNSPECIFIED.,.F.,.F.,.F.) B_SPLINE_SURFACE_WITH_KNOTS((4,2,2,2,2,2,4
    ),(3,3),(0.,8.346611135472E-04,1.251991670321E-03,1.669322227094E-03
    ,2.086652783868E-03,2.503983340642E-03,3.338644454189E-03),(0.,1.),
.UNSPECIFIED.) GEOMETRIC_REPRESENTATION_ITEM() RATIONAL_B_SPLINE_SURFACE
((
    (1.,0.694658370459,1.)
    ,(1.,0.693790782665,1.)
    ,(1.,0.693127794953,1.)
    ,(1.,0.692445647612,1.)
    ,(1.,0.69227293463,1.)
    ,(1.,0.692044451284,1.)
    ,(1.,0.691986695868,1.)
    ,(1.,0.691985249672,1.)
    ,(1.,0.692043017116,1.)
    ,(1.,0.692271033011,1.)
    ,(1.,0.692440588096,1.)
    ,(1.,0.693114201435,1.)
    ,(1.,0.693791370381,1.)
,(1.,0.694658370459,1.))) REPRESENTATION_ITEM('') SURFACE() );
#6385 = CARTESIAN_POINT('',(-6.087135527838,-2.37207057036,
    -12.72732254569));
#6386 = CARTESIAN_POINT('',(-6.35,-2.38125,-12.72732254569));
#6387 = CARTESIAN_POINT('',(-6.35,-2.118225300297,-12.72732254569));
#6388 = CARTESIAN_POINT('',(-6.086522113482,-2.372049149459,
    -12.47079515605));
#6389 = CARTESIAN_POINT('',(-6.35,-2.381886786566,-12.47140191887));
#6390 = CARTESIAN_POINT('',(-6.35,-2.11822530641,-12.44515852055));
#6391 = CARTESIAN_POINT('',(-6.086056374042,-2.4100396648,
    -12.22063298004));
#6392 = CARTESIAN_POINT('',(-6.35,-2.420285088306,-12.22250362527));
#6393 = CARTESIAN_POINT('',(-6.35,-2.16003275527,-12.16999246107));
#6394 = CARTESIAN_POINT('',(-6.085576309026,-2.523122902597,
    -11.85502668437));
#6395 = CARTESIAN_POINT('',(-6.35,-2.533351922479,-11.85870965232));
#6396 = CARTESIAN_POINT('',(-6.35,-2.284442760931,-11.76783818799));
#6397 = CARTESIAN_POINT('',(-6.085454835928,-2.570310071758,
    -11.73544397294));
#6398 = CARTESIAN_POINT('',(-6.35,-2.580454782498,-11.7397156787));
#6399 = CARTESIAN_POINT('',(-6.35,-2.336353312438,-11.63630040647));
#6400 = CARTESIAN_POINT('',(-6.085294158808,-2.680644832683,
    -11.50742108125));
#6401 = CARTESIAN_POINT('',(-6.35,-2.69046496462,-11.51276428914));
#6402 = CARTESIAN_POINT('',(-6.35,-2.457727720635,-11.38547945953));
#6403 = CARTESIAN_POINT('',(-6.085253558294,-2.744073014636,
    -11.39798786817));
#6404 = CARTESIAN_POINT('',(-6.35,-2.753640842046,-11.40385827192));
#6405 = CARTESIAN_POINT('',(-6.35,-2.527500280108,-11.26510399482));
#6406 = CARTESIAN_POINT('',(-6.085252541601,-2.887597343433,
    -11.18835902237));
#6407 = CARTESIAN_POINT('',(-6.35,-2.896531992065,-11.19515619432));
#6408 = CARTESIAN_POINT('',(-6.35,-2.685377082239,-11.0345122922));
#6409 = CARTESIAN_POINT('',(-6.085293150498,-2.968343955904,
    -11.08764397525));
#6410 = CARTESIAN_POINT('',(-6.35,-2.976870779541,-11.09487614811));
#6411 = CARTESIAN_POINT('',(-6.35,-2.774196795962,-10.92372467028));
#6412 = CARTESIAN_POINT('',(-6.085453498404,-3.141711433926,
    -10.90199664954));
#6413 = CARTESIAN_POINT('',(-6.35,-3.149353994931,-10.9099205139));
#6414 = CARTESIAN_POINT('',(-6.35,-2.96489486115,-10.7195083852));
#6415 = CARTESIAN_POINT('',(-6.085572750135,-3.234726741767,
    -10.81628561705));
#6416 = CARTESIAN_POINT('',(-6.35,-3.24185938105,-10.82449559963));
#6417 = CARTESIAN_POINT('',(-6.35,-3.067207119269,-10.62522310698));
#6418 = CARTESIAN_POINT('',(-6.086046804075,-3.532615422002,
    -10.58031971497));
#6419 = CARTESIAN_POINT('',(-6.35,-3.538078320832,-10.58919743454));
#6420 = CARTESIAN_POINT('',(-6.35,-3.394866458714,-10.36564812319));
#6421 = CARTESIAN_POINT('',(-6.086524913378,-3.758557194646,
    -10.45091831714));
#6422 = CARTESIAN_POINT('',(-6.35,-3.762660421019,-10.4598764321));
#6423 = CARTESIAN_POINT('',(-6.35,-3.643384109314,-10.22329396313));
#6424 = CARTESIAN_POINT('',(-6.087135527838,-3.996776149473,
    -10.35903026828));
#6425 = CARTESIAN_POINT('',(-6.35,-4.000080397532,-10.36759437204));
#6426 = CARTESIAN_POINT('',(-6.35,-3.905401437321,-10.12220104054));
#6427 = ADVANCED_FACE('',(#6428),#6447,.T.);
#6428 = FACE_BOUND('',#6429,.T.);
#6429 = EDGE_LOOP('',(#6430,#6437,#6438,#6445,#6446));
#6430 = ORIENTED_EDGE('',*,*,#6431,.F.);
#6431 = EDGE_CURVE('',#3292,#2083,#6432,.T.);
#6432 = CIRCLE('',#6433,0.254);
#6433 = AXIS2_PLACEMENT_3D('',#6434,#6435,#6436);
#6434 = CARTESIAN_POINT('',(-6.096,2.118225300297,-17.42970557623));
#6435 = DIRECTION('',(6.609845019223E-14,1.076916333886E-14,1.));
#6436 = DIRECTION('',(7.573064690122E-29,-1.,1.076916333886E-14));
#6437 = ORIENTED_EDGE('',*,*,#4077,.F.);
#6438 = ORIENTED_EDGE('',*,*,#6439,.F.);
#6439 = EDGE_CURVE('',#24,#3441,#6440,.T.);
#6440 = CIRCLE('',#6441,0.254);
#6441 = AXIS2_PLACEMENT_3D('',#6442,#6443,#6444);
#6442 = CARTESIAN_POINT('',(-6.096,5.667728510894,-20.11737523261));
#6443 = DIRECTION('',(-0.,0.962529674334,0.271176374389));
#6444 = DIRECTION('',(0.,-0.271176374389,0.962529674334));
#6445 = ORIENTED_EDGE('',*,*,#21,.F.);
#6446 = ORIENTED_EDGE('',*,*,#2090,.F.);
#6447 = ( BOUNDED_SURFACE() B_SPLINE_SURFACE(3,2,(
    (#6448,#6449,#6450)
    ,(#6451,#6452,#6453)
    ,(#6454,#6455,#6456)
    ,(#6457,#6458,#6459)
    ,(#6460,#6461,#6462)
    ,(#6463,#6464,#6465)
    ,(#6466,#6467,#6468)
    ,(#6469,#6470,#6471)
    ,(#6472,#6473,#6474)
    ,(#6475,#6476,#6477)
    ,(#6478,#6479,#6480)
    ,(#6481,#6482,#6483)
    ,(#6484,#6485,#6486)
    ,(#6487,#6488,#6489)
    ,(#6490,#6491,#6492)
    ,(#6493,#6494,#6495
)),.UNSPECIFIED.,.F.,.F.,.F.) B_SPLINE_SURFACE_WITH_KNOTS((4,2,2,2,2,2,2
    ,4),(3,3),(1.799775606326E-17,6.407458912127E-04,1.281491782425E-03,
    1.922237673638E-03,2.562983564851E-03,3.203729456063E-03,
    3.844475347276E-03,5.125967129701E-03),(0.,1.),.UNSPECIFIED.) 
GEOMETRIC_REPRESENTATION_ITEM() RATIONAL_B_SPLINE_SURFACE((
    (1.,0.694658370459,1.)
    ,(1.,0.693376315946,1.)
    ,(1.,0.692225835454,1.)
    ,(1.,0.690186185456,1.)
    ,(1.,0.68929340398,1.)
    ,(1.,0.687866429091,1.)
    ,(1.,0.687316222246,1.)
    ,(1.,0.686572863699,1.)
    ,(1.,0.686388529084,1.)
    ,(1.,0.686385921662,1.)
    ,(1.,0.686574530914,1.)
    ,(1.,0.687307102337,1.)
    ,(1.,0.687855730909,1.)
    ,(1.,0.690010526009,1.)
    ,(1.,0.69207852042,1.)
,(1.,0.694658370459,1.))) REPRESENTATION_ITEM('') SURFACE() );
#6448 = CARTESIAN_POINT('',(-6.087135527838,2.37207057036,
    -17.42970557623));
#6449 = CARTESIAN_POINT('',(-6.35,2.38125,-17.42970557623));
#6450 = CARTESIAN_POINT('',(-6.35,2.118225300297,-17.42970557623));
#6451 = CARTESIAN_POINT('',(-6.08623030841,2.372038959401,
    -17.62668518974));
#6452 = CARTESIAN_POINT('',(-6.35,2.382190267513,-17.62633794718));
#6453 = CARTESIAN_POINT('',(-6.35,2.118225304953,-17.64633727038));
#6454 = CARTESIAN_POINT('',(-6.085421188117,2.39457965087,
    -17.81985782416));
#6455 = CARTESIAN_POINT('',(-6.35,2.405588386138,-17.81850233158));
#6456 = CARTESIAN_POINT('',(-6.35,2.143051140685,-17.85878608182));
#6457 = CARTESIAN_POINT('',(-6.083988812754,2.483208001732,
    -18.19874657585));
#6458 = CARTESIAN_POINT('',(-6.35,2.495327907327,-18.19527479444));
#6459 = CARTESIAN_POINT('',(-6.35,2.240597349931,-18.27549104847));
#6460 = CARTESIAN_POINT('',(-6.083363442984,2.550506017123,
    -18.38583989192));
#6461 = CARTESIAN_POINT('',(-6.35,2.562961612905,-18.38106148086));
#6462 = CARTESIAN_POINT('',(-6.35,2.314649188792,-18.48126197422));
#6463 = CARTESIAN_POINT('',(-6.082365135296,2.723340011612,
    -18.73404744026));
#6464 = CARTESIAN_POINT('',(-6.35,2.735844148396,-18.72688013854));
#6465 = CARTESIAN_POINT('',(-6.35,2.504804929492,-18.86423963969));
#6466 = CARTESIAN_POINT('',(-6.081980953327,2.8296804742,-18.89821834995
    ));
#6467 = CARTESIAN_POINT('',(-6.35,2.841906201342,-18.88975372928));
#6468 = CARTESIAN_POINT('',(-6.35,2.621794198033,-19.04480815197));
#6469 = CARTESIAN_POINT('',(-6.081462136674,3.080183125952,
    -19.20088035929));
#6470 = CARTESIAN_POINT('',(-6.35,3.091363645996,-19.19024383549));
#6471 = CARTESIAN_POINT('',(-6.35,2.897367040919,-19.37771004932));
#6472 = CARTESIAN_POINT('',(-6.081333640074,3.220580401619,
    -19.33518383627));
#6473 = CARTESIAN_POINT('',(-6.35,3.23092306509,-19.32352537546));
#6474 = CARTESIAN_POINT('',(-6.35,3.051808981055,-19.52543735597));
#6475 = CARTESIAN_POINT('',(-6.081331821851,3.530903016913,
    -19.5705944656));
#6476 = CARTESIAN_POINT('',(-6.35,3.539345131754,-19.55749168936));
#6477 = CARTESIAN_POINT('',(-6.35,3.393163929023,-19.7843889543));
#6478 = CARTESIAN_POINT('',(-6.081463301806,3.701981743081,
    -19.67152960178));
#6479 = CARTESIAN_POINT('',(-6.35,3.709190714884,-19.65788742577));
#6480 = CARTESIAN_POINT('',(-6.35,3.581345476799,-19.89542427345));
#6481 = CARTESIAN_POINT('',(-6.081974586709,4.057078917794,
    -19.82912689251));
#6482 = CARTESIAN_POINT('',(-6.35,4.061941172672,-19.81506816416));
#6483 = CARTESIAN_POINT('',(-6.35,3.971932728752,-20.06880722758));
#6484 = CARTESIAN_POINT('',(-6.082357655333,4.244752269366,
    -19.88784638492));
#6485 = CARTESIAN_POINT('',(-6.35,4.248278192905,-19.87386278212));
#6486 = CARTESIAN_POINT('',(-6.35,4.178358701241,-20.13341809728));
#6487 = CARTESIAN_POINT('',(-6.083865130716,4.822388413165,-19.997061597
    ));
#6488 = CARTESIAN_POINT('',(-6.35,4.821857949966,-19.98400836859));
#6489 = CARTESIAN_POINT('',(-6.35,4.813700551938,-20.25363130143));
#6490 = CARTESIAN_POINT('',(-6.085312368205,5.216922256249,
    -19.98072116183));
#6491 = CARTESIAN_POINT('',(-6.35,5.213850860942,-19.97001235544));
#6492 = CARTESIAN_POINT('',(-6.35,5.247631934084,-20.23573029771));
#6493 = CARTESIAN_POINT('',(-6.087135527838,5.598891670903,
    -19.87304162748));
#6494 = CARTESIAN_POINT('',(-6.35,5.596402426454,-19.86420615406));
#6495 = CARTESIAN_POINT('',(-6.35,5.667728510894,-20.11737523261));
#6496 = ADVANCED_FACE('',(#6497),#6509,.T.);
#6497 = FACE_BOUND('',#6498,.T.);
#6498 = EDGE_LOOP('',(#6499,#6500,#6501,#6502));
#6499 = ORIENTED_EDGE('',*,*,#32,.F.);
#6500 = ORIENTED_EDGE('',*,*,#6439,.T.);
#6501 = ORIENTED_EDGE('',*,*,#3452,.F.);
#6502 = ORIENTED_EDGE('',*,*,#6503,.F.);
#6503 = EDGE_CURVE('',#33,#3453,#6504,.T.);
#6504 = CIRCLE('',#6505,0.254);
#6505 = AXIS2_PLACEMENT_3D('',#6506,#6507,#6508);
#6506 = CARTESIAN_POINT('',(-6.096,14.588293753458,-14.96708448849));
#6507 = DIRECTION('',(-0.,0.716110466294,0.697986962675));
#6508 = DIRECTION('',(0.,-0.697986962675,0.716110466294));
#6509 = TOROIDAL_SURFACE('',#6510,20.900524699703,0.254);
#6510 = AXIS2_PLACEMENT_3D('',#6511,#6512,#6513);
#6511 = CARTESIAN_POINT('',(-6.096,0.,0.));
#6512 = DIRECTION('',(1.,0.,0.));
#6513 = DIRECTION('',(0.,0.866025403784,0.5));
#6514 = ADVANCED_FACE('',(#6515),#6527,.T.);
#6515 = FACE_BOUND('',#6516,.T.);
#6516 = EDGE_LOOP('',(#6517,#6518,#6519,#6526));
#6517 = ORIENTED_EDGE('',*,*,#6431,.T.);
#6518 = ORIENTED_EDGE('',*,*,#2082,.F.);
#6519 = ORIENTED_EDGE('',*,*,#6520,.F.);
#6520 = EDGE_CURVE('',#3304,#2064,#6521,.T.);
#6521 = CIRCLE('',#6522,0.254);
#6522 = AXIS2_PLACEMENT_3D('',#6523,#6524,#6525);
#6523 = CARTESIAN_POINT('',(-6.096,2.118225300297,-12.72732254569));
#6524 = DIRECTION('',(-1.70740499604E-15,1.321165399304E-14,1.));
#6525 = DIRECTION('',(-5.916456789158E-30,-1.,1.321165399304E-14));
#6526 = ORIENTED_EDGE('',*,*,#3303,.F.);
#6527 = CYLINDRICAL_SURFACE('',#6528,0.254);
#6528 = AXIS2_PLACEMENT_3D('',#6529,#6530,#6531);
#6529 = CARTESIAN_POINT('',(-6.096,2.118225300297,-2.553512956638E-14));
#6530 = DIRECTION('',(0.,1.199040866595E-14,1.));
#6531 = DIRECTION('',(0.,-1.,1.199040866595E-14));
#6532 = ADVANCED_FACE('',(#6533),#6547,.T.);
#6533 = FACE_BOUND('',#6534,.T.);
#6534 = EDGE_LOOP('',(#6535,#6536,#6537,#6538,#6545,#6546));
#6535 = ORIENTED_EDGE('',*,*,#41,.T.);
#6536 = ORIENTED_EDGE('',*,*,#6503,.T.);
#6537 = ORIENTED_EDGE('',*,*,#3971,.F.);
#6538 = ORIENTED_EDGE('',*,*,#6539,.F.);
#6539 = EDGE_CURVE('',#332,#3396,#6540,.T.);
#6540 = CIRCLE('',#6541,0.254);
#6541 = AXIS2_PLACEMENT_3D('',#6542,#6543,#6544);
#6542 = CARTESIAN_POINT('',(-6.096,14.035455159357,-10.54928970911));
#6543 = DIRECTION('',(0.,-0.866025403784,0.5));
#6544 = DIRECTION('',(0.,-0.5,-0.866025403784));
#6545 = ORIENTED_EDGE('',*,*,#329,.F.);
#6546 = ORIENTED_EDGE('',*,*,#2112,.F.);
#6547 = ( BOUNDED_SURFACE() B_SPLINE_SURFACE(3,2,(
    (#6548,#6549,#6550)
    ,(#6551,#6552,#6553)
    ,(#6554,#6555,#6556)
    ,(#6557,#6558,#6559)
    ,(#6560,#6561,#6562)
    ,(#6563,#6564,#6565)
    ,(#6566,#6567,#6568)
    ,(#6569,#6570,#6571)
    ,(#6572,#6573,#6574)
    ,(#6575,#6576,#6577)
    ,(#6578,#6579,#6580)
    ,(#6581,#6582,#6583)
    ,(#6584,#6585,#6586)
    ,(#6587,#6588,#6589)
    ,(#6590,#6591,#6592)
    ,(#6593,#6594,#6595
)),.UNSPECIFIED.,.F.,.F.,.F.) B_SPLINE_SURFACE_WITH_KNOTS((4,2,2,2,2,2,2
    ,4),(3,3),(-1.984089975648E-17,6.407458898096E-04,1.281491779619E-03
    ,1.922237669429E-03,2.562983559238E-03,3.203729449048E-03,
    3.844475338858E-03,5.125967118477E-03),(0.,1.),.UNSPECIFIED.) 
GEOMETRIC_REPRESENTATION_ITEM() RATIONAL_B_SPLINE_SURFACE((
    (1.,0.694658370459,1.)
    ,(1.,0.693376735269,1.)
    ,(1.,0.692226556584,1.)
    ,(1.,0.690187275773,1.)
    ,(1.,0.689294558591,1.)
    ,(1.,0.687867503459,1.)
    ,(1.,0.687317154718,1.)
    ,(1.,0.686573387666,1.)
    ,(1.,0.686388793887,1.)
    ,(1.,0.686385662934,1.)
    ,(1.,0.686574007585,1.)
    ,(1.,0.687306174118,1.)
    ,(1.,0.687854657893,1.)
    ,(1.,0.690009329704,1.)
    ,(1.,0.692077667306,1.)
,(1.,0.694658370459,1.))) REPRESENTATION_ITEM('') SURFACE() );
#6548 = CARTESIAN_POINT('',(-6.087135527838,14.411113064417,
    -14.78530323378));
#6549 = CARTESIAN_POINT('',(-6.35,14.404705942204,-14.77872974814));
#6550 = CARTESIAN_POINT('',(-6.35,14.588293753458,-14.96708448849));
#6551 = CARTESIAN_POINT('',(-6.086230604204,14.552194275371,
    -14.64783666971));
#6552 = CARTESIAN_POINT('',(-6.35,14.544860267004,-14.64080989379));
#6553 = CARTESIAN_POINT('',(-6.35,14.743425974806,-14.81587838582));
#6554 = CARTESIAN_POINT('',(-6.085421695481,14.674794087066,
    -14.49686305451));
#6555 = CARTESIAN_POINT('',(-6.35,14.66613985798,-14.48992608565));
#6556 = CARTESIAN_POINT('',(-6.35,14.878234668887,-14.64981383417));
#6557 = CARTESIAN_POINT('',(-6.083989577508,14.884258812724,
    -14.16893593584));
#6558 = CARTESIAN_POINT('',(-6.35,14.87331380517,-14.16268045453));
#6559 = CARTESIAN_POINT('',(-6.35,15.108555445847,-14.28910532088));
#6560 = CARTESIAN_POINT('',(-6.083364251555,14.971265140152,
    -13.99015441793));
#6561 = CARTESIAN_POINT('',(-6.35,14.959150249944,-13.98457045218));
#6562 = CARTESIAN_POINT('',(-6.35,15.20422292589,-14.09245059403));
#6563 = CARTESIAN_POINT('',(-6.082365886113,15.099984326449,
    -13.62334184211));
#6564 = CARTESIAN_POINT('',(-6.35,15.086124835656,-13.61939038571));
#6565 = CARTESIAN_POINT('',(-6.35,15.345751000383,-13.68896465257));
#6566 = CARTESIAN_POINT('',(-6.081981604408,15.143324584259,
    -13.43260116333));
#6567 = CARTESIAN_POINT('',(-6.35,15.12873030642,-13.42975445022));
#6568 = CARTESIAN_POINT('',(-6.35,15.393401020217,-13.47915294329));
#6569 = CARTESIAN_POINT('',(-6.081462502095,15.185216467463,
    -13.04195945377));
#6570 = CARTESIAN_POINT('',(-6.35,15.169796102174,-13.04137706228));
#6571 = CARTESIAN_POINT('',(-6.35,15.439449323313,-13.04945116687));
#6572 = CARTESIAN_POINT('',(-6.08133382474,15.183397152794,
    -12.84767741755));
#6573 = CARTESIAN_POINT('',(-6.35,15.167829558992,-12.84840828161));
#6574 = CARTESIAN_POINT('',(-6.35,15.437439952406,-12.83574194396));
#6575 = CARTESIAN_POINT('',(-6.081331641422,15.135376086067,
    -12.4611385917));
#6576 = CARTESIAN_POINT('',(-6.35,15.120100354652,-12.46423862196));
#6577 = CARTESIAN_POINT('',(-6.35,15.384616639031,-12.41054925306));
#6578 = CARTESIAN_POINT('',(-6.081462936828,15.088246100946,
    -12.2681759091));
#6579 = CARTESIAN_POINT('',(-6.35,15.073444609033,-12.27253559684));
#6580 = CARTESIAN_POINT('',(-6.35,15.33278194511,-12.19828926422));
#6581 = CARTESIAN_POINT('',(-6.081973938606,14.953250008891,
    -11.90388624878));
#6582 = CARTESIAN_POINT('',(-6.35,14.939787933001,-11.91021738451));
#6583 = CARTESIAN_POINT('',(-6.35,15.184318505826,-11.79756659796));
#6584 = CARTESIAN_POINT('',(-6.082356905474,14.864306112149,
    -11.7285059652));
#6585 = CARTESIAN_POINT('',(-6.35,14.851830521008,-11.73574178281));
#6586 = CARTESIAN_POINT('',(-6.35,15.086504395521,-11.6046452598));
#6587 = CARTESIAN_POINT('',(-6.083864292165,14.539333755171,
    -11.23862389115));
#6588 = CARTESIAN_POINT('',(-6.35,14.530355739096,-11.2481153285));
#6589 = CARTESIAN_POINT('',(-6.35,14.729129976073,-11.06576306013));
#6590 = CARTESIAN_POINT('',(-6.085311772262,14.252252670228,
    -10.96749954103));
#6591 = CARTESIAN_POINT('',(-6.35,14.246727875549,-10.97717440705));
#6592 = CARTESIAN_POINT('',(-6.35,14.413432392137,-10.7675149712));
#6593 = CARTESIAN_POINT('',(-6.087135527838,13.908532524326,
    -10.76912616162));
#6594 = CARTESIAN_POINT('',(-6.35,13.903942809506,-10.77707578088));
#6595 = CARTESIAN_POINT('',(-6.35,14.035455159357,-10.54928970911));
#6596 = ADVANCED_FACE('',(#6597),#6609,.T.);
#6597 = FACE_BOUND('',#6598,.T.);
#6598 = EDGE_LOOP('',(#6599,#6600,#6601,#6608));
#6599 = ORIENTED_EDGE('',*,*,#6520,.T.);
#6600 = ORIENTED_EDGE('',*,*,#2063,.F.);
#6601 = ORIENTED_EDGE('',*,*,#6602,.F.);
#6602 = EDGE_CURVE('',#3337,#2055,#6603,.T.);
#6603 = CIRCLE('',#6604,0.254);
#6604 = AXIS2_PLACEMENT_3D('',#6605,#6606,#6607);
#6605 = CARTESIAN_POINT('',(-6.096,3.905401437321,-10.12220104054));
#6606 = DIRECTION('',(-1.800776159826E-15,0.932966872625,0.359962240498)
  );
#6607 = DIRECTION('',(-1.035379938103E-30,-0.359962240498,0.932966872625
    ));
#6608 = ORIENTED_EDGE('',*,*,#4025,.F.);
#6609 = ( BOUNDED_SURFACE() B_SPLINE_SURFACE(3,2,(
    (#6610,#6611,#6612)
    ,(#6613,#6614,#6615)
    ,(#6616,#6617,#6618)
    ,(#6619,#6620,#6621)
    ,(#6622,#6623,#6624)
    ,(#6625,#6626,#6627)
    ,(#6628,#6629,#6630)
    ,(#6631,#6632,#6633)
    ,(#6634,#6635,#6636)
    ,(#6637,#6638,#6639)
    ,(#6640,#6641,#6642)
    ,(#6643,#6644,#6645)
    ,(#6646,#6647,#6648)
    ,(#6649,#6650,#6651
)),.UNSPECIFIED.,.F.,.F.,.F.) B_SPLINE_SURFACE_WITH_KNOTS((4,2,2,2,2,2,4
    ),(3,3),(-3.252606517457E-19,8.346611135208E-04,1.251991670281E-03,
    1.669322227042E-03,2.086652783802E-03,2.503983340562E-03,
    3.338644454083E-03),(0.,1.),.UNSPECIFIED.) 
GEOMETRIC_REPRESENTATION_ITEM() RATIONAL_B_SPLINE_SURFACE((
    (1.,0.694658370459,1.)
    ,(1.,0.693790680573,1.)
    ,(1.,0.693127661151,1.)
    ,(1.,0.692445531073,1.)
    ,(1.,0.692272834706,1.)
    ,(1.,0.692044395456,1.)
    ,(1.,0.691986667571,1.)
    ,(1.,0.691985276939,1.)
    ,(1.,0.692043072523,1.)
    ,(1.,0.692271132739,1.)
    ,(1.,0.692440704232,1.)
    ,(1.,0.693114335439,1.)
    ,(1.,0.693791473002,1.)
,(1.,0.694658370459,1.))) REPRESENTATION_ITEM('') SURFACE() );
#6610 = CARTESIAN_POINT('',(-6.087135527838,3.996776149472,
    -10.35903026828));
#6611 = CARTESIAN_POINT('',(-6.35,4.000080397532,-10.36759437204));
#6612 = CARTESIAN_POINT('',(-6.35,3.905401437321,-10.12220104054));
#6613 = CARTESIAN_POINT('',(-6.086522041543,3.757436879958,
    -10.45135045542));
#6614 = CARTESIAN_POINT('',(-6.35,3.76154414077,-10.46031031863));
#6615 = CARTESIAN_POINT('',(-6.35,3.642151751581,-10.22376944082));
#6616 = CARTESIAN_POINT('',(-6.086056279822,3.53771900642,
    -10.57684328235));
#6617 = CARTESIAN_POINT('',(-6.35,3.543152281037,-10.58572864461));
#6618 = CARTESIAN_POINT('',(-6.35,3.400480035472,-10.36182379493));
#6619 = CARTESIAN_POINT('',(-6.085576227039,3.237326140062,
    -10.81395065791));
#6620 = CARTESIAN_POINT('',(-6.35,3.24444434768,-10.82216833145));
#6621 = CARTESIAN_POINT('',(-6.35,3.070066324892,-10.62265456163));
#6622 = CARTESIAN_POINT('',(-6.085454765649,3.142745031549,
    -10.90101998449));
#6623 = CARTESIAN_POINT('',(-6.35,3.150382160786,-10.90894706211));
#6624 = CARTESIAN_POINT('',(-6.35,2.966031770825,-10.71843402116));
#6625 = CARTESIAN_POINT('',(-6.085294119557,2.969723577049,
    -11.08603829333));
#6626 = CARTESIAN_POINT('',(-6.35,2.978243525677,-11.09327682204));
#6627 = CARTESIAN_POINT('',(-6.35,2.775714341029,-10.92195839373));
#6628 = CARTESIAN_POINT('',(-6.0852535384,2.890457766199,-11.18460651126
    ));
#6629 = CARTESIAN_POINT('',(-6.35,2.899378735752,-11.19141986163));
#6630 = CARTESIAN_POINT('',(-6.35,2.688523507593,-11.03038450275));
#6631 = CARTESIAN_POINT('',(-6.08525256077,2.746544338918,-11.3939684262
    ));
#6632 = CARTESIAN_POINT('',(-6.35,2.75610199705,-11.39985741609));
#6633 = CARTESIAN_POINT('',(-6.35,2.530218776535,-11.26068263591));
#6634 = CARTESIAN_POINT('',(-6.085293189454,2.681646269199,
    -11.50555595554));
#6635 = CARTESIAN_POINT('',(-6.35,2.691462946401,-11.51090786554));
#6636 = CARTESIAN_POINT('',(-6.35,2.458829339229,-11.38342784736));
#6637 = CARTESIAN_POINT('',(-6.085453568545,2.570849211845,
    -11.73412809789));
#6638 = CARTESIAN_POINT('',(-6.35,2.58099288012,-11.73840602795));
#6639 = CARTESIAN_POINT('',(-6.35,2.336946414026,-11.63485297674));
#6640 = CARTESIAN_POINT('',(-6.085572831838,2.524365656922,
    -11.85176103459));
#6641 = CARTESIAN_POINT('',(-6.35,2.534592696588,-11.85546023523));
#6642 = CARTESIAN_POINT('',(-6.35,2.285809922631,-11.76424606437));
#6643 = CARTESIAN_POINT('',(-6.086046898436,2.411445963478,
    -12.21462012085));
#6644 = CARTESIAN_POINT('',(-6.35,2.421694920165,-12.21652115515));
#6645 = CARTESIAN_POINT('',(-6.35,2.161580051052,-12.16337856668));
#6646 = CARTESIAN_POINT('',(-6.086524984981,2.372049249734,
    -12.47199592646));
#6647 = CARTESIAN_POINT('',(-6.349999999999,2.381883803862,
    -12.47259955444));
#6648 = CARTESIAN_POINT('',(-6.35,2.118225303693,-12.44647942398));
#6649 = CARTESIAN_POINT('',(-6.087135527838,2.37207057036,
    -12.72732254569));
#6650 = CARTESIAN_POINT('',(-6.35,2.38125,-12.72732254569));
#6651 = CARTESIAN_POINT('',(-6.35,2.118225300297,-12.72732254569));
#6652 = ADVANCED_FACE('',(#6653),#6665,.T.);
#6653 = FACE_BOUND('',#6654,.T.);
#6654 = EDGE_LOOP('',(#6655,#6656,#6657,#6658));
#6655 = ORIENTED_EDGE('',*,*,#340,.F.);
#6656 = ORIENTED_EDGE('',*,*,#6539,.T.);
#6657 = ORIENTED_EDGE('',*,*,#3395,.F.);
#6658 = ORIENTED_EDGE('',*,*,#6659,.F.);
#6659 = EDGE_CURVE('',#341,#3387,#6660,.T.);
#6660 = CIRCLE('',#6661,0.254);
#6661 = AXIS2_PLACEMENT_3D('',#6662,#6663,#6664);
#6662 = CARTESIAN_POINT('',(-6.096,9.963071996581,-8.198098193844));
#6663 = DIRECTION('',(0.,-0.866025403784,0.5));
#6664 = DIRECTION('',(0.,-0.5,-0.866025403784));
#6665 = CYLINDRICAL_SURFACE('',#6666,0.254);
#6666 = AXIS2_PLACEMENT_3D('',#6667,#6668,#6669);
#6667 = CARTESIAN_POINT('',(-6.096,-1.059112650149,-1.834436920996));
#6668 = DIRECTION('',(0.,-0.866025403784,0.5));
#6669 = DIRECTION('',(0.,-0.5,-0.866025403784));
#6670 = ADVANCED_FACE('',(#6671),#6683,.T.);
#6671 = FACE_BOUND('',#6672,.T.);
#6672 = EDGE_LOOP('',(#6673,#6674,#6675,#6682));
#6673 = ORIENTED_EDGE('',*,*,#6602,.T.);
#6674 = ORIENTED_EDGE('',*,*,#2054,.F.);
#6675 = ORIENTED_EDGE('',*,*,#6676,.F.);
#6676 = EDGE_CURVE('',#3349,#2036,#6677,.T.);
#6677 = CIRCLE('',#6678,0.254);
#6678 = AXIS2_PLACEMENT_3D('',#6679,#6680,#6681);
#6679 = CARTESIAN_POINT('',(-6.096,6.813382524661,-8.443277376967));
#6680 = DIRECTION('',(-3.500706382714E-14,0.778219880987,0.627991892334)
  );
#6681 = DIRECTION('',(1.262177448354E-29,-0.627991892334,0.778219880987)
  );
#6682 = ORIENTED_EDGE('',*,*,#3348,.F.);
#6683 = TOROIDAL_SURFACE('',#6684,10.849475300297,0.254);
#6684 = AXIS2_PLACEMENT_3D('',#6685,#6686,#6687);
#6685 = CARTESIAN_POINT('',(-6.096,0.,0.));
#6686 = DIRECTION('',(1.,0.,0.));
#6687 = DIRECTION('',(0.,0.866025403784,0.5));
#6688 = ADVANCED_FACE('',(#6689),#6696,.T.);
#6689 = FACE_BOUND('',#6690,.T.);
#6690 = EDGE_LOOP('',(#6691,#6692,#6693,#6694,#6695));
#6691 = ORIENTED_EDGE('',*,*,#348,.T.);
#6692 = ORIENTED_EDGE('',*,*,#6659,.T.);
#6693 = ORIENTED_EDGE('',*,*,#3919,.F.);
#6694 = ORIENTED_EDGE('',*,*,#6676,.T.);
#6695 = ORIENTED_EDGE('',*,*,#2035,.F.);
#6696 = ( BOUNDED_SURFACE() B_SPLINE_SURFACE(3,2,(
    (#6697,#6698,#6699)
    ,(#6700,#6701,#6702)
    ,(#6703,#6704,#6705)
    ,(#6706,#6707,#6708)
    ,(#6709,#6710,#6711)
    ,(#6712,#6713,#6714)
    ,(#6715,#6716,#6717)
    ,(#6718,#6719,#6720)
    ,(#6721,#6722,#6723)
    ,(#6724,#6725,#6726)
    ,(#6727,#6728,#6729)
    ,(#6730,#6731,#6732)
    ,(#6733,#6734,#6735)
    ,(#6736,#6737,#6738
)),.UNSPECIFIED.,.F.,.F.,.F.) B_SPLINE_SURFACE_WITH_KNOTS((4,2,2,2,2,2,4
    ),(3,3),(0.,8.346611135472E-04,1.251991670321E-03,1.669322227094E-03
    ,2.086652783868E-03,2.503983340642E-03,3.338644454189E-03),(0.,1.),
.UNSPECIFIED.) GEOMETRIC_REPRESENTATION_ITEM() RATIONAL_B_SPLINE_SURFACE
((
    (1.,0.694658370459,1.)
    ,(1.,0.693790782666,1.)
    ,(1.,0.693127794953,1.)
    ,(1.,0.692445647612,1.)
    ,(1.,0.69227293463,1.)
    ,(1.,0.692044451284,1.)
    ,(1.,0.691986695868,1.)
    ,(1.,0.691985249672,1.)
    ,(1.,0.692043017116,1.)
    ,(1.,0.692271033011,1.)
    ,(1.,0.692440588096,1.)
    ,(1.,0.693114201435,1.)
    ,(1.,0.693791370381,1.)
,(1.,0.694658370459,1.))) REPRESENTATION_ITEM('') SURFACE() );
#6697 = CARTESIAN_POINT('',(-6.087135527838,9.83614936155,
    -8.417934646348));
#6698 = CARTESIAN_POINT('',(-6.35,9.83155964673,-8.425884265609));
#6699 = CARTESIAN_POINT('',(-6.35,9.963071996581,-8.198098193844));
#6700 = CARTESIAN_POINT('',(-6.086522113482,9.614000835809,
    -8.289652400486));
#6701 = CARTESIAN_POINT('',(-6.35,9.609607489271,-8.298475425541));
#6702 = CARTESIAN_POINT('',(-6.35,9.718710779721,-8.057016186569));
#6703 = CARTESIAN_POINT('',(-6.086056374042,9.378358778648,
    -8.19747206387));
#6704 = CARTESIAN_POINT('',(-6.35,9.374856093179,-8.20728018351));
#6705 = CARTESIAN_POINT('',(-6.35,9.459506257523,-7.955639469609));
#6706 = CARTESIAN_POINT('',(-6.085576309026,9.005192819909,
    -8.112601872704));
#6707 = CARTESIAN_POINT('',(-6.35,9.003267853775,-8.123301947754));
#6708 = CARTESIAN_POINT('',(-6.35,9.049025437966,-7.862304558456));
#6709 = CARTESIAN_POINT('',(-6.085454835928,8.87803756938,
    -8.093675804217));
#6710 = CARTESIAN_POINT('',(-6.35,8.876664619714,-8.104597234311));
#6711 = CARTESIAN_POINT('',(-6.35,8.909155101859,-7.841491524027));
#6712 = CARTESIAN_POINT('',(-6.085294158808,8.625396572069,
    -8.075217064254));
#6713 = CARTESIAN_POINT('',(-6.35,8.625113859874,-8.086393151927));
#6714 = CARTESIAN_POINT('',(-6.35,8.631250585901,-7.82119437142));
#6715 = CARTESIAN_POINT('',(-6.085253558294,8.498910538545,
    -8.075430874599));
#6716 = CARTESIAN_POINT('',(-6.35,8.499210543622,-8.086652058073));
#6717 = CARTESIAN_POINT('',(-6.35,8.49211609574,-7.821431448059));
#6718 = CARTESIAN_POINT('',(-6.085252541601,8.245604468321,
    -8.094912166501));
#6719 = CARTESIAN_POINT('',(-6.35,8.247023667584,-8.106048385163));
#6720 = CARTESIAN_POINT('',(-6.35,8.2134794223,-7.842860918061));
#6721 = CARTESIAN_POINT('',(-6.085293150498,8.118009372738,
    -8.114483260611));
#6722 = CARTESIAN_POINT('',(-6.35,8.120009206336,-8.125483792923));
#6723 = CARTESIAN_POINT('',(-6.35,8.073124670435,-7.864387235544));
#6724 = CARTESIAN_POINT('',(-6.085453498404,7.870550333516,
    -8.171800237912));
#6725 = CARTESIAN_POINT('',(-6.35,7.873591320842,-8.182380822071));
#6726 = CARTESIAN_POINT('',(-6.35,7.800919147093,-7.927428461908));
#6727 = CARTESIAN_POINT('',(-6.085572750135,7.749814748072,
    -8.209498341198));
#6728 = CARTESIAN_POINT('',(-6.35,7.753358481912,-8.219780379304));
#6729 = CARTESIAN_POINT('',(-6.35,7.668109571891,-7.968890837447));
#6730 = CARTESIAN_POINT('',(-6.086046804075,7.396517942331,
    -8.349494554742));
#6731 = CARTESIAN_POINT('',(-6.35,7.401474823592,-8.358664423694));
#6732 = CARTESIAN_POINT('',(-6.35,7.279481372023,-8.122864657301));
#6733 = CARTESIAN_POINT('',(-6.086524913378,7.171482158203,
    -8.480465170714));
#6734 = CARTESIAN_POINT('',(-6.349999999999,7.177188500136,
    -8.488497726467));
#6735 = CARTESIAN_POINT('',(-6.35,7.031940227771,-8.266910175976));
#6736 = CARTESIAN_POINT('',(-6.087135527838,6.972795296168,
    -8.640824812824));
#6737 = CARTESIAN_POINT('',(-6.35,6.978559903558,-8.647968427466));
#6738 = CARTESIAN_POINT('',(-6.35,6.813382524661,-8.443277376967));
#6739 = ADVANCED_FACE('',(#6740),#6758,.T.);
#6740 = FACE_BOUND('',#6741,.T.);
#6741 = EDGE_LOOP('',(#6742,#6749,#6750,#6757));
#6742 = ORIENTED_EDGE('',*,*,#6743,.F.);
#6743 = EDGE_CURVE('',#694,#2287,#6744,.T.);
#6744 = ( BOUNDED_CURVE() B_SPLINE_CURVE(3,(#6745,#6746,#6747,#6748),
.UNSPECIFIED.,.F.,.F.) B_SPLINE_CURVE_WITH_KNOTS((4,4),(1.570796326795,
3.14159265359),.PIECEWISE_BEZIER_KNOTS.) CURVE() 
GEOMETRIC_REPRESENTATION_ITEM() RATIONAL_B_SPLINE_CURVE((1.,
0.804737854124,0.804737854124,1.)) REPRESENTATION_ITEM('') );
#6745 = CARTESIAN_POINT('',(6.35,7.416289804496E-14,-6.52579009265));
#6746 = CARTESIAN_POINT('',(6.35,7.460698725481E-14,-6.353982482265));
#6747 = CARTESIAN_POINT('',(6.244789755157,7.460698725481E-14,
    -6.232496155902));
#6748 = CARTESIAN_POINT('',(6.096,7.327471962526E-14,-6.232496155902));
#6749 = ORIENTED_EDGE('',*,*,#693,.F.);
#6750 = ORIENTED_EDGE('',*,*,#6751,.F.);
#6751 = EDGE_CURVE('',#2172,#686,#6752,.T.);
#6752 = ( BOUNDED_CURVE() B_SPLINE_CURVE(3,(#6753,#6754,#6755,#6756),
.UNSPECIFIED.,.F.,.F.) B_SPLINE_CURVE_WITH_KNOTS((4,4),(3.14159265359,
4.712388980385),.PIECEWISE_BEZIER_KNOTS.) CURVE() 
GEOMETRIC_REPRESENTATION_ITEM() RATIONAL_B_SPLINE_CURVE((1.,
0.804737854124,0.804737854124,1.)) REPRESENTATION_ITEM('') );
#6753 = CARTESIAN_POINT('',(6.096,5.3975,-3.116248077951));
#6754 = CARTESIAN_POINT('',(6.244789755157,5.3975,-3.116248077951));
#6755 = CARTESIAN_POINT('',(6.35,5.502710244843,-3.176991241132));
#6756 = CARTESIAN_POINT('',(6.35,5.6515,-3.262895046325));
#6757 = ORIENTED_EDGE('',*,*,#2325,.F.);
#6758 = CYLINDRICAL_SURFACE('',#6759,0.254);
#6759 = AXIS2_PLACEMENT_3D('',#6760,#6761,#6762);
#6760 = CARTESIAN_POINT('',(6.096,0.127,-6.452466608463));
#6761 = DIRECTION('',(0.,0.866025403784,0.5));
#6762 = DIRECTION('',(-1.,0.,0.));
#6763 = ADVANCED_FACE('',(#6764),#6776,.T.);
#6764 = FACE_BOUND('',#6765,.T.);
#6765 = EDGE_LOOP('',(#6766,#6767,#6768,#6775));
#6766 = ORIENTED_EDGE('',*,*,#6751,.T.);
#6767 = ORIENTED_EDGE('',*,*,#685,.F.);
#6768 = ORIENTED_EDGE('',*,*,#6769,.F.);
#6769 = EDGE_CURVE('',#2154,#678,#6770,.T.);
#6770 = ( BOUNDED_CURVE() B_SPLINE_CURVE(3,(#6771,#6772,#6773,#6774),
.UNSPECIFIED.,.F.,.F.) B_SPLINE_CURVE_WITH_KNOTS((4,4),(3.14159265359,
4.712388980385),.PIECEWISE_BEZIER_KNOTS.) CURVE() 
GEOMETRIC_REPRESENTATION_ITEM() RATIONAL_B_SPLINE_CURVE((1.,
0.804737854124,0.804737854124,1.)) REPRESENTATION_ITEM('') );
#6771 = CARTESIAN_POINT('',(6.096,5.3975,3.116248077951));
#6772 = CARTESIAN_POINT('',(6.244789755157,5.3975,3.116248077951));
#6773 = CARTESIAN_POINT('',(6.35,5.502710244843,3.176991241132));
#6774 = CARTESIAN_POINT('',(6.35,5.6515,3.262895046325));
#6775 = ORIENTED_EDGE('',*,*,#2179,.F.);
#6776 = CYLINDRICAL_SURFACE('',#6777,0.254);
#6777 = AXIS2_PLACEMENT_3D('',#6778,#6779,#6780);
#6778 = CARTESIAN_POINT('',(6.096,5.6515,-3.116248077951));
#6779 = DIRECTION('',(0.,1.665334536938E-16,1.));
#6780 = DIRECTION('',(0.,-1.,1.665334536938E-16));
#6781 = ADVANCED_FACE('',(#6782),#6794,.T.);
#6782 = FACE_BOUND('',#6783,.T.);
#6783 = EDGE_LOOP('',(#6784,#6785,#6786,#6793));
#6784 = ORIENTED_EDGE('',*,*,#6743,.T.);
#6785 = ORIENTED_EDGE('',*,*,#2303,.F.);
#6786 = ORIENTED_EDGE('',*,*,#6787,.F.);
#6787 = EDGE_CURVE('',#660,#2256,#6788,.T.);
#6788 = ( BOUNDED_CURVE() B_SPLINE_CURVE(3,(#6789,#6790,#6791,#6792),
.UNSPECIFIED.,.F.,.F.) B_SPLINE_CURVE_WITH_KNOTS((4,4),(1.570796326795,
3.14159265359),.PIECEWISE_BEZIER_KNOTS.) CURVE() 
GEOMETRIC_REPRESENTATION_ITEM() RATIONAL_B_SPLINE_CURVE((1.,
0.804737854124,0.804737854124,1.)) REPRESENTATION_ITEM('') );
#6789 = CARTESIAN_POINT('',(6.35,-5.6515,-3.262895046325));
#6790 = CARTESIAN_POINT('',(6.35,-5.502710244843,-3.176991241132));
#6791 = CARTESIAN_POINT('',(6.244789755157,-5.3975,-3.116248077951));
#6792 = CARTESIAN_POINT('',(6.096,-5.3975,-3.116248077951));
#6793 = ORIENTED_EDGE('',*,*,#701,.F.);
#6794 = CYLINDRICAL_SURFACE('',#6795,0.254);
#6795 = AXIS2_PLACEMENT_3D('',#6796,#6797,#6798);
#6796 = CARTESIAN_POINT('',(6.096,-5.5245,-3.336218530512));
#6797 = DIRECTION('',(0.,0.866025403784,-0.5));
#6798 = DIRECTION('',(0.,0.5,0.866025403784));
#6799 = ADVANCED_FACE('',(#6800),#6812,.T.);
#6800 = FACE_BOUND('',#6801,.T.);
#6801 = EDGE_LOOP('',(#6802,#6803,#6804,#6811));
#6802 = ORIENTED_EDGE('',*,*,#6769,.T.);
#6803 = ORIENTED_EDGE('',*,*,#677,.F.);
#6804 = ORIENTED_EDGE('',*,*,#6805,.F.);
#6805 = EDGE_CURVE('',#2194,#670,#6806,.T.);
#6806 = ( BOUNDED_CURVE() B_SPLINE_CURVE(3,(#6807,#6808,#6809,#6810),
.UNSPECIFIED.,.F.,.F.) B_SPLINE_CURVE_WITH_KNOTS((4,4),(0.,
1.570796326795),.PIECEWISE_BEZIER_KNOTS.) CURVE() 
GEOMETRIC_REPRESENTATION_ITEM() RATIONAL_B_SPLINE_CURVE((1.,
0.804737854124,0.804737854124,1.)) REPRESENTATION_ITEM('') );
#6807 = CARTESIAN_POINT('',(6.096,7.416289804496E-14,6.232496155902));
#6808 = CARTESIAN_POINT('',(6.244789755157,7.416289804496E-14,
    6.232496155902));
#6809 = CARTESIAN_POINT('',(6.35,7.327471962526E-14,6.353982482265));
#6810 = CARTESIAN_POINT('',(6.35,7.416289804496E-14,6.52579009265));
#6811 = ORIENTED_EDGE('',*,*,#2210,.F.);
#6812 = CYLINDRICAL_SURFACE('',#6813,0.254);
#6813 = AXIS2_PLACEMENT_3D('',#6814,#6815,#6816);
#6814 = CARTESIAN_POINT('',(6.096,5.5245,3.336218530512));
#6815 = DIRECTION('',(0.,-0.866025403784,0.5));
#6816 = DIRECTION('',(0.,-0.5,-0.866025403784));
#6817 = ADVANCED_FACE('',(#6818),#6830,.T.);
#6818 = FACE_BOUND('',#6819,.T.);
#6819 = EDGE_LOOP('',(#6820,#6821,#6822,#6829));
#6820 = ORIENTED_EDGE('',*,*,#6787,.T.);
#6821 = ORIENTED_EDGE('',*,*,#2272,.F.);
#6822 = ORIENTED_EDGE('',*,*,#6823,.F.);
#6823 = EDGE_CURVE('',#662,#2225,#6824,.T.);
#6824 = ( BOUNDED_CURVE() B_SPLINE_CURVE(3,(#6825,#6826,#6827,#6828),
.UNSPECIFIED.,.F.,.F.) B_SPLINE_CURVE_WITH_KNOTS((4,4),(1.570796326795,
3.14159265359),.PIECEWISE_BEZIER_KNOTS.) CURVE() 
GEOMETRIC_REPRESENTATION_ITEM() RATIONAL_B_SPLINE_CURVE((1.,
0.804737854124,0.804737854124,1.)) REPRESENTATION_ITEM('') );
#6825 = CARTESIAN_POINT('',(6.35,-5.6515,3.262895046325));
#6826 = CARTESIAN_POINT('',(6.35,-5.502710244843,3.176991241132));
#6827 = CARTESIAN_POINT('',(6.244789755157,-5.3975,3.116248077951));
#6828 = CARTESIAN_POINT('',(6.096,-5.3975,3.116248077951));
#6829 = ORIENTED_EDGE('',*,*,#659,.F.);
#6830 = CYLINDRICAL_SURFACE('',#6831,0.254);
#6831 = AXIS2_PLACEMENT_3D('',#6832,#6833,#6834);
#6832 = CARTESIAN_POINT('',(6.096,-5.6515,3.116248077951));
#6833 = DIRECTION('',(0.,2.775557561563E-16,-1.));
#6834 = DIRECTION('',(0.,1.,2.775557561563E-16));
#6835 = ADVANCED_FACE('',(#6836),#6842,.T.);
#6836 = FACE_BOUND('',#6837,.T.);
#6837 = EDGE_LOOP('',(#6838,#6839,#6840,#6841));
#6838 = ORIENTED_EDGE('',*,*,#6805,.T.);
#6839 = ORIENTED_EDGE('',*,*,#669,.F.);
#6840 = ORIENTED_EDGE('',*,*,#6823,.T.);
#6841 = ORIENTED_EDGE('',*,*,#2241,.F.);
#6842 = CYLINDRICAL_SURFACE('',#6843,0.254);
#6843 = AXIS2_PLACEMENT_3D('',#6844,#6845,#6846);
#6844 = CARTESIAN_POINT('',(6.096,-0.127,6.452466608463));
#6845 = DIRECTION('',(0.,-0.866025403784,-0.5));
#6846 = DIRECTION('',(0.,0.5,-0.866025403784));
#6847 = ADVANCED_FACE('',(#6848),#6854,.T.);
#6848 = FACE_BOUND('',#6849,.T.);
#6849 = EDGE_LOOP('',(#6850,#6851,#6852,#6853));
#6850 = ORIENTED_EDGE('',*,*,#296,.F.);
#6851 = ORIENTED_EDGE('',*,*,#625,.F.);
#6852 = ORIENTED_EDGE('',*,*,#314,.T.);
#6853 = ORIENTED_EDGE('',*,*,#710,.F.);
#6854 = TOROIDAL_SURFACE('',#6855,24.711221278654,0.254);
#6855 = AXIS2_PLACEMENT_3D('',#6856,#6857,#6858);
#6856 = CARTESIAN_POINT('',(6.096,0.,0.));
#6857 = DIRECTION('',(1.,0.,0.));
#6858 = DIRECTION('',(0.,0.866025403784,0.5));
#6859 = ADVANCED_FACE('',(#6860),#6878,.T.);
#6860 = FACE_BOUND('',#6861,.T.);
#6861 = EDGE_LOOP('',(#6862,#6869,#6870,#6877));
#6862 = ORIENTED_EDGE('',*,*,#6863,.F.);
#6863 = EDGE_CURVE('',#2408,#783,#6864,.T.);
#6864 = CIRCLE('',#6865,0.254);
#6865 = AXIS2_PLACEMENT_3D('',#6866,#6867,#6868);
#6866 = CARTESIAN_POINT('',(6.096,-6.722945345171,7.965925632398));
#6867 = DIRECTION('',(-3.647876007872E-16,0.764211304144,0.644965954619)
  );
#6868 = DIRECTION('',(3.08148791102E-31,-0.644965954619,0.764211304144)
  );
#6869 = ORIENTED_EDGE('',*,*,#4539,.F.);
#6870 = ORIENTED_EDGE('',*,*,#6871,.F.);
#6871 = EDGE_CURVE('',#792,#2435,#6872,.T.);
#6872 = CIRCLE('',#6873,0.254);
#6873 = AXIS2_PLACEMENT_3D('',#6874,#6875,#6876);
#6874 = CARTESIAN_POINT('',(6.096,-9.920031456765,7.681630328586));
#6875 = DIRECTION('',(0.,-0.866025403784,0.5));
#6876 = DIRECTION('',(0.,-0.5,-0.866025403784));
#6877 = ORIENTED_EDGE('',*,*,#791,.F.);
#6878 = ( BOUNDED_SURFACE() B_SPLINE_SURFACE(3,2,(
    (#6879,#6880,#6881)
    ,(#6882,#6883,#6884)
    ,(#6885,#6886,#6887)
    ,(#6888,#6889,#6890)
    ,(#6891,#6892,#6893)
    ,(#6894,#6895,#6896)
    ,(#6897,#6898,#6899)
    ,(#6900,#6901,#6902)
    ,(#6903,#6904,#6905)
    ,(#6906,#6907,#6908)
    ,(#6909,#6910,#6911)
    ,(#6912,#6913,#6914)
    ,(#6915,#6916,#6917)
    ,(#6918,#6919,#6920
)),.UNSPECIFIED.,.F.,.F.,.F.) B_SPLINE_SURFACE_WITH_KNOTS((4,2,2,2,2,2,4
    ),(3,3),(-5.529431079676E-18,8.499630636327E-04,1.274944595449E-03,
    1.699926127265E-03,2.124907659082E-03,2.549889190898E-03,
    3.399852254531E-03),(0.,1.),.UNSPECIFIED.) 
GEOMETRIC_REPRESENTATION_ITEM() RATIONAL_B_SPLINE_SURFACE((
    (1.,0.719339800339,1.)
    ,(1.,0.720213108911,1.)
    ,(1.,0.720878427351,1.)
    ,(1.,0.721562934652,1.)
    ,(1.,0.721735656519,1.)
    ,(1.,0.721964483268,1.)
    ,(1.,0.722022404989,1.)
    ,(1.,0.722023817329,1.)
    ,(1.,0.721965863406,1.)
    ,(1.,0.721737706159,1.)
    ,(1.,0.721567988961,1.)
    ,(1.,0.720891773874,1.)
    ,(1.,0.720211367785,1.)
,(1.,0.719339800339,1.))) REPRESENTATION_ITEM('') SURFACE() );
#6879 = CARTESIAN_POINT('',(6.35,-9.920031456765,7.681630328586));
#6880 = CARTESIAN_POINT('',(6.35,-9.797388982364,7.894053325414));
#6881 = CARTESIAN_POINT('',(6.104864472162,-9.793108821734,
    7.901466781091));
#6882 = CARTESIAN_POINT('',(6.35,-9.671193376061,7.537963602894));
#6883 = CARTESIAN_POINT('',(6.35,-9.570980885699,7.7626234774));
#6884 = CARTESIAN_POINT('',(6.105503955237,-9.566890023658,7.77083351123
    ));
#6885 = CARTESIAN_POINT('',(6.35,-9.4069718423,7.435433533162));
#6886 = CARTESIAN_POINT('',(6.35,-9.329917193842,7.668481709931));
#6887 = CARTESIAN_POINT('',(6.105990073472,-9.326686735197,
    7.677603670662));
#6888 = CARTESIAN_POINT('',(6.35,-8.988134652786,7.342629095496));
#6889 = CARTESIAN_POINT('',(6.35,-8.947646171733,7.583285151043));
#6890 = CARTESIAN_POINT('',(6.106491732387,-8.945923758107,
    7.593214673349));
#6891 = CARTESIAN_POINT('',(6.35,-8.845755206742,7.322456666127));
#6892 = CARTESIAN_POINT('',(6.35,-8.817686245814,7.56474362032));
#6893 = CARTESIAN_POINT('',(6.106618391142,-8.816487419008,
    7.574870718214));
#6894 = CARTESIAN_POINT('',(6.35,-8.562714964862,7.304124104595));
#6895 = CARTESIAN_POINT('',(6.35,-8.559345959368,7.54784936177));
#6896 = CARTESIAN_POINT('',(6.106786212637,-8.559177473699,
    7.558197620582));
#6897 = CARTESIAN_POINT('',(6.35,-8.421006150451,7.305711832807));
#6898 = CARTESIAN_POINT('',(6.35,-8.429969158154,7.549256232426));
#6899 = CARTESIAN_POINT('',(6.106828707517,-8.430351118224,
    7.559639204076));
#6900 = CARTESIAN_POINT('',(6.35,-8.13720604442,7.330685411304));
#6901 = CARTESIAN_POINT('',(6.35,-8.170913977285,7.57205133151));
#6902 = CARTESIAN_POINT('',(6.1068297435,-8.172351017762,7.58234241147)
  );
#6903 = CARTESIAN_POINT('',(6.35,-7.994619148621,7.354390056922));
#6904 = CARTESIAN_POINT('',(6.35,-8.040743155808,7.593735127521));
#6905 = CARTESIAN_POINT('',(6.106787224987,-8.042726727703,
    7.603893896826));
#6906 = CARTESIAN_POINT('',(6.35,-7.718657351367,7.422312823102));
#6907 = CARTESIAN_POINT('',(6.35,-7.788891749513,7.655889081619));
#6908 = CARTESIAN_POINT('',(6.106619894195,-7.791852999478,
    7.665648979871));
#6909 = CARTESIAN_POINT('',(6.35,-7.584078888379,7.466545553438));
#6910 = CARTESIAN_POINT('',(6.35,-7.666074871214,7.696387840621));
#6911 = CARTESIAN_POINT('',(6.106495438463,-7.669509412801,7.70586584291
    ));
#6912 = CARTESIAN_POINT('',(6.35,-7.190537914005,7.630018866541));
#6913 = CARTESIAN_POINT('',(6.35,-7.306977093804,7.846070024719));
#6914 = CARTESIAN_POINT('',(6.105999851127,-7.311746763453,
    7.854499009299));
#6915 = CARTESIAN_POINT('',(6.35,-6.941143295286,7.781774672355));
#6916 = CARTESIAN_POINT('',(6.35,-7.079550702253,7.985125703973));
#6917 = CARTESIAN_POINT('',(6.105500000965,-7.085026328224,
    7.992480028956));
#6918 = CARTESIAN_POINT('',(6.35,-6.722945345171,7.965925632398));
#6919 = CARTESIAN_POINT('',(6.35,-6.881145786328,8.153375163009));
#6920 = CARTESIAN_POINT('',(6.104864472162,-6.886666902103,
    8.159917057284));
#6921 = ADVANCED_FACE('',(#6922),#6934,.T.);
#6922 = FACE_BOUND('',#6923,.T.);
#6923 = EDGE_LOOP('',(#6924,#6925,#6926,#6933));
#6924 = ORIENTED_EDGE('',*,*,#6871,.T.);
#6925 = ORIENTED_EDGE('',*,*,#2465,.F.);
#6926 = ORIENTED_EDGE('',*,*,#6927,.F.);
#6927 = EDGE_CURVE('',#813,#2454,#6928,.T.);
#6928 = CIRCLE('',#6929,0.254);
#6929 = AXIS2_PLACEMENT_3D('',#6930,#6931,#6932);
#6930 = CARTESIAN_POINT('',(6.096,-14.72766770679,10.457320411706));
#6931 = DIRECTION('',(0.,-0.866025403785,0.5));
#6932 = DIRECTION('',(0.,-0.5,-0.866025403785));
#6933 = ORIENTED_EDGE('',*,*,#812,.F.);
#6934 = CYLINDRICAL_SURFACE('',#6935,0.254);
#6935 = AXIS2_PLACEMENT_3D('',#6936,#6937,#6938);
#6936 = CARTESIAN_POINT('',(6.096,0.846235639327,1.46572312249));
#6937 = DIRECTION('',(0.,-0.866025403784,0.5));
#6938 = DIRECTION('',(0.,-0.5,-0.866025403784));
#6939 = ADVANCED_FACE('',(#6940),#6952,.T.);
#6940 = FACE_BOUND('',#6941,.T.);
#6941 = EDGE_LOOP('',(#6942,#6943,#6944,#6951));
#6942 = ORIENTED_EDGE('',*,*,#6863,.T.);
#6943 = ORIENTED_EDGE('',*,*,#782,.F.);
#6944 = ORIENTED_EDGE('',*,*,#6945,.F.);
#6945 = EDGE_CURVE('',#2385,#762,#6946,.T.);
#6946 = CIRCLE('',#6947,0.254);
#6947 = AXIS2_PLACEMENT_3D('',#6948,#6949,#6950);
#6948 = CARTESIAN_POINT('',(6.096,-3.537221289729,9.805204273372));
#6949 = DIRECTION('',(3.647876007874E-16,0.940662553349,0.339343425939)
  );
#6950 = DIRECTION('',(-2.465190328816E-32,-0.339343425939,0.940662553349
    ));
#6951 = ORIENTED_EDGE('',*,*,#2419,.F.);
#6952 = TOROIDAL_SURFACE('',#6953,10.423721278654,0.254);
#6953 = AXIS2_PLACEMENT_3D('',#6954,#6955,#6956);
#6954 = CARTESIAN_POINT('',(6.096,0.,0.));
#6955 = DIRECTION('',(1.,0.,0.));
#6956 = DIRECTION('',(0.,0.866025403784,0.5));
#6957 = ADVANCED_FACE('',(#6958),#6970,.T.);
#6958 = FACE_BOUND('',#6959,.T.);
#6959 = EDGE_LOOP('',(#6960,#6961,#6962,#6969));
#6960 = ORIENTED_EDGE('',*,*,#6927,.T.);
#6961 = ORIENTED_EDGE('',*,*,#4587,.F.);
#6962 = ORIENTED_EDGE('',*,*,#6963,.F.);
#6963 = EDGE_CURVE('',#720,#2482,#6964,.T.);
#6964 = CIRCLE('',#6965,0.254);
#6965 = AXIS2_PLACEMENT_3D('',#6966,#6967,#6968);
#6966 = CARTESIAN_POINT('',(6.096,-15.34002262425,14.815325510702));
#6967 = DIRECTION('',(-0.,0.694698109515,0.719301422657));
#6968 = DIRECTION('',(0.,-0.719301422657,0.694698109515));
#6969 = ORIENTED_EDGE('',*,*,#820,.F.);
#6970 = ( BOUNDED_SURFACE() B_SPLINE_SURFACE(3,2,(
    (#6971,#6972,#6973)
    ,(#6974,#6975,#6976)
    ,(#6977,#6978,#6979)
    ,(#6980,#6981,#6982)
    ,(#6983,#6984,#6985)
    ,(#6986,#6987,#6988)
    ,(#6989,#6990,#6991)
    ,(#6992,#6993,#6994)
    ,(#6995,#6996,#6997)
    ,(#6998,#6999,#7000)
    ,(#7001,#7002,#7003)
    ,(#7004,#7005,#7006)
    ,(#7007,#7008,#7009)
    ,(#7010,#7011,#7012)
    ,(#7013,#7014,#7015)
    ,(#7016,#7017,#7018
)),.UNSPECIFIED.,.F.,.F.,.F.) B_SPLINE_SURFACE_WITH_KNOTS((4,2,2,2,2,2,2
    ,4),(3,3),(-1.843143693225E-17,6.302862152586E-04,1.260572430517E-03
    ,1.890858645776E-03,2.521144861034E-03,3.151431076293E-03,
    3.781717291552E-03,5.042289722069E-03),(0.,1.),.UNSPECIFIED.) 
GEOMETRIC_REPRESENTATION_ITEM() RATIONAL_B_SPLINE_SURFACE((
    (1.,0.719339800339,1.)
    ,(1.,0.720519956587,1.)
    ,(1.,0.72157177917,1.)
    ,(1.,0.723427517735,1.)
    ,(1.,0.724235519141,1.)
    ,(1.,0.725523608833,1.)
    ,(1.,0.726016497448,1.)
    ,(1.,0.726685439393,1.)
    ,(1.,0.726850299689,1.)
    ,(1.,0.726852830998,1.)
    ,(1.,0.726684158082,1.)
    ,(1.,0.726026055132,1.)
    ,(1.,0.725536946748,1.)
    ,(1.,0.723586318038,1.)
    ,(1.,0.721717498228,1.)
,(1.,0.719339800339,1.))) REPRESENTATION_ITEM('') SURFACE() );
#6971 = CARTESIAN_POINT('',(6.35,-15.34002262425,14.815325510702));
#6972 = CARTESIAN_POINT('',(6.35,-15.16358881162,14.644926520477));
#6973 = CARTESIAN_POINT('',(6.104864472162,-15.15743136035,
    14.63897968148));
#6974 = CARTESIAN_POINT('',(6.35,-15.48806036744,14.662044880657));
#6975 = CARTESIAN_POINT('',(6.35,-15.29902612195,14.505891567848));
#6976 = CARTESIAN_POINT('',(6.105727365157,-15.29205957566,
    14.499626871125));
#6977 = CARTESIAN_POINT('',(6.35,-15.61599529739,14.494981012482));
#6978 = CARTESIAN_POINT('',(6.35,-15.41649544243,14.353840780292));
#6979 = CARTESIAN_POINT('',(6.106497805582,-15.40840735274,
    14.347744517869));
#6980 = CARTESIAN_POINT('',(6.35,-15.83303066371,14.13436465108));
#6981 = CARTESIAN_POINT('',(6.35,-15.61577547589,14.025258705584));
#6982 = CARTESIAN_POINT('',(6.107860028304,-15.60578874645,
    14.019900709216));
#6983 = CARTESIAN_POINT('',(6.35,-15.92235356612,13.938677325572));
#6984 = CARTESIAN_POINT('',(6.35,-15.69796185976,13.846710795006));
#6985 = CARTESIAN_POINT('',(6.108454469543,-15.6870247731,
    13.841998447361));
#6986 = CARTESIAN_POINT('',(6.35,-16.0525539758,13.538566797871));
#6987 = CARTESIAN_POINT('',(6.35,-15.8177657253,13.48147022105));
#6988 = CARTESIAN_POINT('',(6.109403118859,-15.80544206313,
    13.478254113822));
#6989 = CARTESIAN_POINT('',(6.35,-16.09498549617,13.332065489103));
#6990 = CARTESIAN_POINT('',(6.35,-15.85692941313,13.292764775831));
#6991 = CARTESIAN_POINT('',(6.109766719977,-15.84403659711,
    13.290522780775));
#6992 = CARTESIAN_POINT('',(6.35,-16.13236757407,12.90783372253));
#6993 = CARTESIAN_POINT('',(6.35,-15.89155809675,12.905118100008));
#6994 = CARTESIAN_POINT('',(6.110260381018,-15.87804802693,
    12.904853640194));
#6995 = CARTESIAN_POINT('',(6.35,-16.12674152077,12.697563720629));
#6996 = CARTESIAN_POINT('',(6.35,-15.88654113199,12.712833908528));
#6997 = CARTESIAN_POINT('',(6.110382169987,-15.87294027456,
    12.713698131625));
#6998 = CARTESIAN_POINT('',(6.35,-16.06848790288,12.280591545328));
#6999 = CARTESIAN_POINT('',(6.35,-15.8333012425,12.331736572726));
#7000 = CARTESIAN_POINT('',(6.110384039224,-15.81998254663,
    12.334632502741));
#7001 = CARTESIAN_POINT('',(6.35,-16.0147202812,12.072325986976));
#7002 = CARTESIAN_POINT('',(6.35,-15.78400889472,12.141325523804));
#7003 = CARTESIAN_POINT('',(6.110259436692,-15.77109589205,
    12.145301160751));
#7004 = CARTESIAN_POINT('',(6.35,-15.86406373347,11.67956925117));
#7005 = CARTESIAN_POINT('',(6.35,-15.64589960788,11.782566197223));
#7006 = CARTESIAN_POINT('',(6.109773772056,-15.63410811543,
    11.788253417912));
#7007 = CARTESIAN_POINT('',(6.35,-15.7667890046,11.492002885319));
#7008 = CARTESIAN_POINT('',(6.35,-15.55663248566,11.611262618457));
#7009 = CARTESIAN_POINT('',(6.109412946567,-15.54565627992,
    11.617741387542));
#7010 = CARTESIAN_POINT('',(6.35,-15.41010348167,10.962803599928));
#7011 = CARTESIAN_POINT('',(6.35,-15.22935364591,11.128144005911));
#7012 = CARTESIAN_POINT('',(6.107976338232,-15.22131601923,
    11.136662473744));
#7013 = CARTESIAN_POINT('',(6.35,-15.09996922696,10.672268795568));
#7014 = CARTESIAN_POINT('',(6.35,-14.94440455706,10.863746510199));
#7015 = CARTESIAN_POINT('',(6.106605776727,-14.93929853196,
    10.872550580914));
#7016 = CARTESIAN_POINT('',(6.35,-14.72766770679,10.457320411706));
#7017 = CARTESIAN_POINT('',(6.35,-14.60502523239,10.669743408534));
#7018 = CARTESIAN_POINT('',(6.104864472162,-14.60074507176,
    10.677156864211));
#7019 = ADVANCED_FACE('',(#7020),#7032,.T.);
#7020 = FACE_BOUND('',#7021,.T.);
#7021 = EDGE_LOOP('',(#7022,#7023,#7024,#7031));
#7022 = ORIENTED_EDGE('',*,*,#6945,.T.);
#7023 = ORIENTED_EDGE('',*,*,#761,.F.);
#7024 = ORIENTED_EDGE('',*,*,#7025,.F.);
#7025 = EDGE_CURVE('',#2362,#754,#7026,.T.);
#7026 = CIRCLE('',#7027,0.254);
#7027 = AXIS2_PLACEMENT_3D('',#7028,#7029,#7030);
#7028 = CARTESIAN_POINT('',(6.096,-1.692471278654,12.431814412192));
#7029 = DIRECTION('',(4.207219408436E-15,9.048317650695E-15,1.));
#7030 = DIRECTION('',(-2.761013168274E-30,-1.,9.048317650695E-15));
#7031 = ORIENTED_EDGE('',*,*,#4645,.F.);
#7032 = ( BOUNDED_SURFACE() B_SPLINE_SURFACE(3,2,(
    (#7033,#7034,#7035)
    ,(#7036,#7037,#7038)
    ,(#7039,#7040,#7041)
    ,(#7042,#7043,#7044)
    ,(#7045,#7046,#7047)
    ,(#7048,#7049,#7050)
    ,(#7051,#7052,#7053)
    ,(#7054,#7055,#7056)
    ,(#7057,#7058,#7059)
    ,(#7060,#7061,#7062)
    ,(#7063,#7064,#7065)
    ,(#7066,#7067,#7068)
    ,(#7069,#7070,#7071)
    ,(#7072,#7073,#7074
)),.UNSPECIFIED.,.F.,.F.,.F.) B_SPLINE_SURFACE_WITH_KNOTS((4,2,2,2,2,2,4
    ),(3,3),(2.103352214622E-17,8.499630636416E-04,1.274944595462E-03,
    1.699926127283E-03,2.124907659104E-03,2.549889190925E-03,
    3.399852254566E-03),(0.,1.),.UNSPECIFIED.) 
GEOMETRIC_REPRESENTATION_ITEM() RATIONAL_B_SPLINE_SURFACE((
    (1.,0.719339800339,1.)
    ,(1.,0.720213220053,1.)
    ,(1.,0.720878572747,1.)
    ,(1.,0.721563061131,1.)
    ,(1.,0.721735764944,1.)
    ,(1.,0.721964543843,1.)
    ,(1.,0.722022435699,1.)
    ,(1.,0.722023787706,1.)
    ,(1.,0.721965803279,1.)
    ,(1.,0.721737597971,1.)
    ,(1.,0.721567862916,1.)
    ,(1.,0.720891628261,1.)
    ,(1.,0.720211256155,1.)
,(1.,0.719339800339,1.))) REPRESENTATION_ITEM('') SURFACE() );
#7033 = CARTESIAN_POINT('',(6.35,-3.537221289729,9.805204273372));
#7034 = CARTESIAN_POINT('',(6.35,-3.620457124586,10.035934639609));
#7035 = CARTESIAN_POINT('',(6.104864472162,-3.62336201333,
    10.043987013265));
#7036 = CARTESIAN_POINT('',(6.35,-3.266937463839,9.902709000562));
#7037 = CARTESIAN_POINT('',(6.35,-3.37399144386,10.124190402554));
#7038 = CARTESIAN_POINT('',(6.105504036372,-3.377627166102,
    10.132611962307));
#7039 = CARTESIAN_POINT('',(6.35,-3.018168930514,10.038501676798));
#7040 = CARTESIAN_POINT('',(6.35,-3.146569297416,10.247695766193));
#7041 = CARTESIAN_POINT('',(6.105990179968,-3.151456923042,
    10.256047954313));
#7042 = CARTESIAN_POINT('',(6.35,-2.677111001816,10.298726088463));
#7043 = CARTESIAN_POINT('',(6.35,-2.834909329317,10.484882738703));
#7044 = CARTESIAN_POINT('',(6.106491825111,-2.841386740656,
    10.492603294823));
#7045 = CARTESIAN_POINT('',(6.35,-2.569865108132,10.39452354053));
#7046 = CARTESIAN_POINT('',(6.35,-2.736919957663,10.57224094208));
#7047 = CARTESIAN_POINT('',(6.106618470651,-2.743886051531,
    10.579688782038));
#7048 = CARTESIAN_POINT('',(6.35,-2.373303838448,10.599002215481));
#7049 = CARTESIAN_POINT('',(6.35,-2.557388506263,10.75877131548));
#7050 = CARTESIAN_POINT('',(6.106786257073,-2.56518812951,
    10.765574371792));
#7051 = CARTESIAN_POINT('',(6.35,-2.283119838199,10.708321724521));
#7052 = CARTESIAN_POINT('',(6.35,-2.475020036386,10.858549929714));
#7053 = CARTESIAN_POINT('',(6.106828730045,-2.483201191988,
    10.864954702148));
#7054 = CARTESIAN_POINT('',(6.35,-2.119163524251,10.941312082665));
#7055 = CARTESIAN_POINT('',(6.35,-2.325358572732,11.071224915658));
#7056 = CARTESIAN_POINT('',(6.106829721769,-2.334149961421,
    11.076764093307));
#7057 = CARTESIAN_POINT('',(6.35,-2.045315189855,11.065567289981));
#7058 = CARTESIAN_POINT('',(6.35,-2.257973848029,11.18468824848));
#7059 = CARTESIAN_POINT('',(6.106787180879,-2.267016597663,
    11.189724416302));
#7060 = CARTESIAN_POINT('',(6.35,-1.919236572512,11.320268287183));
#7061 = CARTESIAN_POINT('',(6.35,-2.143037053229,11.417243135201));
#7062 = CARTESIAN_POINT('',(6.106619814859,-2.15240551853,
    11.421274882949));
#7063 = CARTESIAN_POINT('',(6.35,-1.866241198305,11.451643275249));
#7064 = CARTESIAN_POINT('',(6.35,-2.094773972547,11.537221500889));
#7065 = CARTESIAN_POINT('',(6.106495346056,-2.104232252153,
    11.540709743007));
#7066 = CARTESIAN_POINT('',(6.35,-1.737348821065,11.857826458429));
#7067 = CARTESIAN_POINT('',(6.35,-1.977556964176,11.908187990128));
#7068 = CARTESIAN_POINT('',(6.10599974447,-1.987074668803,
    11.909979337192));
#7069 = CARTESIAN_POINT('',(6.35,-1.692471282512,12.146293972606));
#7070 = CARTESIAN_POINT('',(6.35,-1.93714258271,12.171675922447));
#7071 = CARTESIAN_POINT('',(6.105499920342,-1.946294358377,
    12.172234715812));
#7072 = CARTESIAN_POINT('',(6.35,-1.692471278654,12.431814412192));
#7073 = CARTESIAN_POINT('',(6.35,-1.937756227455,12.431814412192));
#7074 = CARTESIAN_POINT('',(6.104864472162,-1.946316548717,
    12.431814412192));
#7075 = ADVANCED_FACE('',(#7076),#7088,.T.);
#7076 = FACE_BOUND('',#7077,.T.);
#7077 = EDGE_LOOP('',(#7078,#7079,#7080,#7087));
#7078 = ORIENTED_EDGE('',*,*,#6963,.T.);
#7079 = ORIENTED_EDGE('',*,*,#2479,.F.);
#7080 = ORIENTED_EDGE('',*,*,#7081,.F.);
#7081 = EDGE_CURVE('',#722,#2480,#7082,.T.);
#7082 = CIRCLE('',#7083,0.254);
#7083 = AXIS2_PLACEMENT_3D('',#7084,#7085,#7086);
#7084 = CARTESIAN_POINT('',(6.096,-5.160436945478,20.692512042579));
#7085 = DIRECTION('',(-0.,0.970282359757,0.241975499472));
#7086 = DIRECTION('',(0.,-0.241975499472,0.970282359757));
#7087 = ORIENTED_EDGE('',*,*,#719,.F.);
#7088 = TOROIDAL_SURFACE('',#7089,21.326278721346,0.254);
#7089 = AXIS2_PLACEMENT_3D('',#7090,#7091,#7092);
#7090 = CARTESIAN_POINT('',(6.096,0.,0.));
#7091 = DIRECTION('',(1.,0.,0.));
#7092 = DIRECTION('',(0.,0.866025403784,0.5));
#7093 = ADVANCED_FACE('',(#7094),#7106,.T.);
#7094 = FACE_BOUND('',#7095,.T.);
#7095 = EDGE_LOOP('',(#7096,#7097,#7098,#7105));
#7096 = ORIENTED_EDGE('',*,*,#7025,.T.);
#7097 = ORIENTED_EDGE('',*,*,#753,.F.);
#7098 = ORIENTED_EDGE('',*,*,#7099,.F.);
#7099 = EDGE_CURVE('',#2340,#731,#7100,.T.);
#7100 = CIRCLE('',#7101,0.254);
#7101 = AXIS2_PLACEMENT_3D('',#7102,#7103,#7104);
#7102 = CARTESIAN_POINT('',(6.096,-1.692471278654,17.983194578433));
#7103 = DIRECTION('',(8.304991398933E-14,1.59872115546E-14,1.));
#7104 = DIRECTION('',(3.849641217479E-28,-1.,1.59872115546E-14));
#7105 = ORIENTED_EDGE('',*,*,#2370,.F.);
#7106 = CYLINDRICAL_SURFACE('',#7107,0.254);
#7107 = AXIS2_PLACEMENT_3D('',#7108,#7109,#7110);
#7108 = CARTESIAN_POINT('',(6.096,-1.692471278654,2.04281036531E-14));
#7109 = DIRECTION('',(0.,1.221245327088E-14,1.));
#7110 = DIRECTION('',(0.,-1.,1.215694211965E-14));
#7111 = ADVANCED_FACE('',(#7112),#7118,.T.);
#7112 = FACE_BOUND('',#7113,.T.);
#7113 = EDGE_LOOP('',(#7114,#7115,#7116,#7117));
#7114 = ORIENTED_EDGE('',*,*,#7081,.T.);
#7115 = ORIENTED_EDGE('',*,*,#4693,.F.);
#7116 = ORIENTED_EDGE('',*,*,#7099,.T.);
#7117 = ORIENTED_EDGE('',*,*,#730,.F.);
#7118 = ( BOUNDED_SURFACE() B_SPLINE_SURFACE(3,2,(
    (#7119,#7120,#7121)
    ,(#7122,#7123,#7124)
    ,(#7125,#7126,#7127)
    ,(#7128,#7129,#7130)
    ,(#7131,#7132,#7133)
    ,(#7134,#7135,#7136)
    ,(#7137,#7138,#7139)
    ,(#7140,#7141,#7142)
    ,(#7143,#7144,#7145)
    ,(#7146,#7147,#7148)
    ,(#7149,#7150,#7151)
    ,(#7152,#7153,#7154)
    ,(#7155,#7156,#7157)
    ,(#7158,#7159,#7160)
    ,(#7161,#7162,#7163)
    ,(#7164,#7165,#7166
)),.UNSPECIFIED.,.F.,.F.,.F.) B_SPLINE_SURFACE_WITH_KNOTS((4,2,2,2,2,2,2
    ,4),(3,3),(2.222614453595E-17,6.302862164565E-04,1.260572432913E-03,
    1.890858649369E-03,2.521144865826E-03,3.151431082282E-03,
    3.781717298739E-03,5.042289731652E-03),(0.,1.),.UNSPECIFIED.) 
GEOMETRIC_REPRESENTATION_ITEM() RATIONAL_B_SPLINE_SURFACE((
    (1.,0.719339800339,1.)
    ,(1.,0.720520310974,1.)
    ,(1.,0.721572383861,1.)
    ,(1.,0.723428424857,1.)
    ,(1.,0.724236476047,1.)
    ,(1.,0.725524494621,1.)
    ,(1.,0.726017265083,1.)
    ,(1.,0.726685869095,1.)
    ,(1.,0.726850516466,1.)
    ,(1.,0.726852618717,1.)
    ,(1.,0.726683728434,1.)
    ,(1.,0.726025291018,1.)
    ,(1.,0.725536062206,1.)
    ,(1.,0.723585324059,1.)
    ,(1.,0.721716778597,1.)
,(1.,0.719339800339,1.))) REPRESENTATION_ITEM('') SURFACE() );
#7119 = CARTESIAN_POINT('',(6.35,-1.692471278654,17.983194578433));
#7120 = CARTESIAN_POINT('',(6.35,-1.937756227455,17.983194578433));
#7121 = CARTESIAN_POINT('',(6.104864472162,-1.946316548716,
    17.983194578433));
#7122 = CARTESIAN_POINT('',(6.35,-1.692471283236,18.1962910927));
#7123 = CARTESIAN_POINT('',(6.35,-1.936923046639,18.177290575771));
#7124 = CARTESIAN_POINT('',(6.105727624065,-1.946286406788,
    18.176957230196));
#7125 = CARTESIAN_POINT('',(6.35,-1.716506445464,18.405336526915));
#7126 = CARTESIAN_POINT('',(6.35,-1.958056396784,18.368266757843));
#7127 = CARTESIAN_POINT('',(6.106498248748,-1.968109648334,
    18.367033012962));
#7128 = CARTESIAN_POINT('',(6.35,-1.810912075014,18.815502454037));
#7129 = CARTESIAN_POINT('',(6.35,-2.042979118393,18.743055906452));
#7130 = CARTESIAN_POINT('',(6.107860694899,-2.053885368842,
    18.739972025106));
#7131 = CARTESIAN_POINT('',(6.35,-1.882605586572,19.018313082475));
#7132 = CARTESIAN_POINT('',(6.35,-2.107899218696,18.928580514835));
#7133 = CARTESIAN_POINT('',(6.108455173681,-2.119040528925,
    18.924371893922));
#7134 = CARTESIAN_POINT('',(6.35,-2.066908262323,19.396563135347));
#7135 = CARTESIAN_POINT('',(6.35,-2.275456137048,19.274526155803));
#7136 = CARTESIAN_POINT('',(6.109403771825,-2.286555291327,
    19.26827797456));
#7137 = CARTESIAN_POINT('',(6.35,-2.179843278322,19.574576914517));
#7138 = CARTESIAN_POINT('',(6.35,-2.378379076133,19.437469206719));
#7139 = CARTESIAN_POINT('',(6.109767286268,-2.389210791331,
    19.430124931029));
#7140 = CARTESIAN_POINT('',(6.35,-2.447667318327,19.905696676464));
#7141 = CARTESIAN_POINT('',(6.35,-2.622768260016,19.740360376715));
#7142 = CARTESIAN_POINT('',(6.110260698329,-2.632669964184,
    19.731164945829));
#7143 = CARTESIAN_POINT('',(6.35,-2.597788331154,20.053035768532));
#7144 = CARTESIAN_POINT('',(6.35,-2.759956579167,19.875185286486));
#7145 = CARTESIAN_POINT('',(6.110382330073,-2.769139363624,
    19.865115011637));
#7146 = CARTESIAN_POINT('',(6.35,-2.929360046686,20.31249574559));
#7147 = CARTESIAN_POINT('',(6.35,-3.062999912788,20.112323233709));
#7148 = CARTESIAN_POINT('',(6.110383882458,-3.070568140758,
    20.100987788655));
#7149 = CARTESIAN_POINT('',(6.35,-3.112716870357,20.424949177574));
#7150 = CARTESIAN_POINT('',(6.35,-3.230734233022,20.215042700501));
#7151 = CARTESIAN_POINT('',(6.110259119422,-3.237260519329,
    20.203212605361));
#7152 = CARTESIAN_POINT('',(6.35,-3.493931710201,20.602798820668));
#7153 = CARTESIAN_POINT('',(6.35,-3.579305924702,20.377154283606));
#7154 = CARTESIAN_POINT('',(6.109773208357,-3.583836433526,
    20.364872381297));
#7155 = CARTESIAN_POINT('',(6.35,-3.694203571416,20.670139004318));
#7156 = CARTESIAN_POINT('',(6.35,-3.762520130103,20.438359378302));
#7157 = CARTESIAN_POINT('',(6.109412294507,-3.765914364629,
    20.426074602207));
#7158 = CARTESIAN_POINT('',(6.35,-4.318401700979,20.803004056981));
#7159 = CARTESIAN_POINT('',(6.35,-4.333553753628,20.558507205857));
#7160 = CARTESIAN_POINT('',(6.107975607399,-4.333417381152,
    20.546796796437));
#7161 = CARTESIAN_POINT('',(6.35,-4.74331569368,20.796536527287));
#7162 = CARTESIAN_POINT('',(6.35,-4.722193903945,20.550735453245));
#7163 = CARTESIAN_POINT('',(6.106605254417,-4.719750994081,
    20.540855902562));
#7164 = CARTESIAN_POINT('',(6.35,-5.160436945478,20.692512042579));
#7165 = CARTESIAN_POINT('',(6.35,-5.101083997479,20.454516383644));
#7166 = CARTESIAN_POINT('',(6.104864472162,-5.099012609466,
    20.44621045493));
#7167 = ADVANCED_FACE('',(#7168),#7186,.T.);
#7168 = FACE_BOUND('',#7169,.T.);
#7169 = EDGE_LOOP('',(#7170,#7177,#7178,#7185));
#7170 = ORIENTED_EDGE('',*,*,#7171,.F.);
#7171 = EDGE_CURVE('',#2598,#907,#7172,.T.);
#7172 = CIRCLE('',#7173,0.254);
#7173 = AXIS2_PLACEMENT_3D('',#7174,#7175,#7176);
#7174 = CARTESIAN_POINT('',(6.096,-10.2601666349,-1.839278640973));
#7175 = DIRECTION('',(0.,-0.176451249204,0.984309380558));
#7176 = DIRECTION('',(0.,-0.984309380558,-0.176451249204));
#7177 = ORIENTED_EDGE('',*,*,#3479,.F.);
#7178 = ORIENTED_EDGE('',*,*,#7179,.F.);
#7179 = EDGE_CURVE('',#916,#2625,#7180,.T.);
#7180 = CIRCLE('',#7181,0.254);
#7181 = AXIS2_PLACEMENT_3D('',#7182,#7183,#7184);
#7182 = CARTESIAN_POINT('',(6.096,-11.61250273541,-4.750184083606));
#7183 = DIRECTION('',(0.,-0.866025403784,-0.5));
#7184 = DIRECTION('',(0.,0.5,-0.866025403784));
#7185 = ORIENTED_EDGE('',*,*,#915,.F.);
#7186 = ( BOUNDED_SURFACE() B_SPLINE_SURFACE(3,2,(
    (#7187,#7188,#7189)
    ,(#7190,#7191,#7192)
    ,(#7193,#7194,#7195)
    ,(#7196,#7197,#7198)
    ,(#7199,#7200,#7201)
    ,(#7202,#7203,#7204)
    ,(#7205,#7206,#7207)
    ,(#7208,#7209,#7210)
    ,(#7211,#7212,#7213)
    ,(#7214,#7215,#7216)
    ,(#7217,#7218,#7219)
    ,(#7220,#7221,#7222)
    ,(#7223,#7224,#7225)
    ,(#7226,#7227,#7228
)),.UNSPECIFIED.,.F.,.F.,.F.) B_SPLINE_SURFACE_WITH_KNOTS((4,2,2,2,2,2,4
    ),(3,3),(-5.421010862428E-18,8.499630636327E-04,1.274944595449E-03,
    1.699926127265E-03,2.124907659082E-03,2.549889190898E-03,
    3.399852254531E-03),(0.,1.),.UNSPECIFIED.) 
GEOMETRIC_REPRESENTATION_ITEM() RATIONAL_B_SPLINE_SURFACE((
    (1.,0.719339800339,1.)
    ,(1.,0.720213108911,1.)
    ,(1.,0.720878427351,1.)
    ,(1.,0.721562934652,1.)
    ,(1.,0.721735656519,1.)
    ,(1.,0.721964483268,1.)
    ,(1.,0.722022404989,1.)
    ,(1.,0.722023817329,1.)
    ,(1.,0.721965863406,1.)
    ,(1.,0.721737706159,1.)
    ,(1.,0.721567988961,1.)
    ,(1.,0.720891773874,1.)
    ,(1.,0.720211367785,1.)
,(1.,0.719339800339,1.))) REPRESENTATION_ITEM('') SURFACE() );
#7187 = CARTESIAN_POINT('',(6.35,-11.61250273541,-4.750184083606));
#7188 = CARTESIAN_POINT('',(6.35,-11.73514520981,-4.537761086779));
#7189 = CARTESIAN_POINT('',(6.104864472162,-11.73942537045,
    -4.530347631101));
#7190 = CARTESIAN_POINT('',(6.35,-11.36366466093,-4.606517347134));
#7191 = CARTESIAN_POINT('',(6.35,-11.50811957429,-4.407400847451));
#7192 = CARTESIAN_POINT('',(6.105503955237,-11.51318424113,
    -4.399753040085));
#7193 = CARTESIAN_POINT('',(6.35,-11.14276024901,-4.428959821536));
#7194 = CARTESIAN_POINT('',(6.35,-11.30605856617,-4.245704450107));
#7195 = CARTESIAN_POINT('',(6.105990073472,-11.31234318658,
    -4.238345810489));
#7196 = CARTESIAN_POINT('',(6.35,-10.85297065365,-4.1126383942));
#7197 = CARTESIAN_POINT('',(6.35,-11.04114067081,-3.957246313274));
#7198 = CARTESIAN_POINT('',(6.106491732387,-11.04887868256,
    -3.950789898165));
#7199 = CARTESIAN_POINT('',(6.35,-10.76431109434,-3.999420391634));
#7200 = CARTESIAN_POINT('',(6.35,-10.96010327122,-3.853968481316));
#7201 = CARTESIAN_POINT('',(6.106618391142,-10.96827418186,
    -3.847866717899));
#7202 = CARTESIAN_POINT('',(6.35,-10.6069145094,-3.763466632639));
#7203 = CARTESIAN_POINT('',(6.35,-10.81630227091,-3.638686359707));
#7204 = CARTESIAN_POINT('',(6.106786212637,-10.82517988309,
    -3.633366317432));
#7205 = CARTESIAN_POINT('',(6.35,-10.53743511516,-3.639949335312));
#7206 = CARTESIAN_POINT('',(6.35,-10.75283225603,-3.525939327868));
#7207 = CARTESIAN_POINT('',(6.106828707517,-10.76201515328,
    -3.521078629166));
#7208 = CARTESIAN_POINT('',(6.35,-10.41716281555,-3.381684444644));
#7209 = CARTESIAN_POINT('',(6.35,-10.64304580049,-3.290193410711));
#7210 = CARTESIAN_POINT('',(6.1068297435,-10.6526766574,-3.286292384291)
  );
#7211 = CARTESIAN_POINT('',(6.35,-10.36639819294,-3.246348247826));
#7212 = CARTESIAN_POINT('',(6.35,-10.59673910794,-3.166620274475));
#7213 = CARTESIAN_POINT('',(6.106787224987,-10.60652864618,
    -3.163258713474));
#7214 = CARTESIAN_POINT('',(6.35,-10.28724013532,-2.97339693784));
#7215 = CARTESIAN_POINT('',(6.35,-10.52464030799,-2.917433581595));
#7216 = CARTESIAN_POINT('',(6.106619894195,-10.5345732528,
    -2.915118150167));
#7217 = CARTESIAN_POINT('',(6.35,-10.25825757198,-2.834732204922));
#7218 = CARTESIAN_POINT('',(6.35,-10.49830482296,-2.790821665474));
#7219 = CARTESIAN_POINT('',(6.106495438463,-10.50823028451,
    -2.789057064595));
#7220 = CARTESIAN_POINT('',(6.35,-10.20305912678,-2.412179067133));
#7221 = CARTESIAN_POINT('',(6.35,-10.44838450818,-2.404992775746));
#7222 = CARTESIAN_POINT('',(6.105999851127,-10.45806905777,
    -2.404908938539));
#7223 = CARTESIAN_POINT('',(6.35,-10.20978620042,-2.120319088849));
#7224 = CARTESIAN_POINT('',(6.35,-10.45509706318,-2.138507903544));
#7225 = CARTESIAN_POINT('',(6.105500000965,-10.46420390842,
    -2.139572772245));
#7226 = CARTESIAN_POINT('',(6.35,-10.2601666349,-1.839278640973));
#7227 = CARTESIAN_POINT('',(6.35,-10.50160291091,-1.8825594766));
#7228 = CARTESIAN_POINT('',(6.104864472162,-10.51002891543,
    -1.88406995598));
#7229 = ADVANCED_FACE('',(#7230),#7242,.T.);
#7230 = FACE_BOUND('',#7231,.T.);
#7231 = EDGE_LOOP('',(#7232,#7233,#7234,#7241));
#7232 = ORIENTED_EDGE('',*,*,#7179,.T.);
#7233 = ORIENTED_EDGE('',*,*,#2655,.F.);
#7234 = ORIENTED_EDGE('',*,*,#7235,.F.);
#7235 = EDGE_CURVE('',#937,#2644,#7236,.T.);
#7236 = CIRCLE('',#7237,0.254);
#7237 = AXIS2_PLACEMENT_3D('',#7238,#7239,#7240);
#7238 = CARTESIAN_POINT('',(6.096,-16.42013898544,-7.525874166726));
#7239 = DIRECTION('',(0.,-0.866025403784,-0.5));
#7240 = DIRECTION('',(0.,0.5,-0.866025403784));
#7241 = ORIENTED_EDGE('',*,*,#936,.F.);
#7242 = CYLINDRICAL_SURFACE('',#7243,0.254);
#7243 = AXIS2_PLACEMENT_3D('',#7244,#7245,#7246);
#7244 = CARTESIAN_POINT('',(6.096,-0.846235639327,1.46572312249));
#7245 = DIRECTION('',(0.,-0.866025403784,-0.5));
#7246 = DIRECTION('',(0.,0.5,-0.866025403784));
#7247 = ADVANCED_FACE('',(#7248),#7260,.T.);
#7248 = FACE_BOUND('',#7249,.T.);
#7249 = EDGE_LOOP('',(#7250,#7251,#7252,#7259));
#7250 = ORIENTED_EDGE('',*,*,#7171,.T.);
#7251 = ORIENTED_EDGE('',*,*,#906,.F.);
#7252 = ORIENTED_EDGE('',*,*,#7253,.F.);
#7253 = EDGE_CURVE('',#2575,#886,#7254,.T.);
#7254 = CIRCLE('',#7255,0.254);
#7255 = AXIS2_PLACEMENT_3D('',#7256,#7257,#7258);
#7256 = CARTESIAN_POINT('',(6.096,-10.2601666349,1.839278640974));
#7257 = DIRECTION('',(-2.609636397453E-15,0.176451249204,0.984309380558)
  );
#7258 = DIRECTION('',(-3.155443620884E-30,-0.984309380558,0.176451249204
    ));
#7259 = ORIENTED_EDGE('',*,*,#2609,.F.);
#7260 = TOROIDAL_SURFACE('',#7261,10.423721278654,0.254);
#7261 = AXIS2_PLACEMENT_3D('',#7262,#7263,#7264);
#7262 = CARTESIAN_POINT('',(6.096,0.,0.));
#7263 = DIRECTION('',(1.,0.,0.));
#7264 = DIRECTION('',(0.,0.866025403784,0.5));
#7265 = ADVANCED_FACE('',(#7266),#7278,.T.);
#7266 = FACE_BOUND('',#7267,.T.);
#7267 = EDGE_LOOP('',(#7268,#7269,#7270,#7277));
#7268 = ORIENTED_EDGE('',*,*,#7235,.T.);
#7269 = ORIENTED_EDGE('',*,*,#3527,.F.);
#7270 = ORIENTED_EDGE('',*,*,#7271,.F.);
#7271 = EDGE_CURVE('',#844,#2672,#7272,.T.);
#7272 = CIRCLE('',#7273,0.254);
#7273 = AXIS2_PLACEMENT_3D('',#7274,#7275,#7276);
#7274 = CARTESIAN_POINT('',(6.096,-20.50045956972,-5.877186531878));
#7275 = DIRECTION('',(0.,-0.275584250242,0.961276922129));
#7276 = DIRECTION('',(0.,-0.961276922129,-0.275584250242));
#7277 = ORIENTED_EDGE('',*,*,#944,.F.);
#7278 = ( BOUNDED_SURFACE() B_SPLINE_SURFACE(3,2,(
    (#7279,#7280,#7281)
    ,(#7282,#7283,#7284)
    ,(#7285,#7286,#7287)
    ,(#7288,#7289,#7290)
    ,(#7291,#7292,#7293)
    ,(#7294,#7295,#7296)
    ,(#7297,#7298,#7299)
    ,(#7300,#7301,#7302)
    ,(#7303,#7304,#7305)
    ,(#7306,#7307,#7308)
    ,(#7309,#7310,#7311)
    ,(#7312,#7313,#7314)
    ,(#7315,#7316,#7317)
    ,(#7318,#7319,#7320)
    ,(#7321,#7322,#7323)
    ,(#7324,#7325,#7326
)),.UNSPECIFIED.,.F.,.F.,.F.) B_SPLINE_SURFACE_WITH_KNOTS((4,2,2,2,2,2,2
    ,4),(3,3),(-1.723881454252E-17,6.302862152586E-04,1.260572430517E-03
    ,1.890858645776E-03,2.521144861034E-03,3.151431076293E-03,
    3.781717291551E-03,5.042289722069E-03),(0.,1.),.UNSPECIFIED.) 
GEOMETRIC_REPRESENTATION_ITEM() RATIONAL_B_SPLINE_SURFACE((
    (1.,0.719339800339,1.)
    ,(1.,0.720519956587,1.)
    ,(1.,0.72157177917,1.)
    ,(1.,0.723427517735,1.)
    ,(1.,0.72423551914,1.)
    ,(1.,0.725523608834,1.)
    ,(1.,0.726016497448,1.)
    ,(1.,0.726685439394,1.)
    ,(1.,0.726850299689,1.)
    ,(1.,0.726852830998,1.)
    ,(1.,0.726684158082,1.)
    ,(1.,0.726026055132,1.)
    ,(1.,0.725536946748,1.)
    ,(1.,0.723586318038,1.)
    ,(1.,0.721717498228,1.)
,(1.,0.719339800339,1.))) REPRESENTATION_ITEM('') SURFACE() );
#7279 = CARTESIAN_POINT('',(6.35,-20.50045956972,-5.877186531878));
#7280 = CARTESIAN_POINT('',(6.35,-20.2646728091,-5.809589863167));
#7281 = CARTESIAN_POINT('',(6.104864472162,-20.25644396982,
    -5.80723077345));
#7282 = CARTESIAN_POINT('',(6.35,-20.44173352179,-6.082031293224));
#7283 = CARTESIAN_POINT('',(6.35,-20.21198366327,-5.996399490851));
#7284 = CARTESIAN_POINT('',(6.105727365157,-20.20307500362,
    -5.993498633145));
#7285 = CARTESIAN_POINT('',(6.35,-20.36101943287,-6.276358126679));
#7286 = CARTESIAN_POINT('',(6.35,-20.13903847882,-6.174156300327));
#7287 = CARTESIAN_POINT('',(6.106497805582,-20.12971491585,
    -6.170199940402));
#7288 = CARTESIAN_POINT('',(6.35,-20.15723418604,-6.644624448138));
#7289 = CARTESIAN_POINT('',(6.35,-19.95411807163,-6.511028909125));
#7290 = CARTESIAN_POINT('',(6.107860028304,-19.94448454594,
    -6.505059145914));
#7291 = CARTESIAN_POINT('',(6.35,-20.03242544216,-6.819824013515));
#7292 = CARTESIAN_POINT('',(6.35,-19.84058423721,-6.671478360692));
#7293 = CARTESIAN_POINT('',(6.108454469543,-19.83103468111,
    -6.664362739623));
#7294 = CARTESIAN_POINT('',(6.35,-19.75101976569,-7.132636139729));
#7295 = CARTESIAN_POINT('',(6.35,-19.58417855444,-6.957851838697));
#7296 = CARTESIAN_POINT('',(6.109403118859,-19.5752314928,
    -6.948787287809));
#7297 = CARTESIAN_POINT('',(6.35,-19.59340014656,-7.272633568674));
#7298 = CARTESIAN_POINT('',(6.35,-19.44033668896,-7.086121309878));
#7299 = CARTESIAN_POINT('',(6.109766719977,-19.43194865628,
    -7.076076801202));
#7300 = CARTESIAN_POINT('',(6.35,-19.24469569857,-7.51712328107));
#7301 = CARTESIAN_POINT('',(6.35,-19.12193916182,-7.309933967505));
#7302 = CARTESIAN_POINT('',(6.110260381018,-19.11495509799,
    -7.298366133738));
#7303 = CARTESIAN_POINT('',(6.35,-19.05978350862,-7.617385976942));
#7304 = CARTESIAN_POINT('',(6.35,-18.95290768487,-7.401731244308));
#7305 = CARTESIAN_POINT('',(6.110382169987,-18.94685569531,
    -7.38952044471));
#7306 = CARTESIAN_POINT('',(6.35,-18.66954820319,-7.775422951636));
#7307 = CARTESIAN_POINT('',(6.35,-18.596247766,-7.546172815414));
#7308 = CARTESIAN_POINT('',(6.110384039224,-18.59209636703,
    -7.533190521444));
#7309 = CARTESIAN_POINT('',(6.35,-18.46230112808,-7.832991604533));
#7310 = CARTESIAN_POINT('',(6.35,-18.40670078659,-7.598689914492));
#7311 = CARTESIAN_POINT('',(6.110259436692,-18.40368728784,
    -7.58551910766));
#7312 = CARTESIAN_POINT('',(6.35,-18.0468355435,-7.898897574857));
#7313 = CARTESIAN_POINT('',(6.35,-18.02695145251,-7.658463426882));
#7314 = CARTESIAN_POINT('',(6.109773772056,-18.02598098387,
    -7.645408084521));
#7315 = CARTESIAN_POINT('',(6.35,-17.83576094135,-7.908438371441));
#7316 = CARTESIAN_POINT('',(6.35,-17.83396464042,-7.666807620695));
#7317 = CARTESIAN_POINT('',(6.109412946567,-17.83408731617,
    -7.654062563143));
#7318 = CARTESIAN_POINT('',(6.35,-17.19911815507,-7.864139290113));
#7319 = CARTESIAN_POINT('',(6.35,-17.25193222905,-7.624935137626));
#7320 = CARTESIAN_POINT('',(6.107976338232,-17.25529062525,
    -7.613715114818));
#7321 = CARTESIAN_POINT('',(6.35,-16.79244050646,-7.740822549132));
#7322 = CARTESIAN_POINT('',(6.35,-16.88048273663,-7.510360735747));
#7323 = CARTESIAN_POINT('',(6.106605776727,-16.88555427298,
    -7.501536752942));
#7324 = CARTESIAN_POINT('',(6.35,-16.42013898544,-7.525874166726));
#7325 = CARTESIAN_POINT('',(6.35,-16.54278145984,-7.313451169899));
#7326 = CARTESIAN_POINT('',(6.104864472162,-16.54706162048,
    -7.306037714221));
#7327 = ADVANCED_FACE('',(#7328),#7340,.T.);
#7328 = FACE_BOUND('',#7329,.T.);
#7329 = EDGE_LOOP('',(#7330,#7331,#7332,#7339));
#7330 = ORIENTED_EDGE('',*,*,#7253,.T.);
#7331 = ORIENTED_EDGE('',*,*,#885,.F.);
#7332 = ORIENTED_EDGE('',*,*,#7333,.F.);
#7333 = EDGE_CURVE('',#2552,#878,#7334,.T.);
#7334 = CIRCLE('',#7335,0.254);
#7335 = AXIS2_PLACEMENT_3D('',#7336,#7337,#7338);
#7336 = CARTESIAN_POINT('',(6.096000000002,-11.61250273541,
    4.750184083607));
#7337 = DIRECTION('',(1.659115480894E-13,-0.866025403784,0.5));
#7338 = DIRECTION('',(5.679798517591E-28,-0.5,-0.866025403784));
#7339 = ORIENTED_EDGE('',*,*,#3585,.F.);
#7340 = ( BOUNDED_SURFACE() B_SPLINE_SURFACE(3,2,(
    (#7341,#7342,#7343)
    ,(#7344,#7345,#7346)
    ,(#7347,#7348,#7349)
    ,(#7350,#7351,#7352)
    ,(#7353,#7354,#7355)
    ,(#7356,#7357,#7358)
    ,(#7359,#7360,#7361)
    ,(#7362,#7363,#7364)
    ,(#7365,#7366,#7367)
    ,(#7368,#7369,#7370)
    ,(#7371,#7372,#7373)
    ,(#7374,#7375,#7376)
    ,(#7377,#7378,#7379)
    ,(#7380,#7381,#7382
)),.UNSPECIFIED.,.F.,.F.,.F.) B_SPLINE_SURFACE_WITH_KNOTS((4,2,2,2,2,2,4
    ),(3,3),(2.081668171172E-17,8.499630636417E-04,1.274944595462E-03,
    1.699926127283E-03,2.124907659104E-03,2.549889190925E-03,
    3.399852254567E-03),(0.,1.),.UNSPECIFIED.) 
GEOMETRIC_REPRESENTATION_ITEM() RATIONAL_B_SPLINE_SURFACE((
    (1.,0.719339800339,1.)
    ,(1.,0.720213220053,1.)
    ,(1.,0.720878572747,1.)
    ,(1.,0.721563061131,1.)
    ,(1.,0.721735764944,1.)
    ,(1.,0.721964543843,1.)
    ,(1.,0.722022435699,1.)
    ,(1.,0.722023787706,1.)
    ,(1.,0.721965803279,1.)
    ,(1.,0.721737597971,1.)
    ,(1.,0.721567862916,1.)
    ,(1.,0.720891628261,1.)
    ,(1.,0.720211256155,1.)
,(1.,0.719339800339,1.))) REPRESENTATION_ITEM('') SURFACE() );
#7341 = CARTESIAN_POINT('',(6.35,-10.2601666349,1.839278640974));
#7342 = CARTESIAN_POINT('',(6.35,-10.50160291091,1.8825594766));
#7343 = CARTESIAN_POINT('',(6.104864472162,-10.51002891543,
    1.884069955981));
#7344 = CARTESIAN_POINT('',(6.35,-10.20946629269,2.122103664021));
#7345 = CARTESIAN_POINT('',(6.349999999999,-10.45480180329,
    2.140132898743));
#7346 = CARTESIAN_POINT('',(6.105504036372,-10.46391294909,
    2.141195050796));
#7347 = CARTESIAN_POINT('',(6.35,-10.20268193329,2.405439871661));
#7348 = CARTESIAN_POINT('',(6.35,-10.44804951248,2.398838936767));
#7349 = CARTESIAN_POINT('',(6.105990179968,-10.45772653238,2.39878222287
    ));
#7350 = CARTESIAN_POINT('',(6.35,-10.25751392013,2.830916907909));
#7351 = CARTESIAN_POINT('',(6.35,-10.49762947207,2.787337872738));
#7352 = CARTESIAN_POINT('',(6.106491825111,-10.50755437547,
    2.785588548028));
#7353 = CARTESIAN_POINT('',(6.35,-10.2868540004,2.971693302324));
#7354 = CARTESIAN_POINT('',(6.35,-10.5242892096,2.91587825958));
#7355 = CARTESIAN_POINT('',(6.106618470651,-10.53422227514,
    2.913569365303));
#7356 = CARTESIAN_POINT('',(6.35,-10.36565709259,3.244159692746));
#7357 = CARTESIAN_POINT('',(6.35,-10.59606352584,3.164622243971));
#7358 = CARTESIAN_POINT('',(6.106786257073,-10.60585495705,
    3.161269100254));
#7359 = CARTESIAN_POINT('',(6.35,-10.41523856443,3.376921082496));
#7360 = CARTESIAN_POINT('',(6.35,-10.64129010558,3.285844738471));
#7361 = CARTESIAN_POINT('',(6.106828730045,-10.65092737902,
    3.281962036104));
#7362 = CARTESIAN_POINT('',(6.35,-10.53503597644,3.635406594558));
#7363 = CARTESIAN_POINT('',(6.35,-10.75064131433,3.521792860936));
#7364 = CARTESIAN_POINT('',(6.106829721769,-10.75983407724,3.51694888382
    ));
#7365 = CARTESIAN_POINT('',(6.35,-10.60571997533,3.761488731831));
#7366 = CARTESIAN_POINT('',(6.35,-10.8152110806,3.636881410766));
#7367 = CARTESIAN_POINT('',(6.106787180879,-10.82409390469,
    3.631568243774));
#7368 = CARTESIAN_POINT('',(6.35,-10.76325820061,3.998026515924));
#7369 = CARTESIAN_POINT('',(6.35,-10.95914112288,3.852697038252));
#7370 = CARTESIAN_POINT('',(6.106619814859,-10.9673169515,3.846599583182
    ));
#7371 = CARTESIAN_POINT('',(6.35,-10.85053459059,4.109609350303));
#7372 = CARTESIAN_POINT('',(6.35,-11.03891389513,3.954483275033));
#7373 = CARTESIAN_POINT('',(6.106495346056,-11.04666394122,
    3.948036285677));
#7374 = CARTESIAN_POINT('',(6.35,-11.1378533572,4.424325014937));
#7375 = CARTESIAN_POINT('',(6.35,-11.30157179458,4.241479426658));
#7376 = CARTESIAN_POINT('',(6.10599974447,-11.30788199895,4.234132526196
    ));
#7377 = CARTESIAN_POINT('',(6.35,-11.36523478336,4.607423860472));
#7378 = CARTESIAN_POINT('',(6.350000000001,-11.50955184682,
    4.408223273844));
#7379 = CARTESIAN_POINT('',(6.105499920341,-11.5146116639,4.400577000309
    ));
#7380 = CARTESIAN_POINT('',(6.35,-11.61250273541,4.750184083607));
#7381 = CARTESIAN_POINT('',(6.35,-11.73514520982,4.537761086779));
#7382 = CARTESIAN_POINT('',(6.104864472162,-11.73942537045,
    4.530347631102));
#7383 = ADVANCED_FACE('',(#7384),#7396,.T.);
#7384 = FACE_BOUND('',#7385,.T.);
#7385 = EDGE_LOOP('',(#7386,#7387,#7388,#7395));
#7386 = ORIENTED_EDGE('',*,*,#7271,.T.);
#7387 = ORIENTED_EDGE('',*,*,#2669,.F.);
#7388 = ORIENTED_EDGE('',*,*,#7389,.F.);
#7389 = EDGE_CURVE('',#846,#2670,#7390,.T.);
#7390 = CIRCLE('',#7391,0.254);
#7391 = AXIS2_PLACEMENT_3D('',#7392,#7393,#7394);
#7392 = CARTESIAN_POINT('',(6.096,-20.50045956972,5.877186531878));
#7393 = DIRECTION('',(-0.,0.275584250242,0.961276922129));
#7394 = DIRECTION('',(0.,-0.961276922129,0.275584250242));
#7395 = ORIENTED_EDGE('',*,*,#843,.F.);
#7396 = TOROIDAL_SURFACE('',#7397,21.326278721346,0.254);
#7397 = AXIS2_PLACEMENT_3D('',#7398,#7399,#7400);
#7398 = CARTESIAN_POINT('',(6.096,0.,0.));
#7399 = DIRECTION('',(1.,0.,0.));
#7400 = DIRECTION('',(0.,0.866025403784,0.5));
#7401 = ADVANCED_FACE('',(#7402),#7414,.T.);
#7402 = FACE_BOUND('',#7403,.T.);
#7403 = EDGE_LOOP('',(#7404,#7405,#7406,#7413));
#7404 = ORIENTED_EDGE('',*,*,#7333,.T.);
#7405 = ORIENTED_EDGE('',*,*,#877,.F.);
#7406 = ORIENTED_EDGE('',*,*,#7407,.F.);
#7407 = EDGE_CURVE('',#2530,#855,#7408,.T.);
#7408 = CIRCLE('',#7409,0.254);
#7409 = AXIS2_PLACEMENT_3D('',#7410,#7411,#7412);
#7410 = CARTESIAN_POINT('',(6.096,-16.42013898544,7.525874166727));
#7411 = DIRECTION('',(7.963510399725E-14,-0.866025403784,0.5));
#7412 = DIRECTION('',(-3.786532345061E-29,-0.5,-0.866025403784));
#7413 = ORIENTED_EDGE('',*,*,#2560,.F.);
#7414 = CYLINDRICAL_SURFACE('',#7415,0.254);
#7415 = AXIS2_PLACEMENT_3D('',#7416,#7417,#7418);
#7416 = CARTESIAN_POINT('',(6.096,-0.846235639327,-1.46572312249));
#7417 = DIRECTION('',(0.,-0.866025403784,0.5));
#7418 = DIRECTION('',(0.,-0.5,-0.866025403784));
#7419 = ADVANCED_FACE('',(#7420),#7426,.T.);
#7420 = FACE_BOUND('',#7421,.T.);
#7421 = EDGE_LOOP('',(#7422,#7423,#7424,#7425));
#7422 = ORIENTED_EDGE('',*,*,#7389,.T.);
#7423 = ORIENTED_EDGE('',*,*,#3633,.F.);
#7424 = ORIENTED_EDGE('',*,*,#7407,.T.);
#7425 = ORIENTED_EDGE('',*,*,#854,.F.);
#7426 = ( BOUNDED_SURFACE() B_SPLINE_SURFACE(3,2,(
    (#7427,#7428,#7429)
    ,(#7430,#7431,#7432)
    ,(#7433,#7434,#7435)
    ,(#7436,#7437,#7438)
    ,(#7439,#7440,#7441)
    ,(#7442,#7443,#7444)
    ,(#7445,#7446,#7447)
    ,(#7448,#7449,#7450)
    ,(#7451,#7452,#7453)
    ,(#7454,#7455,#7456)
    ,(#7457,#7458,#7459)
    ,(#7460,#7461,#7462)
    ,(#7463,#7464,#7465)
    ,(#7466,#7467,#7468)
    ,(#7469,#7470,#7471)
    ,(#7472,#7473,#7474
)),.UNSPECIFIED.,.F.,.F.,.F.) B_SPLINE_SURFACE_WITH_KNOTS((4,2,2,2,2,2,2
    ,4),(3,3),(1.85398571495E-17,6.302862164565E-04,1.260572432913E-03,
    1.890858649369E-03,2.521144865826E-03,3.151431082282E-03,
    3.781717298739E-03,5.042289731652E-03),(0.,1.),.UNSPECIFIED.) 
GEOMETRIC_REPRESENTATION_ITEM() RATIONAL_B_SPLINE_SURFACE((
    (1.,0.719339800339,1.)
    ,(1.,0.720520310974,1.)
    ,(1.,0.721572383861,1.)
    ,(1.,0.723428424857,1.)
    ,(1.,0.724236476047,1.)
    ,(1.,0.725524494621,1.)
    ,(1.,0.726017265083,1.)
    ,(1.,0.726685869095,1.)
    ,(1.,0.726850516466,1.)
    ,(1.,0.726852618717,1.)
    ,(1.,0.726683728434,1.)
    ,(1.,0.726025291018,1.)
    ,(1.,0.725536062206,1.)
    ,(1.,0.723585324059,1.)
    ,(1.,0.721716778597,1.)
,(1.,0.719339800339,1.))) REPRESENTATION_ITEM('') SURFACE() );
#7427 = CARTESIAN_POINT('',(6.35,-16.42013898544,7.525874166727));
#7428 = CARTESIAN_POINT('',(6.35,-16.54278145984,7.313451169899));
#7429 = CARTESIAN_POINT('',(6.104864472162,-16.54706162048,
    7.306037714222));
#7430 = CARTESIAN_POINT('',(6.35,-16.60468598255,7.632422419891));
#7431 = CARTESIAN_POINT('',(6.350000000001,-16.7104569339,7.41122072432)
  );
#7432 = CARTESIAN_POINT('',(6.105727624065,-16.71484992824,7.40294514378
    ));
#7433 = CARTESIAN_POINT('',(6.35,-16.79774222024,7.716130075926));
#7434 = CARTESIAN_POINT('',(6.35,-16.88641383417,7.488406797264));
#7435 = CARTESIAN_POINT('',(6.106498248748,-16.89037200553,
    7.479083553591));
#7436 = CARTESIAN_POINT('',(6.35,-17.20015914767,7.839455366036));
#7437 = CARTESIAN_POINT('',(6.35,-17.25345211873,7.602256137297));
#7438 = CARTESIAN_POINT('',(6.107860694899,-17.25623452437,
    7.591269106674));
#7439 = CARTESIAN_POINT('',(6.35,-17.41164505983,7.878772277959));
#7440 = CARTESIAN_POINT('',(6.35,-17.44658119277,7.638795985409));
#7441 = CARTESIAN_POINT('',(6.108455173681,-17.44850707526,
    7.627043017264));
#7442 = CARTESIAN_POINT('',(6.35,-17.83137055248,7.90828650521));
#7443 = CARTESIAN_POINT('',(6.35,-17.82995736535,7.66666025802));
#7444 = CARTESIAN_POINT('',(6.109403771825,-17.83009585881,
    7.653924017833));
#7445 = CARTESIAN_POINT('',(6.35,-18.04200251546,7.899488801963));
#7446 = CARTESIAN_POINT('',(6.35,-18.02253165636,7.658997903599));
#7447 = CARTESIAN_POINT('',(6.109767286268,-18.02158718464,
    7.645945225226));
#7448 = CARTESIAN_POINT('',(6.35,-18.46267266101,7.833106260548));
#7449 = CARTESIAN_POINT('',(6.35,-18.4070376961,7.598796246944));
#7450 = CARTESIAN_POINT('',(6.110260698329,-18.40402507144,
    7.585623404151));
#7451 = CARTESIAN_POINT('',(6.35,-18.66533256412,7.776767195832));
#7452 = CARTESIAN_POINT('',(6.35,-18.5923936526,7.547400132341));
#7453 = CARTESIAN_POINT('',(6.110382330073,-18.58826393098,
    7.534412470301));
#7454 = CARTESIAN_POINT('',(6.35,-19.05581735328,7.619347655534));
#7455 = CARTESIAN_POINT('',(6.35,-18.94928280591,7.403525880591));
#7456 = CARTESIAN_POINT('',(6.110383882458,-18.94325013651,7.39130388038
    ));
#7457 = CARTESIAN_POINT('',(6.35,-19.24488329396,7.51678270427));
#7458 = CARTESIAN_POINT('',(6.35,-19.12210763373,7.309623431577));
#7459 = CARTESIAN_POINT('',(6.110259119422,-19.11512561396,
    7.298056454273));
#7460 = CARTESIAN_POINT('',(6.35,-19.58951302285,7.275565790212));
#7461 = CARTESIAN_POINT('',(6.35,-19.43678622878,7.088807283096));
#7462 = CARTESIAN_POINT('',(6.109773208357,-19.42841504379,
    7.078742796207));
#7463 = CARTESIAN_POINT('',(6.35,-19.7479672632,7.135795362562));
#7464 = CARTESIAN_POINT('',(6.35,-19.58139849833,6.960741674231));
#7465 = CARTESIAN_POINT('',(6.109412294507,-19.57245668742,
    6.951659792858));
#7466 = CARTESIAN_POINT('',(6.35,-20.17513083886,6.661656451697));
#7467 = CARTESIAN_POINT('',(6.35,-19.97096638097,6.52628596362));
#7468 = CARTESIAN_POINT('',(6.107975607399,-19.96075668268,6.52054886094
    ));
#7469 = CARTESIAN_POINT('',(6.35,-20.3819867902,6.290436374747));
#7470 = CARTESIAN_POINT('',(6.350000000003,-20.15855592093,6.18582784421
    ));
#7471 = CARTESIAN_POINT('',(6.106605254417,-20.14877852413,
    6.183003690871));
#7472 = CARTESIAN_POINT('',(6.35,-20.50045956972,5.877186531878));
#7473 = CARTESIAN_POINT('',(6.35,-20.2646728091,5.809589863167));
#7474 = CARTESIAN_POINT('',(6.104864472162,-20.25644396982,5.80723077345
    ));
#7475 = ADVANCED_FACE('',(#7476),#7494,.T.);
#7476 = FACE_BOUND('',#7477,.T.);
#7477 = EDGE_LOOP('',(#7478,#7485,#7486,#7493));
#7478 = ORIENTED_EDGE('',*,*,#7479,.F.);
#7479 = EDGE_CURVE('',#2788,#1031,#7480,.T.);
#7480 = CIRCLE('',#7481,0.254);
#7481 = AXIS2_PLACEMENT_3D('',#7482,#7483,#7484);
#7482 = CARTESIAN_POINT('',(6.096,3.537221289729,9.805204273372));
#7483 = DIRECTION('',(2.609636397453E-15,0.940662553349,-0.339343425939)
  );
#7484 = DIRECTION('',(-2.761013168274E-30,0.339343425939,0.940662553349)
  );
#7485 = ORIENTED_EDGE('',*,*,#4327,.F.);
#7486 = ORIENTED_EDGE('',*,*,#7487,.F.);
#7487 = EDGE_CURVE('',#1040,#2815,#7488,.T.);
#7488 = CIRCLE('',#7489,0.254);
#7489 = AXIS2_PLACEMENT_3D('',#7490,#7491,#7492);
#7490 = CARTESIAN_POINT('',(6.096,1.692471278654,12.431814412192));
#7491 = DIRECTION('',(-0.,1.326716514427E-14,1.));
#7492 = DIRECTION('',(0.,-1.,1.326716514427E-14));
#7493 = ORIENTED_EDGE('',*,*,#1039,.F.);
#7494 = ( BOUNDED_SURFACE() B_SPLINE_SURFACE(3,2,(
    (#7495,#7496,#7497)
    ,(#7498,#7499,#7500)
    ,(#7501,#7502,#7503)
    ,(#7504,#7505,#7506)
    ,(#7507,#7508,#7509)
    ,(#7510,#7511,#7512)
    ,(#7513,#7514,#7515)
    ,(#7516,#7517,#7518)
    ,(#7519,#7520,#7521)
    ,(#7522,#7523,#7524)
    ,(#7525,#7526,#7527)
    ,(#7528,#7529,#7530)
    ,(#7531,#7532,#7533)
    ,(#7534,#7535,#7536
)),.UNSPECIFIED.,.F.,.F.,.F.) B_SPLINE_SURFACE_WITH_KNOTS((4,2,2,2,2,2,4
    ),(3,3),(-4.336808689942E-18,8.499630636327E-04,1.274944595449E-03,
    1.699926127265E-03,2.124907659082E-03,2.549889190898E-03,
    3.399852254531E-03),(0.,1.),.UNSPECIFIED.) 
GEOMETRIC_REPRESENTATION_ITEM() RATIONAL_B_SPLINE_SURFACE((
    (1.,0.719339800339,1.)
    ,(1.,0.720213108911,1.)
    ,(1.,0.720878427351,1.)
    ,(1.,0.721562934652,1.)
    ,(1.,0.721735656519,1.)
    ,(1.,0.721964483268,1.)
    ,(1.,0.722022404989,1.)
    ,(1.,0.722023817329,1.)
    ,(1.,0.721965863406,1.)
    ,(1.,0.721737706159,1.)
    ,(1.,0.721567988961,1.)
    ,(1.,0.720891773874,1.)
    ,(1.,0.720211367785,1.)
,(1.,0.719339800339,1.))) REPRESENTATION_ITEM('') SURFACE() );
#7495 = CARTESIAN_POINT('',(6.35,1.692471278654,12.431814412192));
#7496 = CARTESIAN_POINT('',(6.35,1.937756227455,12.431814412192));
#7497 = CARTESIAN_POINT('',(6.104864472162,1.946316548717,
    12.431814412192));
#7498 = CARTESIAN_POINT('',(6.35,1.692471284877,12.144480950028));
#7499 = CARTESIAN_POINT('',(6.35,1.937138688592,12.17002432485));
#7500 = CARTESIAN_POINT('',(6.105503955237,1.946294217476,
    12.170586551315));
#7501 = CARTESIAN_POINT('',(6.35,1.735788406719,11.864393354698));
#7502 = CARTESIAN_POINT('',(6.35,1.976141372336,11.914186160038));
#7503 = CARTESIAN_POINT('',(6.105990073472,1.985656451384,
    11.915949481151));
#7504 = CARTESIAN_POINT('',(6.35,1.864836000873,11.455267489696));
#7505 = CARTESIAN_POINT('',(6.35,2.093494499078,11.540531464317));
#7506 = CARTESIAN_POINT('',(6.106491732387,2.102954924456,
    11.544004571514));
#7507 = CARTESIAN_POINT('',(6.35,1.918555887606,11.321877057761));
#7508 = CARTESIAN_POINT('',(6.35,2.142417025406,11.418712101636));
#7509 = CARTESIAN_POINT('',(6.106618391142,2.151786762852,
    11.422737436113));
#7510 = CARTESIAN_POINT('',(6.35,2.044199544542,11.067590737233));
#7511 = CARTESIAN_POINT('',(6.35,2.256956311548,11.186535721477));
#7512 = CARTESIAN_POINT('',(6.106786212637,2.266002409398,
    11.191563938014));
#7513 = CARTESIAN_POINT('',(6.35,2.116428964714,10.945661168119));
#7514 = CARTESIAN_POINT('',(6.35,2.322863097882,11.075195560294));
#7515 = CARTESIAN_POINT('',(6.106828707517,2.331664035063,
    11.080717833243));
#7516 = CARTESIAN_POINT('',(6.35,2.279956771131,10.712369855948));
#7517 = CARTESIAN_POINT('',(6.35,2.472131823205,10.862244742221));
#7518 = CARTESIAN_POINT('',(6.1068297435,2.480325639644,10.86863479576)
  );
#7519 = CARTESIAN_POINT('',(6.35,2.371779044324,10.600738304748));
#7520 = CARTESIAN_POINT('',(6.35,2.555995952139,10.760355401996));
#7521 = CARTESIAN_POINT('',(6.106787224987,2.563801918481,10.7671526103)
  );
#7522 = CARTESIAN_POINT('',(6.35,2.568582783958,10.395709760942));
#7523 = CARTESIAN_POINT('',(6.35,2.735748558482,10.573322663215));
#7524 = CARTESIAN_POINT('',(6.106619894195,2.742720253323,
    10.580767130038));
#7525 = CARTESIAN_POINT('',(6.35,2.674178683602,10.30127775836));
#7526 = CARTESIAN_POINT('',(6.35,2.832229951748,10.487209506095));
#7527 = CARTESIAN_POINT('',(6.106495438463,2.838720871714,
    10.494922907505));
#7528 = CARTESIAN_POINT('',(6.35,3.012521212776,10.042197933674));
#7529 = CARTESIAN_POINT('',(6.35,3.141407414376,10.251062800465));
#7530 = CARTESIAN_POINT('',(6.105999851127,3.146322294326,
    10.259407947839));
#7531 = CARTESIAN_POINT('',(6.35,3.268642905142,9.902093761204));
#7532 = CARTESIAN_POINT('',(6.35,3.375546360927,10.123633607519));
#7533 = CARTESIAN_POINT('',(6.105500000965,3.379177580204,
    10.132052801201));
#7534 = CARTESIAN_POINT('',(6.35,3.537221289729,9.805204273372));
#7535 = CARTESIAN_POINT('',(6.35,3.620457124586,10.035934639609));
#7536 = CARTESIAN_POINT('',(6.104864472162,3.623362013331,
    10.043987013265));
#7537 = ADVANCED_FACE('',(#7538),#7550,.T.);
#7538 = FACE_BOUND('',#7539,.T.);
#7539 = EDGE_LOOP('',(#7540,#7541,#7542,#7549));
#7540 = ORIENTED_EDGE('',*,*,#7487,.T.);
#7541 = ORIENTED_EDGE('',*,*,#2845,.F.);
#7542 = ORIENTED_EDGE('',*,*,#7543,.F.);
#7543 = EDGE_CURVE('',#1061,#2834,#7544,.T.);
#7544 = CIRCLE('',#7545,0.254);
#7545 = AXIS2_PLACEMENT_3D('',#7546,#7547,#7548);
#7546 = CARTESIAN_POINT('',(6.096,1.692471278654,17.983194578433));
#7547 = DIRECTION('',(0.,-1.681432770795E-13,1.));
#7548 = DIRECTION('',(0.,-1.,-1.681432770795E-13));
#7549 = ORIENTED_EDGE('',*,*,#1060,.F.);
#7550 = CYLINDRICAL_SURFACE('',#7551,0.254);
#7551 = AXIS2_PLACEMENT_3D('',#7552,#7553,#7554);
#7552 = CARTESIAN_POINT('',(6.096,1.692471278654,-2.009503674572E-14));
#7553 = DIRECTION('',(0.,1.193489751472E-14,1.));
#7554 = DIRECTION('',(0.,-1.,1.187938636349E-14));
#7555 = ADVANCED_FACE('',(#7556),#7568,.T.);
#7556 = FACE_BOUND('',#7557,.T.);
#7557 = EDGE_LOOP('',(#7558,#7559,#7560,#7567));
#7558 = ORIENTED_EDGE('',*,*,#7479,.T.);
#7559 = ORIENTED_EDGE('',*,*,#1030,.F.);
#7560 = ORIENTED_EDGE('',*,*,#7561,.F.);
#7561 = EDGE_CURVE('',#2765,#1010,#7562,.T.);
#7562 = CIRCLE('',#7563,0.254);
#7563 = AXIS2_PLACEMENT_3D('',#7564,#7565,#7566);
#7564 = CARTESIAN_POINT('',(6.096,6.722945345171,7.965925632398));
#7565 = DIRECTION('',(0.,0.764211304144,-0.644965954619));
#7566 = DIRECTION('',(0.,0.644965954619,0.764211304144));
#7567 = ORIENTED_EDGE('',*,*,#2799,.F.);
#7568 = TOROIDAL_SURFACE('',#7569,10.423721278654,0.254);
#7569 = AXIS2_PLACEMENT_3D('',#7570,#7571,#7572);
#7570 = CARTESIAN_POINT('',(6.096,0.,0.));
#7571 = DIRECTION('',(1.,0.,0.));
#7572 = DIRECTION('',(0.,0.866025403784,0.5));
#7573 = ADVANCED_FACE('',(#7574),#7586,.T.);
#7574 = FACE_BOUND('',#7575,.T.);
#7575 = EDGE_LOOP('',(#7576,#7577,#7578,#7585));
#7576 = ORIENTED_EDGE('',*,*,#7543,.T.);
#7577 = ORIENTED_EDGE('',*,*,#4375,.F.);
#7578 = ORIENTED_EDGE('',*,*,#7579,.F.);
#7579 = EDGE_CURVE('',#968,#2862,#7580,.T.);
#7580 = CIRCLE('',#7581,0.254);
#7581 = AXIS2_PLACEMENT_3D('',#7582,#7583,#7584);
#7582 = CARTESIAN_POINT('',(6.096,5.160436945478,20.692512042579));
#7583 = DIRECTION('',(0.,0.970282359757,-0.241975499472));
#7584 = DIRECTION('',(0.,0.241975499472,0.970282359757));
#7585 = ORIENTED_EDGE('',*,*,#1068,.F.);
#7586 = ( BOUNDED_SURFACE() B_SPLINE_SURFACE(3,2,(
    (#7587,#7588,#7589)
    ,(#7590,#7591,#7592)
    ,(#7593,#7594,#7595)
    ,(#7596,#7597,#7598)
    ,(#7599,#7600,#7601)
    ,(#7602,#7603,#7604)
    ,(#7605,#7606,#7607)
    ,(#7608,#7609,#7610)
    ,(#7611,#7612,#7613)
    ,(#7614,#7615,#7616)
    ,(#7617,#7618,#7619)
    ,(#7620,#7621,#7622)
    ,(#7623,#7624,#7625)
    ,(#7626,#7627,#7628)
    ,(#7629,#7630,#7631)
    ,(#7632,#7633,#7634
)),.UNSPECIFIED.,.F.,.F.,.F.) B_SPLINE_SURFACE_WITH_KNOTS((4,2,2,2,2,2,2
    ,4),(3,3),(-1.864827736675E-17,6.302862152586E-04,1.260572430517E-03
    ,1.890858645776E-03,2.521144861034E-03,3.151431076293E-03,
    3.781717291552E-03,5.042289722069E-03),(0.,1.),.UNSPECIFIED.) 
GEOMETRIC_REPRESENTATION_ITEM() RATIONAL_B_SPLINE_SURFACE((
    (1.,0.719339800339,1.)
    ,(1.,0.720519956587,1.)
    ,(1.,0.72157177917,1.)
    ,(1.,0.723427517735,1.)
    ,(1.,0.72423551914,1.)
    ,(1.,0.725523608834,1.)
    ,(1.,0.726016497448,1.)
    ,(1.,0.726685439394,1.)
    ,(1.,0.726850299689,1.)
    ,(1.,0.726852830998,1.)
    ,(1.,0.726684158082,1.)
    ,(1.,0.726026055132,1.)
    ,(1.,0.725536946748,1.)
    ,(1.,0.723586318038,1.)
    ,(1.,0.721717498228,1.)
,(1.,0.719339800339,1.))) REPRESENTATION_ITEM('') SURFACE() );
#7587 = CARTESIAN_POINT('',(6.35,5.160436945478,20.692512042579));
#7588 = CARTESIAN_POINT('',(6.35,5.101083997479,20.454516383644));
#7589 = CARTESIAN_POINT('',(6.104864472162,5.099012609466,20.44621045493
    ));
#7590 = CARTESIAN_POINT('',(6.35,4.953673154355,20.744076173881));
#7591 = CARTESIAN_POINT('',(6.349999999999,4.912957541322,
    20.502291058699));
#7592 = CARTESIAN_POINT('',(6.105727365157,4.911015427959,20.49312550427
    ));
#7593 = CARTESIAN_POINT('',(6.35,4.745024135486,20.771339139162));
#7594 = CARTESIAN_POINT('',(6.35,4.722543036394,20.527997080618));
#7595 = CARTESIAN_POINT('',(6.106497805582,4.721307563111,20.51794445827
    ));
#7596 = CARTESIAN_POINT('',(6.35,4.324203522329,20.778989099218));
#7597 = CARTESIAN_POINT('',(6.35,4.338342595739,20.53628761471));
#7598 = CARTESIAN_POINT('',(6.107860028304,4.33869579949,20.524959855129
    ));
#7599 = CARTESIAN_POINT('',(6.35,4.110071876037,20.758501339087));
#7600 = CARTESIAN_POINT('',(6.35,4.142622377449,20.518189155698));
#7601 = CARTESIAN_POINT('',(6.108454469543,4.144009908008,
    20.506361186984));
#7602 = CARTESIAN_POINT('',(6.35,3.698465789889,20.6712029376));
#7603 = CARTESIAN_POINT('',(6.35,3.766412829142,20.439322059748));
#7604 = CARTESIAN_POINT('',(6.109403118859,3.769789429663,
    20.427041401631));
#7605 = CARTESIAN_POINT('',(6.35,3.498414650396,20.604699057777));
#7606 = CARTESIAN_POINT('',(6.35,3.583407275832,20.378886085708));
#7607 = CARTESIAN_POINT('',(6.109766719977,3.587912059171,
    20.366599581977));
#7608 = CARTESIAN_POINT('',(6.35,3.1123281245,20.424957003601));
#7609 = CARTESIAN_POINT('',(6.35,3.230381065066,20.215052067514));
#7610 = CARTESIAN_POINT('',(6.110260381018,3.236907071061,
    20.203219773933));
#7611 = CARTESIAN_POINT('',(6.35,2.933041987849,20.314949697571));
#7612 = CARTESIAN_POINT('',(6.35,3.066366552881,20.114565152836));
#7613 = CARTESIAN_POINT('',(6.110382169987,3.073915420754,
    20.103218576335));
#7614 = CARTESIAN_POINT('',(6.35,2.601060300312,20.056014496964));
#7615 = CARTESIAN_POINT('',(6.35,2.762946523508,19.877909388139));
#7616 = CARTESIAN_POINT('',(6.110384039224,2.7721138204,19.867823024185)
  );
#7617 = CARTESIAN_POINT('',(6.35,2.447580846888,19.905317591509));
#7618 = CARTESIAN_POINT('',(6.35,2.622691891867,19.740015438296));
#7619 = CARTESIAN_POINT('',(6.110259436692,2.632591395799,
    19.730820268411));
#7620 = CARTESIAN_POINT('',(6.35,2.182771810037,19.578466826026));
#7621 = CARTESIAN_POINT('',(6.35,2.381051844622,19.441029624104));
#7622 = CARTESIAN_POINT('',(6.109773772056,2.391872868444,
    19.433661502432));
#7623 = CARTESIAN_POINT('',(6.35,2.068971936746,19.400441256761));
#7624 = CARTESIAN_POINT('',(6.35,2.277332154764,19.278070239152));
#7625 = CARTESIAN_POINT('',(6.109412946567,2.288431036248,
    19.271803950686));
#7626 = CARTESIAN_POINT('',(6.35,1.7890146734,18.82694289004));
#7627 = CARTESIAN_POINT('',(6.35,2.022578583132,18.753079143537));
#7628 = CARTESIAN_POINT('',(6.107976338232,2.033974606016,
    18.750377588562));
#7629 = CARTESIAN_POINT('',(6.35,1.692471279495,18.413091344701));
#7630 = CARTESIAN_POINT('',(6.35,1.936078179576,18.374107245946));
#7631 = CARTESIAN_POINT('',(6.106605776727,1.946255741022,
    18.374087333856));
#7632 = CARTESIAN_POINT('',(6.35,1.692471278654,17.983194578433));
#7633 = CARTESIAN_POINT('',(6.35,1.937756227455,17.983194578433));
#7634 = CARTESIAN_POINT('',(6.104864472162,1.946316548717,
    17.983194578433));
#7635 = ADVANCED_FACE('',(#7636),#7648,.T.);
#7636 = FACE_BOUND('',#7637,.T.);
#7637 = EDGE_LOOP('',(#7638,#7639,#7640,#7647));
#7638 = ORIENTED_EDGE('',*,*,#7561,.T.);
#7639 = ORIENTED_EDGE('',*,*,#1009,.F.);
#7640 = ORIENTED_EDGE('',*,*,#7641,.F.);
#7641 = EDGE_CURVE('',#2742,#1002,#7642,.T.);
#7642 = CIRCLE('',#7643,0.254);
#7643 = AXIS2_PLACEMENT_3D('',#7644,#7645,#7646);
#7644 = CARTESIAN_POINT('',(6.096000000002,9.920031456766,7.681630328586
    ));
#7645 = DIRECTION('',(1.775701195893E-13,0.866025403784,0.5));
#7646 = DIRECTION('',(-1.,1.537802345174E-13,8.878505979465E-14));
#7647 = ORIENTED_EDGE('',*,*,#4433,.F.);
#7648 = ( BOUNDED_SURFACE() B_SPLINE_SURFACE(3,2,(
    (#7649,#7650,#7651)
    ,(#7652,#7653,#7654)
    ,(#7655,#7656,#7657)
    ,(#7658,#7659,#7660)
    ,(#7661,#7662,#7663)
    ,(#7664,#7665,#7666)
    ,(#7667,#7668,#7669)
    ,(#7670,#7671,#7672)
    ,(#7673,#7674,#7675)
    ,(#7676,#7677,#7678)
    ,(#7679,#7680,#7681)
    ,(#7682,#7683,#7684)
    ,(#7685,#7686,#7687)
    ,(#7688,#7689,#7690
)),.UNSPECIFIED.,.F.,.F.,.F.) B_SPLINE_SURFACE_WITH_KNOTS((4,2,2,2,2,2,4
    ),(3,3),(2.027458062548E-17,8.499630636417E-04,1.274944595462E-03,
    1.699926127283E-03,2.124907659104E-03,2.549889190925E-03,
    3.399852254567E-03),(0.,1.),.UNSPECIFIED.) 
GEOMETRIC_REPRESENTATION_ITEM() RATIONAL_B_SPLINE_SURFACE((
    (1.,0.719339800339,1.)
    ,(1.,0.720213220053,1.)
    ,(1.,0.720878572747,1.)
    ,(1.,0.721563061131,1.)
    ,(1.,0.721735764944,1.)
    ,(1.,0.721964543843,1.)
    ,(1.,0.722022435699,1.)
    ,(1.,0.722023787706,1.)
    ,(1.,0.721965803279,1.)
    ,(1.,0.721737597971,1.)
    ,(1.,0.721567862916,1.)
    ,(1.,0.720891628261,1.)
    ,(1.,0.720211256155,1.)
,(1.,0.719339800339,1.))) REPRESENTATION_ITEM('') SURFACE() );
#7649 = CARTESIAN_POINT('',(6.35,6.722945345171,7.965925632398));
#7650 = CARTESIAN_POINT('',(6.35,6.881145786329,8.153375163009));
#7651 = CARTESIAN_POINT('',(6.104864472162,6.886666902103,8.159917057284
    ));
#7652 = CARTESIAN_POINT('',(6.35,6.942528828852,7.780605336541));
#7653 = CARTESIAN_POINT('',(6.35,7.080810359432,7.984057503811));
#7654 = CARTESIAN_POINT('',(6.105504036372,7.086285782997,7.991416911511
    ));
#7655 = CARTESIAN_POINT('',(6.35,7.184513002783,7.633061805136));
#7656 = CARTESIAN_POINT('',(6.35,7.30148021507,7.848856829426));
#7657 = CARTESIAN_POINT('',(6.105990179968,7.306269609346,7.857265731444
    ));
#7658 = CARTESIAN_POINT('',(6.35,7.580402918319,7.467809180555));
#7659 = CARTESIAN_POINT('',(6.35,7.66272014276,7.697544865965));
#7660 = CARTESIAN_POINT('',(6.106491825111,7.666167634821,7.707014746796
    ));
#7661 = CARTESIAN_POINT('',(6.35,7.716988892269,7.422830238207));
#7662 = CARTESIAN_POINT('',(6.35,7.78736925194,7.6563626825));
#7663 = CARTESIAN_POINT('',(6.106618470651,7.790336223613,7.666119416735
    ));
#7664 = CARTESIAN_POINT('',(6.35,7.99235325415,7.354842522735));
#7665 = CARTESIAN_POINT('',(6.35,8.038675019582,7.59414907151));
#7666 = CARTESIAN_POINT('',(6.106786257073,8.040666827548,7.604305271538
    ));
#7667 = CARTESIAN_POINT('',(6.35,8.132118726232,7.331400642025));
#7668 = CARTESIAN_POINT('',(6.35,8.166270069201,7.572705191243));
#7669 = CARTESIAN_POINT('',(6.106828730045,8.167726187033,7.582992666044
    ));
#7670 = CARTESIAN_POINT('',(6.35,8.415872452196,7.305905488107));
#7671 = CARTESIAN_POINT('',(6.35,8.425282741605,7.549432054723));
#7672 = CARTESIAN_POINT('',(6.106829721769,8.425684115821,7.559815209487
    ));
#7673 = CARTESIAN_POINT('',(6.35,8.560404785483,7.304078558151));
#7674 = CARTESIAN_POINT('',(6.35,8.557237232579,7.547806837714));
#7675 = CARTESIAN_POINT('',(6.106787180879,8.557077307034,7.558156172528
    ));
#7676 = CARTESIAN_POINT('',(6.35,8.8440216281,7.32224177126));
#7677 = CARTESIAN_POINT('',(6.35,8.816104069653,7.564546096948));
#7678 = CARTESIAN_POINT('',(6.106619814859,8.814911432975,7.574675299767
    ));
#7679 = CARTESIAN_POINT('',(6.35,8.98429339229,7.342033924945));
#7680 = CARTESIAN_POINT('',(6.35,8.944139922585,7.582738225857));
#7681 = CARTESIAN_POINT('',(6.106495346056,8.94243168907,7.592673457331)
  );
#7682 = CARTESIAN_POINT('',(6.35,9.400504536135,7.433501443492));
#7683 = CARTESIAN_POINT('',(6.35,9.324014830405,7.666708563471));
#7684 = CARTESIAN_POINT('',(6.10599974447,9.320807330155,7.675846810996)
  );
#7685 = CARTESIAN_POINT('',(6.35,9.672763500855,7.538870112134));
#7686 = CARTESIAN_POINT('',(6.350000000001,9.572409264115,7.763452648604
    ));
#7687 = CARTESIAN_POINT('',(6.105499920341,9.568317305532,7.771657715503
    ));
#7688 = CARTESIAN_POINT('',(6.35,9.920031456765,7.681630328586));
#7689 = CARTESIAN_POINT('',(6.35,9.797388982365,7.894053325414));
#7690 = CARTESIAN_POINT('',(6.104864472162,9.793108821734,7.901466781091
    ));
#7691 = ADVANCED_FACE('',(#7692),#7704,.T.);
#7692 = FACE_BOUND('',#7693,.T.);
#7693 = EDGE_LOOP('',(#7694,#7695,#7696,#7703));
#7694 = ORIENTED_EDGE('',*,*,#7579,.T.);
#7695 = ORIENTED_EDGE('',*,*,#2859,.F.);
#7696 = ORIENTED_EDGE('',*,*,#7697,.F.);
#7697 = EDGE_CURVE('',#970,#2860,#7698,.T.);
#7698 = CIRCLE('',#7699,0.254);
#7699 = AXIS2_PLACEMENT_3D('',#7700,#7701,#7702);
#7700 = CARTESIAN_POINT('',(6.096,15.34002262425,14.815325510701));
#7701 = DIRECTION('',(0.,0.694698109515,-0.719301422657));
#7702 = DIRECTION('',(0.,0.719301422657,0.694698109515));
#7703 = ORIENTED_EDGE('',*,*,#967,.F.);
#7704 = TOROIDAL_SURFACE('',#7705,21.326278721346,0.254);
#7705 = AXIS2_PLACEMENT_3D('',#7706,#7707,#7708);
#7706 = CARTESIAN_POINT('',(6.096,0.,0.));
#7707 = DIRECTION('',(1.,0.,0.));
#7708 = DIRECTION('',(0.,0.866025403784,0.5));
#7709 = ADVANCED_FACE('',(#7710),#7722,.T.);
#7710 = FACE_BOUND('',#7711,.T.);
#7711 = EDGE_LOOP('',(#7712,#7713,#7714,#7721));
#7712 = ORIENTED_EDGE('',*,*,#7641,.T.);
#7713 = ORIENTED_EDGE('',*,*,#1001,.F.);
#7714 = ORIENTED_EDGE('',*,*,#7715,.F.);
#7715 = EDGE_CURVE('',#2720,#979,#7716,.T.);
#7716 = CIRCLE('',#7717,0.254);
#7717 = AXIS2_PLACEMENT_3D('',#7718,#7719,#7720);
#7718 = CARTESIAN_POINT('',(6.096,14.727667706795,10.457320411706));
#7719 = DIRECTION('',(8.195543980993E-14,0.866025403784,0.5));
#7720 = DIRECTION('',(-1.,7.097549285372E-14,4.097771990496E-14));
#7721 = ORIENTED_EDGE('',*,*,#2750,.F.);
#7722 = CYLINDRICAL_SURFACE('',#7723,0.254);
#7723 = AXIS2_PLACEMENT_3D('',#7724,#7725,#7726);
#7724 = CARTESIAN_POINT('',(6.096,-0.846235639327,1.46572312249));
#7725 = DIRECTION('',(0.,0.866025403784,0.5));
#7726 = DIRECTION('',(0.,-0.5,0.866025403784));
#7727 = ADVANCED_FACE('',(#7728),#7734,.T.);
#7728 = FACE_BOUND('',#7729,.T.);
#7729 = EDGE_LOOP('',(#7730,#7731,#7732,#7733));
#7730 = ORIENTED_EDGE('',*,*,#7697,.T.);
#7731 = ORIENTED_EDGE('',*,*,#4481,.F.);
#7732 = ORIENTED_EDGE('',*,*,#7715,.T.);
#7733 = ORIENTED_EDGE('',*,*,#978,.F.);
#7734 = ( BOUNDED_SURFACE() B_SPLINE_SURFACE(3,2,(
    (#7735,#7736,#7737)
    ,(#7738,#7739,#7740)
    ,(#7741,#7742,#7743)
    ,(#7744,#7745,#7746)
    ,(#7747,#7748,#7749)
    ,(#7750,#7751,#7752)
    ,(#7753,#7754,#7755)
    ,(#7756,#7757,#7758)
    ,(#7759,#7760,#7761)
    ,(#7762,#7763,#7764)
    ,(#7765,#7766,#7767)
    ,(#7768,#7769,#7770)
    ,(#7771,#7772,#7773)
    ,(#7774,#7775,#7776)
    ,(#7777,#7778,#7779)
    ,(#7780,#7781,#7782
)),.UNSPECIFIED.,.F.,.F.,.F.) B_SPLINE_SURFACE_WITH_KNOTS((4,2,2,2,2,2,2
    ,4),(3,3),(2.114194236347E-17,6.302862164565E-04,1.260572432913E-03,
    1.890858649369E-03,2.521144865826E-03,3.151431082282E-03,
    3.781717298739E-03,5.042289731652E-03),(0.,1.),.UNSPECIFIED.) 
GEOMETRIC_REPRESENTATION_ITEM() RATIONAL_B_SPLINE_SURFACE((
    (1.,0.719339800339,1.)
    ,(1.,0.720520310974,1.)
    ,(1.,0.721572383861,1.)
    ,(1.,0.723428424857,1.)
    ,(1.,0.724236476047,1.)
    ,(1.,0.725524494621,1.)
    ,(1.,0.726017265083,1.)
    ,(1.,0.726685869095,1.)
    ,(1.,0.726850516466,1.)
    ,(1.,0.726852618717,1.)
    ,(1.,0.726683728434,1.)
    ,(1.,0.726025291018,1.)
    ,(1.,0.725536062206,1.)
    ,(1.,0.723585324059,1.)
    ,(1.,0.721716778597,1.)
,(1.,0.719339800339,1.))) REPRESENTATION_ITEM('') SURFACE() );
#7735 = CARTESIAN_POINT('',(6.35,14.727667706795,10.457320411706));
#7736 = CARTESIAN_POINT('',(6.35,14.605025232394,10.669743408534));
#7737 = CARTESIAN_POINT('',(6.104864472162,14.600745071763,
    10.677156864211));
#7738 = CARTESIAN_POINT('',(6.35,14.912214699318,10.563868672808));
#7739 = CARTESIAN_POINT('',(6.35,14.77353388727,10.766069851451));
#7740 = CARTESIAN_POINT('',(6.105727624065,14.76856352146,
    10.774012086417));
#7741 = CARTESIAN_POINT('',(6.35,15.081235774778,10.689206450988));
#7742 = CARTESIAN_POINT('',(6.35,14.928357437389,10.879859960579));
#7743 = CARTESIAN_POINT('',(6.106498248748,14.922262357205,
    10.887949459371));
#7744 = CARTESIAN_POINT('',(6.35,15.389247072657,10.976047088001));
#7745 = CARTESIAN_POINT('',(6.35,15.210473000344,11.140799769156));
#7746 = CARTESIAN_POINT('',(6.107860694899,15.202349155531,
    11.148702918432));
#7747 = CARTESIAN_POINT('',(6.35,15.529039473263,11.139540804516));
#7748 = CARTESIAN_POINT('',(6.35,15.338681974079,11.289784529426));
#7749 = CARTESIAN_POINT('',(6.108455173681,15.329466546339,
    11.297328876659));
#7750 = CARTESIAN_POINT('',(6.35,15.764462290157,11.488276630136));
#7751 = CARTESIAN_POINT('',(6.35,15.554501228308,11.607865897782));
#7752 = CARTESIAN_POINT('',(6.109403771825,15.543540567486,
    11.614353956727));
#7753 = CARTESIAN_POINT('',(6.35,15.862159237143,11.675088112554));
#7754 = CARTESIAN_POINT('',(6.35,15.644152580229,11.77847130312));
#7755 = CARTESIAN_POINT('',(6.109767286268,15.632376393311,
    11.784179705803));
#7756 = CARTESIAN_POINT('',(6.35,16.015005342682,12.072590415917));
#7757 = CARTESIAN_POINT('',(6.35,15.784269436087,12.141564129771));
#7758 = CARTESIAN_POINT('',(6.110260698329,15.771355107257,
    12.145541541678));
#7759 = CARTESIAN_POINT('',(6.35,16.06754423297,12.2762685727));
#7760 = CARTESIAN_POINT('',(6.35,15.832437073435,12.327785154144));
#7761 = CARTESIAN_POINT('',(6.110382330073,15.819124567365,
    12.330702541336));
#7762 = CARTESIAN_POINT('',(6.35,16.126457306602,12.693148090056));
#7763 = CARTESIAN_POINT('',(6.35,15.886282893122,12.708797353118));
#7764 = CARTESIAN_POINT('',(6.110383882458,15.872681995757,
    12.709683908275));
#7765 = CARTESIAN_POINT('',(6.35,16.132166423607,12.908166473305));
#7766 = CARTESIAN_POINT('',(6.35,15.89137340071,12.905419268924));
#7767 = CARTESIAN_POINT('',(6.110259119422,15.877865094636,
    12.905156151088));
#7768 = CARTESIAN_POINT('',(6.35,16.095581312658,13.327233030455));
#7769 = CARTESIAN_POINT('',(6.35,15.857480304087,13.288347000511));
#7770 = CARTESIAN_POINT('',(6.109773208357,15.844578610268,
    13.28612958509));
#7771 = CARTESIAN_POINT('',(6.35,16.053763691787,13.534343641756));
#7772 = CARTESIAN_POINT('',(6.35,15.818878368233,13.47761770407));
#7773 = CARTESIAN_POINT('',(6.109412294507,15.806542322793,
    13.474414809349));
#7774 = CARTESIAN_POINT('',(6.35,15.856729137887,14.141347605284));
#7775 = CARTESIAN_POINT('',(6.35,15.637412627344,14.032221242236));
#7776 = CARTESIAN_POINT('',(6.107975607399,15.627339301535,
    14.026247935497));
#7777 = CARTESIAN_POINT('',(6.35,15.638671096455,14.506100152476));
#7778 = CARTESIAN_POINT('',(6.35,15.436362016926,14.364907608972));
#7779 = CARTESIAN_POINT('',(6.106605254414,15.429027530054,
    14.357852211692));
#7780 = CARTESIAN_POINT('',(6.35,15.34002262425,14.815325510701));
#7781 = CARTESIAN_POINT('',(6.35,15.163588811621,14.644926520477));
#7782 = CARTESIAN_POINT('',(6.104864472162,15.157431360359,
    14.638979681479));
#7783 = ADVANCED_FACE('',(#7784),#7802,.T.);
#7784 = FACE_BOUND('',#7785,.T.);
#7785 = EDGE_LOOP('',(#7786,#7793,#7794,#7801));
#7786 = ORIENTED_EDGE('',*,*,#7787,.F.);
#7787 = EDGE_CURVE('',#2978,#1155,#7788,.T.);
#7788 = CIRCLE('',#7789,0.254);
#7789 = AXIS2_PLACEMENT_3D('',#7790,#7791,#7792);
#7790 = CARTESIAN_POINT('',(6.096,10.2601666349,1.839278640973));
#7791 = DIRECTION('',(0.,0.176451249204,-0.984309380558));
#7792 = DIRECTION('',(0.,0.984309380558,0.176451249204));
#7793 = ORIENTED_EDGE('',*,*,#4115,.F.);
#7794 = ORIENTED_EDGE('',*,*,#7795,.F.);
#7795 = EDGE_CURVE('',#1164,#3005,#7796,.T.);
#7796 = CIRCLE('',#7797,0.254);
#7797 = AXIS2_PLACEMENT_3D('',#7798,#7799,#7800);
#7798 = CARTESIAN_POINT('',(6.096,11.612502735419,4.750184083606));
#7799 = DIRECTION('',(-0.,0.866025403784,0.5));
#7800 = DIRECTION('',(0.,-0.5,0.866025403784));
#7801 = ORIENTED_EDGE('',*,*,#1163,.F.);
#7802 = ( BOUNDED_SURFACE() B_SPLINE_SURFACE(3,2,(
    (#7803,#7804,#7805)
    ,(#7806,#7807,#7808)
    ,(#7809,#7810,#7811)
    ,(#7812,#7813,#7814)
    ,(#7815,#7816,#7817)
    ,(#7818,#7819,#7820)
    ,(#7821,#7822,#7823)
    ,(#7824,#7825,#7826)
    ,(#7827,#7828,#7829)
    ,(#7830,#7831,#7832)
    ,(#7833,#7834,#7835)
    ,(#7836,#7837,#7838)
    ,(#7839,#7840,#7841)
    ,(#7842,#7843,#7844
)),.UNSPECIFIED.,.F.,.F.,.F.) B_SPLINE_SURFACE_WITH_KNOTS((4,2,2,2,2,2,4
    ),(3,3),(-5.421010862428E-18,8.499630636327E-04,1.274944595449E-03,
    1.699926127265E-03,2.124907659082E-03,2.549889190898E-03,
    3.399852254531E-03),(0.,1.),.UNSPECIFIED.) 
GEOMETRIC_REPRESENTATION_ITEM() RATIONAL_B_SPLINE_SURFACE((
    (1.,0.719339800339,1.)
    ,(1.,0.720213108911,1.)
    ,(1.,0.720878427351,1.)
    ,(1.,0.721562934652,1.)
    ,(1.,0.721735656519,1.)
    ,(1.,0.721964483268,1.)
    ,(1.,0.722022404989,1.)
    ,(1.,0.72202381733,1.)
    ,(1.,0.721965863406,1.)
    ,(1.,0.721737706159,1.)
    ,(1.,0.721567988961,1.)
    ,(1.,0.720891773874,1.)
    ,(1.,0.720211367785,1.)
,(1.,0.719339800339,1.))) REPRESENTATION_ITEM('') SURFACE() );
#7803 = CARTESIAN_POINT('',(6.35,11.612502735419,4.750184083606));
#7804 = CARTESIAN_POINT('',(6.35,11.735145209819,4.537761086779));
#7805 = CARTESIAN_POINT('',(6.104864472162,11.73942537045,4.530347631101
    ));
#7806 = CARTESIAN_POINT('',(6.35,11.36366466094,4.606517347134));
#7807 = CARTESIAN_POINT('',(6.35,11.508119574291,4.40740084745));
#7808 = CARTESIAN_POINT('',(6.105503955237,11.513184241134,
    4.399753040085));
#7809 = CARTESIAN_POINT('',(6.35,11.142760249019,4.428959821535));
#7810 = CARTESIAN_POINT('',(6.35,11.306058566177,4.245704450107));
#7811 = CARTESIAN_POINT('',(6.105990073472,11.312343186581,
    4.238345810489));
#7812 = CARTESIAN_POINT('',(6.35,10.852970653659,4.1126383942));
#7813 = CARTESIAN_POINT('',(6.35,11.041140670811,3.957246313274));
#7814 = CARTESIAN_POINT('',(6.106491732387,11.048878682563,
    3.950789898165));
#7815 = CARTESIAN_POINT('',(6.35,10.764311094348,3.999420391634));
#7816 = CARTESIAN_POINT('',(6.35,10.960103271221,3.853968481316));
#7817 = CARTESIAN_POINT('',(6.106618391142,10.96827418186,3.8478667179)
  );
#7818 = CARTESIAN_POINT('',(6.35,10.606914509404,3.763466632638));
#7819 = CARTESIAN_POINT('',(6.35,10.816302270915,3.638686359707));
#7820 = CARTESIAN_POINT('',(6.106786212637,10.825179883097,
    3.633366317432));
#7821 = CARTESIAN_POINT('',(6.35,10.537435115165,3.639949335312));
#7822 = CARTESIAN_POINT('',(6.35,10.752832256036,3.525939327867));
#7823 = CARTESIAN_POINT('',(6.106828707517,10.762015153287,
    3.521078629166));
#7824 = CARTESIAN_POINT('',(6.35,10.417162815551,3.381684444644));
#7825 = CARTESIAN_POINT('',(6.35,10.64304580049,3.290193410712));
#7826 = CARTESIAN_POINT('',(6.1068297435,10.652676657406,3.286292384291)
  );
#7827 = CARTESIAN_POINT('',(6.35,10.366398192944,3.246348247826));
#7828 = CARTESIAN_POINT('',(6.35,10.596739107948,3.166620274475));
#7829 = CARTESIAN_POINT('',(6.106787224987,10.606528646185,
    3.163258713474));
#7830 = CARTESIAN_POINT('',(6.35,10.287240135325,2.97339693784));
#7831 = CARTESIAN_POINT('',(6.35,10.524640307995,2.917433581595));
#7832 = CARTESIAN_POINT('',(6.106619894195,10.534573252802,
    2.915118150167));
#7833 = CARTESIAN_POINT('',(6.35,10.258257571981,2.834732204922));
#7834 = CARTESIAN_POINT('',(6.35,10.498304822962,2.790821665474));
#7835 = CARTESIAN_POINT('',(6.106495438463,10.508230284515,
    2.789057064595));
#7836 = CARTESIAN_POINT('',(6.35,10.203059126781,2.412179067133));
#7837 = CARTESIAN_POINT('',(6.35,10.448384508181,2.404992775746));
#7838 = CARTESIAN_POINT('',(6.105999851127,10.458069057779,
    2.404908938539));
#7839 = CARTESIAN_POINT('',(6.35,10.209786200428,2.120319088848));
#7840 = CARTESIAN_POINT('',(6.35,10.45509706318,2.138507903544));
#7841 = CARTESIAN_POINT('',(6.105500000965,10.464203908428,
    2.139572772245));
#7842 = CARTESIAN_POINT('',(6.35,10.2601666349,1.839278640973));
#7843 = CARTESIAN_POINT('',(6.35,10.501602910915,1.8825594766));
#7844 = CARTESIAN_POINT('',(6.104864472162,10.510028915433,1.88406995598
    ));
#7845 = ADVANCED_FACE('',(#7846),#7858,.T.);
#7846 = FACE_BOUND('',#7847,.T.);
#7847 = EDGE_LOOP('',(#7848,#7849,#7850,#7857));
#7848 = ORIENTED_EDGE('',*,*,#7795,.T.);
#7849 = ORIENTED_EDGE('',*,*,#3035,.F.);
#7850 = ORIENTED_EDGE('',*,*,#7851,.F.);
#7851 = EDGE_CURVE('',#1185,#3024,#7852,.T.);
#7852 = CIRCLE('',#7853,0.254);
#7853 = AXIS2_PLACEMENT_3D('',#7854,#7855,#7856);
#7854 = CARTESIAN_POINT('',(6.096,16.420138985448,7.525874166726));
#7855 = DIRECTION('',(-0.,0.866025403784,0.5));
#7856 = DIRECTION('',(0.,-0.5,0.866025403784));
#7857 = ORIENTED_EDGE('',*,*,#1184,.F.);
#7858 = CYLINDRICAL_SURFACE('',#7859,0.254);
#7859 = AXIS2_PLACEMENT_3D('',#7860,#7861,#7862);
#7860 = CARTESIAN_POINT('',(6.096,0.846235639327,-1.46572312249));
#7861 = DIRECTION('',(0.,0.866025403784,0.5));
#7862 = DIRECTION('',(0.,-0.5,0.866025403784));
#7863 = ADVANCED_FACE('',(#7864),#7876,.T.);
#7864 = FACE_BOUND('',#7865,.T.);
#7865 = EDGE_LOOP('',(#7866,#7867,#7868,#7875));
#7866 = ORIENTED_EDGE('',*,*,#7787,.T.);
#7867 = ORIENTED_EDGE('',*,*,#1154,.F.);
#7868 = ORIENTED_EDGE('',*,*,#7869,.F.);
#7869 = EDGE_CURVE('',#2955,#1134,#7870,.T.);
#7870 = CIRCLE('',#7871,0.254);
#7871 = AXIS2_PLACEMENT_3D('',#7872,#7873,#7874);
#7872 = CARTESIAN_POINT('',(6.096,10.2601666349,-1.839278640974));
#7873 = DIRECTION('',(0.,-0.176451249204,-0.984309380558));
#7874 = DIRECTION('',(0.,0.984309380558,-0.176451249204));
#7875 = ORIENTED_EDGE('',*,*,#2989,.F.);
#7876 = TOROIDAL_SURFACE('',#7877,10.423721278654,0.254);
#7877 = AXIS2_PLACEMENT_3D('',#7878,#7879,#7880);
#7878 = CARTESIAN_POINT('',(6.096,0.,0.));
#7879 = DIRECTION('',(1.,0.,0.));
#7880 = DIRECTION('',(0.,0.866025403784,0.5));
#7881 = ADVANCED_FACE('',(#7882),#7894,.T.);
#7882 = FACE_BOUND('',#7883,.T.);
#7883 = EDGE_LOOP('',(#7884,#7885,#7886,#7893));
#7884 = ORIENTED_EDGE('',*,*,#7851,.T.);
#7885 = ORIENTED_EDGE('',*,*,#4163,.F.);
#7886 = ORIENTED_EDGE('',*,*,#7887,.F.);
#7887 = EDGE_CURVE('',#1092,#3052,#7888,.T.);
#7888 = CIRCLE('',#7889,0.254);
#7889 = AXIS2_PLACEMENT_3D('',#7890,#7891,#7892);
#7890 = CARTESIAN_POINT('',(6.096,20.500459569728,5.877186531878));
#7891 = DIRECTION('',(0.,0.275584250242,-0.961276922129));
#7892 = DIRECTION('',(0.,0.961276922129,0.275584250242));
#7893 = ORIENTED_EDGE('',*,*,#1192,.F.);
#7894 = ( BOUNDED_SURFACE() B_SPLINE_SURFACE(3,2,(
    (#7895,#7896,#7897)
    ,(#7898,#7899,#7900)
    ,(#7901,#7902,#7903)
    ,(#7904,#7905,#7906)
    ,(#7907,#7908,#7909)
    ,(#7910,#7911,#7912)
    ,(#7913,#7914,#7915)
    ,(#7916,#7917,#7918)
    ,(#7919,#7920,#7921)
    ,(#7922,#7923,#7924)
    ,(#7925,#7926,#7927)
    ,(#7928,#7929,#7930)
    ,(#7931,#7932,#7933)
    ,(#7934,#7935,#7936)
    ,(#7937,#7938,#7939)
    ,(#7940,#7941,#7942
)),.UNSPECIFIED.,.F.,.F.,.F.) B_SPLINE_SURFACE_WITH_KNOTS((4,2,2,2,2,2,2
    ,4),(3,3),(-1.810617628051E-17,6.302862152586E-04,1.260572430517E-03
    ,1.890858645776E-03,2.521144861034E-03,3.151431076293E-03,
    3.781717291551E-03,5.042289722069E-03),(0.,1.),.UNSPECIFIED.) 
GEOMETRIC_REPRESENTATION_ITEM() RATIONAL_B_SPLINE_SURFACE((
    (1.,0.719339800339,1.)
    ,(1.,0.720519956587,1.)
    ,(1.,0.72157177917,1.)
    ,(1.,0.723427517735,1.)
    ,(1.,0.72423551914,1.)
    ,(1.,0.725523608834,1.)
    ,(1.,0.726016497448,1.)
    ,(1.,0.726685439394,1.)
    ,(1.,0.726850299689,1.)
    ,(1.,0.726852830998,1.)
    ,(1.,0.726684158082,1.)
    ,(1.,0.726026055132,1.)
    ,(1.,0.725536946748,1.)
    ,(1.,0.723586318038,1.)
    ,(1.,0.721717498228,1.)
,(1.,0.719339800339,1.))) REPRESENTATION_ITEM('') SURFACE() );
#7895 = CARTESIAN_POINT('',(6.35,20.500459569728,5.877186531878));
#7896 = CARTESIAN_POINT('',(6.35,20.2646728091,5.809589863167));
#7897 = CARTESIAN_POINT('',(6.104864472162,20.256443969825,5.80723077345
    ));
#7898 = CARTESIAN_POINT('',(6.35,20.441733521797,6.082031293224));
#7899 = CARTESIAN_POINT('',(6.35,20.211983663276,5.996399490851));
#7900 = CARTESIAN_POINT('',(6.105727365157,20.20307500362,5.993498633145
    ));
#7901 = CARTESIAN_POINT('',(6.35,20.361019432879,6.276358126679));
#7902 = CARTESIAN_POINT('',(6.35,20.139038478825,6.174156300327));
#7903 = CARTESIAN_POINT('',(6.106497805582,20.129714915855,
    6.170199940402));
#7904 = CARTESIAN_POINT('',(6.35,20.157234186047,6.644624448138));
#7905 = CARTESIAN_POINT('',(6.35,19.954118071632,6.511028909125));
#7906 = CARTESIAN_POINT('',(6.107860028304,19.944484545943,
    6.505059145914));
#7907 = CARTESIAN_POINT('',(6.35,20.032425442161,6.819824013516));
#7908 = CARTESIAN_POINT('',(6.35,19.840584237213,6.671478360692));
#7909 = CARTESIAN_POINT('',(6.108454469543,19.831034681111,
    6.664362739623));
#7910 = CARTESIAN_POINT('',(6.35,19.75101976569,7.132636139729));
#7911 = CARTESIAN_POINT('',(6.35,19.584178554444,6.957851838697));
#7912 = CARTESIAN_POINT('',(6.109403118859,19.5752314928,6.948787287809)
  );
#7913 = CARTESIAN_POINT('',(6.35,19.593400146567,7.272633568674));
#7914 = CARTESIAN_POINT('',(6.35,19.440336688969,7.086121309878));
#7915 = CARTESIAN_POINT('',(6.109766719977,19.431948656283,
    7.076076801202));
#7916 = CARTESIAN_POINT('',(6.35,19.244695698573,7.51712328107));
#7917 = CARTESIAN_POINT('',(6.35,19.121939161825,7.309933967505));
#7918 = CARTESIAN_POINT('',(6.110260381018,19.114955097996,
    7.298366133738));
#7919 = CARTESIAN_POINT('',(6.35,19.059783508624,7.617385976942));
#7920 = CARTESIAN_POINT('',(6.35,18.952907684874,7.401731244307));
#7921 = CARTESIAN_POINT('',(6.110382169987,18.946855695314,7.38952044471
    ));
#7922 = CARTESIAN_POINT('',(6.35,18.669548203197,7.775422951637));
#7923 = CARTESIAN_POINT('',(6.35,18.596247766008,7.546172815415));
#7924 = CARTESIAN_POINT('',(6.110384039224,18.592096367037,
    7.533190521444));
#7925 = CARTESIAN_POINT('',(6.35,18.462301128089,7.832991604533));
#7926 = CARTESIAN_POINT('',(6.35,18.406700786595,7.598689914492));
#7927 = CARTESIAN_POINT('',(6.110259436692,18.403687287848,7.58551910766
    ));
#7928 = CARTESIAN_POINT('',(6.35,18.046835543508,7.898897574857));
#7929 = CARTESIAN_POINT('',(6.35,18.026951452511,7.658463426882));
#7930 = CARTESIAN_POINT('',(6.109773772056,18.025980983876,
    7.645408084521));
#7931 = CARTESIAN_POINT('',(6.35,17.835760941355,7.908438371441));
#7932 = CARTESIAN_POINT('',(6.35,17.833964640428,7.666807620695));
#7933 = CARTESIAN_POINT('',(6.109412946567,17.834087316171,
    7.654062563143));
#7934 = CARTESIAN_POINT('',(6.35,17.199118155074,7.864139290113));
#7935 = CARTESIAN_POINT('',(6.35,17.25193222905,7.624935137626));
#7936 = CARTESIAN_POINT('',(6.107976338232,17.255290625254,
    7.613715114818));
#7937 = CARTESIAN_POINT('',(6.35,16.792440506461,7.740822549132));
#7938 = CARTESIAN_POINT('',(6.35,16.880482736636,7.510360735747));
#7939 = CARTESIAN_POINT('',(6.106605776727,16.885554272983,
    7.501536752942));
#7940 = CARTESIAN_POINT('',(6.35,16.420138985448,7.525874166726));
#7941 = CARTESIAN_POINT('',(6.35,16.542781459849,7.313451169899));
#7942 = CARTESIAN_POINT('',(6.104864472162,16.54706162048,7.306037714221
    ));
#7943 = ADVANCED_FACE('',(#7944),#7956,.T.);
#7944 = FACE_BOUND('',#7945,.T.);
#7945 = EDGE_LOOP('',(#7946,#7947,#7948,#7955));
#7946 = ORIENTED_EDGE('',*,*,#7869,.T.);
#7947 = ORIENTED_EDGE('',*,*,#1133,.F.);
#7948 = ORIENTED_EDGE('',*,*,#7949,.F.);
#7949 = EDGE_CURVE('',#2932,#1126,#7950,.T.);
#7950 = CIRCLE('',#7951,0.254);
#7951 = AXIS2_PLACEMENT_3D('',#7952,#7953,#7954);
#7952 = CARTESIAN_POINT('',(6.096000000002,11.612502735419,
    -4.750184083607));
#7953 = DIRECTION('',(1.701187674979E-13,0.866025403784,-0.5));
#7954 = DIRECTION('',(6.058451752097E-28,0.5,0.866025403784));
#7955 = ORIENTED_EDGE('',*,*,#4221,.F.);
#7956 = ( BOUNDED_SURFACE() B_SPLINE_SURFACE(3,2,(
    (#7957,#7958,#7959)
    ,(#7960,#7961,#7962)
    ,(#7963,#7964,#7965)
    ,(#7966,#7967,#7968)
    ,(#7969,#7970,#7971)
    ,(#7972,#7973,#7974)
    ,(#7975,#7976,#7977)
    ,(#7978,#7979,#7980)
    ,(#7981,#7982,#7983)
    ,(#7984,#7985,#7986)
    ,(#7987,#7988,#7989)
    ,(#7990,#7991,#7992)
    ,(#7993,#7994,#7995)
    ,(#7996,#7997,#7998
)),.UNSPECIFIED.,.F.,.F.,.F.) B_SPLINE_SURFACE_WITH_KNOTS((4,2,2,2,2,2,4
    ),(3,3),(2.081668171172E-17,8.499630636417E-04,1.274944595462E-03,
    1.699926127283E-03,2.124907659104E-03,2.549889190925E-03,
    3.399852254567E-03),(0.,1.),.UNSPECIFIED.) 
GEOMETRIC_REPRESENTATION_ITEM() RATIONAL_B_SPLINE_SURFACE((
    (1.,0.719339800339,1.)
    ,(1.,0.720213220053,1.)
    ,(1.,0.720878572747,1.)
    ,(1.,0.721563061131,1.)
    ,(1.,0.721735764944,1.)
    ,(1.,0.721964543843,1.)
    ,(1.,0.722022435699,1.)
    ,(1.,0.722023787706,1.)
    ,(1.,0.721965803279,1.)
    ,(1.,0.721737597971,1.)
    ,(1.,0.721567862916,1.)
    ,(1.,0.720891628261,1.)
    ,(1.,0.720211256155,1.)
,(1.,0.719339800339,1.))) REPRESENTATION_ITEM('') SURFACE() );
#7957 = CARTESIAN_POINT('',(6.35,10.2601666349,-1.839278640974));
#7958 = CARTESIAN_POINT('',(6.35,10.501602910915,-1.8825594766));
#7959 = CARTESIAN_POINT('',(6.104864472162,10.510028915433,
    -1.884069955981));
#7960 = CARTESIAN_POINT('',(6.35,10.20946629269,-2.122103664021));
#7961 = CARTESIAN_POINT('',(6.35,10.454801803292,-2.140132898743));
#7962 = CARTESIAN_POINT('',(6.105504036372,10.463912949099,
    -2.141195050796));
#7963 = CARTESIAN_POINT('',(6.35,10.202681933296,-2.405439871661));
#7964 = CARTESIAN_POINT('',(6.35,10.448049512485,-2.398838936766));
#7965 = CARTESIAN_POINT('',(6.105990179968,10.457726532388,
    -2.39878222287));
#7966 = CARTESIAN_POINT('',(6.35,10.257513920134,-2.830916907909));
#7967 = CARTESIAN_POINT('',(6.35,10.497629472076,-2.787337872738));
#7968 = CARTESIAN_POINT('',(6.106491825111,10.507554375477,
    -2.785588548028));
#7969 = CARTESIAN_POINT('',(6.35,10.2868540004,-2.971693302324));
#7970 = CARTESIAN_POINT('',(6.35,10.524289209603,-2.91587825958));
#7971 = CARTESIAN_POINT('',(6.106618470651,10.534222275144,
    -2.913569365303));
#7972 = CARTESIAN_POINT('',(6.35,10.365657092598,-3.244159692746));
#7973 = CARTESIAN_POINT('',(6.35,10.596063525845,-3.164622243971));
#7974 = CARTESIAN_POINT('',(6.106786257073,10.605854957058,
    -3.161269100254));
#7975 = CARTESIAN_POINT('',(6.35,10.415238564431,-3.376921082496));
#7976 = CARTESIAN_POINT('',(6.35,10.641290105587,-3.285844738471));
#7977 = CARTESIAN_POINT('',(6.106828730045,10.650927379021,
    -3.281962036104));
#7978 = CARTESIAN_POINT('',(6.35,10.535035976447,-3.635406594558));
#7979 = CARTESIAN_POINT('',(6.35,10.750641314337,-3.521792860936));
#7980 = CARTESIAN_POINT('',(6.106829721769,10.759834077242,
    -3.51694888382));
#7981 = CARTESIAN_POINT('',(6.35,10.605719975337,-3.761488731831));
#7982 = CARTESIAN_POINT('',(6.35,10.815211080608,-3.636881410766));
#7983 = CARTESIAN_POINT('',(6.106787180879,10.824093904696,
    -3.631568243774));
#7984 = CARTESIAN_POINT('',(6.35,10.763258200613,-3.998026515924));
#7985 = CARTESIAN_POINT('',(6.35,10.959141122882,-3.852697038252));
#7986 = CARTESIAN_POINT('',(6.106619814859,10.967316951504,
    -3.846599583182));
#7987 = CARTESIAN_POINT('',(6.35,10.850534590595,-4.109609350303));
#7988 = CARTESIAN_POINT('',(6.35,11.038913895132,-3.954483275033));
#7989 = CARTESIAN_POINT('',(6.106495346056,11.046663941224,
    -3.948036285677));
#7990 = CARTESIAN_POINT('',(6.35,11.1378533572,-4.424325014937));
#7991 = CARTESIAN_POINT('',(6.35,11.30157179458,-4.241479426658));
#7992 = CARTESIAN_POINT('',(6.10599974447,11.307881998958,
    -4.234132526196));
#7993 = CARTESIAN_POINT('',(6.35,11.365234783367,-4.607423860472));
#7994 = CARTESIAN_POINT('',(6.350000000001,11.509551846826,
    -4.408223273844));
#7995 = CARTESIAN_POINT('',(6.105499920341,11.514611663909,
    -4.400577000309));
#7996 = CARTESIAN_POINT('',(6.35,11.612502735419,-4.750184083607));
#7997 = CARTESIAN_POINT('',(6.35,11.73514520982,-4.537761086779));
#7998 = CARTESIAN_POINT('',(6.104864472162,11.739425370451,
    -4.530347631102));
#7999 = ADVANCED_FACE('',(#8000),#8012,.T.);
#8000 = FACE_BOUND('',#8001,.T.);
#8001 = EDGE_LOOP('',(#8002,#8003,#8004,#8011));
#8002 = ORIENTED_EDGE('',*,*,#7887,.T.);
#8003 = ORIENTED_EDGE('',*,*,#3049,.F.);
#8004 = ORIENTED_EDGE('',*,*,#8005,.F.);
#8005 = EDGE_CURVE('',#1094,#3050,#8006,.T.);
#8006 = CIRCLE('',#8007,0.254);
#8007 = AXIS2_PLACEMENT_3D('',#8008,#8009,#8010);
#8008 = CARTESIAN_POINT('',(6.096,20.500459569728,-5.877186531878));
#8009 = DIRECTION('',(0.,-0.275584250242,-0.961276922129));
#8010 = DIRECTION('',(0.,0.961276922129,-0.275584250242));
#8011 = ORIENTED_EDGE('',*,*,#1091,.F.);
#8012 = TOROIDAL_SURFACE('',#8013,21.326278721346,0.254);
#8013 = AXIS2_PLACEMENT_3D('',#8014,#8015,#8016);
#8014 = CARTESIAN_POINT('',(6.096,0.,0.));
#8015 = DIRECTION('',(1.,0.,0.));
#8016 = DIRECTION('',(0.,0.866025403784,0.5));
#8017 = ADVANCED_FACE('',(#8018),#8030,.T.);
#8018 = FACE_BOUND('',#8019,.T.);
#8019 = EDGE_LOOP('',(#8020,#8021,#8022,#8029));
#8020 = ORIENTED_EDGE('',*,*,#7949,.T.);
#8021 = ORIENTED_EDGE('',*,*,#1125,.F.);
#8022 = ORIENTED_EDGE('',*,*,#8023,.F.);
#8023 = EDGE_CURVE('',#2910,#1103,#8024,.T.);
#8024 = CIRCLE('',#8025,0.254);
#8025 = AXIS2_PLACEMENT_3D('',#8026,#8027,#8028);
#8026 = CARTESIAN_POINT('',(6.096,16.420138985448,-7.525874166727));
#8027 = DIRECTION('',(8.213491840965E-14,0.866025403784,-0.5));
#8028 = DIRECTION('',(-3.155443620884E-29,0.5,0.866025403784));
#8029 = ORIENTED_EDGE('',*,*,#2940,.F.);
#8030 = CYLINDRICAL_SURFACE('',#8031,0.254);
#8031 = AXIS2_PLACEMENT_3D('',#8032,#8033,#8034);
#8032 = CARTESIAN_POINT('',(6.096,0.846235639327,1.46572312249));
#8033 = DIRECTION('',(0.,0.866025403784,-0.5));
#8034 = DIRECTION('',(0.,0.5,0.866025403784));
#8035 = ADVANCED_FACE('',(#8036),#8042,.T.);
#8036 = FACE_BOUND('',#8037,.T.);
#8037 = EDGE_LOOP('',(#8038,#8039,#8040,#8041));
#8038 = ORIENTED_EDGE('',*,*,#8005,.T.);
#8039 = ORIENTED_EDGE('',*,*,#4269,.F.);
#8040 = ORIENTED_EDGE('',*,*,#8023,.T.);
#8041 = ORIENTED_EDGE('',*,*,#1102,.F.);
#8042 = ( BOUNDED_SURFACE() B_SPLINE_SURFACE(3,2,(
    (#8043,#8044,#8045)
    ,(#8046,#8047,#8048)
    ,(#8049,#8050,#8051)
    ,(#8052,#8053,#8054)
    ,(#8055,#8056,#8057)
    ,(#8058,#8059,#8060)
    ,(#8061,#8062,#8063)
    ,(#8064,#8065,#8066)
    ,(#8067,#8068,#8069)
    ,(#8070,#8071,#8072)
    ,(#8073,#8074,#8075)
    ,(#8076,#8077,#8078)
    ,(#8079,#8080,#8081)
    ,(#8082,#8083,#8084)
    ,(#8085,#8086,#8087)
    ,(#8088,#8089,#8090
)),.UNSPECIFIED.,.F.,.F.,.F.) B_SPLINE_SURFACE_WITH_KNOTS((4,2,2,2,2,2,2
    ,4),(3,3),(2.038300084273E-17,6.302862164565E-04,1.260572432913E-03,
    1.890858649369E-03,2.521144865826E-03,3.151431082282E-03,
    3.781717298739E-03,5.042289731652E-03),(0.,1.),.UNSPECIFIED.) 
GEOMETRIC_REPRESENTATION_ITEM() RATIONAL_B_SPLINE_SURFACE((
    (1.,0.719339800339,1.)
    ,(1.,0.720520310974,1.)
    ,(1.,0.721572383861,1.)
    ,(1.,0.723428424857,1.)
    ,(1.,0.724236476047,1.)
    ,(1.,0.725524494621,1.)
    ,(1.,0.726017265083,1.)
    ,(1.,0.726685869095,1.)
    ,(1.,0.726850516467,1.)
    ,(1.,0.726852618717,1.)
    ,(1.,0.726683728434,1.)
    ,(1.,0.726025291018,1.)
    ,(1.,0.725536062206,1.)
    ,(1.,0.723585324059,1.)
    ,(1.,0.721716778597,1.)
,(1.,0.719339800339,1.))) REPRESENTATION_ITEM('') SURFACE() );
#8043 = CARTESIAN_POINT('',(6.35,16.420138985448,-7.525874166727));
#8044 = CARTESIAN_POINT('',(6.35,16.542781459849,-7.313451169899));
#8045 = CARTESIAN_POINT('',(6.104864472162,16.54706162048,
    -7.306037714222));
#8046 = CARTESIAN_POINT('',(6.35,16.604685982553,-7.632422419892));
#8047 = CARTESIAN_POINT('',(6.35,16.710456933909,-7.411220724321));
#8048 = CARTESIAN_POINT('',(6.105727624065,16.714849928247,
    -7.40294514378));
#8049 = CARTESIAN_POINT('',(6.35,16.797742220242,-7.716130075926));
#8050 = CARTESIAN_POINT('',(6.35,16.886413834174,-7.488406797264));
#8051 = CARTESIAN_POINT('',(6.106498248748,16.890372005539,
    -7.479083553591));
#8052 = CARTESIAN_POINT('',(6.35,17.200159147671,-7.839455366037));
#8053 = CARTESIAN_POINT('',(6.35,17.253452118736,-7.602256137297));
#8054 = CARTESIAN_POINT('',(6.107860694899,17.256234524372,
    -7.591269106674));
#8055 = CARTESIAN_POINT('',(6.35,17.411645059835,-7.878772277959));
#8056 = CARTESIAN_POINT('',(6.35,17.446581192774,-7.638795985409));
#8057 = CARTESIAN_POINT('',(6.108455173681,17.448507075263,
    -7.627043017264));
#8058 = CARTESIAN_POINT('',(6.35,17.83137055248,-7.90828650521));
#8059 = CARTESIAN_POINT('',(6.35,17.829957365357,-7.66666025802));
#8060 = CARTESIAN_POINT('',(6.109403771825,17.830095858813,
    -7.653924017833));
#8061 = CARTESIAN_POINT('',(6.35,18.042002515466,-7.899488801963));
#8062 = CARTESIAN_POINT('',(6.35,18.022531656363,-7.658997903599));
#8063 = CARTESIAN_POINT('',(6.109767286268,18.021587184642,
    -7.645945225226));
#8064 = CARTESIAN_POINT('',(6.35,18.462672661009,-7.833106260547));
#8065 = CARTESIAN_POINT('',(6.35,18.407037696103,-7.598796246944));
#8066 = CARTESIAN_POINT('',(6.110260698329,18.40402507144,
    -7.585623404151));
#8067 = CARTESIAN_POINT('',(6.35,18.665332564124,-7.776767195833));
#8068 = CARTESIAN_POINT('',(6.35,18.592393652603,-7.547400132342));
#8069 = CARTESIAN_POINT('',(6.110382330073,18.588263930989,
    -7.534412470301));
#8070 = CARTESIAN_POINT('',(6.35,19.055817353287,-7.619347655534));
#8071 = CARTESIAN_POINT('',(6.35,18.949282805909,-7.40352588059));
#8072 = CARTESIAN_POINT('',(6.110383882458,18.943250136515,
    -7.39130388038));
#8073 = CARTESIAN_POINT('',(6.35,19.244883293964,-7.51678270427));
#8074 = CARTESIAN_POINT('',(6.35,19.122107633733,-7.309623431577));
#8075 = CARTESIAN_POINT('',(6.110259119422,19.115125613966,
    -7.298056454273));
#8076 = CARTESIAN_POINT('',(6.35,19.589513022859,-7.275565790212));
#8077 = CARTESIAN_POINT('',(6.35,19.436786228789,-7.088807283096));
#8078 = CARTESIAN_POINT('',(6.109773208357,19.428415043794,
    -7.078742796207));
#8079 = CARTESIAN_POINT('',(6.35,19.747967263203,-7.135795362562));
#8080 = CARTESIAN_POINT('',(6.35,19.581398498337,-6.960741674231));
#8081 = CARTESIAN_POINT('',(6.109412294507,19.572456687422,
    -6.951659792858));
#8082 = CARTESIAN_POINT('',(6.35,20.175130838866,-6.661656451697));
#8083 = CARTESIAN_POINT('',(6.35,19.970966380971,-6.526285963621));
#8084 = CARTESIAN_POINT('',(6.107975607399,19.960756682687,
    -6.52054886094));
#8085 = CARTESIAN_POINT('',(6.35,20.381986790201,-6.290436374747));
#8086 = CARTESIAN_POINT('',(6.349999999999,20.158555920934,
    -6.185827844209));
#8087 = CARTESIAN_POINT('',(6.106605254417,20.148778524135,
    -6.18300369087));
#8088 = CARTESIAN_POINT('',(6.35,20.500459569728,-5.877186531878));
#8089 = CARTESIAN_POINT('',(6.35,20.2646728091,-5.809589863167));
#8090 = CARTESIAN_POINT('',(6.104864472162,20.256443969825,
    -5.80723077345));
#8091 = ADVANCED_FACE('',(#8092),#8110,.T.);
#8092 = FACE_BOUND('',#8093,.T.);
#8093 = EDGE_LOOP('',(#8094,#8101,#8102,#8109));
#8094 = ORIENTED_EDGE('',*,*,#8095,.F.);
#8095 = EDGE_CURVE('',#3168,#1279,#8096,.T.);
#8096 = CIRCLE('',#8097,0.254);
#8097 = AXIS2_PLACEMENT_3D('',#8098,#8099,#8100);
#8098 = CARTESIAN_POINT('',(6.096,-3.537221289729,-9.805204273372));
#8099 = DIRECTION('',(2.609636397453E-15,-0.940662553349,0.339343425939)
  );
#8100 = DIRECTION('',(-2.761013168274E-30,-0.339343425939,
    -0.940662553349));
#8101 = ORIENTED_EDGE('',*,*,#3691,.F.);
#8102 = ORIENTED_EDGE('',*,*,#8103,.F.);
#8103 = EDGE_CURVE('',#1288,#3195,#8104,.T.);
#8104 = CIRCLE('',#8105,0.254);
#8105 = AXIS2_PLACEMENT_3D('',#8106,#8107,#8108);
#8106 = CARTESIAN_POINT('',(6.096,-1.692471278654,-12.43181441219));
#8107 = DIRECTION('',(0.,-1.754152378908E-14,-1.));
#8108 = DIRECTION('',(0.,1.,-1.754152378908E-14));
#8109 = ORIENTED_EDGE('',*,*,#1287,.F.);
#8110 = ( BOUNDED_SURFACE() B_SPLINE_SURFACE(3,2,(
    (#8111,#8112,#8113)
    ,(#8114,#8115,#8116)
    ,(#8117,#8118,#8119)
    ,(#8120,#8121,#8122)
    ,(#8123,#8124,#8125)
    ,(#8126,#8127,#8128)
    ,(#8129,#8130,#8131)
    ,(#8132,#8133,#8134)
    ,(#8135,#8136,#8137)
    ,(#8138,#8139,#8140)
    ,(#8141,#8142,#8143)
    ,(#8144,#8145,#8146)
    ,(#8147,#8148,#8149)
    ,(#8150,#8151,#8152
)),.UNSPECIFIED.,.F.,.F.,.F.) B_SPLINE_SURFACE_WITH_KNOTS((4,2,2,2,2,2,4
    ),(3,3),(-6.396792817664E-18,8.499630636327E-04,1.274944595449E-03,
    1.699926127265E-03,2.124907659082E-03,2.549889190898E-03,
    3.399852254531E-03),(0.,1.),.UNSPECIFIED.) 
GEOMETRIC_REPRESENTATION_ITEM() RATIONAL_B_SPLINE_SURFACE((
    (1.,0.719339800339,1.)
    ,(1.,0.720213108911,1.)
    ,(1.,0.720878427351,1.)
    ,(1.,0.721562934652,1.)
    ,(1.,0.721735656519,1.)
    ,(1.,0.721964483268,1.)
    ,(1.,0.722022404989,1.)
    ,(1.,0.722023817329,1.)
    ,(1.,0.721965863406,1.)
    ,(1.,0.721737706159,1.)
    ,(1.,0.721567988961,1.)
    ,(1.,0.720891773874,1.)
    ,(1.,0.720211367785,1.)
,(1.,0.719339800339,1.))) REPRESENTATION_ITEM('') SURFACE() );
#8111 = CARTESIAN_POINT('',(6.35,-1.692471278654,-12.43181441219));
#8112 = CARTESIAN_POINT('',(6.35,-1.937756227455,-12.43181441219));
#8113 = CARTESIAN_POINT('',(6.104864472162,-1.946316548717,
    -12.43181441219));
#8114 = CARTESIAN_POINT('',(6.35,-1.692471284877,-12.14448095002));
#8115 = CARTESIAN_POINT('',(6.35,-1.937138688593,-12.17002432485));
#8116 = CARTESIAN_POINT('',(6.105503955237,-1.946294217476,
    -12.17058655131));
#8117 = CARTESIAN_POINT('',(6.35,-1.735788406719,-11.86439335469));
#8118 = CARTESIAN_POINT('',(6.35,-1.976141372335,-11.91418616003));
#8119 = CARTESIAN_POINT('',(6.105990073472,-1.985656451384,
    -11.91594948115));
#8120 = CARTESIAN_POINT('',(6.35,-1.864836000873,-11.45526748969));
#8121 = CARTESIAN_POINT('',(6.35,-2.093494499078,-11.54053146431));
#8122 = CARTESIAN_POINT('',(6.106491732387,-2.102954924456,
    -11.54400457151));
#8123 = CARTESIAN_POINT('',(6.35,-1.918555887606,-11.32187705776));
#8124 = CARTESIAN_POINT('',(6.35,-2.142417025406,-11.41871210163));
#8125 = CARTESIAN_POINT('',(6.106618391142,-2.151786762852,
    -11.42273743611));
#8126 = CARTESIAN_POINT('',(6.35,-2.044199544542,-11.06759073723));
#8127 = CARTESIAN_POINT('',(6.35,-2.256956311547,-11.18653572147));
#8128 = CARTESIAN_POINT('',(6.106786212637,-2.266002409398,
    -11.19156393801));
#8129 = CARTESIAN_POINT('',(6.35,-2.116428964714,-10.94566116811));
#8130 = CARTESIAN_POINT('',(6.35,-2.322863097882,-11.07519556029));
#8131 = CARTESIAN_POINT('',(6.106828707517,-2.331664035063,
    -11.08071783324));
#8132 = CARTESIAN_POINT('',(6.35,-2.279956771131,-10.71236985594));
#8133 = CARTESIAN_POINT('',(6.35,-2.472131823205,-10.86224474222));
#8134 = CARTESIAN_POINT('',(6.1068297435,-2.480325639644,-10.86863479576
    ));
#8135 = CARTESIAN_POINT('',(6.35,-2.371779044324,-10.60073830474));
#8136 = CARTESIAN_POINT('',(6.35,-2.555995952139,-10.76035540199));
#8137 = CARTESIAN_POINT('',(6.106787224987,-2.563801918481,
    -10.7671526103));
#8138 = CARTESIAN_POINT('',(6.35,-2.568582783958,-10.39570976094));
#8139 = CARTESIAN_POINT('',(6.35,-2.735748558482,-10.57332266321));
#8140 = CARTESIAN_POINT('',(6.106619894195,-2.742720253323,
    -10.58076713003));
#8141 = CARTESIAN_POINT('',(6.35,-2.674178683602,-10.30127775836));
#8142 = CARTESIAN_POINT('',(6.35,-2.832229951748,-10.48720950609));
#8143 = CARTESIAN_POINT('',(6.106495438463,-2.838720871714,
    -10.4949229075));
#8144 = CARTESIAN_POINT('',(6.35,-3.012521212776,-10.04219793367));
#8145 = CARTESIAN_POINT('',(6.35,-3.141407414376,-10.25106280046));
#8146 = CARTESIAN_POINT('',(6.105999851127,-3.146322294326,
    -10.25940794783));
#8147 = CARTESIAN_POINT('',(6.35,-3.268642905142,-9.902093761203));
#8148 = CARTESIAN_POINT('',(6.35,-3.375546360927,-10.12363360751));
#8149 = CARTESIAN_POINT('',(6.105500000965,-3.379177580204,
    -10.1320528012));
#8150 = CARTESIAN_POINT('',(6.35,-3.537221289729,-9.805204273372));
#8151 = CARTESIAN_POINT('',(6.35,-3.620457124586,-10.0359346396));
#8152 = CARTESIAN_POINT('',(6.104864472162,-3.623362013331,
    -10.04398701326));
#8153 = ADVANCED_FACE('',(#8154),#8166,.T.);
#8154 = FACE_BOUND('',#8155,.T.);
#8155 = EDGE_LOOP('',(#8156,#8157,#8158,#8165));
#8156 = ORIENTED_EDGE('',*,*,#8103,.T.);
#8157 = ORIENTED_EDGE('',*,*,#3225,.F.);
#8158 = ORIENTED_EDGE('',*,*,#8159,.F.);
#8159 = EDGE_CURVE('',#1309,#3214,#8160,.T.);
#8160 = CIRCLE('',#8161,0.254);
#8161 = AXIS2_PLACEMENT_3D('',#8162,#8163,#8164);
#8162 = CARTESIAN_POINT('',(6.096,-1.692471278654,-17.98319457843));
#8163 = DIRECTION('',(0.,1.657007864253E-13,-1.));
#8164 = DIRECTION('',(0.,1.,1.657007864253E-13));
#8165 = ORIENTED_EDGE('',*,*,#1308,.F.);
#8166 = CYLINDRICAL_SURFACE('',#8167,0.254);
#8167 = AXIS2_PLACEMENT_3D('',#8168,#8169,#8170);
#8168 = CARTESIAN_POINT('',(6.096,-1.692471278654,1.887379141863E-14));
#8169 = DIRECTION('',(0.,-1.121325254871E-14,-1.));
#8170 = DIRECTION('',(0.,1.,-1.121325254871E-14));
#8171 = ADVANCED_FACE('',(#8172),#8184,.T.);
#8172 = FACE_BOUND('',#8173,.T.);
#8173 = EDGE_LOOP('',(#8174,#8175,#8176,#8183));
#8174 = ORIENTED_EDGE('',*,*,#8095,.T.);
#8175 = ORIENTED_EDGE('',*,*,#1278,.F.);
#8176 = ORIENTED_EDGE('',*,*,#8177,.F.);
#8177 = EDGE_CURVE('',#3145,#1258,#8178,.T.);
#8178 = CIRCLE('',#8179,0.254);
#8179 = AXIS2_PLACEMENT_3D('',#8180,#8181,#8182);
#8180 = CARTESIAN_POINT('',(6.096,-6.722945345171,-7.965925632398));
#8181 = DIRECTION('',(-7.114947001095E-16,-0.764211304144,0.644965954619
    ));
#8182 = DIRECTION('',(-4.930380657631E-31,-0.644965954619,
    -0.764211304144));
#8183 = ORIENTED_EDGE('',*,*,#3179,.F.);
#8184 = TOROIDAL_SURFACE('',#8185,10.423721278654,0.254);
#8185 = AXIS2_PLACEMENT_3D('',#8186,#8187,#8188);
#8186 = CARTESIAN_POINT('',(6.096,0.,0.));
#8187 = DIRECTION('',(1.,0.,0.));
#8188 = DIRECTION('',(0.,0.866025403784,0.5));
#8189 = ADVANCED_FACE('',(#8190),#8202,.T.);
#8190 = FACE_BOUND('',#8191,.T.);
#8191 = EDGE_LOOP('',(#8192,#8193,#8194,#8201));
#8192 = ORIENTED_EDGE('',*,*,#8159,.T.);
#8193 = ORIENTED_EDGE('',*,*,#3739,.F.);
#8194 = ORIENTED_EDGE('',*,*,#8195,.F.);
#8195 = EDGE_CURVE('',#1216,#3242,#8196,.T.);
#8196 = CIRCLE('',#8197,0.254);
#8197 = AXIS2_PLACEMENT_3D('',#8198,#8199,#8200);
#8198 = CARTESIAN_POINT('',(6.096,-5.160436945478,-20.69251204257));
#8199 = DIRECTION('',(0.,-0.970282359757,0.241975499472));
#8200 = DIRECTION('',(0.,-0.241975499472,-0.970282359757));
#8201 = ORIENTED_EDGE('',*,*,#1316,.F.);
#8202 = ( BOUNDED_SURFACE() B_SPLINE_SURFACE(3,2,(
    (#8203,#8204,#8205)
    ,(#8206,#8207,#8208)
    ,(#8209,#8210,#8211)
    ,(#8212,#8213,#8214)
    ,(#8215,#8216,#8217)
    ,(#8218,#8219,#8220)
    ,(#8221,#8222,#8223)
    ,(#8224,#8225,#8226)
    ,(#8227,#8228,#8229)
    ,(#8230,#8231,#8232)
    ,(#8233,#8234,#8235)
    ,(#8236,#8237,#8238)
    ,(#8239,#8240,#8241)
    ,(#8242,#8243,#8244)
    ,(#8245,#8246,#8247)
    ,(#8248,#8249,#8250
)),.UNSPECIFIED.,.F.,.F.,.F.) B_SPLINE_SURFACE_WITH_KNOTS((4,2,2,2,2,2,2
    ,4),(3,3),(-1.723881454252E-17,6.302862152586E-04,1.260572430517E-03
    ,1.890858645776E-03,2.521144861034E-03,3.151431076293E-03,
    3.781717291552E-03,5.042289722069E-03),(0.,1.),.UNSPECIFIED.) 
GEOMETRIC_REPRESENTATION_ITEM() RATIONAL_B_SPLINE_SURFACE((
    (1.,0.719339800339,1.)
    ,(1.,0.720519956587,1.)
    ,(1.,0.72157177917,1.)
    ,(1.,0.723427517735,1.)
    ,(1.,0.724235519141,1.)
    ,(1.,0.725523608833,1.)
    ,(1.,0.726016497448,1.)
    ,(1.,0.726685439394,1.)
    ,(1.,0.726850299689,1.)
    ,(1.,0.726852830998,1.)
    ,(1.,0.726684158082,1.)
    ,(1.,0.726026055132,1.)
    ,(1.,0.725536946748,1.)
    ,(1.,0.723586318038,1.)
    ,(1.,0.721717498228,1.)
,(1.,0.719339800339,1.))) REPRESENTATION_ITEM('') SURFACE() );
#8203 = CARTESIAN_POINT('',(6.35,-5.160436945478,-20.69251204257));
#8204 = CARTESIAN_POINT('',(6.35,-5.101083997479,-20.45451638364));
#8205 = CARTESIAN_POINT('',(6.104864472162,-5.099012609466,
    -20.44621045493));
#8206 = CARTESIAN_POINT('',(6.35,-4.953673154355,-20.74407617388));
#8207 = CARTESIAN_POINT('',(6.35,-4.912957541322,-20.5022910587));
#8208 = CARTESIAN_POINT('',(6.105727365157,-4.911015427959,
    -20.49312550427));
#8209 = CARTESIAN_POINT('',(6.35,-4.745024135486,-20.77133913916));
#8210 = CARTESIAN_POINT('',(6.35,-4.722543036394,-20.52799708061));
#8211 = CARTESIAN_POINT('',(6.106497805582,-4.72130756311,
    -20.51794445827));
#8212 = CARTESIAN_POINT('',(6.35,-4.324203522329,-20.77898909921));
#8213 = CARTESIAN_POINT('',(6.35,-4.338342595739,-20.53628761471));
#8214 = CARTESIAN_POINT('',(6.107860028304,-4.33869579949,
    -20.52495985512));
#8215 = CARTESIAN_POINT('',(6.35,-4.110071876037,-20.75850133908));
#8216 = CARTESIAN_POINT('',(6.35,-4.142622377449,-20.51818915569));
#8217 = CARTESIAN_POINT('',(6.108454469543,-4.144009908008,
    -20.50636118698));
#8218 = CARTESIAN_POINT('',(6.35,-3.698465789889,-20.6712029376));
#8219 = CARTESIAN_POINT('',(6.35,-3.766412829142,-20.43932205974));
#8220 = CARTESIAN_POINT('',(6.109403118859,-3.769789429663,
    -20.42704140163));
#8221 = CARTESIAN_POINT('',(6.35,-3.498414650396,-20.60469905777));
#8222 = CARTESIAN_POINT('',(6.35,-3.583407275832,-20.3788860857));
#8223 = CARTESIAN_POINT('',(6.109766719977,-3.587912059171,
    -20.36659958197));
#8224 = CARTESIAN_POINT('',(6.35,-3.112328124501,-20.4249570036));
#8225 = CARTESIAN_POINT('',(6.35,-3.230381065066,-20.21505206751));
#8226 = CARTESIAN_POINT('',(6.110260381018,-3.236907071061,
    -20.20321977393));
#8227 = CARTESIAN_POINT('',(6.35,-2.933041987849,-20.31494969757));
#8228 = CARTESIAN_POINT('',(6.35,-3.066366552882,-20.11456515283));
#8229 = CARTESIAN_POINT('',(6.110382169987,-3.073915420754,
    -20.10321857633));
#8230 = CARTESIAN_POINT('',(6.35,-2.601060300312,-20.05601449696));
#8231 = CARTESIAN_POINT('',(6.35,-2.762946523508,-19.87790938813));
#8232 = CARTESIAN_POINT('',(6.110384039224,-2.7721138204,-19.86782302418
    ));
#8233 = CARTESIAN_POINT('',(6.35,-2.447580846888,-19.9053175915));
#8234 = CARTESIAN_POINT('',(6.35,-2.622691891867,-19.74001543829));
#8235 = CARTESIAN_POINT('',(6.110259436692,-2.632591395799,
    -19.73082026841));
#8236 = CARTESIAN_POINT('',(6.35,-2.182771810037,-19.57846682602));
#8237 = CARTESIAN_POINT('',(6.35,-2.381051844622,-19.4410296241));
#8238 = CARTESIAN_POINT('',(6.109773772056,-2.391872868444,
    -19.43366150243));
#8239 = CARTESIAN_POINT('',(6.35,-2.068971936746,-19.40044125676));
#8240 = CARTESIAN_POINT('',(6.35,-2.277332154764,-19.27807023915));
#8241 = CARTESIAN_POINT('',(6.109412946567,-2.288431036248,
    -19.27180395068));
#8242 = CARTESIAN_POINT('',(6.35,-1.789014673399,-18.82694289004));
#8243 = CARTESIAN_POINT('',(6.35,-2.022578583132,-18.75307914353));
#8244 = CARTESIAN_POINT('',(6.107976338233,-2.033974606017,
    -18.75037758856));
#8245 = CARTESIAN_POINT('',(6.35,-1.692471279498,-18.4130913447));
#8246 = CARTESIAN_POINT('',(6.35,-1.936078179579,-18.37410724594));
#8247 = CARTESIAN_POINT('',(6.106605776727,-1.946255741022,
    -18.37408733385));
#8248 = CARTESIAN_POINT('',(6.35,-1.692471278654,-17.98319457843));
#8249 = CARTESIAN_POINT('',(6.35,-1.937756227455,-17.98319457843));
#8250 = CARTESIAN_POINT('',(6.104864472162,-1.946316548717,
    -17.98319457843));
#8251 = ADVANCED_FACE('',(#8252),#8264,.T.);
#8252 = FACE_BOUND('',#8253,.T.);
#8253 = EDGE_LOOP('',(#8254,#8255,#8256,#8263));
#8254 = ORIENTED_EDGE('',*,*,#8177,.T.);
#8255 = ORIENTED_EDGE('',*,*,#1257,.F.);
#8256 = ORIENTED_EDGE('',*,*,#8257,.F.);
#8257 = EDGE_CURVE('',#3122,#1250,#8258,.T.);
#8258 = CIRCLE('',#8259,0.254);
#8259 = AXIS2_PLACEMENT_3D('',#8260,#8261,#8262);
#8260 = CARTESIAN_POINT('',(6.096,-9.920031456765,-7.681630328586));
#8261 = DIRECTION('',(6.829619984159E-15,-0.866025403784,-0.5));
#8262 = DIRECTION('',(1.657265621683E-30,0.5,-0.866025403784));
#8263 = ORIENTED_EDGE('',*,*,#3797,.F.);
#8264 = ( BOUNDED_SURFACE() B_SPLINE_SURFACE(3,2,(
    (#8265,#8266,#8267)
    ,(#8268,#8269,#8270)
    ,(#8271,#8272,#8273)
    ,(#8274,#8275,#8276)
    ,(#8277,#8278,#8279)
    ,(#8280,#8281,#8282)
    ,(#8283,#8284,#8285)
    ,(#8286,#8287,#8288)
    ,(#8289,#8290,#8291)
    ,(#8292,#8293,#8294)
    ,(#8295,#8296,#8297)
    ,(#8298,#8299,#8300)
    ,(#8301,#8302,#8303)
    ,(#8304,#8305,#8306
)),.UNSPECIFIED.,.F.,.F.,.F.) B_SPLINE_SURFACE_WITH_KNOTS((4,2,2,2,2,2,4
    ),(3,3),(2.103352214622E-17,8.499630636416E-04,1.274944595462E-03,
    1.699926127283E-03,2.124907659104E-03,2.549889190925E-03,
    3.399852254566E-03),(0.,1.),.UNSPECIFIED.) 
GEOMETRIC_REPRESENTATION_ITEM() RATIONAL_B_SPLINE_SURFACE((
    (1.,0.719339800339,1.)
    ,(1.,0.720213220053,1.)
    ,(1.,0.720878572747,1.)
    ,(1.,0.721563061131,1.)
    ,(1.,0.721735764944,1.)
    ,(1.,0.721964543843,1.)
    ,(1.,0.722022435699,1.)
    ,(1.,0.722023787706,1.)
    ,(1.,0.721965803279,1.)
    ,(1.,0.721737597971,1.)
    ,(1.,0.721567862916,1.)
    ,(1.,0.720891628261,1.)
    ,(1.,0.720211256155,1.)
,(1.,0.719339800339,1.))) REPRESENTATION_ITEM('') SURFACE() );
#8265 = CARTESIAN_POINT('',(6.35,-6.722945345171,-7.965925632398));
#8266 = CARTESIAN_POINT('',(6.35,-6.881145786329,-8.153375163009));
#8267 = CARTESIAN_POINT('',(6.104864472162,-6.886666902103,
    -8.159917057284));
#8268 = CARTESIAN_POINT('',(6.35,-6.942528828851,-7.780605336539));
#8269 = CARTESIAN_POINT('',(6.35,-7.080810359431,-7.984057503809));
#8270 = CARTESIAN_POINT('',(6.105504036372,-7.086285782997,
    -7.991416911511));
#8271 = CARTESIAN_POINT('',(6.35,-7.184513002783,-7.633061805136));
#8272 = CARTESIAN_POINT('',(6.35,-7.301480215069,-7.848856829426));
#8273 = CARTESIAN_POINT('',(6.105990179968,-7.306269609346,
    -7.857265731444));
#8274 = CARTESIAN_POINT('',(6.35,-7.580402918319,-7.467809180555));
#8275 = CARTESIAN_POINT('',(6.35,-7.66272014276,-7.697544865966));
#8276 = CARTESIAN_POINT('',(6.106491825111,-7.666167634821,
    -7.707014746796));
#8277 = CARTESIAN_POINT('',(6.35,-7.716988892269,-7.422830238207));
#8278 = CARTESIAN_POINT('',(6.35,-7.78736925194,-7.656362682501));
#8279 = CARTESIAN_POINT('',(6.106618470651,-7.790336223613,
    -7.666119416735));
#8280 = CARTESIAN_POINT('',(6.35,-7.99235325415,-7.354842522735));
#8281 = CARTESIAN_POINT('',(6.35,-8.038675019582,-7.59414907151));
#8282 = CARTESIAN_POINT('',(6.106786257073,-8.040666827547,
    -7.604305271538));
#8283 = CARTESIAN_POINT('',(6.35,-8.132118726232,-7.331400642025));
#8284 = CARTESIAN_POINT('',(6.35,-8.166270069201,-7.572705191243));
#8285 = CARTESIAN_POINT('',(6.106828730045,-8.167726187033,
    -7.582992666044));
#8286 = CARTESIAN_POINT('',(6.35,-8.415872452196,-7.305905488107));
#8287 = CARTESIAN_POINT('',(6.35,-8.425282741605,-7.549432054723));
#8288 = CARTESIAN_POINT('',(6.106829721769,-8.425684115821,
    -7.559815209487));
#8289 = CARTESIAN_POINT('',(6.35,-8.560404785483,-7.304078558151));
#8290 = CARTESIAN_POINT('',(6.35,-8.557237232579,-7.547806837714));
#8291 = CARTESIAN_POINT('',(6.106787180879,-8.557077307033,
    -7.558156172528));
#8292 = CARTESIAN_POINT('',(6.35,-8.8440216281,-7.32224177126));
#8293 = CARTESIAN_POINT('',(6.35,-8.816104069653,-7.564546096948));
#8294 = CARTESIAN_POINT('',(6.106619814859,-8.814911432975,
    -7.574675299767));
#8295 = CARTESIAN_POINT('',(6.35,-8.98429339229,-7.342033924945));
#8296 = CARTESIAN_POINT('',(6.35,-8.944139922585,-7.582738225857));
#8297 = CARTESIAN_POINT('',(6.106495346056,-8.94243168907,
    -7.592673457331));
#8298 = CARTESIAN_POINT('',(6.35,-9.400504536134,-7.433501443492));
#8299 = CARTESIAN_POINT('',(6.35,-9.324014830404,-7.666708563471));
#8300 = CARTESIAN_POINT('',(6.10599974447,-9.320807330154,
    -7.675846810996));
#8301 = CARTESIAN_POINT('',(6.35,-9.672763500854,-7.538870112134));
#8302 = CARTESIAN_POINT('',(6.35,-9.572409264115,-7.763452648603));
#8303 = CARTESIAN_POINT('',(6.105499920342,-9.568317305532,
    -7.771657715503));
#8304 = CARTESIAN_POINT('',(6.35,-9.920031456765,-7.681630328586));
#8305 = CARTESIAN_POINT('',(6.35,-9.797388982365,-7.894053325413));
#8306 = CARTESIAN_POINT('',(6.104864472162,-9.793108821734,
    -7.901466781091));
#8307 = ADVANCED_FACE('',(#8308),#8320,.T.);
#8308 = FACE_BOUND('',#8309,.T.);
#8309 = EDGE_LOOP('',(#8310,#8311,#8312,#8319));
#8310 = ORIENTED_EDGE('',*,*,#8195,.T.);
#8311 = ORIENTED_EDGE('',*,*,#3239,.F.);
#8312 = ORIENTED_EDGE('',*,*,#8313,.F.);
#8313 = EDGE_CURVE('',#1218,#3240,#8314,.T.);
#8314 = CIRCLE('',#8315,0.254);
#8315 = AXIS2_PLACEMENT_3D('',#8316,#8317,#8318);
#8316 = CARTESIAN_POINT('',(6.096,-15.34002262425,-14.8153255107));
#8317 = DIRECTION('',(0.,-0.694698109515,0.719301422657));
#8318 = DIRECTION('',(0.,-0.719301422657,-0.694698109515));
#8319 = ORIENTED_EDGE('',*,*,#1215,.F.);
#8320 = TOROIDAL_SURFACE('',#8321,21.326278721346,0.254);
#8321 = AXIS2_PLACEMENT_3D('',#8322,#8323,#8324);
#8322 = CARTESIAN_POINT('',(6.096,0.,0.));
#8323 = DIRECTION('',(1.,0.,0.));
#8324 = DIRECTION('',(0.,0.866025403784,0.5));
#8325 = ADVANCED_FACE('',(#8326),#8338,.T.);
#8326 = FACE_BOUND('',#8327,.T.);
#8327 = EDGE_LOOP('',(#8328,#8329,#8330,#8337));
#8328 = ORIENTED_EDGE('',*,*,#8257,.T.);
#8329 = ORIENTED_EDGE('',*,*,#1249,.F.);
#8330 = ORIENTED_EDGE('',*,*,#8331,.F.);
#8331 = EDGE_CURVE('',#3100,#1227,#8332,.T.);
#8332 = CIRCLE('',#8333,0.254);
#8333 = AXIS2_PLACEMENT_3D('',#8334,#8335,#8336);
#8334 = CARTESIAN_POINT('',(6.096,-14.72766770679,-10.4573204117));
#8335 = DIRECTION('',(8.195543980993E-14,-0.866025403784,-0.5));
#8336 = DIRECTION('',(1.,7.097549285372E-14,4.097771990496E-14));
#8337 = ORIENTED_EDGE('',*,*,#3130,.F.);
#8338 = CYLINDRICAL_SURFACE('',#8339,0.254);
#8339 = AXIS2_PLACEMENT_3D('',#8340,#8341,#8342);
#8340 = CARTESIAN_POINT('',(6.096,0.846235639327,-1.46572312249));
#8341 = DIRECTION('',(0.,-0.866025403784,-0.5));
#8342 = DIRECTION('',(0.,0.5,-0.866025403784));
#8343 = ADVANCED_FACE('',(#8344),#8350,.T.);
#8344 = FACE_BOUND('',#8345,.T.);
#8345 = EDGE_LOOP('',(#8346,#8347,#8348,#8349));
#8346 = ORIENTED_EDGE('',*,*,#8313,.T.);
#8347 = ORIENTED_EDGE('',*,*,#3845,.F.);
#8348 = ORIENTED_EDGE('',*,*,#8331,.T.);
#8349 = ORIENTED_EDGE('',*,*,#1226,.F.);
#8350 = ( BOUNDED_SURFACE() B_SPLINE_SURFACE(3,2,(
    (#8351,#8352,#8353)
    ,(#8354,#8355,#8356)
    ,(#8357,#8358,#8359)
    ,(#8360,#8361,#8362)
    ,(#8363,#8364,#8365)
    ,(#8366,#8367,#8368)
    ,(#8369,#8370,#8371)
    ,(#8372,#8373,#8374)
    ,(#8375,#8376,#8377)
    ,(#8378,#8379,#8380)
    ,(#8381,#8382,#8383)
    ,(#8384,#8385,#8386)
    ,(#8387,#8388,#8389)
    ,(#8390,#8391,#8392)
    ,(#8393,#8394,#8395)
    ,(#8396,#8397,#8398
)),.UNSPECIFIED.,.F.,.F.,.F.) B_SPLINE_SURFACE_WITH_KNOTS((4,2,2,2,2,2,2
    ,4),(3,3),(2.114194236347E-17,6.302862164565E-04,1.260572432913E-03,
    1.890858649369E-03,2.521144865826E-03,3.151431082282E-03,
    3.781717298739E-03,5.042289731652E-03),(0.,1.),.UNSPECIFIED.) 
GEOMETRIC_REPRESENTATION_ITEM() RATIONAL_B_SPLINE_SURFACE((
    (1.,0.719339800339,1.)
    ,(1.,0.720520310974,1.)
    ,(1.,0.721572383861,1.)
    ,(1.,0.723428424857,1.)
    ,(1.,0.724236476047,1.)
    ,(1.,0.725524494621,1.)
    ,(1.,0.726017265083,1.)
    ,(1.,0.726685869095,1.)
    ,(1.,0.726850516466,1.)
    ,(1.,0.726852618717,1.)
    ,(1.,0.726683728434,1.)
    ,(1.,0.726025291018,1.)
    ,(1.,0.725536062206,1.)
    ,(1.,0.723585324059,1.)
    ,(1.,0.721716778597,1.)
,(1.,0.719339800339,1.))) REPRESENTATION_ITEM('') SURFACE() );
#8351 = CARTESIAN_POINT('',(6.35,-14.72766770679,-10.4573204117));
#8352 = CARTESIAN_POINT('',(6.35,-14.60502523239,-10.66974340853));
#8353 = CARTESIAN_POINT('',(6.104864472162,-14.60074507176,
    -10.67715686421));
#8354 = CARTESIAN_POINT('',(6.35,-14.91221469931,-10.5638686728));
#8355 = CARTESIAN_POINT('',(6.35,-14.77353388727,-10.76606985145));
#8356 = CARTESIAN_POINT('',(6.105727624065,-14.76856352146,
    -10.77401208641));
#8357 = CARTESIAN_POINT('',(6.35,-15.08123577477,-10.68920645098));
#8358 = CARTESIAN_POINT('',(6.35,-14.92835743738,-10.87985996057));
#8359 = CARTESIAN_POINT('',(6.106498248748,-14.9222623572,
    -10.88794945937));
#8360 = CARTESIAN_POINT('',(6.35,-15.38924707265,-10.976047088));
#8361 = CARTESIAN_POINT('',(6.35,-15.21047300034,-11.14079976915));
#8362 = CARTESIAN_POINT('',(6.107860694899,-15.20234915553,
    -11.14870291843));
#8363 = CARTESIAN_POINT('',(6.35,-15.52903947326,-11.13954080451));
#8364 = CARTESIAN_POINT('',(6.35,-15.33868197407,-11.28978452942));
#8365 = CARTESIAN_POINT('',(6.108455173681,-15.32946654633,
    -11.29732887665));
#8366 = CARTESIAN_POINT('',(6.35,-15.76446229015,-11.48827663013));
#8367 = CARTESIAN_POINT('',(6.35,-15.5545012283,-11.60786589778));
#8368 = CARTESIAN_POINT('',(6.109403771825,-15.54354056748,
    -11.61435395672));
#8369 = CARTESIAN_POINT('',(6.35,-15.86215923714,-11.67508811255));
#8370 = CARTESIAN_POINT('',(6.35,-15.64415258023,-11.77847130312));
#8371 = CARTESIAN_POINT('',(6.109767286268,-15.63237639331,
    -11.7841797058));
#8372 = CARTESIAN_POINT('',(6.35,-16.01500534268,-12.07259041591));
#8373 = CARTESIAN_POINT('',(6.35,-15.78426943608,-12.14156412977));
#8374 = CARTESIAN_POINT('',(6.110260698329,-15.77135510725,
    -12.14554154167));
#8375 = CARTESIAN_POINT('',(6.35,-16.06754423297,-12.2762685727));
#8376 = CARTESIAN_POINT('',(6.35,-15.83243707343,-12.32778515414));
#8377 = CARTESIAN_POINT('',(6.110382330073,-15.81912456736,
    -12.33070254133));
#8378 = CARTESIAN_POINT('',(6.35,-16.1264573066,-12.69314809005));
#8379 = CARTESIAN_POINT('',(6.35,-15.88628289312,-12.70879735311));
#8380 = CARTESIAN_POINT('',(6.110383882458,-15.87268199575,
    -12.70968390827));
#8381 = CARTESIAN_POINT('',(6.35,-16.1321664236,-12.9081664733));
#8382 = CARTESIAN_POINT('',(6.35,-15.89137340071,-12.90541926892));
#8383 = CARTESIAN_POINT('',(6.110259119422,-15.87786509463,
    -12.90515615108));
#8384 = CARTESIAN_POINT('',(6.35,-16.09558131265,-13.32723303045));
#8385 = CARTESIAN_POINT('',(6.35,-15.85748030408,-13.28834700051));
#8386 = CARTESIAN_POINT('',(6.109773208357,-15.84457861026,
    -13.28612958509));
#8387 = CARTESIAN_POINT('',(6.35,-16.05376369178,-13.53434364175));
#8388 = CARTESIAN_POINT('',(6.35,-15.81887836823,-13.47761770407));
#8389 = CARTESIAN_POINT('',(6.109412294507,-15.80654232279,
    -13.47441480934));
#8390 = CARTESIAN_POINT('',(6.35,-15.85672913788,-14.14134760528));
#8391 = CARTESIAN_POINT('',(6.35,-15.63741262734,-14.03222124223));
#8392 = CARTESIAN_POINT('',(6.107975607399,-15.62733930153,
    -14.02624793549));
#8393 = CARTESIAN_POINT('',(6.35,-15.63867109645,-14.50610015247));
#8394 = CARTESIAN_POINT('',(6.35,-15.43636201692,-14.36490760896));
#8395 = CARTESIAN_POINT('',(6.106605254414,-15.42902753005,
    -14.35785221169));
#8396 = CARTESIAN_POINT('',(6.35,-15.34002262425,-14.8153255107));
#8397 = CARTESIAN_POINT('',(6.35,-15.16358881162,-14.64492652047));
#8398 = CARTESIAN_POINT('',(6.104864472162,-15.15743136035,
    -14.63897968147));
#8399 = ADVANCED_FACE('',(#8400),#8418,.T.);
#8400 = FACE_BOUND('',#8401,.T.);
#8401 = EDGE_LOOP('',(#8402,#8409,#8410,#8417));
#8402 = ORIENTED_EDGE('',*,*,#8403,.F.);
#8403 = EDGE_CURVE('',#3358,#1403,#8404,.T.);
#8404 = CIRCLE('',#8405,0.254);
#8405 = AXIS2_PLACEMENT_3D('',#8406,#8407,#8408);
#8406 = CARTESIAN_POINT('',(6.096,6.722945345171,-7.965925632398));
#8407 = DIRECTION('',(0.,-0.764211304144,-0.644965954619));
#8408 = DIRECTION('',(0.,0.644965954619,-0.764211304144));
#8409 = ORIENTED_EDGE('',*,*,#3903,.F.);
#8410 = ORIENTED_EDGE('',*,*,#8411,.F.);
#8411 = EDGE_CURVE('',#1412,#3385,#8412,.T.);
#8412 = CIRCLE('',#8413,0.254);
#8413 = AXIS2_PLACEMENT_3D('',#8414,#8415,#8416);
#8414 = CARTESIAN_POINT('',(6.096,9.920031456765,-7.681630328586));
#8415 = DIRECTION('',(0.,0.866025403784,-0.5));
#8416 = DIRECTION('',(0.,0.5,0.866025403784));
#8417 = ORIENTED_EDGE('',*,*,#1411,.F.);
#8418 = ( BOUNDED_SURFACE() B_SPLINE_SURFACE(3,2,(
    (#8419,#8420,#8421)
    ,(#8422,#8423,#8424)
    ,(#8425,#8426,#8427)
    ,(#8428,#8429,#8430)
    ,(#8431,#8432,#8433)
    ,(#8434,#8435,#8436)
    ,(#8437,#8438,#8439)
    ,(#8440,#8441,#8442)
    ,(#8443,#8444,#8445)
    ,(#8446,#8447,#8448)
    ,(#8449,#8450,#8451)
    ,(#8452,#8453,#8454)
    ,(#8455,#8456,#8457)
    ,(#8458,#8459,#8460
)),.UNSPECIFIED.,.F.,.F.,.F.) B_SPLINE_SURFACE_WITH_KNOTS((4,2,2,2,2,2,4
    ),(3,3),(-3.794707603699E-18,8.499630636327E-04,1.274944595449E-03,
    1.699926127265E-03,2.124907659082E-03,2.549889190898E-03,
    3.399852254531E-03),(0.,1.),.UNSPECIFIED.) 
GEOMETRIC_REPRESENTATION_ITEM() RATIONAL_B_SPLINE_SURFACE((
    (1.,0.719339800339,1.)
    ,(1.,0.720213108911,1.)
    ,(1.,0.720878427351,1.)
    ,(1.,0.721562934652,1.)
    ,(1.,0.721735656519,1.)
    ,(1.,0.721964483268,1.)
    ,(1.,0.722022404989,1.)
    ,(1.,0.722023817329,1.)
    ,(1.,0.721965863406,1.)
    ,(1.,0.721737706159,1.)
    ,(1.,0.721567988961,1.)
    ,(1.,0.720891773874,1.)
    ,(1.,0.720211367785,1.)
,(1.,0.719339800339,1.))) REPRESENTATION_ITEM('') SURFACE() );
#8419 = CARTESIAN_POINT('',(6.35,9.920031456765,-7.681630328586));
#8420 = CARTESIAN_POINT('',(6.35,9.797388982364,-7.894053325414));
#8421 = CARTESIAN_POINT('',(6.104864472162,9.793108821734,
    -7.901466781091));
#8422 = CARTESIAN_POINT('',(6.35,9.671193376061,-7.537963602895));
#8423 = CARTESIAN_POINT('',(6.35,9.570980885699,-7.7626234774));
#8424 = CARTESIAN_POINT('',(6.105503955237,9.566890023658,-7.77083351123
    ));
#8425 = CARTESIAN_POINT('',(6.35,9.4069718423,-7.435433533162));
#8426 = CARTESIAN_POINT('',(6.35,9.329917193842,-7.668481709931));
#8427 = CARTESIAN_POINT('',(6.105990073472,9.326686735197,
    -7.677603670662));
#8428 = CARTESIAN_POINT('',(6.35,8.988134652786,-7.342629095496));
#8429 = CARTESIAN_POINT('',(6.35,8.947646171733,-7.583285151043));
#8430 = CARTESIAN_POINT('',(6.106491732387,8.945923758107,
    -7.593214673349));
#8431 = CARTESIAN_POINT('',(6.35,8.845755206743,-7.322456666128));
#8432 = CARTESIAN_POINT('',(6.35,8.817686245815,-7.56474362032));
#8433 = CARTESIAN_POINT('',(6.106618391142,8.816487419008,
    -7.574870718214));
#8434 = CARTESIAN_POINT('',(6.35,8.562714964862,-7.304124104595));
#8435 = CARTESIAN_POINT('',(6.35,8.559345959367,-7.54784936177));
#8436 = CARTESIAN_POINT('',(6.106786212637,8.559177473699,
    -7.558197620582));
#8437 = CARTESIAN_POINT('',(6.35,8.421006150451,-7.305711832807));
#8438 = CARTESIAN_POINT('',(6.35,8.429969158154,-7.549256232426));
#8439 = CARTESIAN_POINT('',(6.106828707517,8.430351118224,
    -7.559639204076));
#8440 = CARTESIAN_POINT('',(6.35,8.13720604442,-7.330685411304));
#8441 = CARTESIAN_POINT('',(6.35,8.170913977285,-7.57205133151));
#8442 = CARTESIAN_POINT('',(6.1068297435,8.172351017762,-7.58234241147)
  );
#8443 = CARTESIAN_POINT('',(6.35,7.994619148621,-7.354390056922));
#8444 = CARTESIAN_POINT('',(6.35,8.040743155808,-7.593735127521));
#8445 = CARTESIAN_POINT('',(6.106787224987,8.042726727703,
    -7.603893896826));
#8446 = CARTESIAN_POINT('',(6.35,7.718657351367,-7.422312823102));
#8447 = CARTESIAN_POINT('',(6.35,7.788891749513,-7.655889081619));
#8448 = CARTESIAN_POINT('',(6.106619894195,7.791852999478,
    -7.665648979871));
#8449 = CARTESIAN_POINT('',(6.35,7.584078888379,-7.466545553438));
#8450 = CARTESIAN_POINT('',(6.35,7.666074871214,-7.696387840621));
#8451 = CARTESIAN_POINT('',(6.106495438463,7.669509412801,-7.70586584291
    ));
#8452 = CARTESIAN_POINT('',(6.35,7.190537914005,-7.630018866541));
#8453 = CARTESIAN_POINT('',(6.35,7.306977093805,-7.846070024719));
#8454 = CARTESIAN_POINT('',(6.105999851127,7.311746763453,
    -7.854499009299));
#8455 = CARTESIAN_POINT('',(6.35,6.941143295286,-7.781774672354));
#8456 = CARTESIAN_POINT('',(6.35,7.079550702253,-7.985125703973));
#8457 = CARTESIAN_POINT('',(6.105500000965,7.085026328224,
    -7.992480028956));
#8458 = CARTESIAN_POINT('',(6.35,6.722945345171,-7.965925632398));
#8459 = CARTESIAN_POINT('',(6.35,6.881145786328,-8.153375163009));
#8460 = CARTESIAN_POINT('',(6.104864472162,6.886666902103,
    -8.159917057284));
#8461 = ADVANCED_FACE('',(#8462),#8474,.T.);
#8462 = FACE_BOUND('',#8463,.T.);
#8463 = EDGE_LOOP('',(#8464,#8465,#8466,#8473));
#8464 = ORIENTED_EDGE('',*,*,#8411,.T.);
#8465 = ORIENTED_EDGE('',*,*,#3415,.F.);
#8466 = ORIENTED_EDGE('',*,*,#8467,.F.);
#8467 = EDGE_CURVE('',#1433,#3404,#8468,.T.);
#8468 = CIRCLE('',#8469,0.254);
#8469 = AXIS2_PLACEMENT_3D('',#8470,#8471,#8472);
#8470 = CARTESIAN_POINT('',(6.096,14.727667706794,-10.4573204117));
#8471 = DIRECTION('',(0.,0.866025403785,-0.5));
#8472 = DIRECTION('',(0.,0.5,0.866025403785));
#8473 = ORIENTED_EDGE('',*,*,#1432,.F.);
#8474 = CYLINDRICAL_SURFACE('',#8475,0.254);
#8475 = AXIS2_PLACEMENT_3D('',#8476,#8477,#8478);
#8476 = CARTESIAN_POINT('',(6.096,-0.846235639327,-1.46572312249));
#8477 = DIRECTION('',(0.,0.866025403784,-0.5));
#8478 = DIRECTION('',(0.,0.5,0.866025403784));
#8479 = ADVANCED_FACE('',(#8480),#8492,.T.);
#8480 = FACE_BOUND('',#8481,.T.);
#8481 = EDGE_LOOP('',(#8482,#8483,#8484,#8491));
#8482 = ORIENTED_EDGE('',*,*,#8403,.T.);
#8483 = ORIENTED_EDGE('',*,*,#1402,.F.);
#8484 = ORIENTED_EDGE('',*,*,#8485,.F.);
#8485 = EDGE_CURVE('',#3335,#1382,#8486,.T.);
#8486 = CIRCLE('',#8487,0.254);
#8487 = AXIS2_PLACEMENT_3D('',#8488,#8489,#8490);
#8488 = CARTESIAN_POINT('',(6.096,3.537221289729,-9.805204273372));
#8489 = DIRECTION('',(3.647876007874E-16,-0.940662553349,-0.339343425939
    ));
#8490 = DIRECTION('',(-2.465190328816E-32,0.339343425939,-0.940662553349
    ));
#8491 = ORIENTED_EDGE('',*,*,#3369,.F.);
#8492 = TOROIDAL_SURFACE('',#8493,10.423721278654,0.254);
#8493 = AXIS2_PLACEMENT_3D('',#8494,#8495,#8496);
#8494 = CARTESIAN_POINT('',(6.096,0.,0.));
#8495 = DIRECTION('',(1.,0.,0.));
#8496 = DIRECTION('',(0.,0.866025403784,0.5));
#8497 = ADVANCED_FACE('',(#8498),#8510,.T.);
#8498 = FACE_BOUND('',#8499,.T.);
#8499 = EDGE_LOOP('',(#8500,#8501,#8502,#8509));
#8500 = ORIENTED_EDGE('',*,*,#8467,.T.);
#8501 = ORIENTED_EDGE('',*,*,#3951,.F.);
#8502 = ORIENTED_EDGE('',*,*,#8503,.F.);
#8503 = EDGE_CURVE('',#1340,#3432,#8504,.T.);
#8504 = CIRCLE('',#8505,0.254);
#8505 = AXIS2_PLACEMENT_3D('',#8506,#8507,#8508);
#8506 = CARTESIAN_POINT('',(6.096,15.34002262425,-14.8153255107));
#8507 = DIRECTION('',(0.,-0.694698109515,-0.719301422657));
#8508 = DIRECTION('',(0.,0.719301422657,-0.694698109515));
#8509 = ORIENTED_EDGE('',*,*,#1440,.F.);
#8510 = ( BOUNDED_SURFACE() B_SPLINE_SURFACE(3,2,(
    (#8511,#8512,#8513)
    ,(#8514,#8515,#8516)
    ,(#8517,#8518,#8519)
    ,(#8520,#8521,#8522)
    ,(#8523,#8524,#8525)
    ,(#8526,#8527,#8528)
    ,(#8529,#8530,#8531)
    ,(#8532,#8533,#8534)
    ,(#8535,#8536,#8537)
    ,(#8538,#8539,#8540)
    ,(#8541,#8542,#8543)
    ,(#8544,#8545,#8546)
    ,(#8547,#8548,#8549)
    ,(#8550,#8551,#8552)
    ,(#8553,#8554,#8555)
    ,(#8556,#8557,#8558
)),.UNSPECIFIED.,.F.,.F.,.F.) B_SPLINE_SURFACE_WITH_KNOTS((4,2,2,2,2,2,2
    ,4),(3,3),(-1.85398571495E-17,6.302862152586E-04,1.260572430517E-03,
    1.890858645776E-03,2.521144861034E-03,3.151431076293E-03,
    3.781717291551E-03,5.042289722069E-03),(0.,1.),.UNSPECIFIED.) 
GEOMETRIC_REPRESENTATION_ITEM() RATIONAL_B_SPLINE_SURFACE((
    (1.,0.719339800339,1.)
    ,(1.,0.720519956587,1.)
    ,(1.,0.72157177917,1.)
    ,(1.,0.723427517735,1.)
    ,(1.,0.72423551914,1.)
    ,(1.,0.725523608834,1.)
    ,(1.,0.726016497448,1.)
    ,(1.,0.726685439394,1.)
    ,(1.,0.726850299689,1.)
    ,(1.,0.726852830998,1.)
    ,(1.,0.726684158082,1.)
    ,(1.,0.726026055132,1.)
    ,(1.,0.725536946748,1.)
    ,(1.,0.723586318038,1.)
    ,(1.,0.721717498228,1.)
,(1.,0.719339800339,1.))) REPRESENTATION_ITEM('') SURFACE() );
#8511 = CARTESIAN_POINT('',(6.35,15.34002262425,-14.8153255107));
#8512 = CARTESIAN_POINT('',(6.35,15.163588811621,-14.64492652047));
#8513 = CARTESIAN_POINT('',(6.104864472162,15.157431360359,
    -14.63897968148));
#8514 = CARTESIAN_POINT('',(6.35,15.488060367443,-14.66204488065));
#8515 = CARTESIAN_POINT('',(6.35,15.299026121955,-14.50589156784));
#8516 = CARTESIAN_POINT('',(6.105727365157,15.292059575661,
    -14.49962687112));
#8517 = CARTESIAN_POINT('',(6.35,15.615995297393,-14.49498101248));
#8518 = CARTESIAN_POINT('',(6.35,15.416495442432,-14.35384078029));
#8519 = CARTESIAN_POINT('',(6.106497805582,15.408407352745,
    -14.34774451786));
#8520 = CARTESIAN_POINT('',(6.35,15.833030663718,-14.13436465108));
#8521 = CARTESIAN_POINT('',(6.35,15.615775475893,-14.02525870558));
#8522 = CARTESIAN_POINT('',(6.107860028304,15.605788746453,
    -14.01990070921));
#8523 = CARTESIAN_POINT('',(6.35,15.922353566124,-13.93867732557));
#8524 = CARTESIAN_POINT('',(6.35,15.697961859764,-13.846710795));
#8525 = CARTESIAN_POINT('',(6.108454469543,15.687024773104,
    -13.84199844736));
#8526 = CARTESIAN_POINT('',(6.35,16.052553975801,-13.53856679787));
#8527 = CARTESIAN_POINT('',(6.35,15.817765725302,-13.48147022105));
#8528 = CARTESIAN_POINT('',(6.109403118859,15.805442063137,
    -13.47825411382));
#8529 = CARTESIAN_POINT('',(6.35,16.09498549617,-13.3320654891));
#8530 = CARTESIAN_POINT('',(6.35,15.856929413137,-13.29276477583));
#8531 = CARTESIAN_POINT('',(6.109766719977,15.844036597112,
    -13.29052278077));
#8532 = CARTESIAN_POINT('',(6.35,16.132367574073,-12.90783372253));
#8533 = CARTESIAN_POINT('',(6.35,15.891558096759,-12.9051181));
#8534 = CARTESIAN_POINT('',(6.110260381018,15.878048026935,
    -12.90485364019));
#8535 = CARTESIAN_POINT('',(6.35,16.126741520775,-12.69756372062));
#8536 = CARTESIAN_POINT('',(6.35,15.886541131992,-12.71283390852));
#8537 = CARTESIAN_POINT('',(6.110382169987,15.872940274561,
    -12.71369813162));
#8538 = CARTESIAN_POINT('',(6.35,16.068487902884,-12.28059154532));
#8539 = CARTESIAN_POINT('',(6.35,15.8333012425,-12.33173657272));
#8540 = CARTESIAN_POINT('',(6.110384039224,15.819982546637,
    -12.33463250274));
#8541 = CARTESIAN_POINT('',(6.35,16.0147202812,-12.07232598697));
#8542 = CARTESIAN_POINT('',(6.35,15.784008894728,-12.1413255238));
#8543 = CARTESIAN_POINT('',(6.110259436692,15.77109589205,
    -12.14530116075));
#8544 = CARTESIAN_POINT('',(6.35,15.864063733471,-11.67956925116));
#8545 = CARTESIAN_POINT('',(6.35,15.645899607889,-11.78256619722));
#8546 = CARTESIAN_POINT('',(6.109773772056,15.634108115432,
    -11.78825341791));
#8547 = CARTESIAN_POINT('',(6.35,15.766789004609,-11.49200288531));
#8548 = CARTESIAN_POINT('',(6.35,15.556632485664,-11.61126261845));
#8549 = CARTESIAN_POINT('',(6.109412946567,15.545656279923,
    -11.61774138754));
#8550 = CARTESIAN_POINT('',(6.35,15.410103481674,-10.96280359992));
#8551 = CARTESIAN_POINT('',(6.35,15.229353645918,-11.12814400591));
#8552 = CARTESIAN_POINT('',(6.107976338232,15.221316019238,
    -11.13666247374));
#8553 = CARTESIAN_POINT('',(6.35,15.099969226966,-10.67226879556));
#8554 = CARTESIAN_POINT('',(6.35,14.94440455706,-10.86374651019));
#8555 = CARTESIAN_POINT('',(6.106605776727,14.939298531961,
    -10.87255058091));
#8556 = CARTESIAN_POINT('',(6.35,14.727667706794,-10.4573204117));
#8557 = CARTESIAN_POINT('',(6.35,14.605025232394,-10.66974340853));
#8558 = CARTESIAN_POINT('',(6.104864472162,14.600745071763,
    -10.67715686421));
#8559 = ADVANCED_FACE('',(#8560),#8572,.T.);
#8560 = FACE_BOUND('',#8561,.T.);
#8561 = EDGE_LOOP('',(#8562,#8563,#8564,#8571));
#8562 = ORIENTED_EDGE('',*,*,#8485,.T.);
#8563 = ORIENTED_EDGE('',*,*,#1381,.F.);
#8564 = ORIENTED_EDGE('',*,*,#8565,.F.);
#8565 = EDGE_CURVE('',#3312,#1374,#8566,.T.);
#8566 = CIRCLE('',#8567,0.254);
#8567 = AXIS2_PLACEMENT_3D('',#8568,#8569,#8570);
#8568 = CARTESIAN_POINT('',(6.096000000002,1.692471278654,
    -12.43181441219));
#8569 = DIRECTION('',(1.737875511072E-13,-2.997602166488E-15,-1.));
#8570 = DIRECTION('',(1.388395193189E-28,1.,-2.997602166488E-15));
#8571 = ORIENTED_EDGE('',*,*,#4009,.F.);
#8572 = ( BOUNDED_SURFACE() B_SPLINE_SURFACE(3,2,(
    (#8573,#8574,#8575)
    ,(#8576,#8577,#8578)
    ,(#8579,#8580,#8581)
    ,(#8582,#8583,#8584)
    ,(#8585,#8586,#8587)
    ,(#8588,#8589,#8590)
    ,(#8591,#8592,#8593)
    ,(#8594,#8595,#8596)
    ,(#8597,#8598,#8599)
    ,(#8600,#8601,#8602)
    ,(#8603,#8604,#8605)
    ,(#8606,#8607,#8608)
    ,(#8609,#8610,#8611)
    ,(#8612,#8613,#8614
)),.UNSPECIFIED.,.F.,.F.,.F.) B_SPLINE_SURFACE_WITH_KNOTS((4,2,2,2,2,2,4
    ),(3,3),(2.081668171172E-17,8.499630636417E-04,1.274944595462E-03,
    1.699926127283E-03,2.124907659104E-03,2.549889190925E-03,
    3.399852254567E-03),(0.,1.),.UNSPECIFIED.) 
GEOMETRIC_REPRESENTATION_ITEM() RATIONAL_B_SPLINE_SURFACE((
    (1.,0.719339800339,1.)
    ,(1.,0.720213220053,1.)
    ,(1.,0.720878572747,1.)
    ,(1.,0.721563061131,1.)
    ,(1.,0.721735764944,1.)
    ,(1.,0.721964543843,1.)
    ,(1.,0.722022435699,1.)
    ,(1.,0.722023787706,1.)
    ,(1.,0.721965803279,1.)
    ,(1.,0.721737597971,1.)
    ,(1.,0.721567862916,1.)
    ,(1.,0.720891628261,1.)
    ,(1.,0.720211256155,1.)
,(1.,0.719339800339,1.))) REPRESENTATION_ITEM('') SURFACE() );
#8573 = CARTESIAN_POINT('',(6.35,3.537221289729,-9.805204273372));
#8574 = CARTESIAN_POINT('',(6.35,3.620457124586,-10.0359346396));
#8575 = CARTESIAN_POINT('',(6.104864472162,3.62336201333,-10.04398701326
    ));
#8576 = CARTESIAN_POINT('',(6.35,3.266937463839,-9.902709000562));
#8577 = CARTESIAN_POINT('',(6.35,3.37399144386,-10.12419040255));
#8578 = CARTESIAN_POINT('',(6.105504036372,3.377627166103,-10.1326119623
    ));
#8579 = CARTESIAN_POINT('',(6.35,3.018168930513,-10.03850167679));
#8580 = CARTESIAN_POINT('',(6.35,3.146569297415,-10.24769576619));
#8581 = CARTESIAN_POINT('',(6.105990179968,3.151456923042,
    -10.25604795431));
#8582 = CARTESIAN_POINT('',(6.35,2.677111001815,-10.29872608846));
#8583 = CARTESIAN_POINT('',(6.35,2.834909329317,-10.4848827387));
#8584 = CARTESIAN_POINT('',(6.106491825111,2.841386740656,
    -10.49260329482));
#8585 = CARTESIAN_POINT('',(6.35,2.569865108132,-10.39452354053));
#8586 = CARTESIAN_POINT('',(6.35,2.736919957663,-10.57224094208));
#8587 = CARTESIAN_POINT('',(6.106618470651,2.743886051531,
    -10.57968878203));
#8588 = CARTESIAN_POINT('',(6.35,2.373303838448,-10.59900221548));
#8589 = CARTESIAN_POINT('',(6.35,2.557388506262,-10.75877131548));
#8590 = CARTESIAN_POINT('',(6.106786257073,2.56518812951,-10.76557437179
    ));
#8591 = CARTESIAN_POINT('',(6.35,2.283119838199,-10.70832172452));
#8592 = CARTESIAN_POINT('',(6.35,2.475020036386,-10.85854992971));
#8593 = CARTESIAN_POINT('',(6.106828730045,2.483201191988,
    -10.86495470214));
#8594 = CARTESIAN_POINT('',(6.35,2.11916352425,-10.94131208266));
#8595 = CARTESIAN_POINT('',(6.35,2.325358572732,-11.07122491565));
#8596 = CARTESIAN_POINT('',(6.106829721769,2.334149961421,-11.0767640933
    ));
#8597 = CARTESIAN_POINT('',(6.35,2.045315189854,-11.06556728998));
#8598 = CARTESIAN_POINT('',(6.35,2.257973848029,-11.18468824848));
#8599 = CARTESIAN_POINT('',(6.106787180879,2.267016597663,-11.1897244163
    ));
#8600 = CARTESIAN_POINT('',(6.35,1.919236572512,-11.32026828718));
#8601 = CARTESIAN_POINT('',(6.35,2.143037053229,-11.4172431352));
#8602 = CARTESIAN_POINT('',(6.106619814859,2.15240551853,-11.42127488295
    ));
#8603 = CARTESIAN_POINT('',(6.35,1.866241198305,-11.45164327524));
#8604 = CARTESIAN_POINT('',(6.35,2.094773972547,-11.53722150089));
#8605 = CARTESIAN_POINT('',(6.106495346056,2.104232252153,-11.540709743)
  );
#8606 = CARTESIAN_POINT('',(6.35,1.737348821065,-11.85782645842));
#8607 = CARTESIAN_POINT('',(6.35,1.977556964176,-11.90818799012));
#8608 = CARTESIAN_POINT('',(6.10599974447,1.987074668803,-11.90997933719
    ));
#8609 = CARTESIAN_POINT('',(6.35,1.692471282511,-12.1462939726));
#8610 = CARTESIAN_POINT('',(6.350000000002,1.937142582709,
    -12.17167592244));
#8611 = CARTESIAN_POINT('',(6.105499920341,1.946294358377,
    -12.17223471581));
#8612 = CARTESIAN_POINT('',(6.35,1.692471278654,-12.43181441219));
#8613 = CARTESIAN_POINT('',(6.35,1.937756227455,-12.43181441219));
#8614 = CARTESIAN_POINT('',(6.104864472162,1.946316548717,
    -12.43181441219));
#8615 = ADVANCED_FACE('',(#8616),#8628,.T.);
#8616 = FACE_BOUND('',#8617,.T.);
#8617 = EDGE_LOOP('',(#8618,#8619,#8620,#8627));
#8618 = ORIENTED_EDGE('',*,*,#8503,.T.);
#8619 = ORIENTED_EDGE('',*,*,#3429,.F.);
#8620 = ORIENTED_EDGE('',*,*,#8621,.F.);
#8621 = EDGE_CURVE('',#1342,#3430,#8622,.T.);
#8622 = CIRCLE('',#8623,0.254);
#8623 = AXIS2_PLACEMENT_3D('',#8624,#8625,#8626);
#8624 = CARTESIAN_POINT('',(6.096,5.160436945478,-20.69251204257));
#8625 = DIRECTION('',(0.,-0.970282359757,-0.241975499472));
#8626 = DIRECTION('',(0.,0.241975499472,-0.970282359757));
#8627 = ORIENTED_EDGE('',*,*,#1339,.F.);
#8628 = TOROIDAL_SURFACE('',#8629,21.326278721346,0.254);
#8629 = AXIS2_PLACEMENT_3D('',#8630,#8631,#8632);
#8630 = CARTESIAN_POINT('',(6.096,0.,0.));
#8631 = DIRECTION('',(1.,0.,0.));
#8632 = DIRECTION('',(0.,0.866025403784,0.5));
#8633 = ADVANCED_FACE('',(#8634),#8646,.T.);
#8634 = FACE_BOUND('',#8635,.T.);
#8635 = EDGE_LOOP('',(#8636,#8637,#8638,#8645));
#8636 = ORIENTED_EDGE('',*,*,#8565,.T.);
#8637 = ORIENTED_EDGE('',*,*,#1373,.F.);
#8638 = ORIENTED_EDGE('',*,*,#8639,.F.);
#8639 = EDGE_CURVE('',#3290,#1351,#8640,.T.);
#8640 = CIRCLE('',#8641,0.254);
#8641 = AXIS2_PLACEMENT_3D('',#8642,#8643,#8644);
#8642 = CARTESIAN_POINT('',(6.096,1.692471278654,-17.98319457843));
#8643 = DIRECTION('',(8.804954281413E-14,-1.61537450083E-14,-1.));
#8644 = DIRECTION('',(4.228294451985E-28,1.,-1.61537450083E-14));
#8645 = ORIENTED_EDGE('',*,*,#3320,.F.);
#8646 = CYLINDRICAL_SURFACE('',#8647,0.254);
#8647 = AXIS2_PLACEMENT_3D('',#8648,#8649,#8650);
#8648 = CARTESIAN_POINT('',(6.096,1.692471278654,-2.020605904818E-14));
#8649 = DIRECTION('',(0.,-1.199040866595E-14,-1.));
#8650 = DIRECTION('',(0.,1.,-1.199040866595E-14));
#8651 = ADVANCED_FACE('',(#8652),#8658,.T.);
#8652 = FACE_BOUND('',#8653,.T.);
#8653 = EDGE_LOOP('',(#8654,#8655,#8656,#8657));
#8654 = ORIENTED_EDGE('',*,*,#8621,.T.);
#8655 = ORIENTED_EDGE('',*,*,#4057,.F.);
#8656 = ORIENTED_EDGE('',*,*,#8639,.T.);
#8657 = ORIENTED_EDGE('',*,*,#1350,.F.);
#8658 = ( BOUNDED_SURFACE() B_SPLINE_SURFACE(3,2,(
    (#8659,#8660,#8661)
    ,(#8662,#8663,#8664)
    ,(#8665,#8666,#8667)
    ,(#8668,#8669,#8670)
    ,(#8671,#8672,#8673)
    ,(#8674,#8675,#8676)
    ,(#8677,#8678,#8679)
    ,(#8680,#8681,#8682)
    ,(#8683,#8684,#8685)
    ,(#8686,#8687,#8688)
    ,(#8689,#8690,#8691)
    ,(#8692,#8693,#8694)
    ,(#8695,#8696,#8697)
    ,(#8698,#8699,#8700)
    ,(#8701,#8702,#8703)
    ,(#8704,#8705,#8706
)),.UNSPECIFIED.,.F.,.F.,.F.) B_SPLINE_SURFACE_WITH_KNOTS((4,2,2,2,2,2,2
    ,4),(3,3),(2.157562323246E-17,6.302862164565E-04,1.260572432913E-03,
    1.890858649369E-03,2.521144865826E-03,3.151431082282E-03,
    3.781717298739E-03,5.042289731652E-03),(0.,1.),.UNSPECIFIED.) 
GEOMETRIC_REPRESENTATION_ITEM() RATIONAL_B_SPLINE_SURFACE((
    (1.,0.719339800339,1.)
    ,(1.,0.720520310974,1.)
    ,(1.,0.721572383861,1.)
    ,(1.,0.723428424857,1.)
    ,(1.,0.724236476047,1.)
    ,(1.,0.725524494621,1.)
    ,(1.,0.726017265083,1.)
    ,(1.,0.726685869095,1.)
    ,(1.,0.726850516466,1.)
    ,(1.,0.726852618717,1.)
    ,(1.,0.726683728434,1.)
    ,(1.,0.726025291018,1.)
    ,(1.,0.725536062206,1.)
    ,(1.,0.723585324059,1.)
    ,(1.,0.721716778597,1.)
,(1.,0.719339800339,1.))) REPRESENTATION_ITEM('') SURFACE() );
#8659 = CARTESIAN_POINT('',(6.35,1.692471278654,-17.98319457843));
#8660 = CARTESIAN_POINT('',(6.35,1.937756227455,-17.98319457843));
#8661 = CARTESIAN_POINT('',(6.104864472162,1.946316548716,
    -17.98319457843));
#8662 = CARTESIAN_POINT('',(6.35,1.692471283235,-18.1962910927));
#8663 = CARTESIAN_POINT('',(6.35,1.936923046639,-18.17729057577));
#8664 = CARTESIAN_POINT('',(6.105727624065,1.946286406788,
    -18.17695723019));
#8665 = CARTESIAN_POINT('',(6.35,1.716506445464,-18.40533652691));
#8666 = CARTESIAN_POINT('',(6.35,1.958056396784,-18.36826675784));
#8667 = CARTESIAN_POINT('',(6.106498248748,1.968109648334,
    -18.36703301296));
#8668 = CARTESIAN_POINT('',(6.35,1.810912075014,-18.81550245403));
#8669 = CARTESIAN_POINT('',(6.35,2.042979118393,-18.74305590645));
#8670 = CARTESIAN_POINT('',(6.107860694899,2.053885368842,-18.7399720251
    ));
#8671 = CARTESIAN_POINT('',(6.35,1.882605586572,-19.01831308247));
#8672 = CARTESIAN_POINT('',(6.35,2.107899218696,-18.92858051483));
#8673 = CARTESIAN_POINT('',(6.108455173681,2.119040528924,
    -18.92437189392));
#8674 = CARTESIAN_POINT('',(6.35,2.066908262323,-19.39656313534));
#8675 = CARTESIAN_POINT('',(6.35,2.275456137048,-19.2745261558));
#8676 = CARTESIAN_POINT('',(6.109403771825,2.286555291327,
    -19.26827797456));
#8677 = CARTESIAN_POINT('',(6.35,2.179843278323,-19.57457691451));
#8678 = CARTESIAN_POINT('',(6.35,2.378379076134,-19.43746920671));
#8679 = CARTESIAN_POINT('',(6.109767286268,2.389210791331,
    -19.43012493102));
#8680 = CARTESIAN_POINT('',(6.35,2.447667318327,-19.90569667646));
#8681 = CARTESIAN_POINT('',(6.35,2.622768260016,-19.74036037671));
#8682 = CARTESIAN_POINT('',(6.110260698329,2.632669964184,
    -19.73116494582));
#8683 = CARTESIAN_POINT('',(6.35,2.597788331154,-20.05303576853));
#8684 = CARTESIAN_POINT('',(6.35,2.759956579167,-19.87518528648));
#8685 = CARTESIAN_POINT('',(6.110382330073,2.769139363624,
    -19.86511501163));
#8686 = CARTESIAN_POINT('',(6.35,2.929360046686,-20.31249574559));
#8687 = CARTESIAN_POINT('',(6.35,3.062999912788,-20.1123232337));
#8688 = CARTESIAN_POINT('',(6.110383882458,3.070568140758,
    -20.10098778865));
#8689 = CARTESIAN_POINT('',(6.35,3.112716870357,-20.42494917757));
#8690 = CARTESIAN_POINT('',(6.35,3.230734233022,-20.2150427005));
#8691 = CARTESIAN_POINT('',(6.110259119422,3.237260519329,
    -20.20321260536));
#8692 = CARTESIAN_POINT('',(6.35,3.493931710201,-20.60279882066));
#8693 = CARTESIAN_POINT('',(6.35,3.579305924702,-20.3771542836));
#8694 = CARTESIAN_POINT('',(6.109773208357,3.583836433526,
    -20.36487238129));
#8695 = CARTESIAN_POINT('',(6.35,3.694203571416,-20.67013900431));
#8696 = CARTESIAN_POINT('',(6.35,3.762520130103,-20.4383593783));
#8697 = CARTESIAN_POINT('',(6.109412294507,3.765914364629,-20.4260746022
    ));
#8698 = CARTESIAN_POINT('',(6.35,4.318401700979,-20.80300405698));
#8699 = CARTESIAN_POINT('',(6.35,4.333553753629,-20.55850720585));
#8700 = CARTESIAN_POINT('',(6.107975607399,4.333417381152,
    -20.54679679643));
#8701 = CARTESIAN_POINT('',(6.35,4.743315693679,-20.79653652728));
#8702 = CARTESIAN_POINT('',(6.35,4.722193903945,-20.55073545324));
#8703 = CARTESIAN_POINT('',(6.106605254417,4.719750994081,
    -20.54085590256));
#8704 = CARTESIAN_POINT('',(6.35,5.160436945478,-20.69251204257));
#8705 = CARTESIAN_POINT('',(6.35,5.101083997479,-20.45451638364));
#8706 = CARTESIAN_POINT('',(6.104864472162,5.099012609466,
    -20.44621045493));
#8707 = ( GEOMETRIC_REPRESENTATION_CONTEXT(3) 
GLOBAL_UNCERTAINTY_ASSIGNED_CONTEXT((#8711)) 
GLOBAL_UNIT_ASSIGNED_CONTEXT((#8708,#8709,#8710)) REPRESENTATION_CONTEXT
('Context #1','3D Context with UNIT and UNCERTAINTY') );
#8708 = ( LENGTH_UNIT() NAMED_UNIT(*) SI_UNIT(.MILLI.,.METRE.) );
#8709 = ( NAMED_UNIT(*) PLANE_ANGLE_UNIT() SI_UNIT($,.RADIAN.) );
#8710 = ( NAMED_UNIT(*) SI_UNIT($,.STERADIAN.) SOLID_ANGLE_UNIT() );
#8711 = UNCERTAINTY_MEASURE_WITH_UNIT(LENGTH_MEASURE(1.E-04),#8708,
  'distance_accuracy_value','confusion accuracy');
#8712 = PRODUCT_RELATED_PRODUCT_CATEGORY('part',$,(#7));
ENDSEC;
END-ISO-10303-21;
