ISO-10303-21;
HEADER;
FILE_DESCRIPTION(('Open CASCADE Model'),'2;1');
FILE_NAME('Open CASCADE Shape Model','2026-09-13T12:47:53',('Author'),(
    'Open CASCADE'),'Open CASCADE STEP processor 7.8','Open CASCADE 7.8'
  ,'Unknown');
FILE_SCHEMA(('AUTOMOTIVE_DESIGN { 1 0 10303 214 1 1 1 1 }'));
ENDSEC;
DATA;
#1 = APPLICATION_PROTOCOL_DEFINITION('international standard',
  'automotive_design',2000,#2);
#2 = APPLICATION_CONTEXT(
  'core data for automotive mechanical design processes');
#3 = SHAPE_DEFINITION_REPRESENTATION(#4,#10);
#4 = PRODUCT_DEFINITION_SHAPE('','',#5);
#5 = PRODUCT_DEFINITION('design','',#6,#9);
#6 = PRODUCT_DEFINITION_FORMATION('','',#7);
#7 = PRODUCT('Open CASCADE STEP translator 7.8 86',
  'Open CASCADE STEP translator 7.8 86','',(#8));
#8 = PRODUCT_CONTEXT('',#2,'mechanical');
#9 = PRODUCT_DEFINITION_CONTEXT('part definition',#2,'design');
#10 = ADVANCED_BREP_SHAPE_REPRESENTATION('',(#11,#15),#2337);
#11 = AXIS2_PLACEMENT_3D('',#12,#13,#14);
#12 = CARTESIAN_POINT('',(0.,0.,0.));
#13 = DIRECTION('',(0.,0.,1.));
#14 = DIRECTION('',(1.,0.,-0.));
#15 = MANIFOLD_SOLID_BREP('',#16);
#16 = CLOSED_SHELL('',(#17,#139,#934,#983,#1642,#1669,#1696,#1723,#1748,
    #1773,#1800,#1827,#1870,#1897,#1922,#1949,#1996,#2023,#2050,#2057,
    #2084,#2111,#2138,#2165,#2190,#2217,#2244,#2271,#2298,#2323,#2330));
#17 = ADVANCED_FACE('',(#18),#33,.T.);
#18 = FACE_BOUND('',#19,.T.);
#19 = EDGE_LOOP('',(#20,#56,#82,#115));
#20 = ORIENTED_EDGE('',*,*,#21,.T.);
#21 = EDGE_CURVE('',#22,#24,#26,.T.);
#22 = VERTEX_POINT('',#23);
#23 = CARTESIAN_POINT('',(-3.,15.510442965692,18.314643294588));
#24 = VERTEX_POINT('',#25);
#25 = CARTESIAN_POINT('',(-3.,-15.51044296569,18.314643294588));
#26 = SURFACE_CURVE('',#27,(#32,#44),.PCURVE_S1.);
#27 = CIRCLE('',#28,24.);
#28 = AXIS2_PLACEMENT_3D('',#29,#30,#31);
#29 = CARTESIAN_POINT('',(-3.,0.,0.));
#30 = DIRECTION('',(1.,0.,0.));
#31 = DIRECTION('',(-0.,0.646268456904,0.763110137275));
#32 = PCURVE('',#33,#38);
#33 = CYLINDRICAL_SURFACE('',#34,24.);
#34 = AXIS2_PLACEMENT_3D('',#35,#36,#37);
#35 = CARTESIAN_POINT('',(-3.,0.,0.));
#36 = DIRECTION('',(1.,0.,0.));
#37 = DIRECTION('',(-0.,0.,1.));
#38 = DEFINITIONAL_REPRESENTATION('',(#39),#43);
#39 = LINE('',#40,#41);
#40 = CARTESIAN_POINT('',(5.580500971547,0.));
#41 = VECTOR('',#42,1.);
#42 = DIRECTION('',(1.,0.));
#43 = ( GEOMETRIC_REPRESENTATION_CONTEXT(2) 
PARAMETRIC_REPRESENTATION_CONTEXT() REPRESENTATION_CONTEXT('2D SPACE',''
  ) );
#44 = PCURVE('',#45,#50);
#45 = PLANE('',#46);
#46 = AXIS2_PLACEMENT_3D('',#47,#48,#49);
#47 = CARTESIAN_POINT('',(-3.,0.,0.));
#48 = DIRECTION('',(1.,0.,0.));
#49 = DIRECTION('',(-0.,0.,1.));
#50 = DEFINITIONAL_REPRESENTATION('',(#51),#55);
#51 = CIRCLE('',#52,24.);
#52 = AXIS2_PLACEMENT_2D('',#53,#54);
#53 = CARTESIAN_POINT('',(0.,0.));
#54 = DIRECTION('',(0.763110137275,-0.646268456904));
#55 = ( GEOMETRIC_REPRESENTATION_CONTEXT(2) 
PARAMETRIC_REPRESENTATION_CONTEXT() REPRESENTATION_CONTEXT('2D SPACE',''
  ) );
#56 = ORIENTED_EDGE('',*,*,#57,.T.);
#57 = EDGE_CURVE('',#24,#58,#60,.T.);
#58 = VERTEX_POINT('',#59);
#59 = CARTESIAN_POINT('',(3.,-15.51044296569,18.314643294588));
#60 = SURFACE_CURVE('',#61,(#65,#71),.PCURVE_S1.);
#61 = LINE('',#62,#63);
#62 = CARTESIAN_POINT('',(-3.,-15.51044296569,18.314643294588));
#63 = VECTOR('',#64,1.);
#64 = DIRECTION('',(1.,0.,0.));
#65 = PCURVE('',#33,#66);
#66 = DEFINITIONAL_REPRESENTATION('',(#67),#70);
#67 = B_SPLINE_CURVE_WITH_KNOTS('',1,(#68,#69),.UNSPECIFIED.,.F.,.F.,(2,
    2),(0.,6.),.PIECEWISE_BEZIER_KNOTS.);
#68 = CARTESIAN_POINT('',(6.985869642812,0.));
#69 = CARTESIAN_POINT('',(6.985869642812,6.));
#70 = ( GEOMETRIC_REPRESENTATION_CONTEXT(2) 
PARAMETRIC_REPRESENTATION_CONTEXT() REPRESENTATION_CONTEXT('2D SPACE',''
  ) );
#71 = PCURVE('',#72,#77);
#72 = PLANE('',#73);
#73 = AXIS2_PLACEMENT_3D('',#74,#75,#76);
#74 = CARTESIAN_POINT('',(-3.,-27.75566123769,24.054589359589));
#75 = DIRECTION('',(-0.,0.424433876231,0.905458935959));
#76 = DIRECTION('',(0.,0.905458935959,-0.424433876231));
#77 = DEFINITIONAL_REPRESENTATION('',(#78),#81);
#78 = B_SPLINE_CURVE_WITH_KNOTS('',1,(#79,#80),.UNSPECIFIED.,.F.,.F.,(2,
    2),(-5.999999999062E-07,6.0000006),.PIECEWISE_BEZIER_KNOTS.);
#79 = CARTESIAN_POINT('',(13.523769864873,5.999999999062E-07));
#80 = CARTESIAN_POINT('',(13.523769864873,-6.0000006));
#81 = ( GEOMETRIC_REPRESENTATION_CONTEXT(2) 
PARAMETRIC_REPRESENTATION_CONTEXT() REPRESENTATION_CONTEXT('2D SPACE',''
  ) );
#82 = ORIENTED_EDGE('',*,*,#83,.T.);
#83 = EDGE_CURVE('',#58,#84,#86,.T.);
#84 = VERTEX_POINT('',#85);
#85 = CARTESIAN_POINT('',(3.,15.510442965692,18.314643294588));
#86 = SURFACE_CURVE('',#87,(#92,#99),.PCURVE_S1.);
#87 = CIRCLE('',#88,24.);
#88 = AXIS2_PLACEMENT_3D('',#89,#90,#91);
#89 = CARTESIAN_POINT('',(3.,0.,0.));
#90 = DIRECTION('',(-1.,0.,0.));
#91 = DIRECTION('',(0.,-0.646268456904,0.763110137275));
#92 = PCURVE('',#33,#93);
#93 = DEFINITIONAL_REPRESENTATION('',(#94),#98);
#94 = LINE('',#95,#96);
#95 = CARTESIAN_POINT('',(6.985869642812,6.));
#96 = VECTOR('',#97,1.);
#97 = DIRECTION('',(-1.,-0.));
#98 = ( GEOMETRIC_REPRESENTATION_CONTEXT(2) 
PARAMETRIC_REPRESENTATION_CONTEXT() REPRESENTATION_CONTEXT('2D SPACE',''
  ) );
#99 = PCURVE('',#100,#105);
#100 = PLANE('',#101);
#101 = AXIS2_PLACEMENT_3D('',#102,#103,#104);
#102 = CARTESIAN_POINT('',(3.,0.,0.));
#103 = DIRECTION('',(1.,0.,0.));
#104 = DIRECTION('',(-0.,0.,1.));
#105 = DEFINITIONAL_REPRESENTATION('',(#106),#114);
#106 = ( BOUNDED_CURVE() B_SPLINE_CURVE(2,(#107,#108,#109,#110,#111,#112
,#113),.UNSPECIFIED.,.T.,.F.) B_SPLINE_CURVE_WITH_KNOTS((1,2,2,2,2,1),(
    -2.094395102393,0.,2.094395102393,4.188790204786,6.28318530718,
8.377580409573),.UNSPECIFIED.) CURVE() GEOMETRIC_REPRESENTATION_ITEM() 
RATIONAL_B_SPLINE_CURVE((1.,0.5,1.,0.5,1.,0.5,1.)) REPRESENTATION_ITEM(
  '') );
#107 = CARTESIAN_POINT('',(18.314643294588,15.510442965692));
#108 = CARTESIAN_POINT('',(45.179518559067,-16.21144974303));
#109 = CARTESIAN_POINT('',(4.275115984945,-23.61616783721));
#110 = CARTESIAN_POINT('',(-36.62928658917,-31.02088593138));
#111 = CARTESIAN_POINT('',(-22.58975927953,8.105724871518));
#112 = CARTESIAN_POINT('',(-8.55023196989,47.23233567442));
#113 = CARTESIAN_POINT('',(18.314643294588,15.510442965692));
#114 = ( GEOMETRIC_REPRESENTATION_CONTEXT(2) 
PARAMETRIC_REPRESENTATION_CONTEXT() REPRESENTATION_CONTEXT('2D SPACE',''
  ) );
#115 = ORIENTED_EDGE('',*,*,#116,.F.);
#116 = EDGE_CURVE('',#22,#84,#117,.T.);
#117 = SURFACE_CURVE('',#118,(#122,#128),.PCURVE_S1.);
#118 = LINE('',#119,#120);
#119 = CARTESIAN_POINT('',(-3.,15.510442965692,18.314643294588));
#120 = VECTOR('',#121,1.);
#121 = DIRECTION('',(1.,0.,0.));
#122 = PCURVE('',#33,#123);
#123 = DEFINITIONAL_REPRESENTATION('',(#124),#127);
#124 = B_SPLINE_CURVE_WITH_KNOTS('',1,(#125,#126),.UNSPECIFIED.,.F.,.F.,
  (2,2),(0.,6.),.PIECEWISE_BEZIER_KNOTS.);
#125 = CARTESIAN_POINT('',(5.580500971547,0.));
#126 = CARTESIAN_POINT('',(5.580500971547,6.));
#127 = ( GEOMETRIC_REPRESENTATION_CONTEXT(2) 
PARAMETRIC_REPRESENTATION_CONTEXT() REPRESENTATION_CONTEXT('2D SPACE',''
  ) );
#128 = PCURVE('',#129,#134);
#129 = PLANE('',#130);
#130 = AXIS2_PLACEMENT_3D('',#131,#132,#133);
#131 = CARTESIAN_POINT('',(-3.,-4.244338762307,9.054589359589));
#132 = DIRECTION('',(0.,-0.424433876231,0.905458935959));
#133 = DIRECTION('',(0.,0.905458935959,0.424433876231));
#134 = DEFINITIONAL_REPRESENTATION('',(#135),#138);
#135 = B_SPLINE_CURVE_WITH_KNOTS('',1,(#136,#137),.UNSPECIFIED.,.F.,.F.,
  (2,2),(-5.999999999062E-07,6.0000006),.PIECEWISE_BEZIER_KNOTS.);
#136 = CARTESIAN_POINT('',(21.817424229271,5.999999999062E-07));
#137 = CARTESIAN_POINT('',(21.817424229271,-6.0000006));
#138 = ( GEOMETRIC_REPRESENTATION_CONTEXT(2) 
PARAMETRIC_REPRESENTATION_CONTEXT() REPRESENTATION_CONTEXT('2D SPACE',''
  ) );
#139 = ADVANCED_FACE('',(#140,#171,#202,#872,#903),#45,.F.);
#140 = FACE_BOUND('',#141,.F.);
#141 = EDGE_LOOP('',(#142));
#142 = ORIENTED_EDGE('',*,*,#143,.F.);
#143 = EDGE_CURVE('',#144,#144,#146,.T.);
#144 = VERTEX_POINT('',#145);
#145 = CARTESIAN_POINT('',(-3.,3.511674696555E-15,14.3375));
#146 = SURFACE_CURVE('',#147,(#152,#159),.PCURVE_S1.);
#147 = CIRCLE('',#148,14.3375);
#148 = AXIS2_PLACEMENT_3D('',#149,#150,#151);
#149 = CARTESIAN_POINT('',(-3.,0.,0.));
#150 = DIRECTION('',(1.,0.,0.));
#151 = DIRECTION('',(-0.,0.,1.));
#152 = PCURVE('',#45,#153);
#153 = DEFINITIONAL_REPRESENTATION('',(#154),#158);
#154 = CIRCLE('',#155,14.3375);
#155 = AXIS2_PLACEMENT_2D('',#156,#157);
#156 = CARTESIAN_POINT('',(0.,0.));
#157 = DIRECTION('',(1.,0.));
#158 = ( GEOMETRIC_REPRESENTATION_CONTEXT(2) 
PARAMETRIC_REPRESENTATION_CONTEXT() REPRESENTATION_CONTEXT('2D SPACE',''
  ) );
#159 = PCURVE('',#160,#165);
#160 = CYLINDRICAL_SURFACE('',#161,14.3375);
#161 = AXIS2_PLACEMENT_3D('',#162,#163,#164);
#162 = CARTESIAN_POINT('',(-4.,0.,0.));
#163 = DIRECTION('',(1.,0.,0.));
#164 = DIRECTION('',(-0.,0.,1.));
#165 = DEFINITIONAL_REPRESENTATION('',(#166),#170);
#166 = LINE('',#167,#168);
#167 = CARTESIAN_POINT('',(0.,1.));
#168 = VECTOR('',#169,1.);
#169 = DIRECTION('',(1.,0.));
#170 = ( GEOMETRIC_REPRESENTATION_CONTEXT(2) 
PARAMETRIC_REPRESENTATION_CONTEXT() REPRESENTATION_CONTEXT('2D SPACE',''
  ) );
#171 = FACE_BOUND('',#172,.F.);
#172 = EDGE_LOOP('',(#173));
#173 = ORIENTED_EDGE('',*,*,#174,.F.);
#174 = EDGE_CURVE('',#175,#175,#177,.T.);
#175 = VERTEX_POINT('',#176);
#176 = CARTESIAN_POINT('',(-3.,-10.,19.520508075689));
#177 = SURFACE_CURVE('',#178,(#183,#190),.PCURVE_S1.);
#178 = CIRCLE('',#179,2.2);
#179 = AXIS2_PLACEMENT_3D('',#180,#181,#182);
#180 = CARTESIAN_POINT('',(-3.,-10.,17.320508075689));
#181 = DIRECTION('',(1.,0.,0.));
#182 = DIRECTION('',(-0.,0.,1.));
#183 = PCURVE('',#45,#184);
#184 = DEFINITIONAL_REPRESENTATION('',(#185),#189);
#185 = CIRCLE('',#186,2.2);
#186 = AXIS2_PLACEMENT_2D('',#187,#188);
#187 = CARTESIAN_POINT('',(17.320508075689,10.));
#188 = DIRECTION('',(1.,0.));
#189 = ( GEOMETRIC_REPRESENTATION_CONTEXT(2) 
PARAMETRIC_REPRESENTATION_CONTEXT() REPRESENTATION_CONTEXT('2D SPACE',''
  ) );
#190 = PCURVE('',#191,#196);
#191 = CYLINDRICAL_SURFACE('',#192,2.2);
#192 = AXIS2_PLACEMENT_3D('',#193,#194,#195);
#193 = CARTESIAN_POINT('',(-4.,-10.,17.320508075689));
#194 = DIRECTION('',(1.,0.,0.));
#195 = DIRECTION('',(-0.,0.,1.));
#196 = DEFINITIONAL_REPRESENTATION('',(#197),#201);
#197 = LINE('',#198,#199);
#198 = CARTESIAN_POINT('',(0.,1.));
#199 = VECTOR('',#200,1.);
#200 = DIRECTION('',(1.,0.));
#201 = ( GEOMETRIC_REPRESENTATION_CONTEXT(2) 
PARAMETRIC_REPRESENTATION_CONTEXT() REPRESENTATION_CONTEXT('2D SPACE',''
  ) );
#202 = FACE_BOUND('',#203,.F.);
#203 = EDGE_LOOP('',(#204,#227,#255,#284,#312,#341,#369,#397,#425,#453,
    #481,#509,#538,#567,#595,#623,#652,#680,#708,#736,#765,#793,#822,
    #850,#871));
#204 = ORIENTED_EDGE('',*,*,#205,.F.);
#205 = EDGE_CURVE('',#206,#24,#208,.T.);
#206 = VERTEX_POINT('',#207);
#207 = CARTESIAN_POINT('',(-3.,-27.75566123769,24.054589359589));
#208 = SURFACE_CURVE('',#209,(#213,#220),.PCURVE_S1.);
#209 = LINE('',#210,#211);
#210 = CARTESIAN_POINT('',(-3.,-27.75566123769,24.054589359589));
#211 = VECTOR('',#212,1.);
#212 = DIRECTION('',(0.,0.905458935959,-0.424433876231));
#213 = PCURVE('',#45,#214);
#214 = DEFINITIONAL_REPRESENTATION('',(#215),#219);
#215 = LINE('',#216,#217);
#216 = CARTESIAN_POINT('',(24.054589359589,27.755661237693));
#217 = VECTOR('',#218,1.);
#218 = DIRECTION('',(-0.424433876231,-0.905458935959));
#219 = ( GEOMETRIC_REPRESENTATION_CONTEXT(2) 
PARAMETRIC_REPRESENTATION_CONTEXT() REPRESENTATION_CONTEXT('2D SPACE',''
  ) );
#220 = PCURVE('',#72,#221);
#221 = DEFINITIONAL_REPRESENTATION('',(#222),#226);
#222 = LINE('',#223,#224);
#223 = CARTESIAN_POINT('',(0.,0.));
#224 = VECTOR('',#225,1.);
#225 = DIRECTION('',(1.,0.));
#226 = ( GEOMETRIC_REPRESENTATION_CONTEXT(2) 
PARAMETRIC_REPRESENTATION_CONTEXT() REPRESENTATION_CONTEXT('2D SPACE',''
  ) );
#227 = ORIENTED_EDGE('',*,*,#228,.F.);
#228 = EDGE_CURVE('',#229,#206,#231,.T.);
#229 = VERTEX_POINT('',#230);
#230 = CARTESIAN_POINT('',(-3.,-30.59936820843,17.988014488664));
#231 = SURFACE_CURVE('',#232,(#236,#243),.PCURVE_S1.);
#232 = LINE('',#233,#234);
#233 = CARTESIAN_POINT('',(-3.,-36.2443387623,5.945410640411));
#234 = VECTOR('',#235,1.);
#235 = DIRECTION('',(0.,0.424433876231,0.905458935959));
#236 = PCURVE('',#45,#237);
#237 = DEFINITIONAL_REPRESENTATION('',(#238),#242);
#238 = LINE('',#239,#240);
#239 = CARTESIAN_POINT('',(5.945410640411,36.244338762307));
#240 = VECTOR('',#241,1.);
#241 = DIRECTION('',(0.905458935959,-0.424433876231));
#242 = ( GEOMETRIC_REPRESENTATION_CONTEXT(2) 
PARAMETRIC_REPRESENTATION_CONTEXT() REPRESENTATION_CONTEXT('2D SPACE',''
  ) );
#243 = PCURVE('',#244,#249);
#244 = PLANE('',#245);
#245 = AXIS2_PLACEMENT_3D('',#246,#247,#248);
#246 = CARTESIAN_POINT('',(-3.,-36.2443387623,5.945410640411));
#247 = DIRECTION('',(0.,-0.905458935959,0.424433876231));
#248 = DIRECTION('',(0.,0.424433876231,0.905458935959));
#249 = DEFINITIONAL_REPRESENTATION('',(#250),#254);
#250 = LINE('',#251,#252);
#251 = CARTESIAN_POINT('',(0.,0.));
#252 = VECTOR('',#253,1.);
#253 = DIRECTION('',(1.,0.));
#254 = ( GEOMETRIC_REPRESENTATION_CONTEXT(2) 
PARAMETRIC_REPRESENTATION_CONTEXT() REPRESENTATION_CONTEXT('2D SPACE',''
  ) );
#255 = ORIENTED_EDGE('',*,*,#256,.F.);
#256 = EDGE_CURVE('',#257,#229,#259,.T.);
#257 = VERTEX_POINT('',#258);
#258 = CARTESIAN_POINT('',(-3.,-29.82693479403,17.483503092533));
#259 = SURFACE_CURVE('',#260,(#265,#272),.PCURVE_S1.);
#260 = CIRCLE('',#261,3.3);
#261 = AXIS2_PLACEMENT_3D('',#262,#263,#264);
#262 = CARTESIAN_POINT('',(-3.,-32.,15.));
#263 = DIRECTION('',(1.,0.,0.));
#264 = DIRECTION('',(-0.,0.,1.));
#265 = PCURVE('',#45,#266);
#266 = DEFINITIONAL_REPRESENTATION('',(#267),#271);
#267 = CIRCLE('',#268,3.3);
#268 = AXIS2_PLACEMENT_2D('',#269,#270);
#269 = CARTESIAN_POINT('',(15.,32.));
#270 = DIRECTION('',(1.,0.));
#271 = ( GEOMETRIC_REPRESENTATION_CONTEXT(2) 
PARAMETRIC_REPRESENTATION_CONTEXT() REPRESENTATION_CONTEXT('2D SPACE',''
  ) );
#272 = PCURVE('',#273,#278);
#273 = CYLINDRICAL_SURFACE('',#274,3.3);
#274 = AXIS2_PLACEMENT_3D('',#275,#276,#277);
#275 = CARTESIAN_POINT('',(-4.,-32.,15.));
#276 = DIRECTION('',(1.,0.,0.));
#277 = DIRECTION('',(-0.,0.,1.));
#278 = DEFINITIONAL_REPRESENTATION('',(#279),#283);
#279 = LINE('',#280,#281);
#280 = CARTESIAN_POINT('',(-8.881784197001E-16,1.));
#281 = VECTOR('',#282,1.);
#282 = DIRECTION('',(1.,0.));
#283 = ( GEOMETRIC_REPRESENTATION_CONTEXT(2) 
PARAMETRIC_REPRESENTATION_CONTEXT() REPRESENTATION_CONTEXT('2D SPACE',''
  ) );
#284 = ORIENTED_EDGE('',*,*,#285,.F.);
#285 = EDGE_CURVE('',#286,#257,#288,.T.);
#286 = VERTEX_POINT('',#287);
#287 = CARTESIAN_POINT('',(-3.,-20.79601445755,9.58144779811));
#288 = SURFACE_CURVE('',#289,(#293,#300),.PCURVE_S1.);
#289 = LINE('',#290,#291);
#290 = CARTESIAN_POINT('',(-3.,-20.79601445755,9.58144779811));
#291 = VECTOR('',#292,1.);
#292 = DIRECTION('',(0.,-0.752576694707,0.658504607869));
#293 = PCURVE('',#45,#294);
#294 = DEFINITIONAL_REPRESENTATION('',(#295),#299);
#295 = LINE('',#296,#297);
#296 = CARTESIAN_POINT('',(9.58144779811,20.796014457551));
#297 = VECTOR('',#298,1.);
#298 = DIRECTION('',(0.658504607869,0.752576694707));
#299 = ( GEOMETRIC_REPRESENTATION_CONTEXT(2) 
PARAMETRIC_REPRESENTATION_CONTEXT() REPRESENTATION_CONTEXT('2D SPACE',''
  ) );
#300 = PCURVE('',#301,#306);
#301 = PLANE('',#302);
#302 = AXIS2_PLACEMENT_3D('',#303,#304,#305);
#303 = CARTESIAN_POINT('',(-4.,-29.82693479403,17.483503092533));
#304 = DIRECTION('',(-0.,0.658504607869,0.752576694707));
#305 = DIRECTION('',(0.,0.752576694707,-0.658504607869));
#306 = DEFINITIONAL_REPRESENTATION('',(#307),#311);
#307 = LINE('',#308,#309);
#308 = CARTESIAN_POINT('',(12.,-1.));
#309 = VECTOR('',#310,1.);
#310 = DIRECTION('',(-1.,-0.));
#311 = ( GEOMETRIC_REPRESENTATION_CONTEXT(2) 
PARAMETRIC_REPRESENTATION_CONTEXT() REPRESENTATION_CONTEXT('2D SPACE',''
  ) );
#312 = ORIENTED_EDGE('',*,*,#313,.F.);
#313 = EDGE_CURVE('',#314,#286,#316,.T.);
#314 = VERTEX_POINT('',#315);
#315 = CARTESIAN_POINT('',(-3.,-25.14214486948,4.614441613045));
#316 = SURFACE_CURVE('',#317,(#322,#329),.PCURVE_S1.);
#317 = CIRCLE('',#318,3.3);
#318 = AXIS2_PLACEMENT_3D('',#319,#320,#321);
#319 = CARTESIAN_POINT('',(-3.,-22.96907966351,7.097944705578));
#320 = DIRECTION('',(1.,0.,0.));
#321 = DIRECTION('',(0.,-0.658504607869,-0.752576694707));
#322 = PCURVE('',#45,#323);
#323 = DEFINITIONAL_REPRESENTATION('',(#324),#328);
#324 = CIRCLE('',#325,3.3);
#325 = AXIS2_PLACEMENT_2D('',#326,#327);
#326 = CARTESIAN_POINT('',(7.097944705578,22.969079663517));
#327 = DIRECTION('',(-0.752576694707,0.658504607869));
#328 = ( GEOMETRIC_REPRESENTATION_CONTEXT(2) 
PARAMETRIC_REPRESENTATION_CONTEXT() REPRESENTATION_CONTEXT('2D SPACE',''
  ) );
#329 = PCURVE('',#330,#335);
#330 = CYLINDRICAL_SURFACE('',#331,3.3);
#331 = AXIS2_PLACEMENT_3D('',#332,#333,#334);
#332 = CARTESIAN_POINT('',(-4.,-22.96907966351,7.097944705578));
#333 = DIRECTION('',(1.,0.,0.));
#334 = DIRECTION('',(-0.,0.,1.));
#335 = DEFINITIONAL_REPRESENTATION('',(#336),#340);
#336 = LINE('',#337,#338);
#337 = CARTESIAN_POINT('',(2.422762653968,1.));
#338 = VECTOR('',#339,1.);
#339 = DIRECTION('',(1.,0.));
#340 = ( GEOMETRIC_REPRESENTATION_CONTEXT(2) 
PARAMETRIC_REPRESENTATION_CONTEXT() REPRESENTATION_CONTEXT('2D SPACE',''
  ) );
#341 = ORIENTED_EDGE('',*,*,#342,.F.);
#342 = EDGE_CURVE('',#343,#314,#345,.T.);
#343 = VERTEX_POINT('',#344);
#344 = CARTESIAN_POINT('',(-3.,-34.17306520596,12.516496907467));
#345 = SURFACE_CURVE('',#346,(#350,#357),.PCURVE_S1.);
#346 = LINE('',#347,#348);
#347 = CARTESIAN_POINT('',(-3.,-34.17306520596,12.516496907467));
#348 = VECTOR('',#349,1.);
#349 = DIRECTION('',(0.,0.752576694707,-0.658504607869));
#350 = PCURVE('',#45,#351);
#351 = DEFINITIONAL_REPRESENTATION('',(#352),#356);
#352 = LINE('',#353,#354);
#353 = CARTESIAN_POINT('',(12.516496907467,34.173065205966));
#354 = VECTOR('',#355,1.);
#355 = DIRECTION('',(-0.658504607869,-0.752576694707));
#356 = ( GEOMETRIC_REPRESENTATION_CONTEXT(2) 
PARAMETRIC_REPRESENTATION_CONTEXT() REPRESENTATION_CONTEXT('2D SPACE',''
  ) );
#357 = PCURVE('',#358,#363);
#358 = PLANE('',#359);
#359 = AXIS2_PLACEMENT_3D('',#360,#361,#362);
#360 = CARTESIAN_POINT('',(-4.,-25.14214486948,4.614441613045));
#361 = DIRECTION('',(0.,-0.658504607869,-0.752576694707));
#362 = DIRECTION('',(0.,-0.752576694707,0.658504607869));
#363 = DEFINITIONAL_REPRESENTATION('',(#364),#368);
#364 = LINE('',#365,#366);
#365 = CARTESIAN_POINT('',(12.,-1.));
#366 = VECTOR('',#367,1.);
#367 = DIRECTION('',(-1.,-0.));
#368 = ( GEOMETRIC_REPRESENTATION_CONTEXT(2) 
PARAMETRIC_REPRESENTATION_CONTEXT() REPRESENTATION_CONTEXT('2D SPACE',''
  ) );
#369 = ORIENTED_EDGE('',*,*,#370,.F.);
#370 = EDGE_CURVE('',#371,#343,#373,.T.);
#371 = VERTEX_POINT('',#372);
#372 = CARTESIAN_POINT('',(-3.,-37.26803686294,8.979386442345));
#373 = SURFACE_CURVE('',#374,(#378,#385),.PCURVE_S1.);
#374 = LINE('',#375,#376);
#375 = CARTESIAN_POINT('',(-3.,-37.26803686294,8.979386442345));
#376 = VECTOR('',#377,1.);
#377 = DIRECTION('',(0.,0.658504607869,0.752576694707));
#378 = PCURVE('',#45,#379);
#379 = DEFINITIONAL_REPRESENTATION('',(#380),#384);
#380 = LINE('',#381,#382);
#381 = CARTESIAN_POINT('',(8.979386442345,37.268036862948));
#382 = VECTOR('',#383,1.);
#383 = DIRECTION('',(0.752576694707,-0.658504607869));
#384 = ( GEOMETRIC_REPRESENTATION_CONTEXT(2) 
PARAMETRIC_REPRESENTATION_CONTEXT() REPRESENTATION_CONTEXT('2D SPACE',''
  ) );
#385 = PCURVE('',#386,#391);
#386 = PLANE('',#387);
#387 = AXIS2_PLACEMENT_3D('',#388,#389,#390);
#388 = CARTESIAN_POINT('',(-3.,-37.26803686294,8.979386442345));
#389 = DIRECTION('',(0.,-0.752576694707,0.658504607869));
#390 = DIRECTION('',(0.,0.658504607869,0.752576694707));
#391 = DEFINITIONAL_REPRESENTATION('',(#392),#396);
#392 = LINE('',#393,#394);
#393 = CARTESIAN_POINT('',(0.,0.));
#394 = VECTOR('',#395,1.);
#395 = DIRECTION('',(1.,0.));
#396 = ( GEOMETRIC_REPRESENTATION_CONTEXT(2) 
PARAMETRIC_REPRESENTATION_CONTEXT() REPRESENTATION_CONTEXT('2D SPACE',''
  ) );
#397 = ORIENTED_EDGE('',*,*,#398,.F.);
#398 = EDGE_CURVE('',#399,#371,#401,.T.);
#399 = VERTEX_POINT('',#400);
#400 = CARTESIAN_POINT('',(-3.,-35.53356647514,7.461724853019));
#401 = SURFACE_CURVE('',#402,(#406,#413),.PCURVE_S1.);
#402 = LINE('',#403,#404);
#403 = CARTESIAN_POINT('',(-3.,-28.23711652646,1.077331147923));
#404 = VECTOR('',#405,1.);
#405 = DIRECTION('',(0.,-0.752576694707,0.658504607869));
#406 = PCURVE('',#45,#407);
#407 = DEFINITIONAL_REPRESENTATION('',(#408),#412);
#408 = LINE('',#409,#410);
#409 = CARTESIAN_POINT('',(1.077331147923,28.237116526466));
#410 = VECTOR('',#411,1.);
#411 = DIRECTION('',(0.658504607869,0.752576694707));
#412 = ( GEOMETRIC_REPRESENTATION_CONTEXT(2) 
PARAMETRIC_REPRESENTATION_CONTEXT() REPRESENTATION_CONTEXT('2D SPACE',''
  ) );
#413 = PCURVE('',#414,#419);
#414 = PLANE('',#415);
#415 = AXIS2_PLACEMENT_3D('',#416,#417,#418);
#416 = CARTESIAN_POINT('',(-3.,-28.23711652646,1.077331147923));
#417 = DIRECTION('',(0.,-0.658504607869,-0.752576694707));
#418 = DIRECTION('',(0.,-0.752576694707,0.658504607869));
#419 = DEFINITIONAL_REPRESENTATION('',(#420),#424);
#420 = LINE('',#421,#422);
#421 = CARTESIAN_POINT('',(0.,0.));
#422 = VECTOR('',#423,1.);
#423 = DIRECTION('',(1.,0.));
#424 = ( GEOMETRIC_REPRESENTATION_CONTEXT(2) 
PARAMETRIC_REPRESENTATION_CONTEXT() REPRESENTATION_CONTEXT('2D SPACE',''
  ) );
#425 = ORIENTED_EDGE('',*,*,#426,.F.);
#426 = EDGE_CURVE('',#427,#399,#429,.T.);
#427 = VERTEX_POINT('',#428);
#428 = CARTESIAN_POINT('',(-3.,-36.2443387623,5.945410640411));
#429 = SURFACE_CURVE('',#430,(#434,#441),.PCURVE_S1.);
#430 = LINE('',#431,#432);
#431 = CARTESIAN_POINT('',(-3.,-36.2443387623,5.945410640411));
#432 = VECTOR('',#433,1.);
#433 = DIRECTION('',(0.,0.424433876231,0.905458935959));
#434 = PCURVE('',#45,#435);
#435 = DEFINITIONAL_REPRESENTATION('',(#436),#440);
#436 = LINE('',#437,#438);
#437 = CARTESIAN_POINT('',(5.945410640411,36.244338762307));
#438 = VECTOR('',#439,1.);
#439 = DIRECTION('',(0.905458935959,-0.424433876231));
#440 = ( GEOMETRIC_REPRESENTATION_CONTEXT(2) 
PARAMETRIC_REPRESENTATION_CONTEXT() REPRESENTATION_CONTEXT('2D SPACE',''
  ) );
#441 = PCURVE('',#442,#447);
#442 = PLANE('',#443);
#443 = AXIS2_PLACEMENT_3D('',#444,#445,#446);
#444 = CARTESIAN_POINT('',(-3.,-36.2443387623,5.945410640411));
#445 = DIRECTION('',(0.,-0.905458935959,0.424433876231));
#446 = DIRECTION('',(0.,0.424433876231,0.905458935959));
#447 = DEFINITIONAL_REPRESENTATION('',(#448),#452);
#448 = LINE('',#449,#450);
#449 = CARTESIAN_POINT('',(0.,0.));
#450 = VECTOR('',#451,1.);
#451 = DIRECTION('',(1.,0.));
#452 = ( GEOMETRIC_REPRESENTATION_CONTEXT(2) 
PARAMETRIC_REPRESENTATION_CONTEXT() REPRESENTATION_CONTEXT('2D SPACE',''
  ) );
#453 = ORIENTED_EDGE('',*,*,#454,.F.);
#454 = EDGE_CURVE('',#455,#427,#457,.T.);
#455 = VERTEX_POINT('',#456);
#456 = CARTESIAN_POINT('',(-3.,-30.98097885123,3.478210682096));
#457 = SURFACE_CURVE('',#458,(#462,#469),.PCURVE_S1.);
#458 = LINE('',#459,#460);
#459 = CARTESIAN_POINT('',(-3.,-4.244338762307,-9.054589359589));
#460 = VECTOR('',#461,1.);
#461 = DIRECTION('',(0.,-0.905458935959,0.424433876231));
#462 = PCURVE('',#45,#463);
#463 = DEFINITIONAL_REPRESENTATION('',(#464),#468);
#464 = LINE('',#465,#466);
#465 = CARTESIAN_POINT('',(-9.054589359589,4.244338762307));
#466 = VECTOR('',#467,1.);
#467 = DIRECTION('',(0.424433876231,0.905458935959));
#468 = ( GEOMETRIC_REPRESENTATION_CONTEXT(2) 
PARAMETRIC_REPRESENTATION_CONTEXT() REPRESENTATION_CONTEXT('2D SPACE',''
  ) );
#469 = PCURVE('',#470,#475);
#470 = PLANE('',#471);
#471 = AXIS2_PLACEMENT_3D('',#472,#473,#474);
#472 = CARTESIAN_POINT('',(-3.,-4.244338762307,-9.054589359589));
#473 = DIRECTION('',(0.,-0.424433876231,-0.905458935959));
#474 = DIRECTION('',(0.,-0.905458935959,0.424433876231));
#475 = DEFINITIONAL_REPRESENTATION('',(#476),#480);
#476 = LINE('',#477,#478);
#477 = CARTESIAN_POINT('',(0.,0.));
#478 = VECTOR('',#479,1.);
#479 = DIRECTION('',(1.,0.));
#480 = ( GEOMETRIC_REPRESENTATION_CONTEXT(2) 
PARAMETRIC_REPRESENTATION_CONTEXT() REPRESENTATION_CONTEXT('2D SPACE',''
  ) );
#481 = ORIENTED_EDGE('',*,*,#482,.F.);
#482 = EDGE_CURVE('',#483,#455,#485,.T.);
#483 = VERTEX_POINT('',#484);
#484 = CARTESIAN_POINT('',(-3.,-28.23711652646,1.077331147923));
#485 = SURFACE_CURVE('',#486,(#490,#497),.PCURVE_S1.);
#486 = LINE('',#487,#488);
#487 = CARTESIAN_POINT('',(-3.,-28.23711652646,1.077331147923));
#488 = VECTOR('',#489,1.);
#489 = DIRECTION('',(0.,-0.752576694707,0.658504607869));
#490 = PCURVE('',#45,#491);
#491 = DEFINITIONAL_REPRESENTATION('',(#492),#496);
#492 = LINE('',#493,#494);
#493 = CARTESIAN_POINT('',(1.077331147923,28.237116526466));
#494 = VECTOR('',#495,1.);
#495 = DIRECTION('',(0.658504607869,0.752576694707));
#496 = ( GEOMETRIC_REPRESENTATION_CONTEXT(2) 
PARAMETRIC_REPRESENTATION_CONTEXT() REPRESENTATION_CONTEXT('2D SPACE',''
  ) );
#497 = PCURVE('',#498,#503);
#498 = PLANE('',#499);
#499 = AXIS2_PLACEMENT_3D('',#500,#501,#502);
#500 = CARTESIAN_POINT('',(-3.,-28.23711652646,1.077331147923));
#501 = DIRECTION('',(0.,-0.658504607869,-0.752576694707));
#502 = DIRECTION('',(0.,-0.752576694707,0.658504607869));
#503 = DEFINITIONAL_REPRESENTATION('',(#504),#508);
#504 = LINE('',#505,#506);
#505 = CARTESIAN_POINT('',(0.,0.));
#506 = VECTOR('',#507,1.);
#507 = DIRECTION('',(1.,0.));
#508 = ( GEOMETRIC_REPRESENTATION_CONTEXT(2) 
PARAMETRIC_REPRESENTATION_CONTEXT() REPRESENTATION_CONTEXT('2D SPACE',''
  ) );
#509 = ORIENTED_EDGE('',*,*,#510,.T.);
#510 = EDGE_CURVE('',#483,#511,#513,.T.);
#511 = VERTEX_POINT('',#512);
#512 = CARTESIAN_POINT('',(-3.,-23.98539209958,-0.837237020905));
#513 = SURFACE_CURVE('',#514,(#519,#526),.PCURVE_S1.);
#514 = CIRCLE('',#515,8.);
#515 = AXIS2_PLACEMENT_3D('',#516,#517,#518);
#516 = CARTESIAN_POINT('',(-3.,-22.96907966351,7.097944705578));
#517 = DIRECTION('',(1.,0.,0.));
#518 = DIRECTION('',(-0.,0.,1.));
#519 = PCURVE('',#45,#520);
#520 = DEFINITIONAL_REPRESENTATION('',(#521),#525);
#521 = CIRCLE('',#522,8.);
#522 = AXIS2_PLACEMENT_2D('',#523,#524);
#523 = CARTESIAN_POINT('',(7.097944705578,22.969079663517));
#524 = DIRECTION('',(1.,0.));
#525 = ( GEOMETRIC_REPRESENTATION_CONTEXT(2) 
PARAMETRIC_REPRESENTATION_CONTEXT() REPRESENTATION_CONTEXT('2D SPACE',''
  ) );
#526 = PCURVE('',#527,#532);
#527 = CYLINDRICAL_SURFACE('',#528,8.);
#528 = AXIS2_PLACEMENT_3D('',#529,#530,#531);
#529 = CARTESIAN_POINT('',(-3.,-22.96907966351,7.097944705578));
#530 = DIRECTION('',(1.,0.,0.));
#531 = DIRECTION('',(-0.,0.,1.));
#532 = DEFINITIONAL_REPRESENTATION('',(#533),#537);
#533 = LINE('',#534,#535);
#534 = CARTESIAN_POINT('',(0.,0.));
#535 = VECTOR('',#536,1.);
#536 = DIRECTION('',(1.,0.));
#537 = ( GEOMETRIC_REPRESENTATION_CONTEXT(2) 
PARAMETRIC_REPRESENTATION_CONTEXT() REPRESENTATION_CONTEXT('2D SPACE',''
  ) );
#538 = ORIENTED_EDGE('',*,*,#539,.T.);
#539 = EDGE_CURVE('',#511,#540,#542,.T.);
#540 = VERTEX_POINT('',#541);
#541 = CARTESIAN_POINT('',(-3.,23.999120490307,0.205464575412));
#542 = SURFACE_CURVE('',#543,(#548,#555),.PCURVE_S1.);
#543 = CIRCLE('',#544,24.);
#544 = AXIS2_PLACEMENT_3D('',#545,#546,#547);
#545 = CARTESIAN_POINT('',(-3.,0.,0.));
#546 = DIRECTION('',(1.,0.,0.));
#547 = DIRECTION('',(-0.,0.,1.));
#548 = PCURVE('',#45,#549);
#549 = DEFINITIONAL_REPRESENTATION('',(#550),#554);
#550 = CIRCLE('',#551,24.);
#551 = AXIS2_PLACEMENT_2D('',#552,#553);
#552 = CARTESIAN_POINT('',(0.,0.));
#553 = DIRECTION('',(1.,0.));
#554 = ( GEOMETRIC_REPRESENTATION_CONTEXT(2) 
PARAMETRIC_REPRESENTATION_CONTEXT() REPRESENTATION_CONTEXT('2D SPACE',''
  ) );
#555 = PCURVE('',#556,#561);
#556 = CYLINDRICAL_SURFACE('',#557,24.);
#557 = AXIS2_PLACEMENT_3D('',#558,#559,#560);
#558 = CARTESIAN_POINT('',(-3.,0.,0.));
#559 = DIRECTION('',(1.,0.,0.));
#560 = DIRECTION('',(-0.,0.,1.));
#561 = DEFINITIONAL_REPRESENTATION('',(#562),#566);
#562 = LINE('',#563,#564);
#563 = CARTESIAN_POINT('',(0.,0.));
#564 = VECTOR('',#565,1.);
#565 = DIRECTION('',(1.,0.));
#566 = ( GEOMETRIC_REPRESENTATION_CONTEXT(2) 
PARAMETRIC_REPRESENTATION_CONTEXT() REPRESENTATION_CONTEXT('2D SPACE',''
  ) );
#567 = ORIENTED_EDGE('',*,*,#568,.F.);
#568 = EDGE_CURVE('',#569,#540,#571,.T.);
#569 = VERTEX_POINT('',#570);
#570 = CARTESIAN_POINT('',(-3.,32.308076161254,4.100287546168));
#571 = SURFACE_CURVE('',#572,(#576,#583),.PCURVE_S1.);
#572 = LINE('',#573,#574);
#573 = CARTESIAN_POINT('',(-3.,36.244338762307,5.945410640411));
#574 = VECTOR('',#575,1.);
#575 = DIRECTION('',(0.,-0.905458935959,-0.424433876231));
#576 = PCURVE('',#45,#577);
#577 = DEFINITIONAL_REPRESENTATION('',(#578),#582);
#578 = LINE('',#579,#580);
#579 = CARTESIAN_POINT('',(5.945410640411,-36.2443387623));
#580 = VECTOR('',#581,1.);
#581 = DIRECTION('',(-0.424433876231,0.905458935959));
#582 = ( GEOMETRIC_REPRESENTATION_CONTEXT(2) 
PARAMETRIC_REPRESENTATION_CONTEXT() REPRESENTATION_CONTEXT('2D SPACE',''
  ) );
#583 = PCURVE('',#584,#589);
#584 = PLANE('',#585);
#585 = AXIS2_PLACEMENT_3D('',#586,#587,#588);
#586 = CARTESIAN_POINT('',(-3.,36.244338762307,5.945410640411));
#587 = DIRECTION('',(0.,0.424433876231,-0.905458935959));
#588 = DIRECTION('',(0.,-0.905458935959,-0.424433876231));
#589 = DEFINITIONAL_REPRESENTATION('',(#590),#594);
#590 = LINE('',#591,#592);
#591 = CARTESIAN_POINT('',(0.,0.));
#592 = VECTOR('',#593,1.);
#593 = DIRECTION('',(1.,0.));
#594 = ( GEOMETRIC_REPRESENTATION_CONTEXT(2) 
PARAMETRIC_REPRESENTATION_CONTEXT() REPRESENTATION_CONTEXT('2D SPACE',''
  ) );
#595 = ORIENTED_EDGE('',*,*,#596,.F.);
#596 = EDGE_CURVE('',#597,#569,#599,.T.);
#597 = VERTEX_POINT('',#598);
#598 = CARTESIAN_POINT('',(-3.,35.762883473534,1.077331147923));
#599 = SURFACE_CURVE('',#600,(#604,#611),.PCURVE_S1.);
#600 = LINE('',#601,#602);
#601 = CARTESIAN_POINT('',(-3.,35.762883473534,1.077331147923));
#602 = VECTOR('',#603,1.);
#603 = DIRECTION('',(0.,-0.752576694707,0.658504607869));
#604 = PCURVE('',#45,#605);
#605 = DEFINITIONAL_REPRESENTATION('',(#606),#610);
#606 = LINE('',#607,#608);
#607 = CARTESIAN_POINT('',(1.077331147923,-35.76288347353));
#608 = VECTOR('',#609,1.);
#609 = DIRECTION('',(0.658504607869,0.752576694707));
#610 = ( GEOMETRIC_REPRESENTATION_CONTEXT(2) 
PARAMETRIC_REPRESENTATION_CONTEXT() REPRESENTATION_CONTEXT('2D SPACE',''
  ) );
#611 = PCURVE('',#612,#617);
#612 = PLANE('',#613);
#613 = AXIS2_PLACEMENT_3D('',#614,#615,#616);
#614 = CARTESIAN_POINT('',(-3.,35.762883473534,1.077331147923));
#615 = DIRECTION('',(0.,-0.658504607869,-0.752576694707));
#616 = DIRECTION('',(0.,-0.752576694707,0.658504607869));
#617 = DEFINITIONAL_REPRESENTATION('',(#618),#622);
#618 = LINE('',#619,#620);
#619 = CARTESIAN_POINT('',(0.,0.));
#620 = VECTOR('',#621,1.);
#621 = DIRECTION('',(1.,0.));
#622 = ( GEOMETRIC_REPRESENTATION_CONTEXT(2) 
PARAMETRIC_REPRESENTATION_CONTEXT() REPRESENTATION_CONTEXT('2D SPACE',''
  ) );
#623 = ORIENTED_EDGE('',*,*,#624,.T.);
#624 = EDGE_CURVE('',#597,#625,#627,.T.);
#625 = VERTEX_POINT('',#626);
#626 = CARTESIAN_POINT('',(-3.,46.298957199431,13.118558263233));
#627 = SURFACE_CURVE('',#628,(#633,#640),.PCURVE_S1.);
#628 = CIRCLE('',#629,8.);
#629 = AXIS2_PLACEMENT_3D('',#630,#631,#632);
#630 = CARTESIAN_POINT('',(-3.,41.030920336483,7.097944705578));
#631 = DIRECTION('',(1.,0.,0.));
#632 = DIRECTION('',(-0.,0.,1.));
#633 = PCURVE('',#45,#634);
#634 = DEFINITIONAL_REPRESENTATION('',(#635),#639);
#635 = CIRCLE('',#636,8.);
#636 = AXIS2_PLACEMENT_2D('',#637,#638);
#637 = CARTESIAN_POINT('',(7.097944705578,-41.03092033648));
#638 = DIRECTION('',(1.,0.));
#639 = ( GEOMETRIC_REPRESENTATION_CONTEXT(2) 
PARAMETRIC_REPRESENTATION_CONTEXT() REPRESENTATION_CONTEXT('2D SPACE',''
  ) );
#640 = PCURVE('',#641,#646);
#641 = CYLINDRICAL_SURFACE('',#642,8.);
#642 = AXIS2_PLACEMENT_3D('',#643,#644,#645);
#643 = CARTESIAN_POINT('',(-3.,41.030920336483,7.097944705578));
#644 = DIRECTION('',(1.,0.,0.));
#645 = DIRECTION('',(-0.,0.,1.));
#646 = DEFINITIONAL_REPRESENTATION('',(#647),#651);
#647 = LINE('',#648,#649);
#648 = CARTESIAN_POINT('',(0.,0.));
#649 = VECTOR('',#650,1.);
#650 = DIRECTION('',(1.,0.));
#651 = ( GEOMETRIC_REPRESENTATION_CONTEXT(2) 
PARAMETRIC_REPRESENTATION_CONTEXT() REPRESENTATION_CONTEXT('2D SPACE',''
  ) );
#652 = ORIENTED_EDGE('',*,*,#653,.F.);
#653 = EDGE_CURVE('',#654,#625,#656,.T.);
#654 = VERTEX_POINT('',#655);
#655 = CARTESIAN_POINT('',(-3.,37.268036862948,21.020613557655));
#656 = SURFACE_CURVE('',#657,(#661,#668),.PCURVE_S1.);
#657 = LINE('',#658,#659);
#658 = CARTESIAN_POINT('',(-3.,37.268036862948,21.020613557655));
#659 = VECTOR('',#660,1.);
#660 = DIRECTION('',(0.,0.752576694707,-0.658504607869));
#661 = PCURVE('',#45,#662);
#662 = DEFINITIONAL_REPRESENTATION('',(#663),#667);
#663 = LINE('',#664,#665);
#664 = CARTESIAN_POINT('',(21.020613557655,-37.26803686294));
#665 = VECTOR('',#666,1.);
#666 = DIRECTION('',(-0.658504607869,-0.752576694707));
#667 = ( GEOMETRIC_REPRESENTATION_CONTEXT(2) 
PARAMETRIC_REPRESENTATION_CONTEXT() REPRESENTATION_CONTEXT('2D SPACE',''
  ) );
#668 = PCURVE('',#669,#674);
#669 = PLANE('',#670);
#670 = AXIS2_PLACEMENT_3D('',#671,#672,#673);
#671 = CARTESIAN_POINT('',(-3.,37.268036862948,21.020613557655));
#672 = DIRECTION('',(-0.,0.658504607869,0.752576694707));
#673 = DIRECTION('',(0.,0.752576694707,-0.658504607869));
#674 = DEFINITIONAL_REPRESENTATION('',(#675),#679);
#675 = LINE('',#676,#677);
#676 = CARTESIAN_POINT('',(0.,0.));
#677 = VECTOR('',#678,1.);
#678 = DIRECTION('',(1.,0.));
#679 = ( GEOMETRIC_REPRESENTATION_CONTEXT(2) 
PARAMETRIC_REPRESENTATION_CONTEXT() REPRESENTATION_CONTEXT('2D SPACE',''
  ) );
#680 = ORIENTED_EDGE('',*,*,#681,.F.);
#681 = EDGE_CURVE('',#682,#654,#684,.T.);
#682 = VERTEX_POINT('',#683);
#683 = CARTESIAN_POINT('',(-3.,34.173065205966,17.483503092533));
#684 = SURFACE_CURVE('',#685,(#689,#696),.PCURVE_S1.);
#685 = LINE('',#686,#687);
#686 = CARTESIAN_POINT('',(-3.,26.731963137052,8.979386442345));
#687 = VECTOR('',#688,1.);
#688 = DIRECTION('',(0.,0.658504607869,0.752576694707));
#689 = PCURVE('',#45,#690);
#690 = DEFINITIONAL_REPRESENTATION('',(#691),#695);
#691 = LINE('',#692,#693);
#692 = CARTESIAN_POINT('',(8.979386442345,-26.73196313705));
#693 = VECTOR('',#694,1.);
#694 = DIRECTION('',(0.752576694707,-0.658504607869));
#695 = ( GEOMETRIC_REPRESENTATION_CONTEXT(2) 
PARAMETRIC_REPRESENTATION_CONTEXT() REPRESENTATION_CONTEXT('2D SPACE',''
  ) );
#696 = PCURVE('',#697,#702);
#697 = PLANE('',#698);
#698 = AXIS2_PLACEMENT_3D('',#699,#700,#701);
#699 = CARTESIAN_POINT('',(-3.,26.731963137052,8.979386442345));
#700 = DIRECTION('',(0.,-0.752576694707,0.658504607869));
#701 = DIRECTION('',(0.,0.658504607869,0.752576694707));
#702 = DEFINITIONAL_REPRESENTATION('',(#703),#707);
#703 = LINE('',#704,#705);
#704 = CARTESIAN_POINT('',(0.,0.));
#705 = VECTOR('',#706,1.);
#706 = DIRECTION('',(1.,0.));
#707 = ( GEOMETRIC_REPRESENTATION_CONTEXT(2) 
PARAMETRIC_REPRESENTATION_CONTEXT() REPRESENTATION_CONTEXT('2D SPACE',''
  ) );
#708 = ORIENTED_EDGE('',*,*,#709,.F.);
#709 = EDGE_CURVE('',#710,#682,#712,.T.);
#710 = VERTEX_POINT('',#711);
#711 = CARTESIAN_POINT('',(-3.,43.203985542449,9.58144779811));
#712 = SURFACE_CURVE('',#713,(#717,#724),.PCURVE_S1.);
#713 = LINE('',#714,#715);
#714 = CARTESIAN_POINT('',(-3.,43.203985542449,9.58144779811));
#715 = VECTOR('',#716,1.);
#716 = DIRECTION('',(0.,-0.752576694707,0.658504607869));
#717 = PCURVE('',#45,#718);
#718 = DEFINITIONAL_REPRESENTATION('',(#719),#723);
#719 = LINE('',#720,#721);
#720 = CARTESIAN_POINT('',(9.58144779811,-43.20398554244));
#721 = VECTOR('',#722,1.);
#722 = DIRECTION('',(0.658504607869,0.752576694707));
#723 = ( GEOMETRIC_REPRESENTATION_CONTEXT(2) 
PARAMETRIC_REPRESENTATION_CONTEXT() REPRESENTATION_CONTEXT('2D SPACE',''
  ) );
#724 = PCURVE('',#725,#730);
#725 = PLANE('',#726);
#726 = AXIS2_PLACEMENT_3D('',#727,#728,#729);
#727 = CARTESIAN_POINT('',(-4.,34.173065205966,17.483503092533));
#728 = DIRECTION('',(-0.,0.658504607869,0.752576694707));
#729 = DIRECTION('',(0.,0.752576694707,-0.658504607869));
#730 = DEFINITIONAL_REPRESENTATION('',(#731),#735);
#731 = LINE('',#732,#733);
#732 = CARTESIAN_POINT('',(12.,-1.));
#733 = VECTOR('',#734,1.);
#734 = DIRECTION('',(-1.,-0.));
#735 = ( GEOMETRIC_REPRESENTATION_CONTEXT(2) 
PARAMETRIC_REPRESENTATION_CONTEXT() REPRESENTATION_CONTEXT('2D SPACE',''
  ) );
#736 = ORIENTED_EDGE('',*,*,#737,.F.);
#737 = EDGE_CURVE('',#738,#710,#740,.T.);
#738 = VERTEX_POINT('',#739);
#739 = CARTESIAN_POINT('',(-3.,38.857855130516,4.614441613045));
#740 = SURFACE_CURVE('',#741,(#746,#753),.PCURVE_S1.);
#741 = CIRCLE('',#742,3.3);
#742 = AXIS2_PLACEMENT_3D('',#743,#744,#745);
#743 = CARTESIAN_POINT('',(-3.,41.030920336483,7.097944705578));
#744 = DIRECTION('',(1.,0.,0.));
#745 = DIRECTION('',(-0.,0.,1.));
#746 = PCURVE('',#45,#747);
#747 = DEFINITIONAL_REPRESENTATION('',(#748),#752);
#748 = CIRCLE('',#749,3.3);
#749 = AXIS2_PLACEMENT_2D('',#750,#751);
#750 = CARTESIAN_POINT('',(7.097944705578,-41.03092033648));
#751 = DIRECTION('',(1.,0.));
#752 = ( GEOMETRIC_REPRESENTATION_CONTEXT(2) 
PARAMETRIC_REPRESENTATION_CONTEXT() REPRESENTATION_CONTEXT('2D SPACE',''
  ) );
#753 = PCURVE('',#754,#759);
#754 = CYLINDRICAL_SURFACE('',#755,3.3);
#755 = AXIS2_PLACEMENT_3D('',#756,#757,#758);
#756 = CARTESIAN_POINT('',(-4.,41.030920336483,7.097944705578));
#757 = DIRECTION('',(1.,0.,0.));
#758 = DIRECTION('',(-0.,0.,1.));
#759 = DEFINITIONAL_REPRESENTATION('',(#760),#764);
#760 = LINE('',#761,#762);
#761 = CARTESIAN_POINT('',(0.,1.));
#762 = VECTOR('',#763,1.);
#763 = DIRECTION('',(1.,0.));
#764 = ( GEOMETRIC_REPRESENTATION_CONTEXT(2) 
PARAMETRIC_REPRESENTATION_CONTEXT() REPRESENTATION_CONTEXT('2D SPACE',''
  ) );
#765 = ORIENTED_EDGE('',*,*,#766,.F.);
#766 = EDGE_CURVE('',#767,#738,#769,.T.);
#767 = VERTEX_POINT('',#768);
#768 = CARTESIAN_POINT('',(-3.,29.826934794034,12.516496907467));
#769 = SURFACE_CURVE('',#770,(#774,#781),.PCURVE_S1.);
#770 = LINE('',#771,#772);
#771 = CARTESIAN_POINT('',(-3.,29.826934794034,12.516496907467));
#772 = VECTOR('',#773,1.);
#773 = DIRECTION('',(0.,0.752576694707,-0.658504607869));
#774 = PCURVE('',#45,#775);
#775 = DEFINITIONAL_REPRESENTATION('',(#776),#780);
#776 = LINE('',#777,#778);
#777 = CARTESIAN_POINT('',(12.516496907467,-29.82693479403));
#778 = VECTOR('',#779,1.);
#779 = DIRECTION('',(-0.658504607869,-0.752576694707));
#780 = ( GEOMETRIC_REPRESENTATION_CONTEXT(2) 
PARAMETRIC_REPRESENTATION_CONTEXT() REPRESENTATION_CONTEXT('2D SPACE',''
  ) );
#781 = PCURVE('',#782,#787);
#782 = PLANE('',#783);
#783 = AXIS2_PLACEMENT_3D('',#784,#785,#786);
#784 = CARTESIAN_POINT('',(-4.,38.857855130516,4.614441613045));
#785 = DIRECTION('',(0.,-0.658504607869,-0.752576694707));
#786 = DIRECTION('',(0.,-0.752576694707,0.658504607869));
#787 = DEFINITIONAL_REPRESENTATION('',(#788),#792);
#788 = LINE('',#789,#790);
#789 = CARTESIAN_POINT('',(12.,-1.));
#790 = VECTOR('',#791,1.);
#791 = DIRECTION('',(-1.,-0.));
#792 = ( GEOMETRIC_REPRESENTATION_CONTEXT(2) 
PARAMETRIC_REPRESENTATION_CONTEXT() REPRESENTATION_CONTEXT('2D SPACE',''
  ) );
#793 = ORIENTED_EDGE('',*,*,#794,.F.);
#794 = EDGE_CURVE('',#795,#767,#797,.T.);
#795 = VERTEX_POINT('',#796);
#796 = CARTESIAN_POINT('',(-3.,30.599368208439,17.988014488664));
#797 = SURFACE_CURVE('',#798,(#803,#810),.PCURVE_S1.);
#798 = CIRCLE('',#799,3.3);
#799 = AXIS2_PLACEMENT_3D('',#800,#801,#802);
#800 = CARTESIAN_POINT('',(-3.,32.,15.));
#801 = DIRECTION('',(1.,0.,0.));
#802 = DIRECTION('',(-0.,0.,1.));
#803 = PCURVE('',#45,#804);
#804 = DEFINITIONAL_REPRESENTATION('',(#805),#809);
#805 = CIRCLE('',#806,3.3);
#806 = AXIS2_PLACEMENT_2D('',#807,#808);
#807 = CARTESIAN_POINT('',(15.,-32.));
#808 = DIRECTION('',(1.,0.));
#809 = ( GEOMETRIC_REPRESENTATION_CONTEXT(2) 
PARAMETRIC_REPRESENTATION_CONTEXT() REPRESENTATION_CONTEXT('2D SPACE',''
  ) );
#810 = PCURVE('',#811,#816);
#811 = CYLINDRICAL_SURFACE('',#812,3.3);
#812 = AXIS2_PLACEMENT_3D('',#813,#814,#815);
#813 = CARTESIAN_POINT('',(-4.,32.,15.));
#814 = DIRECTION('',(1.,0.,0.));
#815 = DIRECTION('',(-0.,0.,1.));
#816 = DEFINITIONAL_REPRESENTATION('',(#817),#821);
#817 = LINE('',#818,#819);
#818 = CARTESIAN_POINT('',(6.28318530718,1.));
#819 = VECTOR('',#820,1.);
#820 = DIRECTION('',(1.,0.));
#821 = ( GEOMETRIC_REPRESENTATION_CONTEXT(2) 
PARAMETRIC_REPRESENTATION_CONTEXT() REPRESENTATION_CONTEXT('2D SPACE',''
  ) );
#822 = ORIENTED_EDGE('',*,*,#823,.F.);
#823 = EDGE_CURVE('',#824,#795,#826,.T.);
#824 = VERTEX_POINT('',#825);
#825 = CARTESIAN_POINT('',(-3.,27.755661237693,24.054589359589));
#826 = SURFACE_CURVE('',#827,(#831,#838),.PCURVE_S1.);
#827 = LINE('',#828,#829);
#828 = CARTESIAN_POINT('',(-3.,27.755661237693,24.054589359589));
#829 = VECTOR('',#830,1.);
#830 = DIRECTION('',(0.,0.424433876231,-0.905458935959));
#831 = PCURVE('',#45,#832);
#832 = DEFINITIONAL_REPRESENTATION('',(#833),#837);
#833 = LINE('',#834,#835);
#834 = CARTESIAN_POINT('',(24.054589359589,-27.75566123769));
#835 = VECTOR('',#836,1.);
#836 = DIRECTION('',(-0.905458935959,-0.424433876231));
#837 = ( GEOMETRIC_REPRESENTATION_CONTEXT(2) 
PARAMETRIC_REPRESENTATION_CONTEXT() REPRESENTATION_CONTEXT('2D SPACE',''
  ) );
#838 = PCURVE('',#839,#844);
#839 = PLANE('',#840);
#840 = AXIS2_PLACEMENT_3D('',#841,#842,#843);
#841 = CARTESIAN_POINT('',(-3.,27.755661237693,24.054589359589));
#842 = DIRECTION('',(-0.,0.905458935959,0.424433876231));
#843 = DIRECTION('',(0.,0.424433876231,-0.905458935959));
#844 = DEFINITIONAL_REPRESENTATION('',(#845),#849);
#845 = LINE('',#846,#847);
#846 = CARTESIAN_POINT('',(0.,0.));
#847 = VECTOR('',#848,1.);
#848 = DIRECTION('',(1.,0.));
#849 = ( GEOMETRIC_REPRESENTATION_CONTEXT(2) 
PARAMETRIC_REPRESENTATION_CONTEXT() REPRESENTATION_CONTEXT('2D SPACE',''
  ) );
#850 = ORIENTED_EDGE('',*,*,#851,.F.);
#851 = EDGE_CURVE('',#22,#824,#852,.T.);
#852 = SURFACE_CURVE('',#853,(#857,#864),.PCURVE_S1.);
#853 = LINE('',#854,#855);
#854 = CARTESIAN_POINT('',(-3.,-4.244338762307,9.054589359589));
#855 = VECTOR('',#856,1.);
#856 = DIRECTION('',(0.,0.905458935959,0.424433876231));
#857 = PCURVE('',#45,#858);
#858 = DEFINITIONAL_REPRESENTATION('',(#859),#863);
#859 = LINE('',#860,#861);
#860 = CARTESIAN_POINT('',(9.054589359589,4.244338762307));
#861 = VECTOR('',#862,1.);
#862 = DIRECTION('',(0.424433876231,-0.905458935959));
#863 = ( GEOMETRIC_REPRESENTATION_CONTEXT(2) 
PARAMETRIC_REPRESENTATION_CONTEXT() REPRESENTATION_CONTEXT('2D SPACE',''
  ) );
#864 = PCURVE('',#129,#865);
#865 = DEFINITIONAL_REPRESENTATION('',(#866),#870);
#866 = LINE('',#867,#868);
#867 = CARTESIAN_POINT('',(0.,0.));
#868 = VECTOR('',#869,1.);
#869 = DIRECTION('',(1.,0.));
#870 = ( GEOMETRIC_REPRESENTATION_CONTEXT(2) 
PARAMETRIC_REPRESENTATION_CONTEXT() REPRESENTATION_CONTEXT('2D SPACE',''
  ) );
#871 = ORIENTED_EDGE('',*,*,#21,.T.);
#872 = FACE_BOUND('',#873,.F.);
#873 = EDGE_LOOP('',(#874));
#874 = ORIENTED_EDGE('',*,*,#875,.F.);
#875 = EDGE_CURVE('',#876,#876,#878,.T.);
#876 = VERTEX_POINT('',#877);
#877 = CARTESIAN_POINT('',(-3.,20.,2.2));
#878 = SURFACE_CURVE('',#879,(#884,#891),.PCURVE_S1.);
#879 = CIRCLE('',#880,2.2);
#880 = AXIS2_PLACEMENT_3D('',#881,#882,#883);
#881 = CARTESIAN_POINT('',(-3.,20.,0.));
#882 = DIRECTION('',(1.,0.,0.));
#883 = DIRECTION('',(-0.,0.,1.));
#884 = PCURVE('',#45,#885);
#885 = DEFINITIONAL_REPRESENTATION('',(#886),#890);
#886 = CIRCLE('',#887,2.2);
#887 = AXIS2_PLACEMENT_2D('',#888,#889);
#888 = CARTESIAN_POINT('',(0.,-20.));
#889 = DIRECTION('',(1.,0.));
#890 = ( GEOMETRIC_REPRESENTATION_CONTEXT(2) 
PARAMETRIC_REPRESENTATION_CONTEXT() REPRESENTATION_CONTEXT('2D SPACE',''
  ) );
#891 = PCURVE('',#892,#897);
#892 = CYLINDRICAL_SURFACE('',#893,2.2);
#893 = AXIS2_PLACEMENT_3D('',#894,#895,#896);
#894 = CARTESIAN_POINT('',(-4.,20.,0.));
#895 = DIRECTION('',(1.,0.,0.));
#896 = DIRECTION('',(-0.,0.,1.));
#897 = DEFINITIONAL_REPRESENTATION('',(#898),#902);
#898 = LINE('',#899,#900);
#899 = CARTESIAN_POINT('',(0.,1.));
#900 = VECTOR('',#901,1.);
#901 = DIRECTION('',(1.,0.));
#902 = ( GEOMETRIC_REPRESENTATION_CONTEXT(2) 
PARAMETRIC_REPRESENTATION_CONTEXT() REPRESENTATION_CONTEXT('2D SPACE',''
  ) );
#903 = FACE_BOUND('',#904,.F.);
#904 = EDGE_LOOP('',(#905));
#905 = ORIENTED_EDGE('',*,*,#906,.F.);
#906 = EDGE_CURVE('',#907,#907,#909,.T.);
#907 = VERTEX_POINT('',#908);
#908 = CARTESIAN_POINT('',(-3.,-10.,-15.12050807568));
#909 = SURFACE_CURVE('',#910,(#915,#922),.PCURVE_S1.);
#910 = CIRCLE('',#911,2.2);
#911 = AXIS2_PLACEMENT_3D('',#912,#913,#914);
#912 = CARTESIAN_POINT('',(-3.,-10.,-17.32050807568));
#913 = DIRECTION('',(1.,0.,0.));
#914 = DIRECTION('',(-0.,0.,1.));
#915 = PCURVE('',#45,#916);
#916 = DEFINITIONAL_REPRESENTATION('',(#917),#921);
#917 = CIRCLE('',#918,2.2);
#918 = AXIS2_PLACEMENT_2D('',#919,#920);
#919 = CARTESIAN_POINT('',(-17.32050807568,10.));
#920 = DIRECTION('',(1.,0.));
#921 = ( GEOMETRIC_REPRESENTATION_CONTEXT(2) 
PARAMETRIC_REPRESENTATION_CONTEXT() REPRESENTATION_CONTEXT('2D SPACE',''
  ) );
#922 = PCURVE('',#923,#928);
#923 = CYLINDRICAL_SURFACE('',#924,2.2);
#924 = AXIS2_PLACEMENT_3D('',#925,#926,#927);
#925 = CARTESIAN_POINT('',(-4.,-10.,-17.32050807568));
#926 = DIRECTION('',(1.,0.,0.));
#927 = DIRECTION('',(-0.,0.,1.));
#928 = DEFINITIONAL_REPRESENTATION('',(#929),#933);
#929 = LINE('',#930,#931);
#930 = CARTESIAN_POINT('',(0.,1.));
#931 = VECTOR('',#932,1.);
#932 = DIRECTION('',(1.,0.));
#933 = ( GEOMETRIC_REPRESENTATION_CONTEXT(2) 
PARAMETRIC_REPRESENTATION_CONTEXT() REPRESENTATION_CONTEXT('2D SPACE',''
  ) );
#934 = ADVANCED_FACE('',(#935),#129,.T.);
#935 = FACE_BOUND('',#936,.T.);
#936 = EDGE_LOOP('',(#937,#938,#939,#962));
#937 = ORIENTED_EDGE('',*,*,#851,.F.);
#938 = ORIENTED_EDGE('',*,*,#116,.T.);
#939 = ORIENTED_EDGE('',*,*,#940,.T.);
#940 = EDGE_CURVE('',#84,#941,#943,.T.);
#941 = VERTEX_POINT('',#942);
#942 = CARTESIAN_POINT('',(3.,27.755661237693,24.054589359589));
#943 = SURFACE_CURVE('',#944,(#948,#955),.PCURVE_S1.);
#944 = LINE('',#945,#946);
#945 = CARTESIAN_POINT('',(3.,-4.244338762307,9.054589359589));
#946 = VECTOR('',#947,1.);
#947 = DIRECTION('',(0.,0.905458935959,0.424433876231));
#948 = PCURVE('',#129,#949);
#949 = DEFINITIONAL_REPRESENTATION('',(#950),#954);
#950 = LINE('',#951,#952);
#951 = CARTESIAN_POINT('',(0.,-6.));
#952 = VECTOR('',#953,1.);
#953 = DIRECTION('',(1.,0.));
#954 = ( GEOMETRIC_REPRESENTATION_CONTEXT(2) 
PARAMETRIC_REPRESENTATION_CONTEXT() REPRESENTATION_CONTEXT('2D SPACE',''
  ) );
#955 = PCURVE('',#100,#956);
#956 = DEFINITIONAL_REPRESENTATION('',(#957),#961);
#957 = LINE('',#958,#959);
#958 = CARTESIAN_POINT('',(9.054589359589,4.244338762307));
#959 = VECTOR('',#960,1.);
#960 = DIRECTION('',(0.424433876231,-0.905458935959));
#961 = ( GEOMETRIC_REPRESENTATION_CONTEXT(2) 
PARAMETRIC_REPRESENTATION_CONTEXT() REPRESENTATION_CONTEXT('2D SPACE',''
  ) );
#962 = ORIENTED_EDGE('',*,*,#963,.F.);
#963 = EDGE_CURVE('',#824,#941,#964,.T.);
#964 = SURFACE_CURVE('',#965,(#969,#976),.PCURVE_S1.);
#965 = LINE('',#966,#967);
#966 = CARTESIAN_POINT('',(-3.,27.755661237693,24.054589359589));
#967 = VECTOR('',#968,1.);
#968 = DIRECTION('',(1.,0.,0.));
#969 = PCURVE('',#129,#970);
#970 = DEFINITIONAL_REPRESENTATION('',(#971),#975);
#971 = LINE('',#972,#973);
#972 = CARTESIAN_POINT('',(35.341194094145,0.));
#973 = VECTOR('',#974,1.);
#974 = DIRECTION('',(0.,-1.));
#975 = ( GEOMETRIC_REPRESENTATION_CONTEXT(2) 
PARAMETRIC_REPRESENTATION_CONTEXT() REPRESENTATION_CONTEXT('2D SPACE',''
  ) );
#976 = PCURVE('',#839,#977);
#977 = DEFINITIONAL_REPRESENTATION('',(#978),#982);
#978 = LINE('',#979,#980);
#979 = CARTESIAN_POINT('',(0.,0.));
#980 = VECTOR('',#981,1.);
#981 = DIRECTION('',(0.,-1.));
#982 = ( GEOMETRIC_REPRESENTATION_CONTEXT(2) 
PARAMETRIC_REPRESENTATION_CONTEXT() REPRESENTATION_CONTEXT('2D SPACE',''
  ) );
#983 = ADVANCED_FACE('',(#984,#1014,#1044,#1586,#1616),#100,.T.);
#984 = FACE_BOUND('',#985,.T.);
#985 = EDGE_LOOP('',(#986));
#986 = ORIENTED_EDGE('',*,*,#987,.T.);
#987 = EDGE_CURVE('',#988,#988,#990,.T.);
#988 = VERTEX_POINT('',#989);
#989 = CARTESIAN_POINT('',(3.,3.511674696555E-15,14.3375));
#990 = SURFACE_CURVE('',#991,(#996,#1007),.PCURVE_S1.);
#991 = CIRCLE('',#992,14.3375);
#992 = AXIS2_PLACEMENT_3D('',#993,#994,#995);
#993 = CARTESIAN_POINT('',(3.,1.276756478319E-14,7.815970093361E-14));
#994 = DIRECTION('',(-1.,0.,0.));
#995 = DIRECTION('',(0.,-6.455721071759E-16,1.));
#996 = PCURVE('',#100,#997);
#997 = DEFINITIONAL_REPRESENTATION('',(#998),#1006);
#998 = ( BOUNDED_CURVE() B_SPLINE_CURVE(2,(#999,#1000,#1001,#1002,#1003,
#1004,#1005),.UNSPECIFIED.,.T.,.F.) B_SPLINE_CURVE_WITH_KNOTS((1,2,2,2,2
    ,1),(-2.094395102393,0.,2.094395102393,4.188790204786,6.28318530718,
8.377580409573),.UNSPECIFIED.) CURVE() GEOMETRIC_REPRESENTATION_ITEM() 
RATIONAL_B_SPLINE_CURVE((1.,0.5,1.,0.5,1.,0.5,1.)) REPRESENTATION_ITEM(
  '') );
#999 = CARTESIAN_POINT('',(14.3375,-3.511674696555E-15));
#1000 = CARTESIAN_POINT('',(14.3375,-24.83327845351));
#1001 = CARTESIAN_POINT('',(-7.16875,-12.41663922675));
#1002 = CARTESIAN_POINT('',(-28.675,-3.479101965301E-14));
#1003 = CARTESIAN_POINT('',(-7.16875,12.416639226759));
#1004 = CARTESIAN_POINT('',(14.3375,24.833278453519));
#1005 = CARTESIAN_POINT('',(14.3375,-3.511674696555E-15));
#1006 = ( GEOMETRIC_REPRESENTATION_CONTEXT(2) 
PARAMETRIC_REPRESENTATION_CONTEXT() REPRESENTATION_CONTEXT('2D SPACE',''
  ) );
#1007 = PCURVE('',#160,#1008);
#1008 = DEFINITIONAL_REPRESENTATION('',(#1009),#1013);
#1009 = LINE('',#1010,#1011);
#1010 = CARTESIAN_POINT('',(6.28318530718,7.));
#1011 = VECTOR('',#1012,1.);
#1012 = DIRECTION('',(-1.,-0.));
#1013 = ( GEOMETRIC_REPRESENTATION_CONTEXT(2) 
PARAMETRIC_REPRESENTATION_CONTEXT() REPRESENTATION_CONTEXT('2D SPACE',''
  ) );
#1014 = FACE_BOUND('',#1015,.T.);
#1015 = EDGE_LOOP('',(#1016));
#1016 = ORIENTED_EDGE('',*,*,#1017,.T.);
#1017 = EDGE_CURVE('',#1018,#1018,#1020,.T.);
#1018 = VERTEX_POINT('',#1019);
#1019 = CARTESIAN_POINT('',(3.,-10.,19.520508075689));
#1020 = SURFACE_CURVE('',#1021,(#1026,#1037),.PCURVE_S1.);
#1021 = CIRCLE('',#1022,2.2);
#1022 = AXIS2_PLACEMENT_3D('',#1023,#1024,#1025);
#1023 = CARTESIAN_POINT('',(3.,-10.,17.320508075689));
#1024 = DIRECTION('',(-1.,0.,0.));
#1025 = DIRECTION('',(0.,0.,1.));
#1026 = PCURVE('',#100,#1027);
#1027 = DEFINITIONAL_REPRESENTATION('',(#1028),#1036);
#1028 = ( BOUNDED_CURVE() B_SPLINE_CURVE(2,(#1029,#1030,#1031,#1032,
#1033,#1034,#1035),.UNSPECIFIED.,.T.,.F.) B_SPLINE_CURVE_WITH_KNOTS((1,2
    ,2,2,2,1),(-2.094395102393,0.,2.094395102393,4.188790204786,
6.28318530718,8.377580409573),.UNSPECIFIED.) CURVE() 
GEOMETRIC_REPRESENTATION_ITEM() RATIONAL_B_SPLINE_CURVE((1.,0.5,1.,0.5,
1.,0.5,1.)) REPRESENTATION_ITEM('') );
#1029 = CARTESIAN_POINT('',(19.520508075689,10.));
#1030 = CARTESIAN_POINT('',(19.520508075689,6.189488223348));
#1031 = CARTESIAN_POINT('',(16.220508075689,8.094744111674));
#1032 = CARTESIAN_POINT('',(12.920508075689,10.));
#1033 = CARTESIAN_POINT('',(16.220508075689,11.905255888326));
#1034 = CARTESIAN_POINT('',(19.520508075689,13.810511776652));
#1035 = CARTESIAN_POINT('',(19.520508075689,10.));
#1036 = ( GEOMETRIC_REPRESENTATION_CONTEXT(2) 
PARAMETRIC_REPRESENTATION_CONTEXT() REPRESENTATION_CONTEXT('2D SPACE',''
  ) );
#1037 = PCURVE('',#191,#1038);
#1038 = DEFINITIONAL_REPRESENTATION('',(#1039),#1043);
#1039 = LINE('',#1040,#1041);
#1040 = CARTESIAN_POINT('',(6.28318530718,7.));
#1041 = VECTOR('',#1042,1.);
#1042 = DIRECTION('',(-1.,-0.));
#1043 = ( GEOMETRIC_REPRESENTATION_CONTEXT(2) 
PARAMETRIC_REPRESENTATION_CONTEXT() REPRESENTATION_CONTEXT('2D SPACE',''
  ) );
#1044 = FACE_BOUND('',#1045,.T.);
#1045 = EDGE_LOOP('',(#1046,#1047,#1070,#1093,#1117,#1140,#1168,#1191,
    #1214,#1237,#1260,#1283,#1306,#1330,#1354,#1377,#1400,#1424,#1447,
    #1470,#1493,#1517,#1540,#1564,#1585));
#1046 = ORIENTED_EDGE('',*,*,#83,.F.);
#1047 = ORIENTED_EDGE('',*,*,#1048,.F.);
#1048 = EDGE_CURVE('',#1049,#58,#1051,.T.);
#1049 = VERTEX_POINT('',#1050);
#1050 = CARTESIAN_POINT('',(3.,-27.75566123769,24.054589359589));
#1051 = SURFACE_CURVE('',#1052,(#1056,#1063),.PCURVE_S1.);
#1052 = LINE('',#1053,#1054);
#1053 = CARTESIAN_POINT('',(3.,-27.75566123769,24.054589359589));
#1054 = VECTOR('',#1055,1.);
#1055 = DIRECTION('',(0.,0.905458935959,-0.424433876231));
#1056 = PCURVE('',#100,#1057);
#1057 = DEFINITIONAL_REPRESENTATION('',(#1058),#1062);
#1058 = LINE('',#1059,#1060);
#1059 = CARTESIAN_POINT('',(24.054589359589,27.755661237693));
#1060 = VECTOR('',#1061,1.);
#1061 = DIRECTION('',(-0.424433876231,-0.905458935959));
#1062 = ( GEOMETRIC_REPRESENTATION_CONTEXT(2) 
PARAMETRIC_REPRESENTATION_CONTEXT() REPRESENTATION_CONTEXT('2D SPACE',''
  ) );
#1063 = PCURVE('',#72,#1064);
#1064 = DEFINITIONAL_REPRESENTATION('',(#1065),#1069);
#1065 = LINE('',#1066,#1067);
#1066 = CARTESIAN_POINT('',(0.,-6.));
#1067 = VECTOR('',#1068,1.);
#1068 = DIRECTION('',(1.,0.));
#1069 = ( GEOMETRIC_REPRESENTATION_CONTEXT(2) 
PARAMETRIC_REPRESENTATION_CONTEXT() REPRESENTATION_CONTEXT('2D SPACE',''
  ) );
#1070 = ORIENTED_EDGE('',*,*,#1071,.F.);
#1071 = EDGE_CURVE('',#1072,#1049,#1074,.T.);
#1072 = VERTEX_POINT('',#1073);
#1073 = CARTESIAN_POINT('',(3.,-30.59936820843,17.988014488664));
#1074 = SURFACE_CURVE('',#1075,(#1079,#1086),.PCURVE_S1.);
#1075 = LINE('',#1076,#1077);
#1076 = CARTESIAN_POINT('',(3.,-36.2443387623,5.945410640411));
#1077 = VECTOR('',#1078,1.);
#1078 = DIRECTION('',(0.,0.424433876231,0.905458935959));
#1079 = PCURVE('',#100,#1080);
#1080 = DEFINITIONAL_REPRESENTATION('',(#1081),#1085);
#1081 = LINE('',#1082,#1083);
#1082 = CARTESIAN_POINT('',(5.945410640411,36.244338762307));
#1083 = VECTOR('',#1084,1.);
#1084 = DIRECTION('',(0.905458935959,-0.424433876231));
#1085 = ( GEOMETRIC_REPRESENTATION_CONTEXT(2) 
PARAMETRIC_REPRESENTATION_CONTEXT() REPRESENTATION_CONTEXT('2D SPACE',''
  ) );
#1086 = PCURVE('',#244,#1087);
#1087 = DEFINITIONAL_REPRESENTATION('',(#1088),#1092);
#1088 = LINE('',#1089,#1090);
#1089 = CARTESIAN_POINT('',(0.,-6.));
#1090 = VECTOR('',#1091,1.);
#1091 = DIRECTION('',(1.,0.));
#1092 = ( GEOMETRIC_REPRESENTATION_CONTEXT(2) 
PARAMETRIC_REPRESENTATION_CONTEXT() REPRESENTATION_CONTEXT('2D SPACE',''
  ) );
#1093 = ORIENTED_EDGE('',*,*,#1094,.F.);
#1094 = EDGE_CURVE('',#1095,#1072,#1097,.T.);
#1095 = VERTEX_POINT('',#1096);
#1096 = CARTESIAN_POINT('',(3.,-29.82693479403,17.483503092533));
#1097 = SURFACE_CURVE('',#1098,(#1103,#1110),.PCURVE_S1.);
#1098 = CIRCLE('',#1099,3.3);
#1099 = AXIS2_PLACEMENT_3D('',#1100,#1101,#1102);
#1100 = CARTESIAN_POINT('',(3.,-32.,15.));
#1101 = DIRECTION('',(1.,0.,0.));
#1102 = DIRECTION('',(-0.,0.,1.));
#1103 = PCURVE('',#100,#1104);
#1104 = DEFINITIONAL_REPRESENTATION('',(#1105),#1109);
#1105 = CIRCLE('',#1106,3.3);
#1106 = AXIS2_PLACEMENT_2D('',#1107,#1108);
#1107 = CARTESIAN_POINT('',(15.,32.));
#1108 = DIRECTION('',(1.,0.));
#1109 = ( GEOMETRIC_REPRESENTATION_CONTEXT(2) 
PARAMETRIC_REPRESENTATION_CONTEXT() REPRESENTATION_CONTEXT('2D SPACE',''
  ) );
#1110 = PCURVE('',#273,#1111);
#1111 = DEFINITIONAL_REPRESENTATION('',(#1112),#1116);
#1112 = LINE('',#1113,#1114);
#1113 = CARTESIAN_POINT('',(-8.881784197001E-16,7.));
#1114 = VECTOR('',#1115,1.);
#1115 = DIRECTION('',(1.,0.));
#1116 = ( GEOMETRIC_REPRESENTATION_CONTEXT(2) 
PARAMETRIC_REPRESENTATION_CONTEXT() REPRESENTATION_CONTEXT('2D SPACE',''
  ) );
#1117 = ORIENTED_EDGE('',*,*,#1118,.T.);
#1118 = EDGE_CURVE('',#1095,#1119,#1121,.T.);
#1119 = VERTEX_POINT('',#1120);
#1120 = CARTESIAN_POINT('',(3.,-20.79601445755,9.58144779811));
#1121 = SURFACE_CURVE('',#1122,(#1126,#1133),.PCURVE_S1.);
#1122 = LINE('',#1123,#1124);
#1123 = CARTESIAN_POINT('',(3.,-29.82693479403,17.483503092533));
#1124 = VECTOR('',#1125,1.);
#1125 = DIRECTION('',(3.700743415417E-17,0.752576694707,-0.658504607869)
  );
#1126 = PCURVE('',#100,#1127);
#1127 = DEFINITIONAL_REPRESENTATION('',(#1128),#1132);
#1128 = LINE('',#1129,#1130);
#1129 = CARTESIAN_POINT('',(17.483503092533,29.826934794034));
#1130 = VECTOR('',#1131,1.);
#1131 = DIRECTION('',(-0.658504607869,-0.752576694707));
#1132 = ( GEOMETRIC_REPRESENTATION_CONTEXT(2) 
PARAMETRIC_REPRESENTATION_CONTEXT() REPRESENTATION_CONTEXT('2D SPACE',''
  ) );
#1133 = PCURVE('',#301,#1134);
#1134 = DEFINITIONAL_REPRESENTATION('',(#1135),#1139);
#1135 = LINE('',#1136,#1137);
#1136 = CARTESIAN_POINT('',(0.,-7.));
#1137 = VECTOR('',#1138,1.);
#1138 = DIRECTION('',(1.,-3.700743415417E-17));
#1139 = ( GEOMETRIC_REPRESENTATION_CONTEXT(2) 
PARAMETRIC_REPRESENTATION_CONTEXT() REPRESENTATION_CONTEXT('2D SPACE',''
  ) );
#1140 = ORIENTED_EDGE('',*,*,#1141,.T.);
#1141 = EDGE_CURVE('',#1119,#1142,#1144,.T.);
#1142 = VERTEX_POINT('',#1143);
#1143 = CARTESIAN_POINT('',(3.,-25.14214486948,4.614441613045));
#1144 = SURFACE_CURVE('',#1145,(#1150,#1161),.PCURVE_S1.);
#1145 = CIRCLE('',#1146,3.3);
#1146 = AXIS2_PLACEMENT_3D('',#1147,#1148,#1149);
#1147 = CARTESIAN_POINT('',(3.,-22.96907966351,7.097944705578));
#1148 = DIRECTION('',(-1.,2.739182965273E-16,-6.086286345503E-17));
#1149 = DIRECTION('',(1.345724878334E-16,0.658504607869,0.752576694707)
  );
#1150 = PCURVE('',#100,#1151);
#1151 = DEFINITIONAL_REPRESENTATION('',(#1152),#1160);
#1152 = ( BOUNDED_CURVE() B_SPLINE_CURVE(2,(#1153,#1154,#1155,#1156,
#1157,#1158,#1159),.UNSPECIFIED.,.T.,.F.) B_SPLINE_CURVE_WITH_KNOTS((1,2
    ,2,2,2,1),(-2.094395102393,0.,2.094395102393,4.188790204786,
6.28318530718,8.377580409573),.UNSPECIFIED.) CURVE() 
GEOMETRIC_REPRESENTATION_ITEM() RATIONAL_B_SPLINE_CURVE((1.,0.5,1.,0.5,
1.,0.5,1.)) REPRESENTATION_ITEM('') );
#1153 = CARTESIAN_POINT('',(9.58144779811,20.796014457551));
#1154 = CARTESIAN_POINT('',(5.817588453217,16.49446092053));
#1155 = CARTESIAN_POINT('',(3.974263486865,21.90483549799));
#1156 = CARTESIAN_POINT('',(2.130938520512,27.31521007545));
#1157 = CARTESIAN_POINT('',(7.738122831758,26.206389035011));
#1158 = CARTESIAN_POINT('',(13.345307143004,25.097567994572));
#1159 = CARTESIAN_POINT('',(9.58144779811,20.796014457551));
#1160 = ( GEOMETRIC_REPRESENTATION_CONTEXT(2) 
PARAMETRIC_REPRESENTATION_CONTEXT() REPRESENTATION_CONTEXT('2D SPACE',''
  ) );
#1161 = PCURVE('',#330,#1162);
#1162 = DEFINITIONAL_REPRESENTATION('',(#1163),#1167);
#1163 = LINE('',#1164,#1165);
#1164 = CARTESIAN_POINT('',(5.564355307558,7.));
#1165 = VECTOR('',#1166,1.);
#1166 = DIRECTION('',(-1.,-0.));
#1167 = ( GEOMETRIC_REPRESENTATION_CONTEXT(2) 
PARAMETRIC_REPRESENTATION_CONTEXT() REPRESENTATION_CONTEXT('2D SPACE',''
  ) );
#1168 = ORIENTED_EDGE('',*,*,#1169,.T.);
#1169 = EDGE_CURVE('',#1142,#1170,#1172,.T.);
#1170 = VERTEX_POINT('',#1171);
#1171 = CARTESIAN_POINT('',(3.,-34.17306520596,12.516496907467));
#1172 = SURFACE_CURVE('',#1173,(#1177,#1184),.PCURVE_S1.);
#1173 = LINE('',#1174,#1175);
#1174 = CARTESIAN_POINT('',(3.,-25.14214486948,4.614441613045));
#1175 = VECTOR('',#1176,1.);
#1176 = DIRECTION('',(-3.700743415417E-17,-0.752576694707,0.658504607869
    ));
#1177 = PCURVE('',#100,#1178);
#1178 = DEFINITIONAL_REPRESENTATION('',(#1179),#1183);
#1179 = LINE('',#1180,#1181);
#1180 = CARTESIAN_POINT('',(4.614441613045,25.142144869484));
#1181 = VECTOR('',#1182,1.);
#1182 = DIRECTION('',(0.658504607869,0.752576694707));
#1183 = ( GEOMETRIC_REPRESENTATION_CONTEXT(2) 
PARAMETRIC_REPRESENTATION_CONTEXT() REPRESENTATION_CONTEXT('2D SPACE',''
  ) );
#1184 = PCURVE('',#358,#1185);
#1185 = DEFINITIONAL_REPRESENTATION('',(#1186),#1190);
#1186 = LINE('',#1187,#1188);
#1187 = CARTESIAN_POINT('',(5.848695819819E-16,-7.));
#1188 = VECTOR('',#1189,1.);
#1189 = DIRECTION('',(1.,3.700743415417E-17));
#1190 = ( GEOMETRIC_REPRESENTATION_CONTEXT(2) 
PARAMETRIC_REPRESENTATION_CONTEXT() REPRESENTATION_CONTEXT('2D SPACE',''
  ) );
#1191 = ORIENTED_EDGE('',*,*,#1192,.F.);
#1192 = EDGE_CURVE('',#1193,#1170,#1195,.T.);
#1193 = VERTEX_POINT('',#1194);
#1194 = CARTESIAN_POINT('',(3.,-37.26803686294,8.979386442345));
#1195 = SURFACE_CURVE('',#1196,(#1200,#1207),.PCURVE_S1.);
#1196 = LINE('',#1197,#1198);
#1197 = CARTESIAN_POINT('',(3.,-37.26803686294,8.979386442345));
#1198 = VECTOR('',#1199,1.);
#1199 = DIRECTION('',(0.,0.658504607869,0.752576694707));
#1200 = PCURVE('',#100,#1201);
#1201 = DEFINITIONAL_REPRESENTATION('',(#1202),#1206);
#1202 = LINE('',#1203,#1204);
#1203 = CARTESIAN_POINT('',(8.979386442345,37.268036862948));
#1204 = VECTOR('',#1205,1.);
#1205 = DIRECTION('',(0.752576694707,-0.658504607869));
#1206 = ( GEOMETRIC_REPRESENTATION_CONTEXT(2) 
PARAMETRIC_REPRESENTATION_CONTEXT() REPRESENTATION_CONTEXT('2D SPACE',''
  ) );
#1207 = PCURVE('',#386,#1208);
#1208 = DEFINITIONAL_REPRESENTATION('',(#1209),#1213);
#1209 = LINE('',#1210,#1211);
#1210 = CARTESIAN_POINT('',(0.,-6.));
#1211 = VECTOR('',#1212,1.);
#1212 = DIRECTION('',(1.,0.));
#1213 = ( GEOMETRIC_REPRESENTATION_CONTEXT(2) 
PARAMETRIC_REPRESENTATION_CONTEXT() REPRESENTATION_CONTEXT('2D SPACE',''
  ) );
#1214 = ORIENTED_EDGE('',*,*,#1215,.F.);
#1215 = EDGE_CURVE('',#1216,#1193,#1218,.T.);
#1216 = VERTEX_POINT('',#1217);
#1217 = CARTESIAN_POINT('',(3.,-35.53356647514,7.461724853019));
#1218 = SURFACE_CURVE('',#1219,(#1223,#1230),.PCURVE_S1.);
#1219 = LINE('',#1220,#1221);
#1220 = CARTESIAN_POINT('',(3.,-28.23711652646,1.077331147923));
#1221 = VECTOR('',#1222,1.);
#1222 = DIRECTION('',(0.,-0.752576694707,0.658504607869));
#1223 = PCURVE('',#100,#1224);
#1224 = DEFINITIONAL_REPRESENTATION('',(#1225),#1229);
#1225 = LINE('',#1226,#1227);
#1226 = CARTESIAN_POINT('',(1.077331147923,28.237116526466));
#1227 = VECTOR('',#1228,1.);
#1228 = DIRECTION('',(0.658504607869,0.752576694707));
#1229 = ( GEOMETRIC_REPRESENTATION_CONTEXT(2) 
PARAMETRIC_REPRESENTATION_CONTEXT() REPRESENTATION_CONTEXT('2D SPACE',''
  ) );
#1230 = PCURVE('',#414,#1231);
#1231 = DEFINITIONAL_REPRESENTATION('',(#1232),#1236);
#1232 = LINE('',#1233,#1234);
#1233 = CARTESIAN_POINT('',(0.,-6.));
#1234 = VECTOR('',#1235,1.);
#1235 = DIRECTION('',(1.,0.));
#1236 = ( GEOMETRIC_REPRESENTATION_CONTEXT(2) 
PARAMETRIC_REPRESENTATION_CONTEXT() REPRESENTATION_CONTEXT('2D SPACE',''
  ) );
#1237 = ORIENTED_EDGE('',*,*,#1238,.F.);
#1238 = EDGE_CURVE('',#1239,#1216,#1241,.T.);
#1239 = VERTEX_POINT('',#1240);
#1240 = CARTESIAN_POINT('',(3.,-36.2443387623,5.945410640411));
#1241 = SURFACE_CURVE('',#1242,(#1246,#1253),.PCURVE_S1.);
#1242 = LINE('',#1243,#1244);
#1243 = CARTESIAN_POINT('',(3.,-36.2443387623,5.945410640411));
#1244 = VECTOR('',#1245,1.);
#1245 = DIRECTION('',(0.,0.424433876231,0.905458935959));
#1246 = PCURVE('',#100,#1247);
#1247 = DEFINITIONAL_REPRESENTATION('',(#1248),#1252);
#1248 = LINE('',#1249,#1250);
#1249 = CARTESIAN_POINT('',(5.945410640411,36.244338762307));
#1250 = VECTOR('',#1251,1.);
#1251 = DIRECTION('',(0.905458935959,-0.424433876231));
#1252 = ( GEOMETRIC_REPRESENTATION_CONTEXT(2) 
PARAMETRIC_REPRESENTATION_CONTEXT() REPRESENTATION_CONTEXT('2D SPACE',''
  ) );
#1253 = PCURVE('',#442,#1254);
#1254 = DEFINITIONAL_REPRESENTATION('',(#1255),#1259);
#1255 = LINE('',#1256,#1257);
#1256 = CARTESIAN_POINT('',(0.,-6.));
#1257 = VECTOR('',#1258,1.);
#1258 = DIRECTION('',(1.,0.));
#1259 = ( GEOMETRIC_REPRESENTATION_CONTEXT(2) 
PARAMETRIC_REPRESENTATION_CONTEXT() REPRESENTATION_CONTEXT('2D SPACE',''
  ) );
#1260 = ORIENTED_EDGE('',*,*,#1261,.F.);
#1261 = EDGE_CURVE('',#1262,#1239,#1264,.T.);
#1262 = VERTEX_POINT('',#1263);
#1263 = CARTESIAN_POINT('',(3.,-30.98097885123,3.478210682096));
#1264 = SURFACE_CURVE('',#1265,(#1269,#1276),.PCURVE_S1.);
#1265 = LINE('',#1266,#1267);
#1266 = CARTESIAN_POINT('',(3.,-4.244338762307,-9.054589359589));
#1267 = VECTOR('',#1268,1.);
#1268 = DIRECTION('',(0.,-0.905458935959,0.424433876231));
#1269 = PCURVE('',#100,#1270);
#1270 = DEFINITIONAL_REPRESENTATION('',(#1271),#1275);
#1271 = LINE('',#1272,#1273);
#1272 = CARTESIAN_POINT('',(-9.054589359589,4.244338762307));
#1273 = VECTOR('',#1274,1.);
#1274 = DIRECTION('',(0.424433876231,0.905458935959));
#1275 = ( GEOMETRIC_REPRESENTATION_CONTEXT(2) 
PARAMETRIC_REPRESENTATION_CONTEXT() REPRESENTATION_CONTEXT('2D SPACE',''
  ) );
#1276 = PCURVE('',#470,#1277);
#1277 = DEFINITIONAL_REPRESENTATION('',(#1278),#1282);
#1278 = LINE('',#1279,#1280);
#1279 = CARTESIAN_POINT('',(0.,-6.));
#1280 = VECTOR('',#1281,1.);
#1281 = DIRECTION('',(1.,0.));
#1282 = ( GEOMETRIC_REPRESENTATION_CONTEXT(2) 
PARAMETRIC_REPRESENTATION_CONTEXT() REPRESENTATION_CONTEXT('2D SPACE',''
  ) );
#1283 = ORIENTED_EDGE('',*,*,#1284,.F.);
#1284 = EDGE_CURVE('',#1285,#1262,#1287,.T.);
#1285 = VERTEX_POINT('',#1286);
#1286 = CARTESIAN_POINT('',(3.,-28.23711652646,1.077331147923));
#1287 = SURFACE_CURVE('',#1288,(#1292,#1299),.PCURVE_S1.);
#1288 = LINE('',#1289,#1290);
#1289 = CARTESIAN_POINT('',(3.,-28.23711652646,1.077331147923));
#1290 = VECTOR('',#1291,1.);
#1291 = DIRECTION('',(0.,-0.752576694707,0.658504607869));
#1292 = PCURVE('',#100,#1293);
#1293 = DEFINITIONAL_REPRESENTATION('',(#1294),#1298);
#1294 = LINE('',#1295,#1296);
#1295 = CARTESIAN_POINT('',(1.077331147923,28.237116526466));
#1296 = VECTOR('',#1297,1.);
#1297 = DIRECTION('',(0.658504607869,0.752576694707));
#1298 = ( GEOMETRIC_REPRESENTATION_CONTEXT(2) 
PARAMETRIC_REPRESENTATION_CONTEXT() REPRESENTATION_CONTEXT('2D SPACE',''
  ) );
#1299 = PCURVE('',#498,#1300);
#1300 = DEFINITIONAL_REPRESENTATION('',(#1301),#1305);
#1301 = LINE('',#1302,#1303);
#1302 = CARTESIAN_POINT('',(0.,-6.));
#1303 = VECTOR('',#1304,1.);
#1304 = DIRECTION('',(1.,0.));
#1305 = ( GEOMETRIC_REPRESENTATION_CONTEXT(2) 
PARAMETRIC_REPRESENTATION_CONTEXT() REPRESENTATION_CONTEXT('2D SPACE',''
  ) );
#1306 = ORIENTED_EDGE('',*,*,#1307,.T.);
#1307 = EDGE_CURVE('',#1285,#1308,#1310,.T.);
#1308 = VERTEX_POINT('',#1309);
#1309 = CARTESIAN_POINT('',(3.,-23.98539209958,-0.837237020905));
#1310 = SURFACE_CURVE('',#1311,(#1316,#1323),.PCURVE_S1.);
#1311 = CIRCLE('',#1312,8.);
#1312 = AXIS2_PLACEMENT_3D('',#1313,#1314,#1315);
#1313 = CARTESIAN_POINT('',(3.,-22.96907966351,7.097944705578));
#1314 = DIRECTION('',(1.,0.,0.));
#1315 = DIRECTION('',(-0.,0.,1.));
#1316 = PCURVE('',#100,#1317);
#1317 = DEFINITIONAL_REPRESENTATION('',(#1318),#1322);
#1318 = CIRCLE('',#1319,8.);
#1319 = AXIS2_PLACEMENT_2D('',#1320,#1321);
#1320 = CARTESIAN_POINT('',(7.097944705578,22.969079663517));
#1321 = DIRECTION('',(1.,0.));
#1322 = ( GEOMETRIC_REPRESENTATION_CONTEXT(2) 
PARAMETRIC_REPRESENTATION_CONTEXT() REPRESENTATION_CONTEXT('2D SPACE',''
  ) );
#1323 = PCURVE('',#527,#1324);
#1324 = DEFINITIONAL_REPRESENTATION('',(#1325),#1329);
#1325 = LINE('',#1326,#1327);
#1326 = CARTESIAN_POINT('',(0.,6.));
#1327 = VECTOR('',#1328,1.);
#1328 = DIRECTION('',(1.,0.));
#1329 = ( GEOMETRIC_REPRESENTATION_CONTEXT(2) 
PARAMETRIC_REPRESENTATION_CONTEXT() REPRESENTATION_CONTEXT('2D SPACE',''
  ) );
#1330 = ORIENTED_EDGE('',*,*,#1331,.T.);
#1331 = EDGE_CURVE('',#1308,#1332,#1334,.T.);
#1332 = VERTEX_POINT('',#1333);
#1333 = CARTESIAN_POINT('',(3.,23.999120490307,0.205464575412));
#1334 = SURFACE_CURVE('',#1335,(#1340,#1347),.PCURVE_S1.);
#1335 = CIRCLE('',#1336,24.);
#1336 = AXIS2_PLACEMENT_3D('',#1337,#1338,#1339);
#1337 = CARTESIAN_POINT('',(3.,0.,0.));
#1338 = DIRECTION('',(1.,0.,0.));
#1339 = DIRECTION('',(-0.,0.,1.));
#1340 = PCURVE('',#100,#1341);
#1341 = DEFINITIONAL_REPRESENTATION('',(#1342),#1346);
#1342 = CIRCLE('',#1343,24.);
#1343 = AXIS2_PLACEMENT_2D('',#1344,#1345);
#1344 = CARTESIAN_POINT('',(0.,0.));
#1345 = DIRECTION('',(1.,0.));
#1346 = ( GEOMETRIC_REPRESENTATION_CONTEXT(2) 
PARAMETRIC_REPRESENTATION_CONTEXT() REPRESENTATION_CONTEXT('2D SPACE',''
  ) );
#1347 = PCURVE('',#556,#1348);
#1348 = DEFINITIONAL_REPRESENTATION('',(#1349),#1353);
#1349 = LINE('',#1350,#1351);
#1350 = CARTESIAN_POINT('',(0.,6.));
#1351 = VECTOR('',#1352,1.);
#1352 = DIRECTION('',(1.,0.));
#1353 = ( GEOMETRIC_REPRESENTATION_CONTEXT(2) 
PARAMETRIC_REPRESENTATION_CONTEXT() REPRESENTATION_CONTEXT('2D SPACE',''
  ) );
#1354 = ORIENTED_EDGE('',*,*,#1355,.F.);
#1355 = EDGE_CURVE('',#1356,#1332,#1358,.T.);
#1356 = VERTEX_POINT('',#1357);
#1357 = CARTESIAN_POINT('',(3.,32.308076161254,4.100287546168));
#1358 = SURFACE_CURVE('',#1359,(#1363,#1370),.PCURVE_S1.);
#1359 = LINE('',#1360,#1361);
#1360 = CARTESIAN_POINT('',(3.,36.244338762307,5.945410640411));
#1361 = VECTOR('',#1362,1.);
#1362 = DIRECTION('',(0.,-0.905458935959,-0.424433876231));
#1363 = PCURVE('',#100,#1364);
#1364 = DEFINITIONAL_REPRESENTATION('',(#1365),#1369);
#1365 = LINE('',#1366,#1367);
#1366 = CARTESIAN_POINT('',(5.945410640411,-36.2443387623));
#1367 = VECTOR('',#1368,1.);
#1368 = DIRECTION('',(-0.424433876231,0.905458935959));
#1369 = ( GEOMETRIC_REPRESENTATION_CONTEXT(2) 
PARAMETRIC_REPRESENTATION_CONTEXT() REPRESENTATION_CONTEXT('2D SPACE',''
  ) );
#1370 = PCURVE('',#584,#1371);
#1371 = DEFINITIONAL_REPRESENTATION('',(#1372),#1376);
#1372 = LINE('',#1373,#1374);
#1373 = CARTESIAN_POINT('',(0.,-6.));
#1374 = VECTOR('',#1375,1.);
#1375 = DIRECTION('',(1.,0.));
#1376 = ( GEOMETRIC_REPRESENTATION_CONTEXT(2) 
PARAMETRIC_REPRESENTATION_CONTEXT() REPRESENTATION_CONTEXT('2D SPACE',''
  ) );
#1377 = ORIENTED_EDGE('',*,*,#1378,.F.);
#1378 = EDGE_CURVE('',#1379,#1356,#1381,.T.);
#1379 = VERTEX_POINT('',#1380);
#1380 = CARTESIAN_POINT('',(3.,35.762883473534,1.077331147923));
#1381 = SURFACE_CURVE('',#1382,(#1386,#1393),.PCURVE_S1.);
#1382 = LINE('',#1383,#1384);
#1383 = CARTESIAN_POINT('',(3.,35.762883473534,1.077331147923));
#1384 = VECTOR('',#1385,1.);
#1385 = DIRECTION('',(0.,-0.752576694707,0.658504607869));
#1386 = PCURVE('',#100,#1387);
#1387 = DEFINITIONAL_REPRESENTATION('',(#1388),#1392);
#1388 = LINE('',#1389,#1390);
#1389 = CARTESIAN_POINT('',(1.077331147923,-35.76288347353));
#1390 = VECTOR('',#1391,1.);
#1391 = DIRECTION('',(0.658504607869,0.752576694707));
#1392 = ( GEOMETRIC_REPRESENTATION_CONTEXT(2) 
PARAMETRIC_REPRESENTATION_CONTEXT() REPRESENTATION_CONTEXT('2D SPACE',''
  ) );
#1393 = PCURVE('',#612,#1394);
#1394 = DEFINITIONAL_REPRESENTATION('',(#1395),#1399);
#1395 = LINE('',#1396,#1397);
#1396 = CARTESIAN_POINT('',(0.,-6.));
#1397 = VECTOR('',#1398,1.);
#1398 = DIRECTION('',(1.,0.));
#1399 = ( GEOMETRIC_REPRESENTATION_CONTEXT(2) 
PARAMETRIC_REPRESENTATION_CONTEXT() REPRESENTATION_CONTEXT('2D SPACE',''
  ) );
#1400 = ORIENTED_EDGE('',*,*,#1401,.T.);
#1401 = EDGE_CURVE('',#1379,#1402,#1404,.T.);
#1402 = VERTEX_POINT('',#1403);
#1403 = CARTESIAN_POINT('',(3.,46.298957199431,13.118558263233));
#1404 = SURFACE_CURVE('',#1405,(#1410,#1417),.PCURVE_S1.);
#1405 = CIRCLE('',#1406,8.);
#1406 = AXIS2_PLACEMENT_3D('',#1407,#1408,#1409);
#1407 = CARTESIAN_POINT('',(3.,41.030920336483,7.097944705578));
#1408 = DIRECTION('',(1.,0.,0.));
#1409 = DIRECTION('',(-0.,0.,1.));
#1410 = PCURVE('',#100,#1411);
#1411 = DEFINITIONAL_REPRESENTATION('',(#1412),#1416);
#1412 = CIRCLE('',#1413,8.);
#1413 = AXIS2_PLACEMENT_2D('',#1414,#1415);
#1414 = CARTESIAN_POINT('',(7.097944705578,-41.03092033648));
#1415 = DIRECTION('',(1.,0.));
#1416 = ( GEOMETRIC_REPRESENTATION_CONTEXT(2) 
PARAMETRIC_REPRESENTATION_CONTEXT() REPRESENTATION_CONTEXT('2D SPACE',''
  ) );
#1417 = PCURVE('',#641,#1418);
#1418 = DEFINITIONAL_REPRESENTATION('',(#1419),#1423);
#1419 = LINE('',#1420,#1421);
#1420 = CARTESIAN_POINT('',(0.,6.));
#1421 = VECTOR('',#1422,1.);
#1422 = DIRECTION('',(1.,0.));
#1423 = ( GEOMETRIC_REPRESENTATION_CONTEXT(2) 
PARAMETRIC_REPRESENTATION_CONTEXT() REPRESENTATION_CONTEXT('2D SPACE',''
  ) );
#1424 = ORIENTED_EDGE('',*,*,#1425,.F.);
#1425 = EDGE_CURVE('',#1426,#1402,#1428,.T.);
#1426 = VERTEX_POINT('',#1427);
#1427 = CARTESIAN_POINT('',(3.,37.268036862948,21.020613557655));
#1428 = SURFACE_CURVE('',#1429,(#1433,#1440),.PCURVE_S1.);
#1429 = LINE('',#1430,#1431);
#1430 = CARTESIAN_POINT('',(3.,37.268036862948,21.020613557655));
#1431 = VECTOR('',#1432,1.);
#1432 = DIRECTION('',(0.,0.752576694707,-0.658504607869));
#1433 = PCURVE('',#100,#1434);
#1434 = DEFINITIONAL_REPRESENTATION('',(#1435),#1439);
#1435 = LINE('',#1436,#1437);
#1436 = CARTESIAN_POINT('',(21.020613557655,-37.26803686294));
#1437 = VECTOR('',#1438,1.);
#1438 = DIRECTION('',(-0.658504607869,-0.752576694707));
#1439 = ( GEOMETRIC_REPRESENTATION_CONTEXT(2) 
PARAMETRIC_REPRESENTATION_CONTEXT() REPRESENTATION_CONTEXT('2D SPACE',''
  ) );
#1440 = PCURVE('',#669,#1441);
#1441 = DEFINITIONAL_REPRESENTATION('',(#1442),#1446);
#1442 = LINE('',#1443,#1444);
#1443 = CARTESIAN_POINT('',(0.,-6.));
#1444 = VECTOR('',#1445,1.);
#1445 = DIRECTION('',(1.,0.));
#1446 = ( GEOMETRIC_REPRESENTATION_CONTEXT(2) 
PARAMETRIC_REPRESENTATION_CONTEXT() REPRESENTATION_CONTEXT('2D SPACE',''
  ) );
#1447 = ORIENTED_EDGE('',*,*,#1448,.F.);
#1448 = EDGE_CURVE('',#1449,#1426,#1451,.T.);
#1449 = VERTEX_POINT('',#1450);
#1450 = CARTESIAN_POINT('',(3.,34.173065205966,17.483503092533));
#1451 = SURFACE_CURVE('',#1452,(#1456,#1463),.PCURVE_S1.);
#1452 = LINE('',#1453,#1454);
#1453 = CARTESIAN_POINT('',(3.,26.731963137052,8.979386442345));
#1454 = VECTOR('',#1455,1.);
#1455 = DIRECTION('',(0.,0.658504607869,0.752576694707));
#1456 = PCURVE('',#100,#1457);
#1457 = DEFINITIONAL_REPRESENTATION('',(#1458),#1462);
#1458 = LINE('',#1459,#1460);
#1459 = CARTESIAN_POINT('',(8.979386442345,-26.73196313705));
#1460 = VECTOR('',#1461,1.);
#1461 = DIRECTION('',(0.752576694707,-0.658504607869));
#1462 = ( GEOMETRIC_REPRESENTATION_CONTEXT(2) 
PARAMETRIC_REPRESENTATION_CONTEXT() REPRESENTATION_CONTEXT('2D SPACE',''
  ) );
#1463 = PCURVE('',#697,#1464);
#1464 = DEFINITIONAL_REPRESENTATION('',(#1465),#1469);
#1465 = LINE('',#1466,#1467);
#1466 = CARTESIAN_POINT('',(0.,-6.));
#1467 = VECTOR('',#1468,1.);
#1468 = DIRECTION('',(1.,0.));
#1469 = ( GEOMETRIC_REPRESENTATION_CONTEXT(2) 
PARAMETRIC_REPRESENTATION_CONTEXT() REPRESENTATION_CONTEXT('2D SPACE',''
  ) );
#1470 = ORIENTED_EDGE('',*,*,#1471,.T.);
#1471 = EDGE_CURVE('',#1449,#1472,#1474,.T.);
#1472 = VERTEX_POINT('',#1473);
#1473 = CARTESIAN_POINT('',(3.,43.203985542449,9.58144779811));
#1474 = SURFACE_CURVE('',#1475,(#1479,#1486),.PCURVE_S1.);
#1475 = LINE('',#1476,#1477);
#1476 = CARTESIAN_POINT('',(3.,34.173065205966,17.483503092533));
#1477 = VECTOR('',#1478,1.);
#1478 = DIRECTION('',(-7.401486830834E-17,0.752576694707,-0.658504607869
    ));
#1479 = PCURVE('',#100,#1480);
#1480 = DEFINITIONAL_REPRESENTATION('',(#1481),#1485);
#1481 = LINE('',#1482,#1483);
#1482 = CARTESIAN_POINT('',(17.483503092533,-34.17306520596));
#1483 = VECTOR('',#1484,1.);
#1484 = DIRECTION('',(-0.658504607869,-0.752576694707));
#1485 = ( GEOMETRIC_REPRESENTATION_CONTEXT(2) 
PARAMETRIC_REPRESENTATION_CONTEXT() REPRESENTATION_CONTEXT('2D SPACE',''
  ) );
#1486 = PCURVE('',#725,#1487);
#1487 = DEFINITIONAL_REPRESENTATION('',(#1488),#1492);
#1488 = LINE('',#1489,#1490);
#1489 = CARTESIAN_POINT('',(0.,-7.));
#1490 = VECTOR('',#1491,1.);
#1491 = DIRECTION('',(1.,7.401486830834E-17));
#1492 = ( GEOMETRIC_REPRESENTATION_CONTEXT(2) 
PARAMETRIC_REPRESENTATION_CONTEXT() REPRESENTATION_CONTEXT('2D SPACE',''
  ) );
#1493 = ORIENTED_EDGE('',*,*,#1494,.F.);
#1494 = EDGE_CURVE('',#1495,#1472,#1497,.T.);
#1495 = VERTEX_POINT('',#1496);
#1496 = CARTESIAN_POINT('',(3.,38.857855130516,4.614441613045));
#1497 = SURFACE_CURVE('',#1498,(#1503,#1510),.PCURVE_S1.);
#1498 = CIRCLE('',#1499,3.3);
#1499 = AXIS2_PLACEMENT_3D('',#1500,#1501,#1502);
#1500 = CARTESIAN_POINT('',(3.,41.030920336483,7.097944705578));
#1501 = DIRECTION('',(1.,0.,0.));
#1502 = DIRECTION('',(-0.,0.,1.));
#1503 = PCURVE('',#100,#1504);
#1504 = DEFINITIONAL_REPRESENTATION('',(#1505),#1509);
#1505 = CIRCLE('',#1506,3.3);
#1506 = AXIS2_PLACEMENT_2D('',#1507,#1508);
#1507 = CARTESIAN_POINT('',(7.097944705578,-41.03092033648));
#1508 = DIRECTION('',(1.,0.));
#1509 = ( GEOMETRIC_REPRESENTATION_CONTEXT(2) 
PARAMETRIC_REPRESENTATION_CONTEXT() REPRESENTATION_CONTEXT('2D SPACE',''
  ) );
#1510 = PCURVE('',#754,#1511);
#1511 = DEFINITIONAL_REPRESENTATION('',(#1512),#1516);
#1512 = LINE('',#1513,#1514);
#1513 = CARTESIAN_POINT('',(0.,7.));
#1514 = VECTOR('',#1515,1.);
#1515 = DIRECTION('',(1.,0.));
#1516 = ( GEOMETRIC_REPRESENTATION_CONTEXT(2) 
PARAMETRIC_REPRESENTATION_CONTEXT() REPRESENTATION_CONTEXT('2D SPACE',''
  ) );
#1517 = ORIENTED_EDGE('',*,*,#1518,.T.);
#1518 = EDGE_CURVE('',#1495,#1519,#1521,.T.);
#1519 = VERTEX_POINT('',#1520);
#1520 = CARTESIAN_POINT('',(3.,29.826934794034,12.516496907467));
#1521 = SURFACE_CURVE('',#1522,(#1526,#1533),.PCURVE_S1.);
#1522 = LINE('',#1523,#1524);
#1523 = CARTESIAN_POINT('',(3.,38.857855130516,4.614441613045));
#1524 = VECTOR('',#1525,1.);
#1525 = DIRECTION('',(7.401486830834E-17,-0.752576694707,0.658504607869)
  );
#1526 = PCURVE('',#100,#1527);
#1527 = DEFINITIONAL_REPRESENTATION('',(#1528),#1532);
#1528 = LINE('',#1529,#1530);
#1529 = CARTESIAN_POINT('',(4.614441613045,-38.85785513051));
#1530 = VECTOR('',#1531,1.);
#1531 = DIRECTION('',(0.658504607869,0.752576694707));
#1532 = ( GEOMETRIC_REPRESENTATION_CONTEXT(2) 
PARAMETRIC_REPRESENTATION_CONTEXT() REPRESENTATION_CONTEXT('2D SPACE',''
  ) );
#1533 = PCURVE('',#782,#1534);
#1534 = DEFINITIONAL_REPRESENTATION('',(#1535),#1539);
#1535 = LINE('',#1536,#1537);
#1536 = CARTESIAN_POINT('',(-5.848695819819E-16,-7.));
#1537 = VECTOR('',#1538,1.);
#1538 = DIRECTION('',(1.,-7.401486830834E-17));
#1539 = ( GEOMETRIC_REPRESENTATION_CONTEXT(2) 
PARAMETRIC_REPRESENTATION_CONTEXT() REPRESENTATION_CONTEXT('2D SPACE',''
  ) );
#1540 = ORIENTED_EDGE('',*,*,#1541,.F.);
#1541 = EDGE_CURVE('',#1542,#1519,#1544,.T.);
#1542 = VERTEX_POINT('',#1543);
#1543 = CARTESIAN_POINT('',(3.,30.599368208439,17.988014488664));
#1544 = SURFACE_CURVE('',#1545,(#1550,#1557),.PCURVE_S1.);
#1545 = CIRCLE('',#1546,3.3);
#1546 = AXIS2_PLACEMENT_3D('',#1547,#1548,#1549);
#1547 = CARTESIAN_POINT('',(3.,32.,15.));
#1548 = DIRECTION('',(1.,0.,0.));
#1549 = DIRECTION('',(-0.,0.,1.));
#1550 = PCURVE('',#100,#1551);
#1551 = DEFINITIONAL_REPRESENTATION('',(#1552),#1556);
#1552 = CIRCLE('',#1553,3.3);
#1553 = AXIS2_PLACEMENT_2D('',#1554,#1555);
#1554 = CARTESIAN_POINT('',(15.,-32.));
#1555 = DIRECTION('',(1.,0.));
#1556 = ( GEOMETRIC_REPRESENTATION_CONTEXT(2) 
PARAMETRIC_REPRESENTATION_CONTEXT() REPRESENTATION_CONTEXT('2D SPACE',''
  ) );
#1557 = PCURVE('',#811,#1558);
#1558 = DEFINITIONAL_REPRESENTATION('',(#1559),#1563);
#1559 = LINE('',#1560,#1561);
#1560 = CARTESIAN_POINT('',(6.28318530718,7.));
#1561 = VECTOR('',#1562,1.);
#1562 = DIRECTION('',(1.,0.));
#1563 = ( GEOMETRIC_REPRESENTATION_CONTEXT(2) 
PARAMETRIC_REPRESENTATION_CONTEXT() REPRESENTATION_CONTEXT('2D SPACE',''
  ) );
#1564 = ORIENTED_EDGE('',*,*,#1565,.F.);
#1565 = EDGE_CURVE('',#941,#1542,#1566,.T.);
#1566 = SURFACE_CURVE('',#1567,(#1571,#1578),.PCURVE_S1.);
#1567 = LINE('',#1568,#1569);
#1568 = CARTESIAN_POINT('',(3.,27.755661237693,24.054589359589));
#1569 = VECTOR('',#1570,1.);
#1570 = DIRECTION('',(0.,0.424433876231,-0.905458935959));
#1571 = PCURVE('',#100,#1572);
#1572 = DEFINITIONAL_REPRESENTATION('',(#1573),#1577);
#1573 = LINE('',#1574,#1575);
#1574 = CARTESIAN_POINT('',(24.054589359589,-27.75566123769));
#1575 = VECTOR('',#1576,1.);
#1576 = DIRECTION('',(-0.905458935959,-0.424433876231));
#1577 = ( GEOMETRIC_REPRESENTATION_CONTEXT(2) 
PARAMETRIC_REPRESENTATION_CONTEXT() REPRESENTATION_CONTEXT('2D SPACE',''
  ) );
#1578 = PCURVE('',#839,#1579);
#1579 = DEFINITIONAL_REPRESENTATION('',(#1580),#1584);
#1580 = LINE('',#1581,#1582);
#1581 = CARTESIAN_POINT('',(0.,-6.));
#1582 = VECTOR('',#1583,1.);
#1583 = DIRECTION('',(1.,0.));
#1584 = ( GEOMETRIC_REPRESENTATION_CONTEXT(2) 
PARAMETRIC_REPRESENTATION_CONTEXT() REPRESENTATION_CONTEXT('2D SPACE',''
  ) );
#1585 = ORIENTED_EDGE('',*,*,#940,.F.);
#1586 = FACE_BOUND('',#1587,.T.);
#1587 = EDGE_LOOP('',(#1588));
#1588 = ORIENTED_EDGE('',*,*,#1589,.T.);
#1589 = EDGE_CURVE('',#1590,#1590,#1592,.T.);
#1590 = VERTEX_POINT('',#1591);
#1591 = CARTESIAN_POINT('',(3.,20.,2.2));
#1592 = SURFACE_CURVE('',#1593,(#1598,#1609),.PCURVE_S1.);
#1593 = CIRCLE('',#1594,2.2);
#1594 = AXIS2_PLACEMENT_3D('',#1595,#1596,#1597);
#1595 = CARTESIAN_POINT('',(3.,20.,1.193489751472E-15));
#1596 = DIRECTION('',(-1.,0.,0.));
#1597 = DIRECTION('',(0.,0.,1.));
#1598 = PCURVE('',#100,#1599);
#1599 = DEFINITIONAL_REPRESENTATION('',(#1600),#1608);
#1600 = ( BOUNDED_CURVE() B_SPLINE_CURVE(2,(#1601,#1602,#1603,#1604,
#1605,#1606,#1607),.UNSPECIFIED.,.T.,.F.) B_SPLINE_CURVE_WITH_KNOTS((1,2
    ,2,2,2,1),(-2.094395102393,0.,2.094395102393,4.188790204786,
6.28318530718,8.377580409573),.UNSPECIFIED.) CURVE() 
GEOMETRIC_REPRESENTATION_ITEM() RATIONAL_B_SPLINE_CURVE((1.,0.5,1.,0.5,
1.,0.5,1.)) REPRESENTATION_ITEM('') );
#1601 = CARTESIAN_POINT('',(2.2,-20.));
#1602 = CARTESIAN_POINT('',(2.2,-23.81051177665));
#1603 = CARTESIAN_POINT('',(-1.1,-21.90525588832));
#1604 = CARTESIAN_POINT('',(-4.4,-20.));
#1605 = CARTESIAN_POINT('',(-1.1,-18.09474411167));
#1606 = CARTESIAN_POINT('',(2.2,-16.18948822334));
#1607 = CARTESIAN_POINT('',(2.2,-20.));
#1608 = ( GEOMETRIC_REPRESENTATION_CONTEXT(2) 
PARAMETRIC_REPRESENTATION_CONTEXT() REPRESENTATION_CONTEXT('2D SPACE',''
  ) );
#1609 = PCURVE('',#892,#1610);
#1610 = DEFINITIONAL_REPRESENTATION('',(#1611),#1615);
#1611 = LINE('',#1612,#1613);
#1612 = CARTESIAN_POINT('',(6.28318530718,7.));
#1613 = VECTOR('',#1614,1.);
#1614 = DIRECTION('',(-1.,-0.));
#1615 = ( GEOMETRIC_REPRESENTATION_CONTEXT(2) 
PARAMETRIC_REPRESENTATION_CONTEXT() REPRESENTATION_CONTEXT('2D SPACE',''
  ) );
#1616 = FACE_BOUND('',#1617,.T.);
#1617 = EDGE_LOOP('',(#1618));
#1618 = ORIENTED_EDGE('',*,*,#1619,.F.);
#1619 = EDGE_CURVE('',#1620,#1620,#1622,.T.);
#1620 = VERTEX_POINT('',#1621);
#1621 = CARTESIAN_POINT('',(3.,-10.,-15.12050807568));
#1622 = SURFACE_CURVE('',#1623,(#1628,#1635),.PCURVE_S1.);
#1623 = CIRCLE('',#1624,2.2);
#1624 = AXIS2_PLACEMENT_3D('',#1625,#1626,#1627);
#1625 = CARTESIAN_POINT('',(3.,-10.,-17.32050807568));
#1626 = DIRECTION('',(1.,0.,0.));
#1627 = DIRECTION('',(-0.,0.,1.));
#1628 = PCURVE('',#100,#1629);
#1629 = DEFINITIONAL_REPRESENTATION('',(#1630),#1634);
#1630 = CIRCLE('',#1631,2.2);
#1631 = AXIS2_PLACEMENT_2D('',#1632,#1633);
#1632 = CARTESIAN_POINT('',(-17.32050807568,10.));
#1633 = DIRECTION('',(1.,0.));
#1634 = ( GEOMETRIC_REPRESENTATION_CONTEXT(2) 
PARAMETRIC_REPRESENTATION_CONTEXT() REPRESENTATION_CONTEXT('2D SPACE',''
  ) );
#1635 = PCURVE('',#923,#1636);
#1636 = DEFINITIONAL_REPRESENTATION('',(#1637),#1641);
#1637 = LINE('',#1638,#1639);
#1638 = CARTESIAN_POINT('',(0.,7.));
#1639 = VECTOR('',#1640,1.);
#1640 = DIRECTION('',(1.,0.));
#1641 = ( GEOMETRIC_REPRESENTATION_CONTEXT(2) 
PARAMETRIC_REPRESENTATION_CONTEXT() REPRESENTATION_CONTEXT('2D SPACE',''
  ) );
#1642 = ADVANCED_FACE('',(#1643),#72,.T.);
#1643 = FACE_BOUND('',#1644,.T.);
#1644 = EDGE_LOOP('',(#1645,#1646,#1667,#1668));
#1645 = ORIENTED_EDGE('',*,*,#205,.F.);
#1646 = ORIENTED_EDGE('',*,*,#1647,.T.);
#1647 = EDGE_CURVE('',#206,#1049,#1648,.T.);
#1648 = SURFACE_CURVE('',#1649,(#1653,#1660),.PCURVE_S1.);
#1649 = LINE('',#1650,#1651);
#1650 = CARTESIAN_POINT('',(-3.,-27.75566123769,24.054589359589));
#1651 = VECTOR('',#1652,1.);
#1652 = DIRECTION('',(1.,0.,0.));
#1653 = PCURVE('',#72,#1654);
#1654 = DEFINITIONAL_REPRESENTATION('',(#1655),#1659);
#1655 = LINE('',#1656,#1657);
#1656 = CARTESIAN_POINT('',(0.,0.));
#1657 = VECTOR('',#1658,1.);
#1658 = DIRECTION('',(0.,-1.));
#1659 = ( GEOMETRIC_REPRESENTATION_CONTEXT(2) 
PARAMETRIC_REPRESENTATION_CONTEXT() REPRESENTATION_CONTEXT('2D SPACE',''
  ) );
#1660 = PCURVE('',#244,#1661);
#1661 = DEFINITIONAL_REPRESENTATION('',(#1662),#1666);
#1662 = LINE('',#1663,#1664);
#1663 = CARTESIAN_POINT('',(20.,0.));
#1664 = VECTOR('',#1665,1.);
#1665 = DIRECTION('',(0.,-1.));
#1666 = ( GEOMETRIC_REPRESENTATION_CONTEXT(2) 
PARAMETRIC_REPRESENTATION_CONTEXT() REPRESENTATION_CONTEXT('2D SPACE',''
  ) );
#1667 = ORIENTED_EDGE('',*,*,#1048,.T.);
#1668 = ORIENTED_EDGE('',*,*,#57,.F.);
#1669 = ADVANCED_FACE('',(#1670),#160,.F.);
#1670 = FACE_BOUND('',#1671,.F.);
#1671 = EDGE_LOOP('',(#1672,#1673,#1694,#1695));
#1672 = ORIENTED_EDGE('',*,*,#987,.T.);
#1673 = ORIENTED_EDGE('',*,*,#1674,.F.);
#1674 = EDGE_CURVE('',#144,#988,#1675,.T.);
#1675 = SEAM_CURVE('',#1676,(#1680,#1687),.PCURVE_S1.);
#1676 = LINE('',#1677,#1678);
#1677 = CARTESIAN_POINT('',(-4.,3.511674696555E-15,14.3375));
#1678 = VECTOR('',#1679,1.);
#1679 = DIRECTION('',(1.,0.,0.));
#1680 = PCURVE('',#160,#1681);
#1681 = DEFINITIONAL_REPRESENTATION('',(#1682),#1686);
#1682 = LINE('',#1683,#1684);
#1683 = CARTESIAN_POINT('',(0.,-0.));
#1684 = VECTOR('',#1685,1.);
#1685 = DIRECTION('',(0.,1.));
#1686 = ( GEOMETRIC_REPRESENTATION_CONTEXT(2) 
PARAMETRIC_REPRESENTATION_CONTEXT() REPRESENTATION_CONTEXT('2D SPACE',''
  ) );
#1687 = PCURVE('',#160,#1688);
#1688 = DEFINITIONAL_REPRESENTATION('',(#1689),#1693);
#1689 = LINE('',#1690,#1691);
#1690 = CARTESIAN_POINT('',(6.28318530718,-0.));
#1691 = VECTOR('',#1692,1.);
#1692 = DIRECTION('',(0.,1.));
#1693 = ( GEOMETRIC_REPRESENTATION_CONTEXT(2) 
PARAMETRIC_REPRESENTATION_CONTEXT() REPRESENTATION_CONTEXT('2D SPACE',''
  ) );
#1694 = ORIENTED_EDGE('',*,*,#143,.T.);
#1695 = ORIENTED_EDGE('',*,*,#1674,.T.);
#1696 = ADVANCED_FACE('',(#1697),#191,.F.);
#1697 = FACE_BOUND('',#1698,.F.);
#1698 = EDGE_LOOP('',(#1699,#1700,#1721,#1722));
#1699 = ORIENTED_EDGE('',*,*,#1017,.T.);
#1700 = ORIENTED_EDGE('',*,*,#1701,.F.);
#1701 = EDGE_CURVE('',#175,#1018,#1702,.T.);
#1702 = SEAM_CURVE('',#1703,(#1707,#1714),.PCURVE_S1.);
#1703 = LINE('',#1704,#1705);
#1704 = CARTESIAN_POINT('',(-4.,-10.,19.520508075689));
#1705 = VECTOR('',#1706,1.);
#1706 = DIRECTION('',(1.,0.,0.));
#1707 = PCURVE('',#191,#1708);
#1708 = DEFINITIONAL_REPRESENTATION('',(#1709),#1713);
#1709 = LINE('',#1710,#1711);
#1710 = CARTESIAN_POINT('',(0.,-0.));
#1711 = VECTOR('',#1712,1.);
#1712 = DIRECTION('',(0.,1.));
#1713 = ( GEOMETRIC_REPRESENTATION_CONTEXT(2) 
PARAMETRIC_REPRESENTATION_CONTEXT() REPRESENTATION_CONTEXT('2D SPACE',''
  ) );
#1714 = PCURVE('',#191,#1715);
#1715 = DEFINITIONAL_REPRESENTATION('',(#1716),#1720);
#1716 = LINE('',#1717,#1718);
#1717 = CARTESIAN_POINT('',(6.28318530718,-0.));
#1718 = VECTOR('',#1719,1.);
#1719 = DIRECTION('',(0.,1.));
#1720 = ( GEOMETRIC_REPRESENTATION_CONTEXT(2) 
PARAMETRIC_REPRESENTATION_CONTEXT() REPRESENTATION_CONTEXT('2D SPACE',''
  ) );
#1721 = ORIENTED_EDGE('',*,*,#174,.T.);
#1722 = ORIENTED_EDGE('',*,*,#1701,.T.);
#1723 = ADVANCED_FACE('',(#1724),#839,.T.);
#1724 = FACE_BOUND('',#1725,.T.);
#1725 = EDGE_LOOP('',(#1726,#1727,#1728,#1729));
#1726 = ORIENTED_EDGE('',*,*,#823,.F.);
#1727 = ORIENTED_EDGE('',*,*,#963,.T.);
#1728 = ORIENTED_EDGE('',*,*,#1565,.T.);
#1729 = ORIENTED_EDGE('',*,*,#1730,.F.);
#1730 = EDGE_CURVE('',#795,#1542,#1731,.T.);
#1731 = SURFACE_CURVE('',#1732,(#1736,#1742),.PCURVE_S1.);
#1732 = LINE('',#1733,#1734);
#1733 = CARTESIAN_POINT('',(-4.,30.599368208439,17.988014488664));
#1734 = VECTOR('',#1735,1.);
#1735 = DIRECTION('',(1.,0.,0.));
#1736 = PCURVE('',#839,#1737);
#1737 = DEFINITIONAL_REPRESENTATION('',(#1738),#1741);
#1738 = B_SPLINE_CURVE_WITH_KNOTS('',1,(#1739,#1740),.UNSPECIFIED.,.F.,
  .F.,(2,2),(0.4,7.6),.PIECEWISE_BEZIER_KNOTS.);
#1739 = CARTESIAN_POINT('',(6.7,0.6));
#1740 = CARTESIAN_POINT('',(6.7,-6.6));
#1741 = ( GEOMETRIC_REPRESENTATION_CONTEXT(2) 
PARAMETRIC_REPRESENTATION_CONTEXT() REPRESENTATION_CONTEXT('2D SPACE',''
  ) );
#1742 = PCURVE('',#811,#1743);
#1743 = DEFINITIONAL_REPRESENTATION('',(#1744),#1747);
#1744 = B_SPLINE_CURVE_WITH_KNOTS('',1,(#1745,#1746),.UNSPECIFIED.,.F.,
  .F.,(2,2),(0.4,7.6),.PIECEWISE_BEZIER_KNOTS.);
#1745 = CARTESIAN_POINT('',(6.721521867038,0.4));
#1746 = CARTESIAN_POINT('',(6.721521867038,7.6));
#1747 = ( GEOMETRIC_REPRESENTATION_CONTEXT(2) 
PARAMETRIC_REPRESENTATION_CONTEXT() REPRESENTATION_CONTEXT('2D SPACE',''
  ) );
#1748 = ADVANCED_FACE('',(#1749),#244,.T.);
#1749 = FACE_BOUND('',#1750,.T.);
#1750 = EDGE_LOOP('',(#1751,#1752,#1771,#1772));
#1751 = ORIENTED_EDGE('',*,*,#228,.F.);
#1752 = ORIENTED_EDGE('',*,*,#1753,.T.);
#1753 = EDGE_CURVE('',#229,#1072,#1754,.T.);
#1754 = SURFACE_CURVE('',#1755,(#1759,#1765),.PCURVE_S1.);
#1755 = LINE('',#1756,#1757);
#1756 = CARTESIAN_POINT('',(-4.,-30.59936820843,17.988014488664));
#1757 = VECTOR('',#1758,1.);
#1758 = DIRECTION('',(1.,0.,0.));
#1759 = PCURVE('',#244,#1760);
#1760 = DEFINITIONAL_REPRESENTATION('',(#1761),#1764);
#1761 = B_SPLINE_CURVE_WITH_KNOTS('',1,(#1762,#1763),.UNSPECIFIED.,.F.,
  .F.,(2,2),(0.4,7.6),.PIECEWISE_BEZIER_KNOTS.);
#1762 = CARTESIAN_POINT('',(13.3,0.6));
#1763 = CARTESIAN_POINT('',(13.3,-6.6));
#1764 = ( GEOMETRIC_REPRESENTATION_CONTEXT(2) 
PARAMETRIC_REPRESENTATION_CONTEXT() REPRESENTATION_CONTEXT('2D SPACE',''
  ) );
#1765 = PCURVE('',#273,#1766);
#1766 = DEFINITIONAL_REPRESENTATION('',(#1767),#1770);
#1767 = B_SPLINE_CURVE_WITH_KNOTS('',1,(#1768,#1769),.UNSPECIFIED.,.F.,
  .F.,(2,2),(0.4,7.6),.PIECEWISE_BEZIER_KNOTS.);
#1768 = CARTESIAN_POINT('',(5.844848747322,0.4));
#1769 = CARTESIAN_POINT('',(5.844848747322,7.6));
#1770 = ( GEOMETRIC_REPRESENTATION_CONTEXT(2) 
PARAMETRIC_REPRESENTATION_CONTEXT() REPRESENTATION_CONTEXT('2D SPACE',''
  ) );
#1771 = ORIENTED_EDGE('',*,*,#1071,.T.);
#1772 = ORIENTED_EDGE('',*,*,#1647,.F.);
#1773 = ADVANCED_FACE('',(#1774),#892,.F.);
#1774 = FACE_BOUND('',#1775,.F.);
#1775 = EDGE_LOOP('',(#1776,#1777,#1798,#1799));
#1776 = ORIENTED_EDGE('',*,*,#1589,.T.);
#1777 = ORIENTED_EDGE('',*,*,#1778,.F.);
#1778 = EDGE_CURVE('',#876,#1590,#1779,.T.);
#1779 = SEAM_CURVE('',#1780,(#1784,#1791),.PCURVE_S1.);
#1780 = LINE('',#1781,#1782);
#1781 = CARTESIAN_POINT('',(-4.,20.,2.2));
#1782 = VECTOR('',#1783,1.);
#1783 = DIRECTION('',(1.,0.,0.));
#1784 = PCURVE('',#892,#1785);
#1785 = DEFINITIONAL_REPRESENTATION('',(#1786),#1790);
#1786 = LINE('',#1787,#1788);
#1787 = CARTESIAN_POINT('',(0.,-0.));
#1788 = VECTOR('',#1789,1.);
#1789 = DIRECTION('',(0.,1.));
#1790 = ( GEOMETRIC_REPRESENTATION_CONTEXT(2) 
PARAMETRIC_REPRESENTATION_CONTEXT() REPRESENTATION_CONTEXT('2D SPACE',''
  ) );
#1791 = PCURVE('',#892,#1792);
#1792 = DEFINITIONAL_REPRESENTATION('',(#1793),#1797);
#1793 = LINE('',#1794,#1795);
#1794 = CARTESIAN_POINT('',(6.28318530718,-0.));
#1795 = VECTOR('',#1796,1.);
#1796 = DIRECTION('',(0.,1.));
#1797 = ( GEOMETRIC_REPRESENTATION_CONTEXT(2) 
PARAMETRIC_REPRESENTATION_CONTEXT() REPRESENTATION_CONTEXT('2D SPACE',''
  ) );
#1798 = ORIENTED_EDGE('',*,*,#875,.T.);
#1799 = ORIENTED_EDGE('',*,*,#1778,.T.);
#1800 = ADVANCED_FACE('',(#1801),#811,.F.);
#1801 = FACE_BOUND('',#1802,.F.);
#1802 = EDGE_LOOP('',(#1803,#1804,#1825,#1826));
#1803 = ORIENTED_EDGE('',*,*,#794,.T.);
#1804 = ORIENTED_EDGE('',*,*,#1805,.T.);
#1805 = EDGE_CURVE('',#767,#1519,#1806,.T.);
#1806 = SURFACE_CURVE('',#1807,(#1811,#1818),.PCURVE_S1.);
#1807 = LINE('',#1808,#1809);
#1808 = CARTESIAN_POINT('',(-4.,29.826934794034,12.516496907467));
#1809 = VECTOR('',#1810,1.);
#1810 = DIRECTION('',(1.,0.,0.));
#1811 = PCURVE('',#811,#1812);
#1812 = DEFINITIONAL_REPRESENTATION('',(#1813),#1817);
#1813 = LINE('',#1814,#1815);
#1814 = CARTESIAN_POINT('',(8.705947961148,0.));
#1815 = VECTOR('',#1816,1.);
#1816 = DIRECTION('',(0.,1.));
#1817 = ( GEOMETRIC_REPRESENTATION_CONTEXT(2) 
PARAMETRIC_REPRESENTATION_CONTEXT() REPRESENTATION_CONTEXT('2D SPACE',''
  ) );
#1818 = PCURVE('',#782,#1819);
#1819 = DEFINITIONAL_REPRESENTATION('',(#1820),#1824);
#1820 = LINE('',#1821,#1822);
#1821 = CARTESIAN_POINT('',(12.,0.));
#1822 = VECTOR('',#1823,1.);
#1823 = DIRECTION('',(0.,-1.));
#1824 = ( GEOMETRIC_REPRESENTATION_CONTEXT(2) 
PARAMETRIC_REPRESENTATION_CONTEXT() REPRESENTATION_CONTEXT('2D SPACE',''
  ) );
#1825 = ORIENTED_EDGE('',*,*,#1541,.F.);
#1826 = ORIENTED_EDGE('',*,*,#1730,.F.);
#1827 = ADVANCED_FACE('',(#1828),#584,.T.);
#1828 = FACE_BOUND('',#1829,.T.);
#1829 = EDGE_LOOP('',(#1830,#1831,#1850,#1851));
#1830 = ORIENTED_EDGE('',*,*,#568,.F.);
#1831 = ORIENTED_EDGE('',*,*,#1832,.F.);
#1832 = EDGE_CURVE('',#1356,#569,#1833,.T.);
#1833 = SURFACE_CURVE('',#1834,(#1838,#1844),.PCURVE_S1.);
#1834 = LINE('',#1835,#1836);
#1835 = CARTESIAN_POINT('',(-3.,32.308076161254,4.100287546168));
#1836 = VECTOR('',#1837,1.);
#1837 = DIRECTION('',(-1.,0.,-0.));
#1838 = PCURVE('',#584,#1839);
#1839 = DEFINITIONAL_REPRESENTATION('',(#1840),#1843);
#1840 = B_SPLINE_CURVE_WITH_KNOTS('',1,(#1841,#1842),.UNSPECIFIED.,.F.,
  .F.,(2,2),(-6.,0.),.PIECEWISE_BEZIER_KNOTS.);
#1841 = CARTESIAN_POINT('',(4.347256893417,-6.));
#1842 = CARTESIAN_POINT('',(4.347256893417,0.));
#1843 = ( GEOMETRIC_REPRESENTATION_CONTEXT(2) 
PARAMETRIC_REPRESENTATION_CONTEXT() REPRESENTATION_CONTEXT('2D SPACE',''
  ) );
#1844 = PCURVE('',#612,#1845);
#1845 = DEFINITIONAL_REPRESENTATION('',(#1846),#1849);
#1846 = B_SPLINE_CURVE_WITH_KNOTS('',1,(#1847,#1848),.UNSPECIFIED.,.F.,
  .F.,(2,2),(-6.,0.),.PIECEWISE_BEZIER_KNOTS.);
#1847 = CARTESIAN_POINT('',(4.590638185555,-6.));
#1848 = CARTESIAN_POINT('',(4.590638185555,0.));
#1849 = ( GEOMETRIC_REPRESENTATION_CONTEXT(2) 
PARAMETRIC_REPRESENTATION_CONTEXT() REPRESENTATION_CONTEXT('2D SPACE',''
  ) );
#1850 = ORIENTED_EDGE('',*,*,#1355,.T.);
#1851 = ORIENTED_EDGE('',*,*,#1852,.F.);
#1852 = EDGE_CURVE('',#540,#1332,#1853,.T.);
#1853 = SURFACE_CURVE('',#1854,(#1858,#1864),.PCURVE_S1.);
#1854 = LINE('',#1855,#1856);
#1855 = CARTESIAN_POINT('',(-3.,23.999120490307,0.205464575411));
#1856 = VECTOR('',#1857,1.);
#1857 = DIRECTION('',(1.,0.,0.));
#1858 = PCURVE('',#584,#1859);
#1859 = DEFINITIONAL_REPRESENTATION('',(#1860),#1863);
#1860 = B_SPLINE_CURVE_WITH_KNOTS('',1,(#1861,#1862),.UNSPECIFIED.,.F.,
  .F.,(2,2),(-5.999999999062E-07,6.0000006),.PIECEWISE_BEZIER_KNOTS.);
#1861 = CARTESIAN_POINT('',(13.523769864873,5.999999999062E-07));
#1862 = CARTESIAN_POINT('',(13.523769864873,-6.0000006));
#1863 = ( GEOMETRIC_REPRESENTATION_CONTEXT(2) 
PARAMETRIC_REPRESENTATION_CONTEXT() REPRESENTATION_CONTEXT('2D SPACE',''
  ) );
#1864 = PCURVE('',#556,#1865);
#1865 = DEFINITIONAL_REPRESENTATION('',(#1866),#1869);
#1866 = B_SPLINE_CURVE_WITH_KNOTS('',1,(#1867,#1868),.UNSPECIFIED.,.F.,
  .F.,(2,2),(-5.999999999062E-07,6.0000006),.PIECEWISE_BEZIER_KNOTS.);
#1867 = CARTESIAN_POINT('',(4.720950108938,-5.999999999062E-07));
#1868 = CARTESIAN_POINT('',(4.720950108938,6.0000006));
#1869 = ( GEOMETRIC_REPRESENTATION_CONTEXT(2) 
PARAMETRIC_REPRESENTATION_CONTEXT() REPRESENTATION_CONTEXT('2D SPACE',''
  ) );
#1870 = ADVANCED_FACE('',(#1871),#273,.F.);
#1871 = FACE_BOUND('',#1872,.F.);
#1872 = EDGE_LOOP('',(#1873,#1894,#1895,#1896));
#1873 = ORIENTED_EDGE('',*,*,#1874,.F.);
#1874 = EDGE_CURVE('',#257,#1095,#1875,.T.);
#1875 = SURFACE_CURVE('',#1876,(#1880,#1887),.PCURVE_S1.);
#1876 = LINE('',#1877,#1878);
#1877 = CARTESIAN_POINT('',(-4.,-29.82693479403,17.483503092533));
#1878 = VECTOR('',#1879,1.);
#1879 = DIRECTION('',(1.,0.,0.));
#1880 = PCURVE('',#273,#1881);
#1881 = DEFINITIONAL_REPRESENTATION('',(#1882),#1886);
#1882 = LINE('',#1883,#1884);
#1883 = CARTESIAN_POINT('',(5.564355307558,0.));
#1884 = VECTOR('',#1885,1.);
#1885 = DIRECTION('',(0.,1.));
#1886 = ( GEOMETRIC_REPRESENTATION_CONTEXT(2) 
PARAMETRIC_REPRESENTATION_CONTEXT() REPRESENTATION_CONTEXT('2D SPACE',''
  ) );
#1887 = PCURVE('',#301,#1888);
#1888 = DEFINITIONAL_REPRESENTATION('',(#1889),#1893);
#1889 = LINE('',#1890,#1891);
#1890 = CARTESIAN_POINT('',(0.,0.));
#1891 = VECTOR('',#1892,1.);
#1892 = DIRECTION('',(0.,-1.));
#1893 = ( GEOMETRIC_REPRESENTATION_CONTEXT(2) 
PARAMETRIC_REPRESENTATION_CONTEXT() REPRESENTATION_CONTEXT('2D SPACE',''
  ) );
#1894 = ORIENTED_EDGE('',*,*,#256,.T.);
#1895 = ORIENTED_EDGE('',*,*,#1753,.T.);
#1896 = ORIENTED_EDGE('',*,*,#1094,.F.);
#1897 = ADVANCED_FACE('',(#1898),#556,.T.);
#1898 = FACE_BOUND('',#1899,.T.);
#1899 = EDGE_LOOP('',(#1900,#1901,#1902,#1921));
#1900 = ORIENTED_EDGE('',*,*,#1852,.T.);
#1901 = ORIENTED_EDGE('',*,*,#1331,.F.);
#1902 = ORIENTED_EDGE('',*,*,#1903,.F.);
#1903 = EDGE_CURVE('',#511,#1308,#1904,.T.);
#1904 = SURFACE_CURVE('',#1905,(#1909,#1915),.PCURVE_S1.);
#1905 = LINE('',#1906,#1907);
#1906 = CARTESIAN_POINT('',(-3.,-23.98539209958,-0.837237020904));
#1907 = VECTOR('',#1908,1.);
#1908 = DIRECTION('',(1.,0.,0.));
#1909 = PCURVE('',#556,#1910);
#1910 = DEFINITIONAL_REPRESENTATION('',(#1911),#1914);
#1911 = B_SPLINE_CURVE_WITH_KNOTS('',1,(#1912,#1913),.UNSPECIFIED.,.F.,
  .F.,(2,2),(-5.999999999062E-07,6.0000006),.PIECEWISE_BEZIER_KNOTS.);
#1912 = CARTESIAN_POINT('',(1.605688282095,-5.999999999062E-07));
#1913 = CARTESIAN_POINT('',(1.605688282095,6.0000006));
#1914 = ( GEOMETRIC_REPRESENTATION_CONTEXT(2) 
PARAMETRIC_REPRESENTATION_CONTEXT() REPRESENTATION_CONTEXT('2D SPACE',''
  ) );
#1915 = PCURVE('',#527,#1916);
#1916 = DEFINITIONAL_REPRESENTATION('',(#1917),#1920);
#1917 = B_SPLINE_CURVE_WITH_KNOTS('',1,(#1918,#1919),.UNSPECIFIED.,.F.,
  .F.,(2,2),(-5.999999999062E-07,6.0000006),.PIECEWISE_BEZIER_KNOTS.);
#1918 = CARTESIAN_POINT('',(3.014209381067,-5.999999999062E-07));
#1919 = CARTESIAN_POINT('',(3.014209381067,6.0000006));
#1920 = ( GEOMETRIC_REPRESENTATION_CONTEXT(2) 
PARAMETRIC_REPRESENTATION_CONTEXT() REPRESENTATION_CONTEXT('2D SPACE',''
  ) );
#1921 = ORIENTED_EDGE('',*,*,#539,.T.);
#1922 = ADVANCED_FACE('',(#1923),#923,.F.);
#1923 = FACE_BOUND('',#1924,.F.);
#1924 = EDGE_LOOP('',(#1925,#1926,#1947,#1948));
#1925 = ORIENTED_EDGE('',*,*,#1619,.F.);
#1926 = ORIENTED_EDGE('',*,*,#1927,.F.);
#1927 = EDGE_CURVE('',#907,#1620,#1928,.T.);
#1928 = SEAM_CURVE('',#1929,(#1933,#1940),.PCURVE_S1.);
#1929 = LINE('',#1930,#1931);
#1930 = CARTESIAN_POINT('',(-4.,-10.,-15.12050807568));
#1931 = VECTOR('',#1932,1.);
#1932 = DIRECTION('',(1.,0.,0.));
#1933 = PCURVE('',#923,#1934);
#1934 = DEFINITIONAL_REPRESENTATION('',(#1935),#1939);
#1935 = LINE('',#1936,#1937);
#1936 = CARTESIAN_POINT('',(6.28318530718,-0.));
#1937 = VECTOR('',#1938,1.);
#1938 = DIRECTION('',(0.,1.));
#1939 = ( GEOMETRIC_REPRESENTATION_CONTEXT(2) 
PARAMETRIC_REPRESENTATION_CONTEXT() REPRESENTATION_CONTEXT('2D SPACE',''
  ) );
#1940 = PCURVE('',#923,#1941);
#1941 = DEFINITIONAL_REPRESENTATION('',(#1942),#1946);
#1942 = LINE('',#1943,#1944);
#1943 = CARTESIAN_POINT('',(0.,-0.));
#1944 = VECTOR('',#1945,1.);
#1945 = DIRECTION('',(0.,1.));
#1946 = ( GEOMETRIC_REPRESENTATION_CONTEXT(2) 
PARAMETRIC_REPRESENTATION_CONTEXT() REPRESENTATION_CONTEXT('2D SPACE',''
  ) );
#1947 = ORIENTED_EDGE('',*,*,#906,.T.);
#1948 = ORIENTED_EDGE('',*,*,#1927,.T.);
#1949 = ADVANCED_FACE('',(#1950),#330,.F.);
#1950 = FACE_BOUND('',#1951,.F.);
#1951 = EDGE_LOOP('',(#1952,#1953,#1974,#1975));
#1952 = ORIENTED_EDGE('',*,*,#1141,.T.);
#1953 = ORIENTED_EDGE('',*,*,#1954,.F.);
#1954 = EDGE_CURVE('',#314,#1142,#1955,.T.);
#1955 = SURFACE_CURVE('',#1956,(#1960,#1967),.PCURVE_S1.);
#1956 = LINE('',#1957,#1958);
#1957 = CARTESIAN_POINT('',(-4.,-25.14214486948,4.614441613045));
#1958 = VECTOR('',#1959,1.);
#1959 = DIRECTION('',(1.,0.,0.));
#1960 = PCURVE('',#330,#1961);
#1961 = DEFINITIONAL_REPRESENTATION('',(#1962),#1966);
#1962 = LINE('',#1963,#1964);
#1963 = CARTESIAN_POINT('',(2.422762653968,0.));
#1964 = VECTOR('',#1965,1.);
#1965 = DIRECTION('',(0.,1.));
#1966 = ( GEOMETRIC_REPRESENTATION_CONTEXT(2) 
PARAMETRIC_REPRESENTATION_CONTEXT() REPRESENTATION_CONTEXT('2D SPACE',''
  ) );
#1967 = PCURVE('',#358,#1968);
#1968 = DEFINITIONAL_REPRESENTATION('',(#1969),#1973);
#1969 = LINE('',#1970,#1971);
#1970 = CARTESIAN_POINT('',(0.,0.));
#1971 = VECTOR('',#1972,1.);
#1972 = DIRECTION('',(0.,-1.));
#1973 = ( GEOMETRIC_REPRESENTATION_CONTEXT(2) 
PARAMETRIC_REPRESENTATION_CONTEXT() REPRESENTATION_CONTEXT('2D SPACE',''
  ) );
#1974 = ORIENTED_EDGE('',*,*,#313,.T.);
#1975 = ORIENTED_EDGE('',*,*,#1976,.T.);
#1976 = EDGE_CURVE('',#286,#1119,#1977,.T.);
#1977 = SURFACE_CURVE('',#1978,(#1982,#1989),.PCURVE_S1.);
#1978 = LINE('',#1979,#1980);
#1979 = CARTESIAN_POINT('',(-4.,-20.79601445755,9.58144779811));
#1980 = VECTOR('',#1981,1.);
#1981 = DIRECTION('',(1.,0.,0.));
#1982 = PCURVE('',#330,#1983);
#1983 = DEFINITIONAL_REPRESENTATION('',(#1984),#1988);
#1984 = LINE('',#1985,#1986);
#1985 = CARTESIAN_POINT('',(5.564355307558,0.));
#1986 = VECTOR('',#1987,1.);
#1987 = DIRECTION('',(0.,1.));
#1988 = ( GEOMETRIC_REPRESENTATION_CONTEXT(2) 
PARAMETRIC_REPRESENTATION_CONTEXT() REPRESENTATION_CONTEXT('2D SPACE',''
  ) );
#1989 = PCURVE('',#301,#1990);
#1990 = DEFINITIONAL_REPRESENTATION('',(#1991),#1995);
#1991 = LINE('',#1992,#1993);
#1992 = CARTESIAN_POINT('',(12.,0.));
#1993 = VECTOR('',#1994,1.);
#1994 = DIRECTION('',(0.,-1.));
#1995 = ( GEOMETRIC_REPRESENTATION_CONTEXT(2) 
PARAMETRIC_REPRESENTATION_CONTEXT() REPRESENTATION_CONTEXT('2D SPACE',''
  ) );
#1996 = ADVANCED_FACE('',(#1997),#782,.F.);
#1997 = FACE_BOUND('',#1998,.F.);
#1998 = EDGE_LOOP('',(#1999,#2000,#2021,#2022));
#1999 = ORIENTED_EDGE('',*,*,#766,.T.);
#2000 = ORIENTED_EDGE('',*,*,#2001,.T.);
#2001 = EDGE_CURVE('',#738,#1495,#2002,.T.);
#2002 = SURFACE_CURVE('',#2003,(#2007,#2014),.PCURVE_S1.);
#2003 = LINE('',#2004,#2005);
#2004 = CARTESIAN_POINT('',(-4.,38.857855130516,4.614441613045));
#2005 = VECTOR('',#2006,1.);
#2006 = DIRECTION('',(1.,0.,0.));
#2007 = PCURVE('',#782,#2008);
#2008 = DEFINITIONAL_REPRESENTATION('',(#2009),#2013);
#2009 = LINE('',#2010,#2011);
#2010 = CARTESIAN_POINT('',(0.,0.));
#2011 = VECTOR('',#2012,1.);
#2012 = DIRECTION('',(0.,-1.));
#2013 = ( GEOMETRIC_REPRESENTATION_CONTEXT(2) 
PARAMETRIC_REPRESENTATION_CONTEXT() REPRESENTATION_CONTEXT('2D SPACE',''
  ) );
#2014 = PCURVE('',#754,#2015);
#2015 = DEFINITIONAL_REPRESENTATION('',(#2016),#2020);
#2016 = LINE('',#2017,#2018);
#2017 = CARTESIAN_POINT('',(2.422762653968,0.));
#2018 = VECTOR('',#2019,1.);
#2019 = DIRECTION('',(0.,1.));
#2020 = ( GEOMETRIC_REPRESENTATION_CONTEXT(2) 
PARAMETRIC_REPRESENTATION_CONTEXT() REPRESENTATION_CONTEXT('2D SPACE',''
  ) );
#2021 = ORIENTED_EDGE('',*,*,#1518,.T.);
#2022 = ORIENTED_EDGE('',*,*,#1805,.F.);
#2023 = ADVANCED_FACE('',(#2024),#612,.T.);
#2024 = FACE_BOUND('',#2025,.T.);
#2025 = EDGE_LOOP('',(#2026,#2027,#2048,#2049));
#2026 = ORIENTED_EDGE('',*,*,#596,.F.);
#2027 = ORIENTED_EDGE('',*,*,#2028,.T.);
#2028 = EDGE_CURVE('',#597,#1379,#2029,.T.);
#2029 = SURFACE_CURVE('',#2030,(#2034,#2041),.PCURVE_S1.);
#2030 = LINE('',#2031,#2032);
#2031 = CARTESIAN_POINT('',(-3.,35.762883473534,1.077331147923));
#2032 = VECTOR('',#2033,1.);
#2033 = DIRECTION('',(1.,0.,0.));
#2034 = PCURVE('',#612,#2035);
#2035 = DEFINITIONAL_REPRESENTATION('',(#2036),#2040);
#2036 = LINE('',#2037,#2038);
#2037 = CARTESIAN_POINT('',(0.,0.));
#2038 = VECTOR('',#2039,1.);
#2039 = DIRECTION('',(0.,-1.));
#2040 = ( GEOMETRIC_REPRESENTATION_CONTEXT(2) 
PARAMETRIC_REPRESENTATION_CONTEXT() REPRESENTATION_CONTEXT('2D SPACE',''
  ) );
#2041 = PCURVE('',#641,#2042);
#2042 = DEFINITIONAL_REPRESENTATION('',(#2043),#2047);
#2043 = LINE('',#2044,#2045);
#2044 = CARTESIAN_POINT('',(2.422762653968,0.));
#2045 = VECTOR('',#2046,1.);
#2046 = DIRECTION('',(0.,1.));
#2047 = ( GEOMETRIC_REPRESENTATION_CONTEXT(2) 
PARAMETRIC_REPRESENTATION_CONTEXT() REPRESENTATION_CONTEXT('2D SPACE',''
  ) );
#2048 = ORIENTED_EDGE('',*,*,#1378,.T.);
#2049 = ORIENTED_EDGE('',*,*,#1832,.T.);
#2050 = ADVANCED_FACE('',(#2051),#301,.F.);
#2051 = FACE_BOUND('',#2052,.F.);
#2052 = EDGE_LOOP('',(#2053,#2054,#2055,#2056));
#2053 = ORIENTED_EDGE('',*,*,#285,.T.);
#2054 = ORIENTED_EDGE('',*,*,#1874,.T.);
#2055 = ORIENTED_EDGE('',*,*,#1118,.T.);
#2056 = ORIENTED_EDGE('',*,*,#1976,.F.);
#2057 = ADVANCED_FACE('',(#2058),#527,.T.);
#2058 = FACE_BOUND('',#2059,.T.);
#2059 = EDGE_LOOP('',(#2060,#2061,#2082,#2083));
#2060 = ORIENTED_EDGE('',*,*,#1307,.F.);
#2061 = ORIENTED_EDGE('',*,*,#2062,.F.);
#2062 = EDGE_CURVE('',#483,#1285,#2063,.T.);
#2063 = SURFACE_CURVE('',#2064,(#2068,#2075),.PCURVE_S1.);
#2064 = LINE('',#2065,#2066);
#2065 = CARTESIAN_POINT('',(-3.,-28.23711652646,1.077331147923));
#2066 = VECTOR('',#2067,1.);
#2067 = DIRECTION('',(1.,0.,0.));
#2068 = PCURVE('',#527,#2069);
#2069 = DEFINITIONAL_REPRESENTATION('',(#2070),#2074);
#2070 = LINE('',#2071,#2072);
#2071 = CARTESIAN_POINT('',(2.422762653968,0.));
#2072 = VECTOR('',#2073,1.);
#2073 = DIRECTION('',(0.,1.));
#2074 = ( GEOMETRIC_REPRESENTATION_CONTEXT(2) 
PARAMETRIC_REPRESENTATION_CONTEXT() REPRESENTATION_CONTEXT('2D SPACE',''
  ) );
#2075 = PCURVE('',#498,#2076);
#2076 = DEFINITIONAL_REPRESENTATION('',(#2077),#2081);
#2077 = LINE('',#2078,#2079);
#2078 = CARTESIAN_POINT('',(0.,0.));
#2079 = VECTOR('',#2080,1.);
#2080 = DIRECTION('',(0.,-1.));
#2081 = ( GEOMETRIC_REPRESENTATION_CONTEXT(2) 
PARAMETRIC_REPRESENTATION_CONTEXT() REPRESENTATION_CONTEXT('2D SPACE',''
  ) );
#2082 = ORIENTED_EDGE('',*,*,#510,.T.);
#2083 = ORIENTED_EDGE('',*,*,#1903,.T.);
#2084 = ADVANCED_FACE('',(#2085),#358,.F.);
#2085 = FACE_BOUND('',#2086,.F.);
#2086 = EDGE_LOOP('',(#2087,#2088,#2089,#2090));
#2087 = ORIENTED_EDGE('',*,*,#342,.T.);
#2088 = ORIENTED_EDGE('',*,*,#1954,.T.);
#2089 = ORIENTED_EDGE('',*,*,#1169,.T.);
#2090 = ORIENTED_EDGE('',*,*,#2091,.F.);
#2091 = EDGE_CURVE('',#343,#1170,#2092,.T.);
#2092 = SURFACE_CURVE('',#2093,(#2097,#2104),.PCURVE_S1.);
#2093 = LINE('',#2094,#2095);
#2094 = CARTESIAN_POINT('',(-4.,-34.17306520596,12.516496907467));
#2095 = VECTOR('',#2096,1.);
#2096 = DIRECTION('',(1.,0.,0.));
#2097 = PCURVE('',#358,#2098);
#2098 = DEFINITIONAL_REPRESENTATION('',(#2099),#2103);
#2099 = LINE('',#2100,#2101);
#2100 = CARTESIAN_POINT('',(12.,0.));
#2101 = VECTOR('',#2102,1.);
#2102 = DIRECTION('',(0.,-1.));
#2103 = ( GEOMETRIC_REPRESENTATION_CONTEXT(2) 
PARAMETRIC_REPRESENTATION_CONTEXT() REPRESENTATION_CONTEXT('2D SPACE',''
  ) );
#2104 = PCURVE('',#386,#2105);
#2105 = DEFINITIONAL_REPRESENTATION('',(#2106),#2110);
#2106 = LINE('',#2107,#2108);
#2107 = CARTESIAN_POINT('',(4.7,1.));
#2108 = VECTOR('',#2109,1.);
#2109 = DIRECTION('',(0.,-1.));
#2110 = ( GEOMETRIC_REPRESENTATION_CONTEXT(2) 
PARAMETRIC_REPRESENTATION_CONTEXT() REPRESENTATION_CONTEXT('2D SPACE',''
  ) );
#2111 = ADVANCED_FACE('',(#2112),#754,.F.);
#2112 = FACE_BOUND('',#2113,.F.);
#2113 = EDGE_LOOP('',(#2114,#2115,#2116,#2117));
#2114 = ORIENTED_EDGE('',*,*,#1494,.F.);
#2115 = ORIENTED_EDGE('',*,*,#2001,.F.);
#2116 = ORIENTED_EDGE('',*,*,#737,.T.);
#2117 = ORIENTED_EDGE('',*,*,#2118,.T.);
#2118 = EDGE_CURVE('',#710,#1472,#2119,.T.);
#2119 = SURFACE_CURVE('',#2120,(#2124,#2131),.PCURVE_S1.);
#2120 = LINE('',#2121,#2122);
#2121 = CARTESIAN_POINT('',(-4.,43.203985542449,9.58144779811));
#2122 = VECTOR('',#2123,1.);
#2123 = DIRECTION('',(1.,0.,0.));
#2124 = PCURVE('',#754,#2125);
#2125 = DEFINITIONAL_REPRESENTATION('',(#2126),#2130);
#2126 = LINE('',#2127,#2128);
#2127 = CARTESIAN_POINT('',(5.564355307558,0.));
#2128 = VECTOR('',#2129,1.);
#2129 = DIRECTION('',(0.,1.));
#2130 = ( GEOMETRIC_REPRESENTATION_CONTEXT(2) 
PARAMETRIC_REPRESENTATION_CONTEXT() REPRESENTATION_CONTEXT('2D SPACE',''
  ) );
#2131 = PCURVE('',#725,#2132);
#2132 = DEFINITIONAL_REPRESENTATION('',(#2133),#2137);
#2133 = LINE('',#2134,#2135);
#2134 = CARTESIAN_POINT('',(12.,0.));
#2135 = VECTOR('',#2136,1.);
#2136 = DIRECTION('',(0.,-1.));
#2137 = ( GEOMETRIC_REPRESENTATION_CONTEXT(2) 
PARAMETRIC_REPRESENTATION_CONTEXT() REPRESENTATION_CONTEXT('2D SPACE',''
  ) );
#2138 = ADVANCED_FACE('',(#2139),#641,.T.);
#2139 = FACE_BOUND('',#2140,.T.);
#2140 = EDGE_LOOP('',(#2141,#2142,#2143,#2144));
#2141 = ORIENTED_EDGE('',*,*,#1401,.F.);
#2142 = ORIENTED_EDGE('',*,*,#2028,.F.);
#2143 = ORIENTED_EDGE('',*,*,#624,.T.);
#2144 = ORIENTED_EDGE('',*,*,#2145,.T.);
#2145 = EDGE_CURVE('',#625,#1402,#2146,.T.);
#2146 = SURFACE_CURVE('',#2147,(#2151,#2158),.PCURVE_S1.);
#2147 = LINE('',#2148,#2149);
#2148 = CARTESIAN_POINT('',(-3.,46.298957199431,13.118558263233));
#2149 = VECTOR('',#2150,1.);
#2150 = DIRECTION('',(1.,0.,0.));
#2151 = PCURVE('',#641,#2152);
#2152 = DEFINITIONAL_REPRESENTATION('',(#2153),#2157);
#2153 = LINE('',#2154,#2155);
#2154 = CARTESIAN_POINT('',(5.564355307558,0.));
#2155 = VECTOR('',#2156,1.);
#2156 = DIRECTION('',(0.,1.));
#2157 = ( GEOMETRIC_REPRESENTATION_CONTEXT(2) 
PARAMETRIC_REPRESENTATION_CONTEXT() REPRESENTATION_CONTEXT('2D SPACE',''
  ) );
#2158 = PCURVE('',#669,#2159);
#2159 = DEFINITIONAL_REPRESENTATION('',(#2160),#2164);
#2160 = LINE('',#2161,#2162);
#2161 = CARTESIAN_POINT('',(12.,0.));
#2162 = VECTOR('',#2163,1.);
#2163 = DIRECTION('',(0.,-1.));
#2164 = ( GEOMETRIC_REPRESENTATION_CONTEXT(2) 
PARAMETRIC_REPRESENTATION_CONTEXT() REPRESENTATION_CONTEXT('2D SPACE',''
  ) );
#2165 = ADVANCED_FACE('',(#2166),#498,.T.);
#2166 = FACE_BOUND('',#2167,.T.);
#2167 = EDGE_LOOP('',(#2168,#2169,#2170,#2171));
#2168 = ORIENTED_EDGE('',*,*,#482,.F.);
#2169 = ORIENTED_EDGE('',*,*,#2062,.T.);
#2170 = ORIENTED_EDGE('',*,*,#1284,.T.);
#2171 = ORIENTED_EDGE('',*,*,#2172,.T.);
#2172 = EDGE_CURVE('',#1262,#455,#2173,.T.);
#2173 = SURFACE_CURVE('',#2174,(#2178,#2184),.PCURVE_S1.);
#2174 = LINE('',#2175,#2176);
#2175 = CARTESIAN_POINT('',(-3.,-30.98097885123,3.478210682097));
#2176 = VECTOR('',#2177,1.);
#2177 = DIRECTION('',(-1.,0.,0.));
#2178 = PCURVE('',#498,#2179);
#2179 = DEFINITIONAL_REPRESENTATION('',(#2180),#2183);
#2180 = B_SPLINE_CURVE_WITH_KNOTS('',1,(#2181,#2182),.UNSPECIFIED.,.F.,
  .F.,(2,2),(-6.,0.),.PIECEWISE_BEZIER_KNOTS.);
#2181 = CARTESIAN_POINT('',(3.645957075297,-6.));
#2182 = CARTESIAN_POINT('',(3.645957075297,0.));
#2183 = ( GEOMETRIC_REPRESENTATION_CONTEXT(2) 
PARAMETRIC_REPRESENTATION_CONTEXT() REPRESENTATION_CONTEXT('2D SPACE',''
  ) );
#2184 = PCURVE('',#470,#2185);
#2185 = DEFINITIONAL_REPRESENTATION('',(#2186),#2189);
#2186 = B_SPLINE_CURVE_WITH_KNOTS('',1,(#2187,#2188),.UNSPECIFIED.,.F.,
  .F.,(2,2),(-6.,0.),.PIECEWISE_BEZIER_KNOTS.);
#2187 = CARTESIAN_POINT('',(29.528274587753,-6.));
#2188 = CARTESIAN_POINT('',(29.528274587753,0.));
#2189 = ( GEOMETRIC_REPRESENTATION_CONTEXT(2) 
PARAMETRIC_REPRESENTATION_CONTEXT() REPRESENTATION_CONTEXT('2D SPACE',''
  ) );
#2190 = ADVANCED_FACE('',(#2191),#386,.T.);
#2191 = FACE_BOUND('',#2192,.T.);
#2192 = EDGE_LOOP('',(#2193,#2194,#2215,#2216));
#2193 = ORIENTED_EDGE('',*,*,#370,.F.);
#2194 = ORIENTED_EDGE('',*,*,#2195,.T.);
#2195 = EDGE_CURVE('',#371,#1193,#2196,.T.);
#2196 = SURFACE_CURVE('',#2197,(#2201,#2208),.PCURVE_S1.);
#2197 = LINE('',#2198,#2199);
#2198 = CARTESIAN_POINT('',(-3.,-37.26803686294,8.979386442345));
#2199 = VECTOR('',#2200,1.);
#2200 = DIRECTION('',(1.,0.,0.));
#2201 = PCURVE('',#386,#2202);
#2202 = DEFINITIONAL_REPRESENTATION('',(#2203),#2207);
#2203 = LINE('',#2204,#2205);
#2204 = CARTESIAN_POINT('',(0.,0.));
#2205 = VECTOR('',#2206,1.);
#2206 = DIRECTION('',(0.,-1.));
#2207 = ( GEOMETRIC_REPRESENTATION_CONTEXT(2) 
PARAMETRIC_REPRESENTATION_CONTEXT() REPRESENTATION_CONTEXT('2D SPACE',''
  ) );
#2208 = PCURVE('',#414,#2209);
#2209 = DEFINITIONAL_REPRESENTATION('',(#2210),#2214);
#2210 = LINE('',#2211,#2212);
#2211 = CARTESIAN_POINT('',(12.,0.));
#2212 = VECTOR('',#2213,1.);
#2213 = DIRECTION('',(0.,-1.));
#2214 = ( GEOMETRIC_REPRESENTATION_CONTEXT(2) 
PARAMETRIC_REPRESENTATION_CONTEXT() REPRESENTATION_CONTEXT('2D SPACE',''
  ) );
#2215 = ORIENTED_EDGE('',*,*,#1192,.T.);
#2216 = ORIENTED_EDGE('',*,*,#2091,.F.);
#2217 = ADVANCED_FACE('',(#2218),#725,.F.);
#2218 = FACE_BOUND('',#2219,.F.);
#2219 = EDGE_LOOP('',(#2220,#2221,#2242,#2243));
#2220 = ORIENTED_EDGE('',*,*,#709,.T.);
#2221 = ORIENTED_EDGE('',*,*,#2222,.T.);
#2222 = EDGE_CURVE('',#682,#1449,#2223,.T.);
#2223 = SURFACE_CURVE('',#2224,(#2228,#2235),.PCURVE_S1.);
#2224 = LINE('',#2225,#2226);
#2225 = CARTESIAN_POINT('',(-4.,34.173065205966,17.483503092533));
#2226 = VECTOR('',#2227,1.);
#2227 = DIRECTION('',(1.,0.,0.));
#2228 = PCURVE('',#725,#2229);
#2229 = DEFINITIONAL_REPRESENTATION('',(#2230),#2234);
#2230 = LINE('',#2231,#2232);
#2231 = CARTESIAN_POINT('',(0.,0.));
#2232 = VECTOR('',#2233,1.);
#2233 = DIRECTION('',(0.,-1.));
#2234 = ( GEOMETRIC_REPRESENTATION_CONTEXT(2) 
PARAMETRIC_REPRESENTATION_CONTEXT() REPRESENTATION_CONTEXT('2D SPACE',''
  ) );
#2235 = PCURVE('',#697,#2236);
#2236 = DEFINITIONAL_REPRESENTATION('',(#2237),#2241);
#2237 = LINE('',#2238,#2239);
#2238 = CARTESIAN_POINT('',(11.3,1.));
#2239 = VECTOR('',#2240,1.);
#2240 = DIRECTION('',(0.,-1.));
#2241 = ( GEOMETRIC_REPRESENTATION_CONTEXT(2) 
PARAMETRIC_REPRESENTATION_CONTEXT() REPRESENTATION_CONTEXT('2D SPACE',''
  ) );
#2242 = ORIENTED_EDGE('',*,*,#1471,.T.);
#2243 = ORIENTED_EDGE('',*,*,#2118,.F.);
#2244 = ADVANCED_FACE('',(#2245),#669,.T.);
#2245 = FACE_BOUND('',#2246,.T.);
#2246 = EDGE_LOOP('',(#2247,#2268,#2269,#2270));
#2247 = ORIENTED_EDGE('',*,*,#2248,.T.);
#2248 = EDGE_CURVE('',#654,#1426,#2249,.T.);
#2249 = SURFACE_CURVE('',#2250,(#2254,#2261),.PCURVE_S1.);
#2250 = LINE('',#2251,#2252);
#2251 = CARTESIAN_POINT('',(-3.,37.268036862948,21.020613557655));
#2252 = VECTOR('',#2253,1.);
#2253 = DIRECTION('',(1.,0.,0.));
#2254 = PCURVE('',#669,#2255);
#2255 = DEFINITIONAL_REPRESENTATION('',(#2256),#2260);
#2256 = LINE('',#2257,#2258);
#2257 = CARTESIAN_POINT('',(0.,0.));
#2258 = VECTOR('',#2259,1.);
#2259 = DIRECTION('',(0.,-1.));
#2260 = ( GEOMETRIC_REPRESENTATION_CONTEXT(2) 
PARAMETRIC_REPRESENTATION_CONTEXT() REPRESENTATION_CONTEXT('2D SPACE',''
  ) );
#2261 = PCURVE('',#697,#2262);
#2262 = DEFINITIONAL_REPRESENTATION('',(#2263),#2267);
#2263 = LINE('',#2264,#2265);
#2264 = CARTESIAN_POINT('',(16.,0.));
#2265 = VECTOR('',#2266,1.);
#2266 = DIRECTION('',(0.,-1.));
#2267 = ( GEOMETRIC_REPRESENTATION_CONTEXT(2) 
PARAMETRIC_REPRESENTATION_CONTEXT() REPRESENTATION_CONTEXT('2D SPACE',''
  ) );
#2268 = ORIENTED_EDGE('',*,*,#1425,.T.);
#2269 = ORIENTED_EDGE('',*,*,#2145,.F.);
#2270 = ORIENTED_EDGE('',*,*,#653,.F.);
#2271 = ADVANCED_FACE('',(#2272),#470,.T.);
#2272 = FACE_BOUND('',#2273,.T.);
#2273 = EDGE_LOOP('',(#2274,#2275,#2276,#2277));
#2274 = ORIENTED_EDGE('',*,*,#454,.F.);
#2275 = ORIENTED_EDGE('',*,*,#2172,.F.);
#2276 = ORIENTED_EDGE('',*,*,#1261,.T.);
#2277 = ORIENTED_EDGE('',*,*,#2278,.F.);
#2278 = EDGE_CURVE('',#427,#1239,#2279,.T.);
#2279 = SURFACE_CURVE('',#2280,(#2284,#2291),.PCURVE_S1.);
#2280 = LINE('',#2281,#2282);
#2281 = CARTESIAN_POINT('',(-3.,-36.2443387623,5.945410640411));
#2282 = VECTOR('',#2283,1.);
#2283 = DIRECTION('',(1.,0.,0.));
#2284 = PCURVE('',#470,#2285);
#2285 = DEFINITIONAL_REPRESENTATION('',(#2286),#2290);
#2286 = LINE('',#2287,#2288);
#2287 = CARTESIAN_POINT('',(35.341194094145,0.));
#2288 = VECTOR('',#2289,1.);
#2289 = DIRECTION('',(0.,-1.));
#2290 = ( GEOMETRIC_REPRESENTATION_CONTEXT(2) 
PARAMETRIC_REPRESENTATION_CONTEXT() REPRESENTATION_CONTEXT('2D SPACE',''
  ) );
#2291 = PCURVE('',#442,#2292);
#2292 = DEFINITIONAL_REPRESENTATION('',(#2293),#2297);
#2293 = LINE('',#2294,#2295);
#2294 = CARTESIAN_POINT('',(0.,0.));
#2295 = VECTOR('',#2296,1.);
#2296 = DIRECTION('',(0.,-1.));
#2297 = ( GEOMETRIC_REPRESENTATION_CONTEXT(2) 
PARAMETRIC_REPRESENTATION_CONTEXT() REPRESENTATION_CONTEXT('2D SPACE',''
  ) );
#2298 = ADVANCED_FACE('',(#2299),#414,.T.);
#2299 = FACE_BOUND('',#2300,.T.);
#2300 = EDGE_LOOP('',(#2301,#2302,#2321,#2322));
#2301 = ORIENTED_EDGE('',*,*,#398,.F.);
#2302 = ORIENTED_EDGE('',*,*,#2303,.T.);
#2303 = EDGE_CURVE('',#399,#1216,#2304,.T.);
#2304 = SURFACE_CURVE('',#2305,(#2309,#2315),.PCURVE_S1.);
#2305 = LINE('',#2306,#2307);
#2306 = CARTESIAN_POINT('',(-3.,-35.53356647514,7.461724853019));
#2307 = VECTOR('',#2308,1.);
#2308 = DIRECTION('',(1.,0.,0.));
#2309 = PCURVE('',#414,#2310);
#2310 = DEFINITIONAL_REPRESENTATION('',(#2311),#2314);
#2311 = B_SPLINE_CURVE_WITH_KNOTS('',1,(#2312,#2313),.UNSPECIFIED.,.F.,
  .F.,(2,2),(0.,6.),.PIECEWISE_BEZIER_KNOTS.);
#2312 = CARTESIAN_POINT('',(9.695290858726,0.));
#2313 = CARTESIAN_POINT('',(9.695290858726,-6.));
#2314 = ( GEOMETRIC_REPRESENTATION_CONTEXT(2) 
PARAMETRIC_REPRESENTATION_CONTEXT() REPRESENTATION_CONTEXT('2D SPACE',''
  ) );
#2315 = PCURVE('',#442,#2316);
#2316 = DEFINITIONAL_REPRESENTATION('',(#2317),#2320);
#2317 = B_SPLINE_CURVE_WITH_KNOTS('',1,(#2318,#2319),.UNSPECIFIED.,.F.,
  .F.,(2,2),(0.,6.),.PIECEWISE_BEZIER_KNOTS.);
#2318 = CARTESIAN_POINT('',(1.674636090484,0.));
#2319 = CARTESIAN_POINT('',(1.674636090484,-6.));
#2320 = ( GEOMETRIC_REPRESENTATION_CONTEXT(2) 
PARAMETRIC_REPRESENTATION_CONTEXT() REPRESENTATION_CONTEXT('2D SPACE',''
  ) );
#2321 = ORIENTED_EDGE('',*,*,#1215,.T.);
#2322 = ORIENTED_EDGE('',*,*,#2195,.F.);
#2323 = ADVANCED_FACE('',(#2324),#697,.T.);
#2324 = FACE_BOUND('',#2325,.T.);
#2325 = EDGE_LOOP('',(#2326,#2327,#2328,#2329));
#2326 = ORIENTED_EDGE('',*,*,#681,.F.);
#2327 = ORIENTED_EDGE('',*,*,#2222,.T.);
#2328 = ORIENTED_EDGE('',*,*,#1448,.T.);
#2329 = ORIENTED_EDGE('',*,*,#2248,.F.);
#2330 = ADVANCED_FACE('',(#2331),#442,.T.);
#2331 = FACE_BOUND('',#2332,.T.);
#2332 = EDGE_LOOP('',(#2333,#2334,#2335,#2336));
#2333 = ORIENTED_EDGE('',*,*,#426,.F.);
#2334 = ORIENTED_EDGE('',*,*,#2278,.T.);
#2335 = ORIENTED_EDGE('',*,*,#1238,.T.);
#2336 = ORIENTED_EDGE('',*,*,#2303,.F.);
#2337 = ( GEOMETRIC_REPRESENTATION_CONTEXT(3) 
GLOBAL_UNCERTAINTY_ASSIGNED_CONTEXT((#2341)) 
GLOBAL_UNIT_ASSIGNED_CONTEXT((#2338,#2339,#2340)) REPRESENTATION_CONTEXT
('Context #1','3D Context with UNIT and UNCERTAINTY') );
#2338 = ( LENGTH_UNIT() NAMED_UNIT(*) SI_UNIT(.MILLI.,.METRE.) );
#2339 = ( NAMED_UNIT(*) PLANE_ANGLE_UNIT() SI_UNIT($,.RADIAN.) );
#2340 = ( NAMED_UNIT(*) SI_UNIT($,.STERADIAN.) SOLID_ANGLE_UNIT() );
#2341 = UNCERTAINTY_MEASURE_WITH_UNIT(LENGTH_MEASURE(1.E-07),#2338,
  'distance_accuracy_value','confusion accuracy');
#2342 = PRODUCT_RELATED_PRODUCT_CATEGORY('part',$,(#7));
ENDSEC;
END-ISO-10303-21;
