ISO-10303-21;
HEADER;
FILE_DESCRIPTION(('Open CASCADE Model'),'2;1');
FILE_NAME('Open CASCADE Shape Model','2026-09-13T12:47:50',('Author'),(
    'Open CASCADE'),'Open CASCADE STEP processor 7.8','Open CASCADE 7.8'
  ,'Unknown');
FILE_SCHEMA(('AUTOMOTIVE_DESIGN { 1 0 10303 214 1 1 1 1 }'));
ENDSEC;
DATA;
#1 = APPLICATION_PROTOCOL_DEFINITION('international standard',
  'automotive_design',2000,#2);
#2 = APPLICATION_CONTEXT(
  'core data for automotive mechanical design processes');
#3 = SHAPE_DEFINITION_REPRESENTATION(#4,#10);
#4 = PRODUCT_DEFINITION_SHAPE('','',#5);
#5 = PRODUCT_DEFINITION('design','',#6,#9);
#6 = PRODUCT_DEFINITION_FORMATION('','',#7);
#7 = PRODUCT('Open CASCADE STEP translator 7.8 66',
  'Open CASCADE STEP translator 7.8 66','',(#8));
#8 = PRODUCT_CONTEXT('',#2,'mechanical');
#9 = PRODUCT_DEFINITION_CONTEXT('part definition',#2,'design');
#10 = ADVANCED_BREP_SHAPE_REPRESENTATION('',(#11,#15),#5387);
#11 = AXIS2_PLACEMENT_3D('',#12,#13,#14);
#12 = CARTESIAN_POINT('',(0.,0.,0.));
#13 = DIRECTION('',(0.,0.,1.));
#14 = DIRECTION('',(1.,0.,-0.));
#15 = MANIFOLD_SOLID_BREP('',#16);
#16 = CLOSED_SHELL('',(#17,#137,#223,#2201,#3847,#3874,#3901,#3928,#3955
    ,#3982,#4009,#4036,#4063,#4090,#4117,#4144,#4171,#4198,#4225,#4252,
    #4279,#4306,#4333,#4360,#4387,#4414,#4441,#4468,#4494,#4521,#4548,
    #4575,#4602,#4628,#4655,#4682,#4709,#4736,#4763,#4790,#4817,#4844,
    #4871,#4898,#4925,#4950,#4977,#5002,#5029,#5056,#5083,#5090,#5117,
    #5144,#5171,#5198,#5225,#5252,#5279,#5306,#5333,#5360));
#17 = ADVANCED_FACE('',(#18),#32,.T.);
#18 = FACE_BOUND('',#19,.T.);
#19 = EDGE_LOOP('',(#20,#55,#83,#111));
#20 = ORIENTED_EDGE('',*,*,#21,.T.);
#21 = EDGE_CURVE('',#22,#24,#26,.T.);
#22 = VERTEX_POINT('',#23);
#23 = CARTESIAN_POINT('',(-3.,-258.0618406729,65.804110588844));
#24 = VERTEX_POINT('',#25);
#25 = CARTESIAN_POINT('',(3.,-258.0618406729,65.804110588844));
#26 = SURFACE_CURVE('',#27,(#31,#43),.PCURVE_S1.);
#27 = LINE('',#28,#29);
#28 = CARTESIAN_POINT('',(-3.,-258.0618406729,65.804110588844));
#29 = VECTOR('',#30,1.);
#30 = DIRECTION('',(1.,0.,0.));
#31 = PCURVE('',#32,#37);
#32 = PLANE('',#33);
#33 = AXIS2_PLACEMENT_3D('',#34,#35,#36);
#34 = CARTESIAN_POINT('',(-3.,-258.0618406729,65.804110588844));
#35 = DIRECTION('',(0.,-0.752576694707,0.658504607869));
#36 = DIRECTION('',(0.,0.658504607869,0.752576694707));
#37 = DEFINITIONAL_REPRESENTATION('',(#38),#42);
#38 = LINE('',#39,#40);
#39 = CARTESIAN_POINT('',(0.,0.));
#40 = VECTOR('',#41,1.);
#41 = DIRECTION('',(0.,-1.));
#42 = ( GEOMETRIC_REPRESENTATION_CONTEXT(2) 
PARAMETRIC_REPRESENTATION_CONTEXT() REPRESENTATION_CONTEXT('2D SPACE',''
  ) );
#43 = PCURVE('',#44,#49);
#44 = CYLINDRICAL_SURFACE('',#45,24.);
#45 = AXIS2_PLACEMENT_3D('',#46,#47,#48);
#46 = CARTESIAN_POINT('',(-3.,-240.,50.));
#47 = DIRECTION('',(1.,0.,0.));
#48 = DIRECTION('',(-0.,0.,1.));
#49 = DEFINITIONAL_REPRESENTATION('',(#50),#54);
#50 = LINE('',#51,#52);
#51 = CARTESIAN_POINT('',(0.851966327173,0.));
#52 = VECTOR('',#53,1.);
#53 = DIRECTION('',(0.,1.));
#54 = ( GEOMETRIC_REPRESENTATION_CONTEXT(2) 
PARAMETRIC_REPRESENTATION_CONTEXT() REPRESENTATION_CONTEXT('2D SPACE',''
  ) );
#55 = ORIENTED_EDGE('',*,*,#56,.T.);
#56 = EDGE_CURVE('',#24,#57,#59,.T.);
#57 = VERTEX_POINT('',#58);
#58 = CARTESIAN_POINT('',(3.,21.938159327035,385.80411058884));
#59 = SURFACE_CURVE('',#60,(#64,#71),.PCURVE_S1.);
#60 = LINE('',#61,#62);
#61 = CARTESIAN_POINT('',(3.,-258.0618406729,65.804110588844));
#62 = VECTOR('',#63,1.);
#63 = DIRECTION('',(0.,0.658504607869,0.752576694707));
#64 = PCURVE('',#32,#65);
#65 = DEFINITIONAL_REPRESENTATION('',(#66),#70);
#66 = LINE('',#67,#68);
#67 = CARTESIAN_POINT('',(0.,-6.));
#68 = VECTOR('',#69,1.);
#69 = DIRECTION('',(1.,0.));
#70 = ( GEOMETRIC_REPRESENTATION_CONTEXT(2) 
PARAMETRIC_REPRESENTATION_CONTEXT() REPRESENTATION_CONTEXT('2D SPACE',''
  ) );
#71 = PCURVE('',#72,#77);
#72 = PLANE('',#73);
#73 = AXIS2_PLACEMENT_3D('',#74,#75,#76);
#74 = CARTESIAN_POINT('',(3.,-222.5,70.));
#75 = DIRECTION('',(-1.,-0.,-0.));
#76 = DIRECTION('',(0.,0.,-1.));
#77 = DEFINITIONAL_REPRESENTATION('',(#78),#82);
#78 = LINE('',#79,#80);
#79 = CARTESIAN_POINT('',(4.195889411156,35.561840672965));
#80 = VECTOR('',#81,1.);
#81 = DIRECTION('',(-0.752576694707,-0.658504607869));
#82 = ( GEOMETRIC_REPRESENTATION_CONTEXT(2) 
PARAMETRIC_REPRESENTATION_CONTEXT() REPRESENTATION_CONTEXT('2D SPACE',''
  ) );
#83 = ORIENTED_EDGE('',*,*,#84,.F.);
#84 = EDGE_CURVE('',#85,#57,#87,.T.);
#85 = VERTEX_POINT('',#86);
#86 = CARTESIAN_POINT('',(-3.,21.938159327035,385.80411058884));
#87 = SURFACE_CURVE('',#88,(#92,#99),.PCURVE_S1.);
#88 = LINE('',#89,#90);
#89 = CARTESIAN_POINT('',(-3.,21.938159327035,385.80411058884));
#90 = VECTOR('',#91,1.);
#91 = DIRECTION('',(1.,0.,0.));
#92 = PCURVE('',#32,#93);
#93 = DEFINITIONAL_REPRESENTATION('',(#94),#98);
#94 = LINE('',#95,#96);
#95 = CARTESIAN_POINT('',(425.20583250938,0.));
#96 = VECTOR('',#97,1.);
#97 = DIRECTION('',(0.,-1.));
#98 = ( GEOMETRIC_REPRESENTATION_CONTEXT(2) 
PARAMETRIC_REPRESENTATION_CONTEXT() REPRESENTATION_CONTEXT('2D SPACE',''
  ) );
#99 = PCURVE('',#100,#105);
#100 = CYLINDRICAL_SURFACE('',#101,24.);
#101 = AXIS2_PLACEMENT_3D('',#102,#103,#104);
#102 = CARTESIAN_POINT('',(-3.,40.,370.));
#103 = DIRECTION('',(1.,0.,0.));
#104 = DIRECTION('',(-0.,0.,1.));
#105 = DEFINITIONAL_REPRESENTATION('',(#106),#110);
#106 = LINE('',#107,#108);
#107 = CARTESIAN_POINT('',(0.851966327173,0.));
#108 = VECTOR('',#109,1.);
#109 = DIRECTION('',(0.,1.));
#110 = ( GEOMETRIC_REPRESENTATION_CONTEXT(2) 
PARAMETRIC_REPRESENTATION_CONTEXT() REPRESENTATION_CONTEXT('2D SPACE',''
  ) );
#111 = ORIENTED_EDGE('',*,*,#112,.T.);
#112 = EDGE_CURVE('',#85,#22,#113,.T.);
#113 = SURFACE_CURVE('',#114,(#118,#125),.PCURVE_S1.);
#114 = LINE('',#115,#116);
#115 = CARTESIAN_POINT('',(-3.,21.938159327035,385.80411058884));
#116 = VECTOR('',#117,1.);
#117 = DIRECTION('',(0.,-0.658504607869,-0.752576694707));
#118 = PCURVE('',#32,#119);
#119 = DEFINITIONAL_REPRESENTATION('',(#120),#124);
#120 = LINE('',#121,#122);
#121 = CARTESIAN_POINT('',(425.20583250938,0.));
#122 = VECTOR('',#123,1.);
#123 = DIRECTION('',(-1.,-0.));
#124 = ( GEOMETRIC_REPRESENTATION_CONTEXT(2) 
PARAMETRIC_REPRESENTATION_CONTEXT() REPRESENTATION_CONTEXT('2D SPACE',''
  ) );
#125 = PCURVE('',#126,#131);
#126 = PLANE('',#127);
#127 = AXIS2_PLACEMENT_3D('',#128,#129,#130);
#128 = CARTESIAN_POINT('',(-3.,-222.5,70.));
#129 = DIRECTION('',(-1.,-0.,-0.));
#130 = DIRECTION('',(0.,0.,-1.));
#131 = DEFINITIONAL_REPRESENTATION('',(#132),#136);
#132 = LINE('',#133,#134);
#133 = CARTESIAN_POINT('',(-315.8041105888,-244.438159327));
#134 = VECTOR('',#135,1.);
#135 = DIRECTION('',(0.752576694707,0.658504607869));
#136 = ( GEOMETRIC_REPRESENTATION_CONTEXT(2) 
PARAMETRIC_REPRESENTATION_CONTEXT() REPRESENTATION_CONTEXT('2D SPACE',''
  ) );
#137 = ADVANCED_FACE('',(#138),#44,.T.);
#138 = FACE_BOUND('',#139,.T.);
#139 = EDGE_LOOP('',(#140,#168,#169,#197));
#140 = ORIENTED_EDGE('',*,*,#141,.F.);
#141 = EDGE_CURVE('',#24,#142,#144,.T.);
#142 = VERTEX_POINT('',#143);
#143 = CARTESIAN_POINT('',(3.,-221.938159327,34.195889411156));
#144 = SURFACE_CURVE('',#145,(#150,#157),.PCURVE_S1.);
#145 = CIRCLE('',#146,24.);
#146 = AXIS2_PLACEMENT_3D('',#147,#148,#149);
#147 = CARTESIAN_POINT('',(3.,-240.,50.));
#148 = DIRECTION('',(1.,0.,0.));
#149 = DIRECTION('',(-0.,0.,1.));
#150 = PCURVE('',#44,#151);
#151 = DEFINITIONAL_REPRESENTATION('',(#152),#156);
#152 = LINE('',#153,#154);
#153 = CARTESIAN_POINT('',(0.,6.));
#154 = VECTOR('',#155,1.);
#155 = DIRECTION('',(1.,0.));
#156 = ( GEOMETRIC_REPRESENTATION_CONTEXT(2) 
PARAMETRIC_REPRESENTATION_CONTEXT() REPRESENTATION_CONTEXT('2D SPACE',''
  ) );
#157 = PCURVE('',#72,#158);
#158 = DEFINITIONAL_REPRESENTATION('',(#159),#167);
#159 = ( BOUNDED_CURVE() B_SPLINE_CURVE(2,(#160,#161,#162,#163,#164,#165
,#166),.UNSPECIFIED.,.T.,.F.) B_SPLINE_CURVE_WITH_KNOTS((1,2,2,2,2,1),(
    -2.094395102393,0.,2.094395102393,4.188790204786,6.28318530718,
8.377580409573),.UNSPECIFIED.) CURVE() GEOMETRIC_REPRESENTATION_ITEM() 
RATIONAL_B_SPLINE_CURVE((1.,0.5,1.,0.5,1.,0.5,1.)) REPRESENTATION_ITEM(
  '') );
#160 = CARTESIAN_POINT('',(-4.,17.5));
#161 = CARTESIAN_POINT('',(-4.,59.069219381653));
#162 = CARTESIAN_POINT('',(32.,38.284609690827));
#163 = CARTESIAN_POINT('',(68.,17.5));
#164 = CARTESIAN_POINT('',(32.,-3.284609690826));
#165 = CARTESIAN_POINT('',(-4.,-24.06921938165));
#166 = CARTESIAN_POINT('',(-4.,17.5));
#167 = ( GEOMETRIC_REPRESENTATION_CONTEXT(2) 
PARAMETRIC_REPRESENTATION_CONTEXT() REPRESENTATION_CONTEXT('2D SPACE',''
  ) );
#168 = ORIENTED_EDGE('',*,*,#21,.F.);
#169 = ORIENTED_EDGE('',*,*,#170,.T.);
#170 = EDGE_CURVE('',#22,#171,#173,.T.);
#171 = VERTEX_POINT('',#172);
#172 = CARTESIAN_POINT('',(-3.,-221.938159327,34.195889411156));
#173 = SURFACE_CURVE('',#174,(#179,#186),.PCURVE_S1.);
#174 = CIRCLE('',#175,24.);
#175 = AXIS2_PLACEMENT_3D('',#176,#177,#178);
#176 = CARTESIAN_POINT('',(-3.,-240.,50.));
#177 = DIRECTION('',(1.,0.,0.));
#178 = DIRECTION('',(-0.,0.,1.));
#179 = PCURVE('',#44,#180);
#180 = DEFINITIONAL_REPRESENTATION('',(#181),#185);
#181 = LINE('',#182,#183);
#182 = CARTESIAN_POINT('',(0.,0.));
#183 = VECTOR('',#184,1.);
#184 = DIRECTION('',(1.,0.));
#185 = ( GEOMETRIC_REPRESENTATION_CONTEXT(2) 
PARAMETRIC_REPRESENTATION_CONTEXT() REPRESENTATION_CONTEXT('2D SPACE',''
  ) );
#186 = PCURVE('',#126,#187);
#187 = DEFINITIONAL_REPRESENTATION('',(#188),#196);
#188 = ( BOUNDED_CURVE() B_SPLINE_CURVE(2,(#189,#190,#191,#192,#193,#194
,#195),.UNSPECIFIED.,.T.,.F.) B_SPLINE_CURVE_WITH_KNOTS((1,2,2,2,2,1),(
    -2.094395102393,0.,2.094395102393,4.188790204786,6.28318530718,
8.377580409573),.UNSPECIFIED.) CURVE() GEOMETRIC_REPRESENTATION_ITEM() 
RATIONAL_B_SPLINE_CURVE((1.,0.5,1.,0.5,1.,0.5,1.)) REPRESENTATION_ITEM(
  '') );
#189 = CARTESIAN_POINT('',(-4.,17.5));
#190 = CARTESIAN_POINT('',(-4.,59.069219381653));
#191 = CARTESIAN_POINT('',(32.,38.284609690827));
#192 = CARTESIAN_POINT('',(68.,17.5));
#193 = CARTESIAN_POINT('',(32.,-3.284609690826));
#194 = CARTESIAN_POINT('',(-4.,-24.06921938165));
#195 = CARTESIAN_POINT('',(-4.,17.5));
#196 = ( GEOMETRIC_REPRESENTATION_CONTEXT(2) 
PARAMETRIC_REPRESENTATION_CONTEXT() REPRESENTATION_CONTEXT('2D SPACE',''
  ) );
#197 = ORIENTED_EDGE('',*,*,#198,.T.);
#198 = EDGE_CURVE('',#171,#142,#199,.T.);
#199 = SURFACE_CURVE('',#200,(#204,#211),.PCURVE_S1.);
#200 = LINE('',#201,#202);
#201 = CARTESIAN_POINT('',(-3.,-221.938159327,34.195889411156));
#202 = VECTOR('',#203,1.);
#203 = DIRECTION('',(1.,0.,0.));
#204 = PCURVE('',#44,#205);
#205 = DEFINITIONAL_REPRESENTATION('',(#206),#210);
#206 = LINE('',#207,#208);
#207 = CARTESIAN_POINT('',(3.993558980763,0.));
#208 = VECTOR('',#209,1.);
#209 = DIRECTION('',(0.,1.));
#210 = ( GEOMETRIC_REPRESENTATION_CONTEXT(2) 
PARAMETRIC_REPRESENTATION_CONTEXT() REPRESENTATION_CONTEXT('2D SPACE',''
  ) );
#211 = PCURVE('',#212,#217);
#212 = PLANE('',#213);
#213 = AXIS2_PLACEMENT_3D('',#214,#215,#216);
#214 = CARTESIAN_POINT('',(-3.,-186.938159327,74.195889411156));
#215 = DIRECTION('',(0.,0.752576694707,-0.658504607869));
#216 = DIRECTION('',(0.,-0.658504607869,-0.752576694707));
#217 = DEFINITIONAL_REPRESENTATION('',(#218),#222);
#218 = LINE('',#219,#220);
#219 = CARTESIAN_POINT('',(53.150729063673,0.));
#220 = VECTOR('',#221,1.);
#221 = DIRECTION('',(0.,-1.));
#222 = ( GEOMETRIC_REPRESENTATION_CONTEXT(2) 
PARAMETRIC_REPRESENTATION_CONTEXT() REPRESENTATION_CONTEXT('2D SPACE',''
  ) );
#223 = ADVANCED_FACE('',(#224,#451,#486,#521,#556,#591,#626,#661,#696,
    #731,#766,#801,#836,#871,#906,#941,#976,#1011,#1046,#1081,#1116,
    #1151,#1186,#1221,#1256,#1291,#1326,#1361,#1396,#1431,#1466,#1501,
    #1536,#1571,#1606,#1641,#1676,#1711,#1746,#1781,#1816,#1851,#1886,
    #1921,#1956,#1991,#2026,#2061,#2096,#2131,#2166),#126,.T.);
#224 = FACE_BOUND('',#225,.T.);
#225 = EDGE_LOOP('',(#226,#227,#228,#256,#284,#312,#341,#369,#402,#430)
  );
#226 = ORIENTED_EDGE('',*,*,#170,.F.);
#227 = ORIENTED_EDGE('',*,*,#112,.F.);
#228 = ORIENTED_EDGE('',*,*,#229,.F.);
#229 = EDGE_CURVE('',#230,#85,#232,.T.);
#230 = VERTEX_POINT('',#231);
#231 = CARTESIAN_POINT('',(-3.,40.,394.));
#232 = SURFACE_CURVE('',#233,(#238,#249),.PCURVE_S1.);
#233 = CIRCLE('',#234,24.);
#234 = AXIS2_PLACEMENT_3D('',#235,#236,#237);
#235 = CARTESIAN_POINT('',(-3.,40.,370.));
#236 = DIRECTION('',(1.,0.,0.));
#237 = DIRECTION('',(-0.,0.,1.));
#238 = PCURVE('',#126,#239);
#239 = DEFINITIONAL_REPRESENTATION('',(#240),#248);
#240 = ( BOUNDED_CURVE() B_SPLINE_CURVE(2,(#241,#242,#243,#244,#245,#246
,#247),.UNSPECIFIED.,.T.,.F.) B_SPLINE_CURVE_WITH_KNOTS((1,2,2,2,2,1),(
    -2.094395102393,0.,2.094395102393,4.188790204786,6.28318530718,
8.377580409573),.UNSPECIFIED.) CURVE() GEOMETRIC_REPRESENTATION_ITEM() 
RATIONAL_B_SPLINE_CURVE((1.,0.5,1.,0.5,1.,0.5,1.)) REPRESENTATION_ITEM(
  '') );
#241 = CARTESIAN_POINT('',(-324.,-262.5));
#242 = CARTESIAN_POINT('',(-324.,-220.9307806183));
#243 = CARTESIAN_POINT('',(-288.,-241.7153903091));
#244 = CARTESIAN_POINT('',(-252.,-262.5));
#245 = CARTESIAN_POINT('',(-288.,-283.2846096908));
#246 = CARTESIAN_POINT('',(-324.,-304.0692193816));
#247 = CARTESIAN_POINT('',(-324.,-262.5));
#248 = ( GEOMETRIC_REPRESENTATION_CONTEXT(2) 
PARAMETRIC_REPRESENTATION_CONTEXT() REPRESENTATION_CONTEXT('2D SPACE',''
  ) );
#249 = PCURVE('',#100,#250);
#250 = DEFINITIONAL_REPRESENTATION('',(#251),#255);
#251 = LINE('',#252,#253);
#252 = CARTESIAN_POINT('',(0.,0.));
#253 = VECTOR('',#254,1.);
#254 = DIRECTION('',(1.,0.));
#255 = ( GEOMETRIC_REPRESENTATION_CONTEXT(2) 
PARAMETRIC_REPRESENTATION_CONTEXT() REPRESENTATION_CONTEXT('2D SPACE',''
  ) );
#256 = ORIENTED_EDGE('',*,*,#257,.T.);
#257 = EDGE_CURVE('',#230,#258,#260,.T.);
#258 = VERTEX_POINT('',#259);
#259 = CARTESIAN_POINT('',(-3.,116.,394.));
#260 = SURFACE_CURVE('',#261,(#265,#272),.PCURVE_S1.);
#261 = LINE('',#262,#263);
#262 = CARTESIAN_POINT('',(-3.,40.,394.));
#263 = VECTOR('',#264,1.);
#264 = DIRECTION('',(0.,1.,0.));
#265 = PCURVE('',#126,#266);
#266 = DEFINITIONAL_REPRESENTATION('',(#267),#271);
#267 = LINE('',#268,#269);
#268 = CARTESIAN_POINT('',(-324.,-262.5));
#269 = VECTOR('',#270,1.);
#270 = DIRECTION('',(0.,-1.));
#271 = ( GEOMETRIC_REPRESENTATION_CONTEXT(2) 
PARAMETRIC_REPRESENTATION_CONTEXT() REPRESENTATION_CONTEXT('2D SPACE',''
  ) );
#272 = PCURVE('',#273,#278);
#273 = PLANE('',#274);
#274 = AXIS2_PLACEMENT_3D('',#275,#276,#277);
#275 = CARTESIAN_POINT('',(-3.,40.,394.));
#276 = DIRECTION('',(0.,0.,1.));
#277 = DIRECTION('',(0.,1.,0.));
#278 = DEFINITIONAL_REPRESENTATION('',(#279),#283);
#279 = LINE('',#280,#281);
#280 = CARTESIAN_POINT('',(0.,0.));
#281 = VECTOR('',#282,1.);
#282 = DIRECTION('',(1.,0.));
#283 = ( GEOMETRIC_REPRESENTATION_CONTEXT(2) 
PARAMETRIC_REPRESENTATION_CONTEXT() REPRESENTATION_CONTEXT('2D SPACE',''
  ) );
#284 = ORIENTED_EDGE('',*,*,#285,.T.);
#285 = EDGE_CURVE('',#258,#286,#288,.T.);
#286 = VERTEX_POINT('',#287);
#287 = CARTESIAN_POINT('',(-3.,116.,420.57779489814));
#288 = SURFACE_CURVE('',#289,(#293,#300),.PCURVE_S1.);
#289 = LINE('',#290,#291);
#290 = CARTESIAN_POINT('',(-3.,116.,370.));
#291 = VECTOR('',#292,1.);
#292 = DIRECTION('',(0.,0.,1.));
#293 = PCURVE('',#126,#294);
#294 = DEFINITIONAL_REPRESENTATION('',(#295),#299);
#295 = LINE('',#296,#297);
#296 = CARTESIAN_POINT('',(-300.,-338.5));
#297 = VECTOR('',#298,1.);
#298 = DIRECTION('',(-1.,0.));
#299 = ( GEOMETRIC_REPRESENTATION_CONTEXT(2) 
PARAMETRIC_REPRESENTATION_CONTEXT() REPRESENTATION_CONTEXT('2D SPACE',''
  ) );
#300 = PCURVE('',#301,#306);
#301 = PLANE('',#302);
#302 = AXIS2_PLACEMENT_3D('',#303,#304,#305);
#303 = CARTESIAN_POINT('',(-3.,116.,370.));
#304 = DIRECTION('',(0.,-1.,0.));
#305 = DIRECTION('',(0.,0.,1.));
#306 = DEFINITIONAL_REPRESENTATION('',(#307),#311);
#307 = LINE('',#308,#309);
#308 = CARTESIAN_POINT('',(0.,0.));
#309 = VECTOR('',#310,1.);
#310 = DIRECTION('',(1.,0.));
#311 = ( GEOMETRIC_REPRESENTATION_CONTEXT(2) 
PARAMETRIC_REPRESENTATION_CONTEXT() REPRESENTATION_CONTEXT('2D SPACE',''
  ) );
#312 = ORIENTED_EDGE('',*,*,#313,.T.);
#313 = EDGE_CURVE('',#286,#314,#316,.T.);
#314 = VERTEX_POINT('',#315);
#315 = CARTESIAN_POINT('',(-3.,164.,420.57779489814));
#316 = SURFACE_CURVE('',#317,(#322,#329),.PCURVE_S1.);
#317 = CIRCLE('',#318,28.);
#318 = AXIS2_PLACEMENT_3D('',#319,#320,#321);
#319 = CARTESIAN_POINT('',(-3.,140.,435.));
#320 = DIRECTION('',(-1.,-0.,0.));
#321 = DIRECTION('',(0.,-0.857142857143,-0.515078753638));
#322 = PCURVE('',#126,#323);
#323 = DEFINITIONAL_REPRESENTATION('',(#324),#328);
#324 = CIRCLE('',#325,28.);
#325 = AXIS2_PLACEMENT_2D('',#326,#327);
#326 = CARTESIAN_POINT('',(-365.,-362.5));
#327 = DIRECTION('',(0.515078753638,0.857142857143));
#328 = ( GEOMETRIC_REPRESENTATION_CONTEXT(2) 
PARAMETRIC_REPRESENTATION_CONTEXT() REPRESENTATION_CONTEXT('2D SPACE',''
  ) );
#329 = PCURVE('',#330,#335);
#330 = CYLINDRICAL_SURFACE('',#331,28.);
#331 = AXIS2_PLACEMENT_3D('',#332,#333,#334);
#332 = CARTESIAN_POINT('',(-3.,140.,435.));
#333 = DIRECTION('',(1.,0.,0.));
#334 = DIRECTION('',(-0.,0.,1.));
#335 = DEFINITIONAL_REPRESENTATION('',(#336),#340);
#336 = LINE('',#337,#338);
#337 = CARTESIAN_POINT('',(8.395081159932,0.));
#338 = VECTOR('',#339,1.);
#339 = DIRECTION('',(-1.,-0.));
#340 = ( GEOMETRIC_REPRESENTATION_CONTEXT(2) 
PARAMETRIC_REPRESENTATION_CONTEXT() REPRESENTATION_CONTEXT('2D SPACE',''
  ) );
#341 = ORIENTED_EDGE('',*,*,#342,.T.);
#342 = EDGE_CURVE('',#314,#343,#345,.T.);
#343 = VERTEX_POINT('',#344);
#344 = CARTESIAN_POINT('',(-3.,164.,370.));
#345 = SURFACE_CURVE('',#346,(#350,#357),.PCURVE_S1.);
#346 = LINE('',#347,#348);
#347 = CARTESIAN_POINT('',(-3.,164.,435.));
#348 = VECTOR('',#349,1.);
#349 = DIRECTION('',(0.,0.,-1.));
#350 = PCURVE('',#126,#351);
#351 = DEFINITIONAL_REPRESENTATION('',(#352),#356);
#352 = LINE('',#353,#354);
#353 = CARTESIAN_POINT('',(-365.,-386.5));
#354 = VECTOR('',#355,1.);
#355 = DIRECTION('',(1.,0.));
#356 = ( GEOMETRIC_REPRESENTATION_CONTEXT(2) 
PARAMETRIC_REPRESENTATION_CONTEXT() REPRESENTATION_CONTEXT('2D SPACE',''
  ) );
#357 = PCURVE('',#358,#363);
#358 = PLANE('',#359);
#359 = AXIS2_PLACEMENT_3D('',#360,#361,#362);
#360 = CARTESIAN_POINT('',(-3.,164.,435.));
#361 = DIRECTION('',(-0.,1.,0.));
#362 = DIRECTION('',(0.,0.,-1.));
#363 = DEFINITIONAL_REPRESENTATION('',(#364),#368);
#364 = LINE('',#365,#366);
#365 = CARTESIAN_POINT('',(0.,0.));
#366 = VECTOR('',#367,1.);
#367 = DIRECTION('',(1.,0.));
#368 = ( GEOMETRIC_REPRESENTATION_CONTEXT(2) 
PARAMETRIC_REPRESENTATION_CONTEXT() REPRESENTATION_CONTEXT('2D SPACE',''
  ) );
#369 = ORIENTED_EDGE('',*,*,#370,.F.);
#370 = EDGE_CURVE('',#371,#343,#373,.T.);
#371 = VERTEX_POINT('',#372);
#372 = CARTESIAN_POINT('',(-3.,140.,346.));
#373 = SURFACE_CURVE('',#374,(#379,#390),.PCURVE_S1.);
#374 = CIRCLE('',#375,24.);
#375 = AXIS2_PLACEMENT_3D('',#376,#377,#378);
#376 = CARTESIAN_POINT('',(-3.,140.,370.));
#377 = DIRECTION('',(1.,0.,0.));
#378 = DIRECTION('',(-0.,0.,1.));
#379 = PCURVE('',#126,#380);
#380 = DEFINITIONAL_REPRESENTATION('',(#381),#389);
#381 = ( BOUNDED_CURVE() B_SPLINE_CURVE(2,(#382,#383,#384,#385,#386,#387
,#388),.UNSPECIFIED.,.T.,.F.) B_SPLINE_CURVE_WITH_KNOTS((1,2,2,2,2,1),(
    -2.094395102393,0.,2.094395102393,4.188790204786,6.28318530718,
8.377580409573),.UNSPECIFIED.) CURVE() GEOMETRIC_REPRESENTATION_ITEM() 
RATIONAL_B_SPLINE_CURVE((1.,0.5,1.,0.5,1.,0.5,1.)) REPRESENTATION_ITEM(
  '') );
#382 = CARTESIAN_POINT('',(-324.,-362.5));
#383 = CARTESIAN_POINT('',(-324.,-320.9307806183));
#384 = CARTESIAN_POINT('',(-288.,-341.7153903091));
#385 = CARTESIAN_POINT('',(-252.,-362.5));
#386 = CARTESIAN_POINT('',(-288.,-383.2846096908));
#387 = CARTESIAN_POINT('',(-324.,-404.0692193816));
#388 = CARTESIAN_POINT('',(-324.,-362.5));
#389 = ( GEOMETRIC_REPRESENTATION_CONTEXT(2) 
PARAMETRIC_REPRESENTATION_CONTEXT() REPRESENTATION_CONTEXT('2D SPACE',''
  ) );
#390 = PCURVE('',#391,#396);
#391 = CYLINDRICAL_SURFACE('',#392,24.);
#392 = AXIS2_PLACEMENT_3D('',#393,#394,#395);
#393 = CARTESIAN_POINT('',(-3.,140.,370.));
#394 = DIRECTION('',(1.,0.,0.));
#395 = DIRECTION('',(-0.,0.,1.));
#396 = DEFINITIONAL_REPRESENTATION('',(#397),#401);
#397 = LINE('',#398,#399);
#398 = CARTESIAN_POINT('',(0.,0.));
#399 = VECTOR('',#400,1.);
#400 = DIRECTION('',(1.,0.));
#401 = ( GEOMETRIC_REPRESENTATION_CONTEXT(2) 
PARAMETRIC_REPRESENTATION_CONTEXT() REPRESENTATION_CONTEXT('2D SPACE',''
  ) );
#402 = ORIENTED_EDGE('',*,*,#403,.T.);
#403 = EDGE_CURVE('',#371,#404,#406,.T.);
#404 = VERTEX_POINT('',#405);
#405 = CARTESIAN_POINT('',(-3.,50.890437438204,346.));
#406 = SURFACE_CURVE('',#407,(#411,#418),.PCURVE_S1.);
#407 = LINE('',#408,#409);
#408 = CARTESIAN_POINT('',(-3.,140.,346.));
#409 = VECTOR('',#410,1.);
#410 = DIRECTION('',(0.,-1.,0.));
#411 = PCURVE('',#126,#412);
#412 = DEFINITIONAL_REPRESENTATION('',(#413),#417);
#413 = LINE('',#414,#415);
#414 = CARTESIAN_POINT('',(-276.,-362.5));
#415 = VECTOR('',#416,1.);
#416 = DIRECTION('',(0.,1.));
#417 = ( GEOMETRIC_REPRESENTATION_CONTEXT(2) 
PARAMETRIC_REPRESENTATION_CONTEXT() REPRESENTATION_CONTEXT('2D SPACE',''
  ) );
#418 = PCURVE('',#419,#424);
#419 = PLANE('',#420);
#420 = AXIS2_PLACEMENT_3D('',#421,#422,#423);
#421 = CARTESIAN_POINT('',(-3.,90.,346.));
#422 = DIRECTION('',(0.,0.,-1.));
#423 = DIRECTION('',(0.,-1.,0.));
#424 = DEFINITIONAL_REPRESENTATION('',(#425),#429);
#425 = LINE('',#426,#427);
#426 = CARTESIAN_POINT('',(-50.,-0.));
#427 = VECTOR('',#428,1.);
#428 = DIRECTION('',(1.,0.));
#429 = ( GEOMETRIC_REPRESENTATION_CONTEXT(2) 
PARAMETRIC_REPRESENTATION_CONTEXT() REPRESENTATION_CONTEXT('2D SPACE',''
  ) );
#430 = ORIENTED_EDGE('',*,*,#431,.T.);
#431 = EDGE_CURVE('',#404,#171,#432,.T.);
#432 = SURFACE_CURVE('',#433,(#437,#444),.PCURVE_S1.);
#433 = LINE('',#434,#435);
#434 = CARTESIAN_POINT('',(-3.,50.890437438204,346.));
#435 = VECTOR('',#436,1.);
#436 = DIRECTION('',(0.,-0.658504607869,-0.752576694707));
#437 = PCURVE('',#126,#438);
#438 = DEFINITIONAL_REPRESENTATION('',(#439),#443);
#439 = LINE('',#440,#441);
#440 = CARTESIAN_POINT('',(-276.,-273.3904374382));
#441 = VECTOR('',#442,1.);
#442 = DIRECTION('',(0.752576694707,0.658504607869));
#443 = ( GEOMETRIC_REPRESENTATION_CONTEXT(2) 
PARAMETRIC_REPRESENTATION_CONTEXT() REPRESENTATION_CONTEXT('2D SPACE',''
  ) );
#444 = PCURVE('',#212,#445);
#445 = DEFINITIONAL_REPRESENTATION('',(#446),#450);
#446 = LINE('',#447,#448);
#447 = CARTESIAN_POINT('',(-361.1646660075,0.));
#448 = VECTOR('',#449,1.);
#449 = DIRECTION('',(1.,0.));
#450 = ( GEOMETRIC_REPRESENTATION_CONTEXT(2) 
PARAMETRIC_REPRESENTATION_CONTEXT() REPRESENTATION_CONTEXT('2D SPACE',''
  ) );
#451 = FACE_BOUND('',#452,.T.);
#452 = EDGE_LOOP('',(#453));
#453 = ORIENTED_EDGE('',*,*,#454,.T.);
#454 = EDGE_CURVE('',#455,#455,#457,.T.);
#455 = VERTEX_POINT('',#456);
#456 = CARTESIAN_POINT('',(-3.,-250.,69.520508075689));
#457 = SURFACE_CURVE('',#458,(#463,#474),.PCURVE_S1.);
#458 = CIRCLE('',#459,2.2);
#459 = AXIS2_PLACEMENT_3D('',#460,#461,#462);
#460 = CARTESIAN_POINT('',(-3.,-250.,67.320508075689));
#461 = DIRECTION('',(1.,0.,0.));
#462 = DIRECTION('',(-0.,0.,1.));
#463 = PCURVE('',#126,#464);
#464 = DEFINITIONAL_REPRESENTATION('',(#465),#473);
#465 = ( BOUNDED_CURVE() B_SPLINE_CURVE(2,(#466,#467,#468,#469,#470,#471
,#472),.UNSPECIFIED.,.T.,.F.) B_SPLINE_CURVE_WITH_KNOTS((1,2,2,2,2,1),(
    -2.094395102393,0.,2.094395102393,4.188790204786,6.28318530718,
8.377580409573),.UNSPECIFIED.) CURVE() GEOMETRIC_REPRESENTATION_ITEM() 
RATIONAL_B_SPLINE_CURVE((1.,0.5,1.,0.5,1.,0.5,1.)) REPRESENTATION_ITEM(
  '') );
#466 = CARTESIAN_POINT('',(0.479491924311,27.5));
#467 = CARTESIAN_POINT('',(0.479491924311,31.310511776652));
#468 = CARTESIAN_POINT('',(3.779491924311,29.405255888326));
#469 = CARTESIAN_POINT('',(7.079491924311,27.5));
#470 = CARTESIAN_POINT('',(3.779491924311,25.594744111674));
#471 = CARTESIAN_POINT('',(0.479491924311,23.689488223348));
#472 = CARTESIAN_POINT('',(0.479491924311,27.5));
#473 = ( GEOMETRIC_REPRESENTATION_CONTEXT(2) 
PARAMETRIC_REPRESENTATION_CONTEXT() REPRESENTATION_CONTEXT('2D SPACE',''
  ) );
#474 = PCURVE('',#475,#480);
#475 = CYLINDRICAL_SURFACE('',#476,2.2);
#476 = AXIS2_PLACEMENT_3D('',#477,#478,#479);
#477 = CARTESIAN_POINT('',(-4.,-250.,67.320508075689));
#478 = DIRECTION('',(1.,0.,0.));
#479 = DIRECTION('',(-0.,0.,1.));
#480 = DEFINITIONAL_REPRESENTATION('',(#481),#485);
#481 = LINE('',#482,#483);
#482 = CARTESIAN_POINT('',(0.,1.));
#483 = VECTOR('',#484,1.);
#484 = DIRECTION('',(1.,0.));
#485 = ( GEOMETRIC_REPRESENTATION_CONTEXT(2) 
PARAMETRIC_REPRESENTATION_CONTEXT() REPRESENTATION_CONTEXT('2D SPACE',''
  ) );
#486 = FACE_BOUND('',#487,.T.);
#487 = EDGE_LOOP('',(#488));
#488 = ORIENTED_EDGE('',*,*,#489,.T.);
#489 = EDGE_CURVE('',#490,#490,#492,.T.);
#490 = VERTEX_POINT('',#491);
#491 = CARTESIAN_POINT('',(-3.,-220.,52.2));
#492 = SURFACE_CURVE('',#493,(#498,#509),.PCURVE_S1.);
#493 = CIRCLE('',#494,2.2);
#494 = AXIS2_PLACEMENT_3D('',#495,#496,#497);
#495 = CARTESIAN_POINT('',(-3.,-220.,50.));
#496 = DIRECTION('',(1.,0.,0.));
#497 = DIRECTION('',(-0.,0.,1.));
#498 = PCURVE('',#126,#499);
#499 = DEFINITIONAL_REPRESENTATION('',(#500),#508);
#500 = ( BOUNDED_CURVE() B_SPLINE_CURVE(2,(#501,#502,#503,#504,#505,#506
,#507),.UNSPECIFIED.,.T.,.F.) B_SPLINE_CURVE_WITH_KNOTS((1,2,2,2,2,1),(
    -2.094395102393,0.,2.094395102393,4.188790204786,6.28318530718,
8.377580409573),.UNSPECIFIED.) CURVE() GEOMETRIC_REPRESENTATION_ITEM() 
RATIONAL_B_SPLINE_CURVE((1.,0.5,1.,0.5,1.,0.5,1.)) REPRESENTATION_ITEM(
  '') );
#501 = CARTESIAN_POINT('',(17.8,-2.5));
#502 = CARTESIAN_POINT('',(17.8,1.310511776652));
#503 = CARTESIAN_POINT('',(21.1,-0.594744111674));
#504 = CARTESIAN_POINT('',(24.4,-2.5));
#505 = CARTESIAN_POINT('',(21.1,-4.405255888326));
#506 = CARTESIAN_POINT('',(17.8,-6.310511776652));
#507 = CARTESIAN_POINT('',(17.8,-2.5));
#508 = ( GEOMETRIC_REPRESENTATION_CONTEXT(2) 
PARAMETRIC_REPRESENTATION_CONTEXT() REPRESENTATION_CONTEXT('2D SPACE',''
  ) );
#509 = PCURVE('',#510,#515);
#510 = CYLINDRICAL_SURFACE('',#511,2.2);
#511 = AXIS2_PLACEMENT_3D('',#512,#513,#514);
#512 = CARTESIAN_POINT('',(-4.,-220.,50.));
#513 = DIRECTION('',(1.,0.,0.));
#514 = DIRECTION('',(-0.,0.,1.));
#515 = DEFINITIONAL_REPRESENTATION('',(#516),#520);
#516 = LINE('',#517,#518);
#517 = CARTESIAN_POINT('',(0.,1.));
#518 = VECTOR('',#519,1.);
#519 = DIRECTION('',(1.,0.));
#520 = ( GEOMETRIC_REPRESENTATION_CONTEXT(2) 
PARAMETRIC_REPRESENTATION_CONTEXT() REPRESENTATION_CONTEXT('2D SPACE',''
  ) );
#521 = FACE_BOUND('',#522,.T.);
#522 = EDGE_LOOP('',(#523));
#523 = ORIENTED_EDGE('',*,*,#524,.T.);
#524 = EDGE_CURVE('',#525,#525,#527,.T.);
#525 = VERTEX_POINT('',#526);
#526 = CARTESIAN_POINT('',(-3.,-240.,64.3375));
#527 = SURFACE_CURVE('',#528,(#533,#544),.PCURVE_S1.);
#528 = CIRCLE('',#529,14.3375);
#529 = AXIS2_PLACEMENT_3D('',#530,#531,#532);
#530 = CARTESIAN_POINT('',(-3.,-240.,50.));
#531 = DIRECTION('',(1.,0.,0.));
#532 = DIRECTION('',(-0.,0.,1.));
#533 = PCURVE('',#126,#534);
#534 = DEFINITIONAL_REPRESENTATION('',(#535),#543);
#535 = ( BOUNDED_CURVE() B_SPLINE_CURVE(2,(#536,#537,#538,#539,#540,#541
,#542),.UNSPECIFIED.,.T.,.F.) B_SPLINE_CURVE_WITH_KNOTS((1,2,2,2,2,1),(
    -2.094395102393,0.,2.094395102393,4.188790204786,6.28318530718,
8.377580409573),.UNSPECIFIED.) CURVE() GEOMETRIC_REPRESENTATION_ITEM() 
RATIONAL_B_SPLINE_CURVE((1.,0.5,1.,0.5,1.,0.5,1.)) REPRESENTATION_ITEM(
  '') );
#536 = CARTESIAN_POINT('',(5.6625,17.5));
#537 = CARTESIAN_POINT('',(5.6625,42.333278453519));
#538 = CARTESIAN_POINT('',(27.16875,29.916639226759));
#539 = CARTESIAN_POINT('',(48.675,17.5));
#540 = CARTESIAN_POINT('',(27.16875,5.083360773241));
#541 = CARTESIAN_POINT('',(5.6625,-7.333278453519));
#542 = CARTESIAN_POINT('',(5.6625,17.5));
#543 = ( GEOMETRIC_REPRESENTATION_CONTEXT(2) 
PARAMETRIC_REPRESENTATION_CONTEXT() REPRESENTATION_CONTEXT('2D SPACE',''
  ) );
#544 = PCURVE('',#545,#550);
#545 = CYLINDRICAL_SURFACE('',#546,14.3375);
#546 = AXIS2_PLACEMENT_3D('',#547,#548,#549);
#547 = CARTESIAN_POINT('',(-4.,-240.,50.));
#548 = DIRECTION('',(1.,0.,0.));
#549 = DIRECTION('',(-0.,0.,1.));
#550 = DEFINITIONAL_REPRESENTATION('',(#551),#555);
#551 = LINE('',#552,#553);
#552 = CARTESIAN_POINT('',(0.,1.));
#553 = VECTOR('',#554,1.);
#554 = DIRECTION('',(1.,0.));
#555 = ( GEOMETRIC_REPRESENTATION_CONTEXT(2) 
PARAMETRIC_REPRESENTATION_CONTEXT() REPRESENTATION_CONTEXT('2D SPACE',''
  ) );
#556 = FACE_BOUND('',#557,.T.);
#557 = EDGE_LOOP('',(#558));
#558 = ORIENTED_EDGE('',*,*,#559,.T.);
#559 = EDGE_CURVE('',#560,#560,#562,.T.);
#560 = VERTEX_POINT('',#561);
#561 = CARTESIAN_POINT('',(-3.,-215.,74.879491924311));
#562 = SURFACE_CURVE('',#563,(#568,#579),.PCURVE_S1.);
#563 = CIRCLE('',#564,2.2);
#564 = AXIS2_PLACEMENT_3D('',#565,#566,#567);
#565 = CARTESIAN_POINT('',(-3.,-215.,72.679491924311));
#566 = DIRECTION('',(1.,0.,0.));
#567 = DIRECTION('',(-0.,0.,1.));
#568 = PCURVE('',#126,#569);
#569 = DEFINITIONAL_REPRESENTATION('',(#570),#578);
#570 = ( BOUNDED_CURVE() B_SPLINE_CURVE(2,(#571,#572,#573,#574,#575,#576
,#577),.UNSPECIFIED.,.T.,.F.) B_SPLINE_CURVE_WITH_KNOTS((1,2,2,2,2,1),(
    -2.094395102393,0.,2.094395102393,4.188790204786,6.28318530718,
8.377580409573),.UNSPECIFIED.) CURVE() GEOMETRIC_REPRESENTATION_ITEM() 
RATIONAL_B_SPLINE_CURVE((1.,0.5,1.,0.5,1.,0.5,1.)) REPRESENTATION_ITEM(
  '') );
#571 = CARTESIAN_POINT('',(-4.879491924311,-7.5));
#572 = CARTESIAN_POINT('',(-4.879491924311,-3.689488223348));
#573 = CARTESIAN_POINT('',(-1.579491924311,-5.594744111674));
#574 = CARTESIAN_POINT('',(1.720508075689,-7.5));
#575 = CARTESIAN_POINT('',(-1.579491924311,-9.405255888326));
#576 = CARTESIAN_POINT('',(-4.879491924311,-11.31051177665));
#577 = CARTESIAN_POINT('',(-4.879491924311,-7.5));
#578 = ( GEOMETRIC_REPRESENTATION_CONTEXT(2) 
PARAMETRIC_REPRESENTATION_CONTEXT() REPRESENTATION_CONTEXT('2D SPACE',''
  ) );
#579 = PCURVE('',#580,#585);
#580 = CYLINDRICAL_SURFACE('',#581,2.2);
#581 = AXIS2_PLACEMENT_3D('',#582,#583,#584);
#582 = CARTESIAN_POINT('',(-4.,-215.,72.679491924311));
#583 = DIRECTION('',(1.,0.,0.));
#584 = DIRECTION('',(-0.,0.,1.));
#585 = DEFINITIONAL_REPRESENTATION('',(#586),#590);
#586 = LINE('',#587,#588);
#587 = CARTESIAN_POINT('',(0.,1.));
#588 = VECTOR('',#589,1.);
#589 = DIRECTION('',(1.,0.));
#590 = ( GEOMETRIC_REPRESENTATION_CONTEXT(2) 
PARAMETRIC_REPRESENTATION_CONTEXT() REPRESENTATION_CONTEXT('2D SPACE',''
  ) );
#591 = FACE_BOUND('',#592,.T.);
#592 = EDGE_LOOP('',(#593));
#593 = ORIENTED_EDGE('',*,*,#594,.T.);
#594 = EDGE_CURVE('',#595,#595,#597,.T.);
#595 = VERTEX_POINT('',#596);
#596 = CARTESIAN_POINT('',(-3.,-205.,104.3375));
#597 = SURFACE_CURVE('',#598,(#603,#614),.PCURVE_S1.);
#598 = CIRCLE('',#599,14.3375);
#599 = AXIS2_PLACEMENT_3D('',#600,#601,#602);
#600 = CARTESIAN_POINT('',(-3.,-205.,90.));
#601 = DIRECTION('',(1.,0.,0.));
#602 = DIRECTION('',(-0.,0.,1.));
#603 = PCURVE('',#126,#604);
#604 = DEFINITIONAL_REPRESENTATION('',(#605),#613);
#605 = ( BOUNDED_CURVE() B_SPLINE_CURVE(2,(#606,#607,#608,#609,#610,#611
,#612),.UNSPECIFIED.,.T.,.F.) B_SPLINE_CURVE_WITH_KNOTS((1,2,2,2,2,1),(
    -2.094395102393,0.,2.094395102393,4.188790204786,6.28318530718,
8.377580409573),.UNSPECIFIED.) CURVE() GEOMETRIC_REPRESENTATION_ITEM() 
RATIONAL_B_SPLINE_CURVE((1.,0.5,1.,0.5,1.,0.5,1.)) REPRESENTATION_ITEM(
  '') );
#606 = CARTESIAN_POINT('',(-34.3375,-17.5));
#607 = CARTESIAN_POINT('',(-34.3375,7.333278453519));
#608 = CARTESIAN_POINT('',(-12.83125,-5.083360773241));
#609 = CARTESIAN_POINT('',(8.675,-17.5));
#610 = CARTESIAN_POINT('',(-12.83125,-29.91663922675));
#611 = CARTESIAN_POINT('',(-34.3375,-42.33327845351));
#612 = CARTESIAN_POINT('',(-34.3375,-17.5));
#613 = ( GEOMETRIC_REPRESENTATION_CONTEXT(2) 
PARAMETRIC_REPRESENTATION_CONTEXT() REPRESENTATION_CONTEXT('2D SPACE',''
  ) );
#614 = PCURVE('',#615,#620);
#615 = CYLINDRICAL_SURFACE('',#616,14.3375);
#616 = AXIS2_PLACEMENT_3D('',#617,#618,#619);
#617 = CARTESIAN_POINT('',(-4.,-205.,90.));
#618 = DIRECTION('',(1.,0.,0.));
#619 = DIRECTION('',(-0.,0.,1.));
#620 = DEFINITIONAL_REPRESENTATION('',(#621),#625);
#621 = LINE('',#622,#623);
#622 = CARTESIAN_POINT('',(0.,1.));
#623 = VECTOR('',#624,1.);
#624 = DIRECTION('',(1.,0.));
#625 = ( GEOMETRIC_REPRESENTATION_CONTEXT(2) 
PARAMETRIC_REPRESENTATION_CONTEXT() REPRESENTATION_CONTEXT('2D SPACE',''
  ) );
#626 = FACE_BOUND('',#627,.T.);
#627 = EDGE_LOOP('',(#628));
#628 = ORIENTED_EDGE('',*,*,#629,.T.);
#629 = EDGE_CURVE('',#630,#630,#632,.T.);
#630 = VERTEX_POINT('',#631);
#631 = CARTESIAN_POINT('',(-3.,-250.,34.879491924311));
#632 = SURFACE_CURVE('',#633,(#638,#649),.PCURVE_S1.);
#633 = CIRCLE('',#634,2.2);
#634 = AXIS2_PLACEMENT_3D('',#635,#636,#637);
#635 = CARTESIAN_POINT('',(-3.,-250.,32.679491924311));
#636 = DIRECTION('',(1.,0.,0.));
#637 = DIRECTION('',(-0.,0.,1.));
#638 = PCURVE('',#126,#639);
#639 = DEFINITIONAL_REPRESENTATION('',(#640),#648);
#640 = ( BOUNDED_CURVE() B_SPLINE_CURVE(2,(#641,#642,#643,#644,#645,#646
,#647),.UNSPECIFIED.,.T.,.F.) B_SPLINE_CURVE_WITH_KNOTS((1,2,2,2,2,1),(
    -2.094395102393,0.,2.094395102393,4.188790204786,6.28318530718,
8.377580409573),.UNSPECIFIED.) CURVE() GEOMETRIC_REPRESENTATION_ITEM() 
RATIONAL_B_SPLINE_CURVE((1.,0.5,1.,0.5,1.,0.5,1.)) REPRESENTATION_ITEM(
  '') );
#641 = CARTESIAN_POINT('',(35.120508075689,27.5));
#642 = CARTESIAN_POINT('',(35.120508075689,31.310511776652));
#643 = CARTESIAN_POINT('',(38.420508075689,29.405255888326));
#644 = CARTESIAN_POINT('',(41.720508075689,27.5));
#645 = CARTESIAN_POINT('',(38.420508075689,25.594744111674));
#646 = CARTESIAN_POINT('',(35.120508075689,23.689488223348));
#647 = CARTESIAN_POINT('',(35.120508075689,27.5));
#648 = ( GEOMETRIC_REPRESENTATION_CONTEXT(2) 
PARAMETRIC_REPRESENTATION_CONTEXT() REPRESENTATION_CONTEXT('2D SPACE',''
  ) );
#649 = PCURVE('',#650,#655);
#650 = CYLINDRICAL_SURFACE('',#651,2.2);
#651 = AXIS2_PLACEMENT_3D('',#652,#653,#654);
#652 = CARTESIAN_POINT('',(-4.,-250.,32.679491924311));
#653 = DIRECTION('',(1.,0.,0.));
#654 = DIRECTION('',(-0.,0.,1.));
#655 = DEFINITIONAL_REPRESENTATION('',(#656),#660);
#656 = LINE('',#657,#658);
#657 = CARTESIAN_POINT('',(0.,1.));
#658 = VECTOR('',#659,1.);
#659 = DIRECTION('',(1.,0.));
#660 = ( GEOMETRIC_REPRESENTATION_CONTEXT(2) 
PARAMETRIC_REPRESENTATION_CONTEXT() REPRESENTATION_CONTEXT('2D SPACE',''
  ) );
#661 = FACE_BOUND('',#662,.T.);
#662 = EDGE_LOOP('',(#663));
#663 = ORIENTED_EDGE('',*,*,#664,.T.);
#664 = EDGE_CURVE('',#665,#665,#667,.T.);
#665 = VERTEX_POINT('',#666);
#666 = CARTESIAN_POINT('',(-3.,-215.,109.52050807568));
#667 = SURFACE_CURVE('',#668,(#673,#684),.PCURVE_S1.);
#668 = CIRCLE('',#669,2.2);
#669 = AXIS2_PLACEMENT_3D('',#670,#671,#672);
#670 = CARTESIAN_POINT('',(-3.,-215.,107.32050807568));
#671 = DIRECTION('',(1.,0.,0.));
#672 = DIRECTION('',(-0.,0.,1.));
#673 = PCURVE('',#126,#674);
#674 = DEFINITIONAL_REPRESENTATION('',(#675),#683);
#675 = ( BOUNDED_CURVE() B_SPLINE_CURVE(2,(#676,#677,#678,#679,#680,#681
,#682),.UNSPECIFIED.,.T.,.F.) B_SPLINE_CURVE_WITH_KNOTS((1,2,2,2,2,1),(
    -2.094395102393,0.,2.094395102393,4.188790204786,6.28318530718,
8.377580409573),.UNSPECIFIED.) CURVE() GEOMETRIC_REPRESENTATION_ITEM() 
RATIONAL_B_SPLINE_CURVE((1.,0.5,1.,0.5,1.,0.5,1.)) REPRESENTATION_ITEM(
  '') );
#676 = CARTESIAN_POINT('',(-39.52050807568,-7.5));
#677 = CARTESIAN_POINT('',(-39.52050807568,-3.689488223348));
#678 = CARTESIAN_POINT('',(-36.22050807568,-5.594744111674));
#679 = CARTESIAN_POINT('',(-32.92050807568,-7.5));
#680 = CARTESIAN_POINT('',(-36.22050807568,-9.405255888326));
#681 = CARTESIAN_POINT('',(-39.52050807568,-11.31051177665));
#682 = CARTESIAN_POINT('',(-39.52050807568,-7.5));
#683 = ( GEOMETRIC_REPRESENTATION_CONTEXT(2) 
PARAMETRIC_REPRESENTATION_CONTEXT() REPRESENTATION_CONTEXT('2D SPACE',''
  ) );
#684 = PCURVE('',#685,#690);
#685 = CYLINDRICAL_SURFACE('',#686,2.2);
#686 = AXIS2_PLACEMENT_3D('',#687,#688,#689);
#687 = CARTESIAN_POINT('',(-4.,-215.,107.32050807568));
#688 = DIRECTION('',(1.,0.,0.));
#689 = DIRECTION('',(-0.,0.,1.));
#690 = DEFINITIONAL_REPRESENTATION('',(#691),#695);
#691 = LINE('',#692,#693);
#692 = CARTESIAN_POINT('',(0.,1.));
#693 = VECTOR('',#694,1.);
#694 = DIRECTION('',(1.,0.));
#695 = ( GEOMETRIC_REPRESENTATION_CONTEXT(2) 
PARAMETRIC_REPRESENTATION_CONTEXT() REPRESENTATION_CONTEXT('2D SPACE',''
  ) );
#696 = FACE_BOUND('',#697,.T.);
#697 = EDGE_LOOP('',(#698));
#698 = ORIENTED_EDGE('',*,*,#699,.T.);
#699 = EDGE_CURVE('',#700,#700,#702,.T.);
#700 = VERTEX_POINT('',#701);
#701 = CARTESIAN_POINT('',(-3.,-185.,92.2));
#702 = SURFACE_CURVE('',#703,(#708,#719),.PCURVE_S1.);
#703 = CIRCLE('',#704,2.2);
#704 = AXIS2_PLACEMENT_3D('',#705,#706,#707);
#705 = CARTESIAN_POINT('',(-3.,-185.,90.));
#706 = DIRECTION('',(1.,0.,0.));
#707 = DIRECTION('',(-0.,0.,1.));
#708 = PCURVE('',#126,#709);
#709 = DEFINITIONAL_REPRESENTATION('',(#710),#718);
#710 = ( BOUNDED_CURVE() B_SPLINE_CURVE(2,(#711,#712,#713,#714,#715,#716
,#717),.UNSPECIFIED.,.T.,.F.) B_SPLINE_CURVE_WITH_KNOTS((1,2,2,2,2,1),(
    -2.094395102393,0.,2.094395102393,4.188790204786,6.28318530718,
8.377580409573),.UNSPECIFIED.) CURVE() GEOMETRIC_REPRESENTATION_ITEM() 
RATIONAL_B_SPLINE_CURVE((1.,0.5,1.,0.5,1.,0.5,1.)) REPRESENTATION_ITEM(
  '') );
#711 = CARTESIAN_POINT('',(-22.2,-37.5));
#712 = CARTESIAN_POINT('',(-22.2,-33.68948822334));
#713 = CARTESIAN_POINT('',(-18.9,-35.59474411167));
#714 = CARTESIAN_POINT('',(-15.6,-37.5));
#715 = CARTESIAN_POINT('',(-18.9,-39.40525588832));
#716 = CARTESIAN_POINT('',(-22.2,-41.31051177665));
#717 = CARTESIAN_POINT('',(-22.2,-37.5));
#718 = ( GEOMETRIC_REPRESENTATION_CONTEXT(2) 
PARAMETRIC_REPRESENTATION_CONTEXT() REPRESENTATION_CONTEXT('2D SPACE',''
  ) );
#719 = PCURVE('',#720,#725);
#720 = CYLINDRICAL_SURFACE('',#721,2.2);
#721 = AXIS2_PLACEMENT_3D('',#722,#723,#724);
#722 = CARTESIAN_POINT('',(-4.,-185.,90.));
#723 = DIRECTION('',(1.,0.,0.));
#724 = DIRECTION('',(-0.,0.,1.));
#725 = DEFINITIONAL_REPRESENTATION('',(#726),#730);
#726 = LINE('',#727,#728);
#727 = CARTESIAN_POINT('',(0.,1.));
#728 = VECTOR('',#729,1.);
#729 = DIRECTION('',(1.,0.));
#730 = ( GEOMETRIC_REPRESENTATION_CONTEXT(2) 
PARAMETRIC_REPRESENTATION_CONTEXT() REPRESENTATION_CONTEXT('2D SPACE',''
  ) );
#731 = FACE_BOUND('',#732,.T.);
#732 = EDGE_LOOP('',(#733));
#733 = ORIENTED_EDGE('',*,*,#734,.T.);
#734 = EDGE_CURVE('',#735,#735,#737,.T.);
#735 = VERTEX_POINT('',#736);
#736 = CARTESIAN_POINT('',(-3.,-180.,114.87949192431));
#737 = SURFACE_CURVE('',#738,(#743,#754),.PCURVE_S1.);
#738 = CIRCLE('',#739,2.2);
#739 = AXIS2_PLACEMENT_3D('',#740,#741,#742);
#740 = CARTESIAN_POINT('',(-3.,-180.,112.67949192431));
#741 = DIRECTION('',(1.,0.,0.));
#742 = DIRECTION('',(-0.,0.,1.));
#743 = PCURVE('',#126,#744);
#744 = DEFINITIONAL_REPRESENTATION('',(#745),#753);
#745 = ( BOUNDED_CURVE() B_SPLINE_CURVE(2,(#746,#747,#748,#749,#750,#751
,#752),.UNSPECIFIED.,.T.,.F.) B_SPLINE_CURVE_WITH_KNOTS((1,2,2,2,2,1),(
    -2.094395102393,0.,2.094395102393,4.188790204786,6.28318530718,
8.377580409573),.UNSPECIFIED.) CURVE() GEOMETRIC_REPRESENTATION_ITEM() 
RATIONAL_B_SPLINE_CURVE((1.,0.5,1.,0.5,1.,0.5,1.)) REPRESENTATION_ITEM(
  '') );
#746 = CARTESIAN_POINT('',(-44.87949192431,-42.5));
#747 = CARTESIAN_POINT('',(-44.87949192431,-38.68948822334));
#748 = CARTESIAN_POINT('',(-41.57949192431,-40.59474411167));
#749 = CARTESIAN_POINT('',(-38.27949192431,-42.5));
#750 = CARTESIAN_POINT('',(-41.57949192431,-44.40525588832));
#751 = CARTESIAN_POINT('',(-44.87949192431,-46.31051177665));
#752 = CARTESIAN_POINT('',(-44.87949192431,-42.5));
#753 = ( GEOMETRIC_REPRESENTATION_CONTEXT(2) 
PARAMETRIC_REPRESENTATION_CONTEXT() REPRESENTATION_CONTEXT('2D SPACE',''
  ) );
#754 = PCURVE('',#755,#760);
#755 = CYLINDRICAL_SURFACE('',#756,2.2);
#756 = AXIS2_PLACEMENT_3D('',#757,#758,#759);
#757 = CARTESIAN_POINT('',(-4.,-180.,112.67949192431));
#758 = DIRECTION('',(1.,0.,0.));
#759 = DIRECTION('',(-0.,0.,1.));
#760 = DEFINITIONAL_REPRESENTATION('',(#761),#765);
#761 = LINE('',#762,#763);
#762 = CARTESIAN_POINT('',(0.,1.));
#763 = VECTOR('',#764,1.);
#764 = DIRECTION('',(1.,0.));
#765 = ( GEOMETRIC_REPRESENTATION_CONTEXT(2) 
PARAMETRIC_REPRESENTATION_CONTEXT() REPRESENTATION_CONTEXT('2D SPACE',''
  ) );
#766 = FACE_BOUND('',#767,.T.);
#767 = EDGE_LOOP('',(#768));
#768 = ORIENTED_EDGE('',*,*,#769,.T.);
#769 = EDGE_CURVE('',#770,#770,#772,.T.);
#770 = VERTEX_POINT('',#771);
#771 = CARTESIAN_POINT('',(-3.,-170.,144.3375));
#772 = SURFACE_CURVE('',#773,(#778,#789),.PCURVE_S1.);
#773 = CIRCLE('',#774,14.3375);
#774 = AXIS2_PLACEMENT_3D('',#775,#776,#777);
#775 = CARTESIAN_POINT('',(-3.,-170.,130.));
#776 = DIRECTION('',(1.,0.,0.));
#777 = DIRECTION('',(-0.,0.,1.));
#778 = PCURVE('',#126,#779);
#779 = DEFINITIONAL_REPRESENTATION('',(#780),#788);
#780 = ( BOUNDED_CURVE() B_SPLINE_CURVE(2,(#781,#782,#783,#784,#785,#786
,#787),.UNSPECIFIED.,.T.,.F.) B_SPLINE_CURVE_WITH_KNOTS((1,2,2,2,2,1),(
    -2.094395102393,0.,2.094395102393,4.188790204786,6.28318530718,
8.377580409573),.UNSPECIFIED.) CURVE() GEOMETRIC_REPRESENTATION_ITEM() 
RATIONAL_B_SPLINE_CURVE((1.,0.5,1.,0.5,1.,0.5,1.)) REPRESENTATION_ITEM(
  '') );
#781 = CARTESIAN_POINT('',(-74.3375,-52.5));
#782 = CARTESIAN_POINT('',(-74.3375,-27.66672154648));
#783 = CARTESIAN_POINT('',(-52.83125,-40.08336077324));
#784 = CARTESIAN_POINT('',(-31.325,-52.5));
#785 = CARTESIAN_POINT('',(-52.83125,-64.91663922675));
#786 = CARTESIAN_POINT('',(-74.3375,-77.33327845351));
#787 = CARTESIAN_POINT('',(-74.3375,-52.5));
#788 = ( GEOMETRIC_REPRESENTATION_CONTEXT(2) 
PARAMETRIC_REPRESENTATION_CONTEXT() REPRESENTATION_CONTEXT('2D SPACE',''
  ) );
#789 = PCURVE('',#790,#795);
#790 = CYLINDRICAL_SURFACE('',#791,14.3375);
#791 = AXIS2_PLACEMENT_3D('',#792,#793,#794);
#792 = CARTESIAN_POINT('',(-4.,-170.,130.));
#793 = DIRECTION('',(1.,0.,0.));
#794 = DIRECTION('',(-0.,0.,1.));
#795 = DEFINITIONAL_REPRESENTATION('',(#796),#800);
#796 = LINE('',#797,#798);
#797 = CARTESIAN_POINT('',(0.,1.));
#798 = VECTOR('',#799,1.);
#799 = DIRECTION('',(1.,0.));
#800 = ( GEOMETRIC_REPRESENTATION_CONTEXT(2) 
PARAMETRIC_REPRESENTATION_CONTEXT() REPRESENTATION_CONTEXT('2D SPACE',''
  ) );
#801 = FACE_BOUND('',#802,.T.);
#802 = EDGE_LOOP('',(#803));
#803 = ORIENTED_EDGE('',*,*,#804,.T.);
#804 = EDGE_CURVE('',#805,#805,#807,.T.);
#805 = VERTEX_POINT('',#806);
#806 = CARTESIAN_POINT('',(-3.,-180.,149.52050807568));
#807 = SURFACE_CURVE('',#808,(#813,#824),.PCURVE_S1.);
#808 = CIRCLE('',#809,2.2);
#809 = AXIS2_PLACEMENT_3D('',#810,#811,#812);
#810 = CARTESIAN_POINT('',(-3.,-180.,147.32050807568));
#811 = DIRECTION('',(1.,0.,0.));
#812 = DIRECTION('',(-0.,0.,1.));
#813 = PCURVE('',#126,#814);
#814 = DEFINITIONAL_REPRESENTATION('',(#815),#823);
#815 = ( BOUNDED_CURVE() B_SPLINE_CURVE(2,(#816,#817,#818,#819,#820,#821
,#822),.UNSPECIFIED.,.T.,.F.) B_SPLINE_CURVE_WITH_KNOTS((1,2,2,2,2,1),(
    -2.094395102393,0.,2.094395102393,4.188790204786,6.28318530718,
8.377580409573),.UNSPECIFIED.) CURVE() GEOMETRIC_REPRESENTATION_ITEM() 
RATIONAL_B_SPLINE_CURVE((1.,0.5,1.,0.5,1.,0.5,1.)) REPRESENTATION_ITEM(
  '') );
#816 = CARTESIAN_POINT('',(-79.52050807568,-42.5));
#817 = CARTESIAN_POINT('',(-79.52050807568,-38.68948822334));
#818 = CARTESIAN_POINT('',(-76.22050807568,-40.59474411167));
#819 = CARTESIAN_POINT('',(-72.92050807568,-42.5));
#820 = CARTESIAN_POINT('',(-76.22050807568,-44.40525588832));
#821 = CARTESIAN_POINT('',(-79.52050807568,-46.31051177665));
#822 = CARTESIAN_POINT('',(-79.52050807568,-42.5));
#823 = ( GEOMETRIC_REPRESENTATION_CONTEXT(2) 
PARAMETRIC_REPRESENTATION_CONTEXT() REPRESENTATION_CONTEXT('2D SPACE',''
  ) );
#824 = PCURVE('',#825,#830);
#825 = CYLINDRICAL_SURFACE('',#826,2.2);
#826 = AXIS2_PLACEMENT_3D('',#827,#828,#829);
#827 = CARTESIAN_POINT('',(-4.,-180.,147.32050807568));
#828 = DIRECTION('',(1.,0.,0.));
#829 = DIRECTION('',(-0.,0.,1.));
#830 = DEFINITIONAL_REPRESENTATION('',(#831),#835);
#831 = LINE('',#832,#833);
#832 = CARTESIAN_POINT('',(0.,1.));
#833 = VECTOR('',#834,1.);
#834 = DIRECTION('',(1.,0.));
#835 = ( GEOMETRIC_REPRESENTATION_CONTEXT(2) 
PARAMETRIC_REPRESENTATION_CONTEXT() REPRESENTATION_CONTEXT('2D SPACE',''
  ) );
#836 = FACE_BOUND('',#837,.T.);
#837 = EDGE_LOOP('',(#838));
#838 = ORIENTED_EDGE('',*,*,#839,.T.);
#839 = EDGE_CURVE('',#840,#840,#842,.T.);
#840 = VERTEX_POINT('',#841);
#841 = CARTESIAN_POINT('',(-3.,-150.,132.2));
#842 = SURFACE_CURVE('',#843,(#848,#859),.PCURVE_S1.);
#843 = CIRCLE('',#844,2.2);
#844 = AXIS2_PLACEMENT_3D('',#845,#846,#847);
#845 = CARTESIAN_POINT('',(-3.,-150.,130.));
#846 = DIRECTION('',(1.,0.,0.));
#847 = DIRECTION('',(-0.,0.,1.));
#848 = PCURVE('',#126,#849);
#849 = DEFINITIONAL_REPRESENTATION('',(#850),#858);
#850 = ( BOUNDED_CURVE() B_SPLINE_CURVE(2,(#851,#852,#853,#854,#855,#856
,#857),.UNSPECIFIED.,.T.,.F.) B_SPLINE_CURVE_WITH_KNOTS((1,2,2,2,2,1),(
    -2.094395102393,0.,2.094395102393,4.188790204786,6.28318530718,
8.377580409573),.UNSPECIFIED.) CURVE() GEOMETRIC_REPRESENTATION_ITEM() 
RATIONAL_B_SPLINE_CURVE((1.,0.5,1.,0.5,1.,0.5,1.)) REPRESENTATION_ITEM(
  '') );
#851 = CARTESIAN_POINT('',(-62.2,-72.5));
#852 = CARTESIAN_POINT('',(-62.2,-68.68948822334));
#853 = CARTESIAN_POINT('',(-58.9,-70.59474411167));
#854 = CARTESIAN_POINT('',(-55.6,-72.5));
#855 = CARTESIAN_POINT('',(-58.9,-74.40525588832));
#856 = CARTESIAN_POINT('',(-62.2,-76.31051177665));
#857 = CARTESIAN_POINT('',(-62.2,-72.5));
#858 = ( GEOMETRIC_REPRESENTATION_CONTEXT(2) 
PARAMETRIC_REPRESENTATION_CONTEXT() REPRESENTATION_CONTEXT('2D SPACE',''
  ) );
#859 = PCURVE('',#860,#865);
#860 = CYLINDRICAL_SURFACE('',#861,2.2);
#861 = AXIS2_PLACEMENT_3D('',#862,#863,#864);
#862 = CARTESIAN_POINT('',(-4.,-150.,130.));
#863 = DIRECTION('',(1.,0.,0.));
#864 = DIRECTION('',(-0.,0.,1.));
#865 = DEFINITIONAL_REPRESENTATION('',(#866),#870);
#866 = LINE('',#867,#868);
#867 = CARTESIAN_POINT('',(0.,1.));
#868 = VECTOR('',#869,1.);
#869 = DIRECTION('',(1.,0.));
#870 = ( GEOMETRIC_REPRESENTATION_CONTEXT(2) 
PARAMETRIC_REPRESENTATION_CONTEXT() REPRESENTATION_CONTEXT('2D SPACE',''
  ) );
#871 = FACE_BOUND('',#872,.T.);
#872 = EDGE_LOOP('',(#873));
#873 = ORIENTED_EDGE('',*,*,#874,.T.);
#874 = EDGE_CURVE('',#875,#875,#877,.T.);
#875 = VERTEX_POINT('',#876);
#876 = CARTESIAN_POINT('',(-3.,-145.,154.87949192431));
#877 = SURFACE_CURVE('',#878,(#883,#894),.PCURVE_S1.);
#878 = CIRCLE('',#879,2.2);
#879 = AXIS2_PLACEMENT_3D('',#880,#881,#882);
#880 = CARTESIAN_POINT('',(-3.,-145.,152.67949192431));
#881 = DIRECTION('',(1.,0.,0.));
#882 = DIRECTION('',(-0.,0.,1.));
#883 = PCURVE('',#126,#884);
#884 = DEFINITIONAL_REPRESENTATION('',(#885),#893);
#885 = ( BOUNDED_CURVE() B_SPLINE_CURVE(2,(#886,#887,#888,#889,#890,#891
,#892),.UNSPECIFIED.,.T.,.F.) B_SPLINE_CURVE_WITH_KNOTS((1,2,2,2,2,1),(
    -2.094395102393,0.,2.094395102393,4.188790204786,6.28318530718,
8.377580409573),.UNSPECIFIED.) CURVE() GEOMETRIC_REPRESENTATION_ITEM() 
RATIONAL_B_SPLINE_CURVE((1.,0.5,1.,0.5,1.,0.5,1.)) REPRESENTATION_ITEM(
  '') );
#886 = CARTESIAN_POINT('',(-84.87949192431,-77.5));
#887 = CARTESIAN_POINT('',(-84.87949192431,-73.68948822334));
#888 = CARTESIAN_POINT('',(-81.57949192431,-75.59474411167));
#889 = CARTESIAN_POINT('',(-78.27949192431,-77.5));
#890 = CARTESIAN_POINT('',(-81.57949192431,-79.40525588832));
#891 = CARTESIAN_POINT('',(-84.87949192431,-81.31051177665));
#892 = CARTESIAN_POINT('',(-84.87949192431,-77.5));
#893 = ( GEOMETRIC_REPRESENTATION_CONTEXT(2) 
PARAMETRIC_REPRESENTATION_CONTEXT() REPRESENTATION_CONTEXT('2D SPACE',''
  ) );
#894 = PCURVE('',#895,#900);
#895 = CYLINDRICAL_SURFACE('',#896,2.2);
#896 = AXIS2_PLACEMENT_3D('',#897,#898,#899);
#897 = CARTESIAN_POINT('',(-4.,-145.,152.67949192431));
#898 = DIRECTION('',(1.,0.,0.));
#899 = DIRECTION('',(-0.,0.,1.));
#900 = DEFINITIONAL_REPRESENTATION('',(#901),#905);
#901 = LINE('',#902,#903);
#902 = CARTESIAN_POINT('',(0.,1.));
#903 = VECTOR('',#904,1.);
#904 = DIRECTION('',(1.,0.));
#905 = ( GEOMETRIC_REPRESENTATION_CONTEXT(2) 
PARAMETRIC_REPRESENTATION_CONTEXT() REPRESENTATION_CONTEXT('2D SPACE',''
  ) );
#906 = FACE_BOUND('',#907,.T.);
#907 = EDGE_LOOP('',(#908));
#908 = ORIENTED_EDGE('',*,*,#909,.T.);
#909 = EDGE_CURVE('',#910,#910,#912,.T.);
#910 = VERTEX_POINT('',#911);
#911 = CARTESIAN_POINT('',(-3.,-135.,184.3375));
#912 = SURFACE_CURVE('',#913,(#918,#929),.PCURVE_S1.);
#913 = CIRCLE('',#914,14.3375);
#914 = AXIS2_PLACEMENT_3D('',#915,#916,#917);
#915 = CARTESIAN_POINT('',(-3.,-135.,170.));
#916 = DIRECTION('',(1.,0.,0.));
#917 = DIRECTION('',(-0.,0.,1.));
#918 = PCURVE('',#126,#919);
#919 = DEFINITIONAL_REPRESENTATION('',(#920),#928);
#920 = ( BOUNDED_CURVE() B_SPLINE_CURVE(2,(#921,#922,#923,#924,#925,#926
,#927),.UNSPECIFIED.,.T.,.F.) B_SPLINE_CURVE_WITH_KNOTS((1,2,2,2,2,1),(
    -2.094395102393,0.,2.094395102393,4.188790204786,6.28318530718,
8.377580409573),.UNSPECIFIED.) CURVE() GEOMETRIC_REPRESENTATION_ITEM() 
RATIONAL_B_SPLINE_CURVE((1.,0.5,1.,0.5,1.,0.5,1.)) REPRESENTATION_ITEM(
  '') );
#921 = CARTESIAN_POINT('',(-114.3375,-87.5));
#922 = CARTESIAN_POINT('',(-114.3375,-62.66672154648));
#923 = CARTESIAN_POINT('',(-92.83125,-75.08336077324));
#924 = CARTESIAN_POINT('',(-71.325,-87.5));
#925 = CARTESIAN_POINT('',(-92.83125,-99.91663922675));
#926 = CARTESIAN_POINT('',(-114.3375,-112.3332784535));
#927 = CARTESIAN_POINT('',(-114.3375,-87.5));
#928 = ( GEOMETRIC_REPRESENTATION_CONTEXT(2) 
PARAMETRIC_REPRESENTATION_CONTEXT() REPRESENTATION_CONTEXT('2D SPACE',''
  ) );
#929 = PCURVE('',#930,#935);
#930 = CYLINDRICAL_SURFACE('',#931,14.3375);
#931 = AXIS2_PLACEMENT_3D('',#932,#933,#934);
#932 = CARTESIAN_POINT('',(-4.,-135.,170.));
#933 = DIRECTION('',(1.,0.,0.));
#934 = DIRECTION('',(-0.,0.,1.));
#935 = DEFINITIONAL_REPRESENTATION('',(#936),#940);
#936 = LINE('',#937,#938);
#937 = CARTESIAN_POINT('',(0.,1.));
#938 = VECTOR('',#939,1.);
#939 = DIRECTION('',(1.,0.));
#940 = ( GEOMETRIC_REPRESENTATION_CONTEXT(2) 
PARAMETRIC_REPRESENTATION_CONTEXT() REPRESENTATION_CONTEXT('2D SPACE',''
  ) );
#941 = FACE_BOUND('',#942,.T.);
#942 = EDGE_LOOP('',(#943));
#943 = ORIENTED_EDGE('',*,*,#944,.T.);
#944 = EDGE_CURVE('',#945,#945,#947,.T.);
#945 = VERTEX_POINT('',#946);
#946 = CARTESIAN_POINT('',(-3.,-145.,189.52050807568));
#947 = SURFACE_CURVE('',#948,(#953,#964),.PCURVE_S1.);
#948 = CIRCLE('',#949,2.2);
#949 = AXIS2_PLACEMENT_3D('',#950,#951,#952);
#950 = CARTESIAN_POINT('',(-3.,-145.,187.32050807568));
#951 = DIRECTION('',(1.,0.,0.));
#952 = DIRECTION('',(-0.,0.,1.));
#953 = PCURVE('',#126,#954);
#954 = DEFINITIONAL_REPRESENTATION('',(#955),#963);
#955 = ( BOUNDED_CURVE() B_SPLINE_CURVE(2,(#956,#957,#958,#959,#960,#961
,#962),.UNSPECIFIED.,.T.,.F.) B_SPLINE_CURVE_WITH_KNOTS((1,2,2,2,2,1),(
    -2.094395102393,0.,2.094395102393,4.188790204786,6.28318530718,
8.377580409573),.UNSPECIFIED.) CURVE() GEOMETRIC_REPRESENTATION_ITEM() 
RATIONAL_B_SPLINE_CURVE((1.,0.5,1.,0.5,1.,0.5,1.)) REPRESENTATION_ITEM(
  '') );
#956 = CARTESIAN_POINT('',(-119.5205080756,-77.5));
#957 = CARTESIAN_POINT('',(-119.5205080756,-73.68948822334));
#958 = CARTESIAN_POINT('',(-116.2205080756,-75.59474411167));
#959 = CARTESIAN_POINT('',(-112.9205080756,-77.5));
#960 = CARTESIAN_POINT('',(-116.2205080756,-79.40525588832));
#961 = CARTESIAN_POINT('',(-119.5205080756,-81.31051177665));
#962 = CARTESIAN_POINT('',(-119.5205080756,-77.5));
#963 = ( GEOMETRIC_REPRESENTATION_CONTEXT(2) 
PARAMETRIC_REPRESENTATION_CONTEXT() REPRESENTATION_CONTEXT('2D SPACE',''
  ) );
#964 = PCURVE('',#965,#970);
#965 = CYLINDRICAL_SURFACE('',#966,2.2);
#966 = AXIS2_PLACEMENT_3D('',#967,#968,#969);
#967 = CARTESIAN_POINT('',(-4.,-145.,187.32050807568));
#968 = DIRECTION('',(1.,0.,0.));
#969 = DIRECTION('',(-0.,0.,1.));
#970 = DEFINITIONAL_REPRESENTATION('',(#971),#975);
#971 = LINE('',#972,#973);
#972 = CARTESIAN_POINT('',(0.,1.));
#973 = VECTOR('',#974,1.);
#974 = DIRECTION('',(1.,0.));
#975 = ( GEOMETRIC_REPRESENTATION_CONTEXT(2) 
PARAMETRIC_REPRESENTATION_CONTEXT() REPRESENTATION_CONTEXT('2D SPACE',''
  ) );
#976 = FACE_BOUND('',#977,.T.);
#977 = EDGE_LOOP('',(#978));
#978 = ORIENTED_EDGE('',*,*,#979,.T.);
#979 = EDGE_CURVE('',#980,#980,#982,.T.);
#980 = VERTEX_POINT('',#981);
#981 = CARTESIAN_POINT('',(-3.,-115.,172.2));
#982 = SURFACE_CURVE('',#983,(#988,#999),.PCURVE_S1.);
#983 = CIRCLE('',#984,2.2);
#984 = AXIS2_PLACEMENT_3D('',#985,#986,#987);
#985 = CARTESIAN_POINT('',(-3.,-115.,170.));
#986 = DIRECTION('',(1.,0.,0.));
#987 = DIRECTION('',(-0.,0.,1.));
#988 = PCURVE('',#126,#989);
#989 = DEFINITIONAL_REPRESENTATION('',(#990),#998);
#990 = ( BOUNDED_CURVE() B_SPLINE_CURVE(2,(#991,#992,#993,#994,#995,#996
,#997),.UNSPECIFIED.,.T.,.F.) B_SPLINE_CURVE_WITH_KNOTS((1,2,2,2,2,1),(
    -2.094395102393,0.,2.094395102393,4.188790204786,6.28318530718,
8.377580409573),.UNSPECIFIED.) CURVE() GEOMETRIC_REPRESENTATION_ITEM() 
RATIONAL_B_SPLINE_CURVE((1.,0.5,1.,0.5,1.,0.5,1.)) REPRESENTATION_ITEM(
  '') );
#991 = CARTESIAN_POINT('',(-102.2,-107.5));
#992 = CARTESIAN_POINT('',(-102.2,-103.6894882233));
#993 = CARTESIAN_POINT('',(-98.9,-105.5947441116));
#994 = CARTESIAN_POINT('',(-95.6,-107.5));
#995 = CARTESIAN_POINT('',(-98.9,-109.4052558883));
#996 = CARTESIAN_POINT('',(-102.2,-111.3105117766));
#997 = CARTESIAN_POINT('',(-102.2,-107.5));
#998 = ( GEOMETRIC_REPRESENTATION_CONTEXT(2) 
PARAMETRIC_REPRESENTATION_CONTEXT() REPRESENTATION_CONTEXT('2D SPACE',''
  ) );
#999 = PCURVE('',#1000,#1005);
#1000 = CYLINDRICAL_SURFACE('',#1001,2.2);
#1001 = AXIS2_PLACEMENT_3D('',#1002,#1003,#1004);
#1002 = CARTESIAN_POINT('',(-4.,-115.,170.));
#1003 = DIRECTION('',(1.,0.,0.));
#1004 = DIRECTION('',(-0.,0.,1.));
#1005 = DEFINITIONAL_REPRESENTATION('',(#1006),#1010);
#1006 = LINE('',#1007,#1008);
#1007 = CARTESIAN_POINT('',(0.,1.));
#1008 = VECTOR('',#1009,1.);
#1009 = DIRECTION('',(1.,0.));
#1010 = ( GEOMETRIC_REPRESENTATION_CONTEXT(2) 
PARAMETRIC_REPRESENTATION_CONTEXT() REPRESENTATION_CONTEXT('2D SPACE',''
  ) );
#1011 = FACE_BOUND('',#1012,.T.);
#1012 = EDGE_LOOP('',(#1013));
#1013 = ORIENTED_EDGE('',*,*,#1014,.T.);
#1014 = EDGE_CURVE('',#1015,#1015,#1017,.T.);
#1015 = VERTEX_POINT('',#1016);
#1016 = CARTESIAN_POINT('',(-3.,-110.,194.87949192431));
#1017 = SURFACE_CURVE('',#1018,(#1023,#1034),.PCURVE_S1.);
#1018 = CIRCLE('',#1019,2.2);
#1019 = AXIS2_PLACEMENT_3D('',#1020,#1021,#1022);
#1020 = CARTESIAN_POINT('',(-3.,-110.,192.67949192431));
#1021 = DIRECTION('',(1.,0.,0.));
#1022 = DIRECTION('',(-0.,0.,1.));
#1023 = PCURVE('',#126,#1024);
#1024 = DEFINITIONAL_REPRESENTATION('',(#1025),#1033);
#1025 = ( BOUNDED_CURVE() B_SPLINE_CURVE(2,(#1026,#1027,#1028,#1029,
#1030,#1031,#1032),.UNSPECIFIED.,.T.,.F.) B_SPLINE_CURVE_WITH_KNOTS((1,2
    ,2,2,2,1),(-2.094395102393,0.,2.094395102393,4.188790204786,
6.28318530718,8.377580409573),.UNSPECIFIED.) CURVE() 
GEOMETRIC_REPRESENTATION_ITEM() RATIONAL_B_SPLINE_CURVE((1.,0.5,1.,0.5,
1.,0.5,1.)) REPRESENTATION_ITEM('') );
#1026 = CARTESIAN_POINT('',(-124.8794919243,-112.5));
#1027 = CARTESIAN_POINT('',(-124.8794919243,-108.6894882233));
#1028 = CARTESIAN_POINT('',(-121.5794919243,-110.5947441116));
#1029 = CARTESIAN_POINT('',(-118.2794919243,-112.5));
#1030 = CARTESIAN_POINT('',(-121.5794919243,-114.4052558883));
#1031 = CARTESIAN_POINT('',(-124.8794919243,-116.3105117766));
#1032 = CARTESIAN_POINT('',(-124.8794919243,-112.5));
#1033 = ( GEOMETRIC_REPRESENTATION_CONTEXT(2) 
PARAMETRIC_REPRESENTATION_CONTEXT() REPRESENTATION_CONTEXT('2D SPACE',''
  ) );
#1034 = PCURVE('',#1035,#1040);
#1035 = CYLINDRICAL_SURFACE('',#1036,2.2);
#1036 = AXIS2_PLACEMENT_3D('',#1037,#1038,#1039);
#1037 = CARTESIAN_POINT('',(-4.,-110.,192.67949192431));
#1038 = DIRECTION('',(1.,0.,0.));
#1039 = DIRECTION('',(-0.,0.,1.));
#1040 = DEFINITIONAL_REPRESENTATION('',(#1041),#1045);
#1041 = LINE('',#1042,#1043);
#1042 = CARTESIAN_POINT('',(0.,1.));
#1043 = VECTOR('',#1044,1.);
#1044 = DIRECTION('',(1.,0.));
#1045 = ( GEOMETRIC_REPRESENTATION_CONTEXT(2) 
PARAMETRIC_REPRESENTATION_CONTEXT() REPRESENTATION_CONTEXT('2D SPACE',''
  ) );
#1046 = FACE_BOUND('',#1047,.T.);
#1047 = EDGE_LOOP('',(#1048));
#1048 = ORIENTED_EDGE('',*,*,#1049,.T.);
#1049 = EDGE_CURVE('',#1050,#1050,#1052,.T.);
#1050 = VERTEX_POINT('',#1051);
#1051 = CARTESIAN_POINT('',(-3.,-100.,224.3375));
#1052 = SURFACE_CURVE('',#1053,(#1058,#1069),.PCURVE_S1.);
#1053 = CIRCLE('',#1054,14.3375);
#1054 = AXIS2_PLACEMENT_3D('',#1055,#1056,#1057);
#1055 = CARTESIAN_POINT('',(-3.,-100.,210.));
#1056 = DIRECTION('',(1.,0.,0.));
#1057 = DIRECTION('',(-0.,0.,1.));
#1058 = PCURVE('',#126,#1059);
#1059 = DEFINITIONAL_REPRESENTATION('',(#1060),#1068);
#1060 = ( BOUNDED_CURVE() B_SPLINE_CURVE(2,(#1061,#1062,#1063,#1064,
#1065,#1066,#1067),.UNSPECIFIED.,.T.,.F.) B_SPLINE_CURVE_WITH_KNOTS((1,2
    ,2,2,2,1),(-2.094395102393,0.,2.094395102393,4.188790204786,
6.28318530718,8.377580409573),.UNSPECIFIED.) CURVE() 
GEOMETRIC_REPRESENTATION_ITEM() RATIONAL_B_SPLINE_CURVE((1.,0.5,1.,0.5,
1.,0.5,1.)) REPRESENTATION_ITEM('') );
#1061 = CARTESIAN_POINT('',(-154.3375,-122.5));
#1062 = CARTESIAN_POINT('',(-154.3375,-97.66672154648));
#1063 = CARTESIAN_POINT('',(-132.83125,-110.0833607732));
#1064 = CARTESIAN_POINT('',(-111.325,-122.5));
#1065 = CARTESIAN_POINT('',(-132.83125,-134.9166392267));
#1066 = CARTESIAN_POINT('',(-154.3375,-147.3332784535));
#1067 = CARTESIAN_POINT('',(-154.3375,-122.5));
#1068 = ( GEOMETRIC_REPRESENTATION_CONTEXT(2) 
PARAMETRIC_REPRESENTATION_CONTEXT() REPRESENTATION_CONTEXT('2D SPACE',''
  ) );
#1069 = PCURVE('',#1070,#1075);
#1070 = CYLINDRICAL_SURFACE('',#1071,14.3375);
#1071 = AXIS2_PLACEMENT_3D('',#1072,#1073,#1074);
#1072 = CARTESIAN_POINT('',(-4.,-100.,210.));
#1073 = DIRECTION('',(1.,0.,0.));
#1074 = DIRECTION('',(-0.,0.,1.));
#1075 = DEFINITIONAL_REPRESENTATION('',(#1076),#1080);
#1076 = LINE('',#1077,#1078);
#1077 = CARTESIAN_POINT('',(0.,1.));
#1078 = VECTOR('',#1079,1.);
#1079 = DIRECTION('',(1.,0.));
#1080 = ( GEOMETRIC_REPRESENTATION_CONTEXT(2) 
PARAMETRIC_REPRESENTATION_CONTEXT() REPRESENTATION_CONTEXT('2D SPACE',''
  ) );
#1081 = FACE_BOUND('',#1082,.T.);
#1082 = EDGE_LOOP('',(#1083));
#1083 = ORIENTED_EDGE('',*,*,#1084,.T.);
#1084 = EDGE_CURVE('',#1085,#1085,#1087,.T.);
#1085 = VERTEX_POINT('',#1086);
#1086 = CARTESIAN_POINT('',(-3.,-110.,229.52050807568));
#1087 = SURFACE_CURVE('',#1088,(#1093,#1104),.PCURVE_S1.);
#1088 = CIRCLE('',#1089,2.2);
#1089 = AXIS2_PLACEMENT_3D('',#1090,#1091,#1092);
#1090 = CARTESIAN_POINT('',(-3.,-110.,227.32050807568));
#1091 = DIRECTION('',(1.,0.,0.));
#1092 = DIRECTION('',(-0.,0.,1.));
#1093 = PCURVE('',#126,#1094);
#1094 = DEFINITIONAL_REPRESENTATION('',(#1095),#1103);
#1095 = ( BOUNDED_CURVE() B_SPLINE_CURVE(2,(#1096,#1097,#1098,#1099,
#1100,#1101,#1102),.UNSPECIFIED.,.T.,.F.) B_SPLINE_CURVE_WITH_KNOTS((1,2
    ,2,2,2,1),(-2.094395102393,0.,2.094395102393,4.188790204786,
6.28318530718,8.377580409573),.UNSPECIFIED.) CURVE() 
GEOMETRIC_REPRESENTATION_ITEM() RATIONAL_B_SPLINE_CURVE((1.,0.5,1.,0.5,
1.,0.5,1.)) REPRESENTATION_ITEM('') );
#1096 = CARTESIAN_POINT('',(-159.5205080756,-112.5));
#1097 = CARTESIAN_POINT('',(-159.5205080756,-108.6894882233));
#1098 = CARTESIAN_POINT('',(-156.2205080756,-110.5947441116));
#1099 = CARTESIAN_POINT('',(-152.9205080756,-112.5));
#1100 = CARTESIAN_POINT('',(-156.2205080756,-114.4052558883));
#1101 = CARTESIAN_POINT('',(-159.5205080756,-116.3105117766));
#1102 = CARTESIAN_POINT('',(-159.5205080756,-112.5));
#1103 = ( GEOMETRIC_REPRESENTATION_CONTEXT(2) 
PARAMETRIC_REPRESENTATION_CONTEXT() REPRESENTATION_CONTEXT('2D SPACE',''
  ) );
#1104 = PCURVE('',#1105,#1110);
#1105 = CYLINDRICAL_SURFACE('',#1106,2.2);
#1106 = AXIS2_PLACEMENT_3D('',#1107,#1108,#1109);
#1107 = CARTESIAN_POINT('',(-4.,-110.,227.32050807568));
#1108 = DIRECTION('',(1.,0.,0.));
#1109 = DIRECTION('',(-0.,0.,1.));
#1110 = DEFINITIONAL_REPRESENTATION('',(#1111),#1115);
#1111 = LINE('',#1112,#1113);
#1112 = CARTESIAN_POINT('',(0.,1.));
#1113 = VECTOR('',#1114,1.);
#1114 = DIRECTION('',(1.,0.));
#1115 = ( GEOMETRIC_REPRESENTATION_CONTEXT(2) 
PARAMETRIC_REPRESENTATION_CONTEXT() REPRESENTATION_CONTEXT('2D SPACE',''
  ) );
#1116 = FACE_BOUND('',#1117,.T.);
#1117 = EDGE_LOOP('',(#1118));
#1118 = ORIENTED_EDGE('',*,*,#1119,.T.);
#1119 = EDGE_CURVE('',#1120,#1120,#1122,.T.);
#1120 = VERTEX_POINT('',#1121);
#1121 = CARTESIAN_POINT('',(-3.,-80.,212.2));
#1122 = SURFACE_CURVE('',#1123,(#1128,#1139),.PCURVE_S1.);
#1123 = CIRCLE('',#1124,2.2);
#1124 = AXIS2_PLACEMENT_3D('',#1125,#1126,#1127);
#1125 = CARTESIAN_POINT('',(-3.,-80.,210.));
#1126 = DIRECTION('',(1.,0.,0.));
#1127 = DIRECTION('',(-0.,0.,1.));
#1128 = PCURVE('',#126,#1129);
#1129 = DEFINITIONAL_REPRESENTATION('',(#1130),#1138);
#1130 = ( BOUNDED_CURVE() B_SPLINE_CURVE(2,(#1131,#1132,#1133,#1134,
#1135,#1136,#1137),.UNSPECIFIED.,.T.,.F.) B_SPLINE_CURVE_WITH_KNOTS((1,2
    ,2,2,2,1),(-2.094395102393,0.,2.094395102393,4.188790204786,
6.28318530718,8.377580409573),.UNSPECIFIED.) CURVE() 
GEOMETRIC_REPRESENTATION_ITEM() RATIONAL_B_SPLINE_CURVE((1.,0.5,1.,0.5,
1.,0.5,1.)) REPRESENTATION_ITEM('') );
#1131 = CARTESIAN_POINT('',(-142.2,-142.5));
#1132 = CARTESIAN_POINT('',(-142.2,-138.6894882233));
#1133 = CARTESIAN_POINT('',(-138.9,-140.5947441116));
#1134 = CARTESIAN_POINT('',(-135.6,-142.5));
#1135 = CARTESIAN_POINT('',(-138.9,-144.4052558883));
#1136 = CARTESIAN_POINT('',(-142.2,-146.3105117766));
#1137 = CARTESIAN_POINT('',(-142.2,-142.5));
#1138 = ( GEOMETRIC_REPRESENTATION_CONTEXT(2) 
PARAMETRIC_REPRESENTATION_CONTEXT() REPRESENTATION_CONTEXT('2D SPACE',''
  ) );
#1139 = PCURVE('',#1140,#1145);
#1140 = CYLINDRICAL_SURFACE('',#1141,2.2);
#1141 = AXIS2_PLACEMENT_3D('',#1142,#1143,#1144);
#1142 = CARTESIAN_POINT('',(-4.,-80.,210.));
#1143 = DIRECTION('',(1.,0.,0.));
#1144 = DIRECTION('',(-0.,0.,1.));
#1145 = DEFINITIONAL_REPRESENTATION('',(#1146),#1150);
#1146 = LINE('',#1147,#1148);
#1147 = CARTESIAN_POINT('',(0.,1.));
#1148 = VECTOR('',#1149,1.);
#1149 = DIRECTION('',(1.,0.));
#1150 = ( GEOMETRIC_REPRESENTATION_CONTEXT(2) 
PARAMETRIC_REPRESENTATION_CONTEXT() REPRESENTATION_CONTEXT('2D SPACE',''
  ) );
#1151 = FACE_BOUND('',#1152,.T.);
#1152 = EDGE_LOOP('',(#1153));
#1153 = ORIENTED_EDGE('',*,*,#1154,.T.);
#1154 = EDGE_CURVE('',#1155,#1155,#1157,.T.);
#1155 = VERTEX_POINT('',#1156);
#1156 = CARTESIAN_POINT('',(-3.,-75.,234.87949192431));
#1157 = SURFACE_CURVE('',#1158,(#1163,#1174),.PCURVE_S1.);
#1158 = CIRCLE('',#1159,2.2);
#1159 = AXIS2_PLACEMENT_3D('',#1160,#1161,#1162);
#1160 = CARTESIAN_POINT('',(-3.,-75.,232.67949192431));
#1161 = DIRECTION('',(1.,0.,0.));
#1162 = DIRECTION('',(-0.,0.,1.));
#1163 = PCURVE('',#126,#1164);
#1164 = DEFINITIONAL_REPRESENTATION('',(#1165),#1173);
#1165 = ( BOUNDED_CURVE() B_SPLINE_CURVE(2,(#1166,#1167,#1168,#1169,
#1170,#1171,#1172),.UNSPECIFIED.,.T.,.F.) B_SPLINE_CURVE_WITH_KNOTS((1,2
    ,2,2,2,1),(-2.094395102393,0.,2.094395102393,4.188790204786,
6.28318530718,8.377580409573),.UNSPECIFIED.) CURVE() 
GEOMETRIC_REPRESENTATION_ITEM() RATIONAL_B_SPLINE_CURVE((1.,0.5,1.,0.5,
1.,0.5,1.)) REPRESENTATION_ITEM('') );
#1166 = CARTESIAN_POINT('',(-164.8794919243,-147.5));
#1167 = CARTESIAN_POINT('',(-164.8794919243,-143.6894882233));
#1168 = CARTESIAN_POINT('',(-161.5794919243,-145.5947441116));
#1169 = CARTESIAN_POINT('',(-158.2794919243,-147.5));
#1170 = CARTESIAN_POINT('',(-161.5794919243,-149.4052558883));
#1171 = CARTESIAN_POINT('',(-164.8794919243,-151.3105117766));
#1172 = CARTESIAN_POINT('',(-164.8794919243,-147.5));
#1173 = ( GEOMETRIC_REPRESENTATION_CONTEXT(2) 
PARAMETRIC_REPRESENTATION_CONTEXT() REPRESENTATION_CONTEXT('2D SPACE',''
  ) );
#1174 = PCURVE('',#1175,#1180);
#1175 = CYLINDRICAL_SURFACE('',#1176,2.2);
#1176 = AXIS2_PLACEMENT_3D('',#1177,#1178,#1179);
#1177 = CARTESIAN_POINT('',(-4.,-75.,232.67949192431));
#1178 = DIRECTION('',(1.,0.,0.));
#1179 = DIRECTION('',(-0.,0.,1.));
#1180 = DEFINITIONAL_REPRESENTATION('',(#1181),#1185);
#1181 = LINE('',#1182,#1183);
#1182 = CARTESIAN_POINT('',(0.,1.));
#1183 = VECTOR('',#1184,1.);
#1184 = DIRECTION('',(1.,0.));
#1185 = ( GEOMETRIC_REPRESENTATION_CONTEXT(2) 
PARAMETRIC_REPRESENTATION_CONTEXT() REPRESENTATION_CONTEXT('2D SPACE',''
  ) );
#1186 = FACE_BOUND('',#1187,.T.);
#1187 = EDGE_LOOP('',(#1188));
#1188 = ORIENTED_EDGE('',*,*,#1189,.T.);
#1189 = EDGE_CURVE('',#1190,#1190,#1192,.T.);
#1190 = VERTEX_POINT('',#1191);
#1191 = CARTESIAN_POINT('',(-3.,-65.,264.3375));
#1192 = SURFACE_CURVE('',#1193,(#1198,#1209),.PCURVE_S1.);
#1193 = CIRCLE('',#1194,14.3375);
#1194 = AXIS2_PLACEMENT_3D('',#1195,#1196,#1197);
#1195 = CARTESIAN_POINT('',(-3.,-65.,250.));
#1196 = DIRECTION('',(1.,0.,0.));
#1197 = DIRECTION('',(-0.,0.,1.));
#1198 = PCURVE('',#126,#1199);
#1199 = DEFINITIONAL_REPRESENTATION('',(#1200),#1208);
#1200 = ( BOUNDED_CURVE() B_SPLINE_CURVE(2,(#1201,#1202,#1203,#1204,
#1205,#1206,#1207),.UNSPECIFIED.,.T.,.F.) B_SPLINE_CURVE_WITH_KNOTS((1,2
    ,2,2,2,1),(-2.094395102393,0.,2.094395102393,4.188790204786,
6.28318530718,8.377580409573),.UNSPECIFIED.) CURVE() 
GEOMETRIC_REPRESENTATION_ITEM() RATIONAL_B_SPLINE_CURVE((1.,0.5,1.,0.5,
1.,0.5,1.)) REPRESENTATION_ITEM('') );
#1201 = CARTESIAN_POINT('',(-194.3375,-157.5));
#1202 = CARTESIAN_POINT('',(-194.3375,-132.6667215464));
#1203 = CARTESIAN_POINT('',(-172.83125,-145.0833607732));
#1204 = CARTESIAN_POINT('',(-151.325,-157.5));
#1205 = CARTESIAN_POINT('',(-172.83125,-169.9166392267));
#1206 = CARTESIAN_POINT('',(-194.3375,-182.3332784535));
#1207 = CARTESIAN_POINT('',(-194.3375,-157.5));
#1208 = ( GEOMETRIC_REPRESENTATION_CONTEXT(2) 
PARAMETRIC_REPRESENTATION_CONTEXT() REPRESENTATION_CONTEXT('2D SPACE',''
  ) );
#1209 = PCURVE('',#1210,#1215);
#1210 = CYLINDRICAL_SURFACE('',#1211,14.3375);
#1211 = AXIS2_PLACEMENT_3D('',#1212,#1213,#1214);
#1212 = CARTESIAN_POINT('',(-4.,-65.,250.));
#1213 = DIRECTION('',(1.,0.,0.));
#1214 = DIRECTION('',(-0.,0.,1.));
#1215 = DEFINITIONAL_REPRESENTATION('',(#1216),#1220);
#1216 = LINE('',#1217,#1218);
#1217 = CARTESIAN_POINT('',(0.,1.));
#1218 = VECTOR('',#1219,1.);
#1219 = DIRECTION('',(1.,0.));
#1220 = ( GEOMETRIC_REPRESENTATION_CONTEXT(2) 
PARAMETRIC_REPRESENTATION_CONTEXT() REPRESENTATION_CONTEXT('2D SPACE',''
  ) );
#1221 = FACE_BOUND('',#1222,.T.);
#1222 = EDGE_LOOP('',(#1223));
#1223 = ORIENTED_EDGE('',*,*,#1224,.T.);
#1224 = EDGE_CURVE('',#1225,#1225,#1227,.T.);
#1225 = VERTEX_POINT('',#1226);
#1226 = CARTESIAN_POINT('',(-3.,-75.,269.52050807568));
#1227 = SURFACE_CURVE('',#1228,(#1233,#1244),.PCURVE_S1.);
#1228 = CIRCLE('',#1229,2.2);
#1229 = AXIS2_PLACEMENT_3D('',#1230,#1231,#1232);
#1230 = CARTESIAN_POINT('',(-3.,-75.,267.32050807568));
#1231 = DIRECTION('',(1.,0.,0.));
#1232 = DIRECTION('',(-0.,0.,1.));
#1233 = PCURVE('',#126,#1234);
#1234 = DEFINITIONAL_REPRESENTATION('',(#1235),#1243);
#1235 = ( BOUNDED_CURVE() B_SPLINE_CURVE(2,(#1236,#1237,#1238,#1239,
#1240,#1241,#1242),.UNSPECIFIED.,.T.,.F.) B_SPLINE_CURVE_WITH_KNOTS((1,2
    ,2,2,2,1),(-2.094395102393,0.,2.094395102393,4.188790204786,
6.28318530718,8.377580409573),.UNSPECIFIED.) CURVE() 
GEOMETRIC_REPRESENTATION_ITEM() RATIONAL_B_SPLINE_CURVE((1.,0.5,1.,0.5,
1.,0.5,1.)) REPRESENTATION_ITEM('') );
#1236 = CARTESIAN_POINT('',(-199.5205080756,-147.5));
#1237 = CARTESIAN_POINT('',(-199.5205080756,-143.6894882233));
#1238 = CARTESIAN_POINT('',(-196.2205080756,-145.5947441116));
#1239 = CARTESIAN_POINT('',(-192.9205080756,-147.5));
#1240 = CARTESIAN_POINT('',(-196.2205080756,-149.4052558883));
#1241 = CARTESIAN_POINT('',(-199.5205080756,-151.3105117766));
#1242 = CARTESIAN_POINT('',(-199.5205080756,-147.5));
#1243 = ( GEOMETRIC_REPRESENTATION_CONTEXT(2) 
PARAMETRIC_REPRESENTATION_CONTEXT() REPRESENTATION_CONTEXT('2D SPACE',''
  ) );
#1244 = PCURVE('',#1245,#1250);
#1245 = CYLINDRICAL_SURFACE('',#1246,2.2);
#1246 = AXIS2_PLACEMENT_3D('',#1247,#1248,#1249);
#1247 = CARTESIAN_POINT('',(-4.,-75.,267.32050807568));
#1248 = DIRECTION('',(1.,0.,0.));
#1249 = DIRECTION('',(-0.,0.,1.));
#1250 = DEFINITIONAL_REPRESENTATION('',(#1251),#1255);
#1251 = LINE('',#1252,#1253);
#1252 = CARTESIAN_POINT('',(0.,1.));
#1253 = VECTOR('',#1254,1.);
#1254 = DIRECTION('',(1.,0.));
#1255 = ( GEOMETRIC_REPRESENTATION_CONTEXT(2) 
PARAMETRIC_REPRESENTATION_CONTEXT() REPRESENTATION_CONTEXT('2D SPACE',''
  ) );
#1256 = FACE_BOUND('',#1257,.T.);
#1257 = EDGE_LOOP('',(#1258));
#1258 = ORIENTED_EDGE('',*,*,#1259,.T.);
#1259 = EDGE_CURVE('',#1260,#1260,#1262,.T.);
#1260 = VERTEX_POINT('',#1261);
#1261 = CARTESIAN_POINT('',(-3.,-45.,252.2));
#1262 = SURFACE_CURVE('',#1263,(#1268,#1279),.PCURVE_S1.);
#1263 = CIRCLE('',#1264,2.2);
#1264 = AXIS2_PLACEMENT_3D('',#1265,#1266,#1267);
#1265 = CARTESIAN_POINT('',(-3.,-45.,250.));
#1266 = DIRECTION('',(1.,0.,0.));
#1267 = DIRECTION('',(-0.,0.,1.));
#1268 = PCURVE('',#126,#1269);
#1269 = DEFINITIONAL_REPRESENTATION('',(#1270),#1278);
#1270 = ( BOUNDED_CURVE() B_SPLINE_CURVE(2,(#1271,#1272,#1273,#1274,
#1275,#1276,#1277),.UNSPECIFIED.,.T.,.F.) B_SPLINE_CURVE_WITH_KNOTS((1,2
    ,2,2,2,1),(-2.094395102393,0.,2.094395102393,4.188790204786,
6.28318530718,8.377580409573),.UNSPECIFIED.) CURVE() 
GEOMETRIC_REPRESENTATION_ITEM() RATIONAL_B_SPLINE_CURVE((1.,0.5,1.,0.5,
1.,0.5,1.)) REPRESENTATION_ITEM('') );
#1271 = CARTESIAN_POINT('',(-182.2,-177.5));
#1272 = CARTESIAN_POINT('',(-182.2,-173.6894882233));
#1273 = CARTESIAN_POINT('',(-178.9,-175.5947441116));
#1274 = CARTESIAN_POINT('',(-175.6,-177.5));
#1275 = CARTESIAN_POINT('',(-178.9,-179.4052558883));
#1276 = CARTESIAN_POINT('',(-182.2,-181.3105117766));
#1277 = CARTESIAN_POINT('',(-182.2,-177.5));
#1278 = ( GEOMETRIC_REPRESENTATION_CONTEXT(2) 
PARAMETRIC_REPRESENTATION_CONTEXT() REPRESENTATION_CONTEXT('2D SPACE',''
  ) );
#1279 = PCURVE('',#1280,#1285);
#1280 = CYLINDRICAL_SURFACE('',#1281,2.2);
#1281 = AXIS2_PLACEMENT_3D('',#1282,#1283,#1284);
#1282 = CARTESIAN_POINT('',(-4.,-45.,250.));
#1283 = DIRECTION('',(1.,0.,0.));
#1284 = DIRECTION('',(-0.,0.,1.));
#1285 = DEFINITIONAL_REPRESENTATION('',(#1286),#1290);
#1286 = LINE('',#1287,#1288);
#1287 = CARTESIAN_POINT('',(0.,1.));
#1288 = VECTOR('',#1289,1.);
#1289 = DIRECTION('',(1.,0.));
#1290 = ( GEOMETRIC_REPRESENTATION_CONTEXT(2) 
PARAMETRIC_REPRESENTATION_CONTEXT() REPRESENTATION_CONTEXT('2D SPACE',''
  ) );
#1291 = FACE_BOUND('',#1292,.T.);
#1292 = EDGE_LOOP('',(#1293));
#1293 = ORIENTED_EDGE('',*,*,#1294,.T.);
#1294 = EDGE_CURVE('',#1295,#1295,#1297,.T.);
#1295 = VERTEX_POINT('',#1296);
#1296 = CARTESIAN_POINT('',(-3.,-40.,274.87949192431));
#1297 = SURFACE_CURVE('',#1298,(#1303,#1314),.PCURVE_S1.);
#1298 = CIRCLE('',#1299,2.2);
#1299 = AXIS2_PLACEMENT_3D('',#1300,#1301,#1302);
#1300 = CARTESIAN_POINT('',(-3.,-40.,272.67949192431));
#1301 = DIRECTION('',(1.,0.,0.));
#1302 = DIRECTION('',(-0.,0.,1.));
#1303 = PCURVE('',#126,#1304);
#1304 = DEFINITIONAL_REPRESENTATION('',(#1305),#1313);
#1305 = ( BOUNDED_CURVE() B_SPLINE_CURVE(2,(#1306,#1307,#1308,#1309,
#1310,#1311,#1312),.UNSPECIFIED.,.T.,.F.) B_SPLINE_CURVE_WITH_KNOTS((1,2
    ,2,2,2,1),(-2.094395102393,0.,2.094395102393,4.188790204786,
6.28318530718,8.377580409573),.UNSPECIFIED.) CURVE() 
GEOMETRIC_REPRESENTATION_ITEM() RATIONAL_B_SPLINE_CURVE((1.,0.5,1.,0.5,
1.,0.5,1.)) REPRESENTATION_ITEM('') );
#1306 = CARTESIAN_POINT('',(-204.8794919243,-182.5));
#1307 = CARTESIAN_POINT('',(-204.8794919243,-178.6894882233));
#1308 = CARTESIAN_POINT('',(-201.5794919243,-180.5947441116));
#1309 = CARTESIAN_POINT('',(-198.2794919243,-182.5));
#1310 = CARTESIAN_POINT('',(-201.5794919243,-184.4052558883));
#1311 = CARTESIAN_POINT('',(-204.8794919243,-186.3105117766));
#1312 = CARTESIAN_POINT('',(-204.8794919243,-182.5));
#1313 = ( GEOMETRIC_REPRESENTATION_CONTEXT(2) 
PARAMETRIC_REPRESENTATION_CONTEXT() REPRESENTATION_CONTEXT('2D SPACE',''
  ) );
#1314 = PCURVE('',#1315,#1320);
#1315 = CYLINDRICAL_SURFACE('',#1316,2.2);
#1316 = AXIS2_PLACEMENT_3D('',#1317,#1318,#1319);
#1317 = CARTESIAN_POINT('',(-4.,-40.,272.67949192431));
#1318 = DIRECTION('',(1.,0.,0.));
#1319 = DIRECTION('',(-0.,0.,1.));
#1320 = DEFINITIONAL_REPRESENTATION('',(#1321),#1325);
#1321 = LINE('',#1322,#1323);
#1322 = CARTESIAN_POINT('',(0.,1.));
#1323 = VECTOR('',#1324,1.);
#1324 = DIRECTION('',(1.,0.));
#1325 = ( GEOMETRIC_REPRESENTATION_CONTEXT(2) 
PARAMETRIC_REPRESENTATION_CONTEXT() REPRESENTATION_CONTEXT('2D SPACE',''
  ) );
#1326 = FACE_BOUND('',#1327,.T.);
#1327 = EDGE_LOOP('',(#1328));
#1328 = ORIENTED_EDGE('',*,*,#1329,.T.);
#1329 = EDGE_CURVE('',#1330,#1330,#1332,.T.);
#1330 = VERTEX_POINT('',#1331);
#1331 = CARTESIAN_POINT('',(-3.,-30.,304.3375));
#1332 = SURFACE_CURVE('',#1333,(#1338,#1349),.PCURVE_S1.);
#1333 = CIRCLE('',#1334,14.3375);
#1334 = AXIS2_PLACEMENT_3D('',#1335,#1336,#1337);
#1335 = CARTESIAN_POINT('',(-3.,-30.,290.));
#1336 = DIRECTION('',(1.,0.,0.));
#1337 = DIRECTION('',(-0.,0.,1.));
#1338 = PCURVE('',#126,#1339);
#1339 = DEFINITIONAL_REPRESENTATION('',(#1340),#1348);
#1340 = ( BOUNDED_CURVE() B_SPLINE_CURVE(2,(#1341,#1342,#1343,#1344,
#1345,#1346,#1347),.UNSPECIFIED.,.T.,.F.) B_SPLINE_CURVE_WITH_KNOTS((1,2
    ,2,2,2,1),(-2.094395102393,0.,2.094395102393,4.188790204786,
6.28318530718,8.377580409573),.UNSPECIFIED.) CURVE() 
GEOMETRIC_REPRESENTATION_ITEM() RATIONAL_B_SPLINE_CURVE((1.,0.5,1.,0.5,
1.,0.5,1.)) REPRESENTATION_ITEM('') );
#1341 = CARTESIAN_POINT('',(-234.3375,-192.5));
#1342 = CARTESIAN_POINT('',(-234.3375,-167.6667215464));
#1343 = CARTESIAN_POINT('',(-212.83125,-180.0833607732));
#1344 = CARTESIAN_POINT('',(-191.325,-192.5));
#1345 = CARTESIAN_POINT('',(-212.83125,-204.9166392267));
#1346 = CARTESIAN_POINT('',(-234.3375,-217.3332784535));
#1347 = CARTESIAN_POINT('',(-234.3375,-192.5));
#1348 = ( GEOMETRIC_REPRESENTATION_CONTEXT(2) 
PARAMETRIC_REPRESENTATION_CONTEXT() REPRESENTATION_CONTEXT('2D SPACE',''
  ) );
#1349 = PCURVE('',#1350,#1355);
#1350 = CYLINDRICAL_SURFACE('',#1351,14.3375);
#1351 = AXIS2_PLACEMENT_3D('',#1352,#1353,#1354);
#1352 = CARTESIAN_POINT('',(-4.,-30.,290.));
#1353 = DIRECTION('',(1.,0.,0.));
#1354 = DIRECTION('',(-0.,0.,1.));
#1355 = DEFINITIONAL_REPRESENTATION('',(#1356),#1360);
#1356 = LINE('',#1357,#1358);
#1357 = CARTESIAN_POINT('',(0.,1.));
#1358 = VECTOR('',#1359,1.);
#1359 = DIRECTION('',(1.,0.));
#1360 = ( GEOMETRIC_REPRESENTATION_CONTEXT(2) 
PARAMETRIC_REPRESENTATION_CONTEXT() REPRESENTATION_CONTEXT('2D SPACE',''
  ) );
#1361 = FACE_BOUND('',#1362,.T.);
#1362 = EDGE_LOOP('',(#1363));
#1363 = ORIENTED_EDGE('',*,*,#1364,.T.);
#1364 = EDGE_CURVE('',#1365,#1365,#1367,.T.);
#1365 = VERTEX_POINT('',#1366);
#1366 = CARTESIAN_POINT('',(-3.,-40.,309.52050807568));
#1367 = SURFACE_CURVE('',#1368,(#1373,#1384),.PCURVE_S1.);
#1368 = CIRCLE('',#1369,2.2);
#1369 = AXIS2_PLACEMENT_3D('',#1370,#1371,#1372);
#1370 = CARTESIAN_POINT('',(-3.,-40.,307.32050807568));
#1371 = DIRECTION('',(1.,0.,0.));
#1372 = DIRECTION('',(-0.,0.,1.));
#1373 = PCURVE('',#126,#1374);
#1374 = DEFINITIONAL_REPRESENTATION('',(#1375),#1383);
#1375 = ( BOUNDED_CURVE() B_SPLINE_CURVE(2,(#1376,#1377,#1378,#1379,
#1380,#1381,#1382),.UNSPECIFIED.,.T.,.F.) B_SPLINE_CURVE_WITH_KNOTS((1,2
    ,2,2,2,1),(-2.094395102393,0.,2.094395102393,4.188790204786,
6.28318530718,8.377580409573),.UNSPECIFIED.) CURVE() 
GEOMETRIC_REPRESENTATION_ITEM() RATIONAL_B_SPLINE_CURVE((1.,0.5,1.,0.5,
1.,0.5,1.)) REPRESENTATION_ITEM('') );
#1376 = CARTESIAN_POINT('',(-239.5205080756,-182.5));
#1377 = CARTESIAN_POINT('',(-239.5205080756,-178.6894882233));
#1378 = CARTESIAN_POINT('',(-236.2205080756,-180.5947441116));
#1379 = CARTESIAN_POINT('',(-232.9205080756,-182.5));
#1380 = CARTESIAN_POINT('',(-236.2205080756,-184.4052558883));
#1381 = CARTESIAN_POINT('',(-239.5205080756,-186.3105117766));
#1382 = CARTESIAN_POINT('',(-239.5205080756,-182.5));
#1383 = ( GEOMETRIC_REPRESENTATION_CONTEXT(2) 
PARAMETRIC_REPRESENTATION_CONTEXT() REPRESENTATION_CONTEXT('2D SPACE',''
  ) );
#1384 = PCURVE('',#1385,#1390);
#1385 = CYLINDRICAL_SURFACE('',#1386,2.2);
#1386 = AXIS2_PLACEMENT_3D('',#1387,#1388,#1389);
#1387 = CARTESIAN_POINT('',(-4.,-40.,307.32050807568));
#1388 = DIRECTION('',(1.,0.,0.));
#1389 = DIRECTION('',(-0.,0.,1.));
#1390 = DEFINITIONAL_REPRESENTATION('',(#1391),#1395);
#1391 = LINE('',#1392,#1393);
#1392 = CARTESIAN_POINT('',(0.,1.));
#1393 = VECTOR('',#1394,1.);
#1394 = DIRECTION('',(1.,0.));
#1395 = ( GEOMETRIC_REPRESENTATION_CONTEXT(2) 
PARAMETRIC_REPRESENTATION_CONTEXT() REPRESENTATION_CONTEXT('2D SPACE',''
  ) );
#1396 = FACE_BOUND('',#1397,.T.);
#1397 = EDGE_LOOP('',(#1398));
#1398 = ORIENTED_EDGE('',*,*,#1399,.T.);
#1399 = EDGE_CURVE('',#1400,#1400,#1402,.T.);
#1400 = VERTEX_POINT('',#1401);
#1401 = CARTESIAN_POINT('',(-3.,-10.,292.2));
#1402 = SURFACE_CURVE('',#1403,(#1408,#1419),.PCURVE_S1.);
#1403 = CIRCLE('',#1404,2.2);
#1404 = AXIS2_PLACEMENT_3D('',#1405,#1406,#1407);
#1405 = CARTESIAN_POINT('',(-3.,-10.,290.));
#1406 = DIRECTION('',(1.,0.,0.));
#1407 = DIRECTION('',(-0.,0.,1.));
#1408 = PCURVE('',#126,#1409);
#1409 = DEFINITIONAL_REPRESENTATION('',(#1410),#1418);
#1410 = ( BOUNDED_CURVE() B_SPLINE_CURVE(2,(#1411,#1412,#1413,#1414,
#1415,#1416,#1417),.UNSPECIFIED.,.T.,.F.) B_SPLINE_CURVE_WITH_KNOTS((1,2
    ,2,2,2,1),(-2.094395102393,0.,2.094395102393,4.188790204786,
6.28318530718,8.377580409573),.UNSPECIFIED.) CURVE() 
GEOMETRIC_REPRESENTATION_ITEM() RATIONAL_B_SPLINE_CURVE((1.,0.5,1.,0.5,
1.,0.5,1.)) REPRESENTATION_ITEM('') );
#1411 = CARTESIAN_POINT('',(-222.2,-212.5));
#1412 = CARTESIAN_POINT('',(-222.2,-208.6894882233));
#1413 = CARTESIAN_POINT('',(-218.9,-210.5947441116));
#1414 = CARTESIAN_POINT('',(-215.6,-212.5));
#1415 = CARTESIAN_POINT('',(-218.9,-214.4052558883));
#1416 = CARTESIAN_POINT('',(-222.2,-216.3105117766));
#1417 = CARTESIAN_POINT('',(-222.2,-212.5));
#1418 = ( GEOMETRIC_REPRESENTATION_CONTEXT(2) 
PARAMETRIC_REPRESENTATION_CONTEXT() REPRESENTATION_CONTEXT('2D SPACE',''
  ) );
#1419 = PCURVE('',#1420,#1425);
#1420 = CYLINDRICAL_SURFACE('',#1421,2.2);
#1421 = AXIS2_PLACEMENT_3D('',#1422,#1423,#1424);
#1422 = CARTESIAN_POINT('',(-4.,-10.,290.));
#1423 = DIRECTION('',(1.,0.,0.));
#1424 = DIRECTION('',(-0.,0.,1.));
#1425 = DEFINITIONAL_REPRESENTATION('',(#1426),#1430);
#1426 = LINE('',#1427,#1428);
#1427 = CARTESIAN_POINT('',(0.,1.));
#1428 = VECTOR('',#1429,1.);
#1429 = DIRECTION('',(1.,0.));
#1430 = ( GEOMETRIC_REPRESENTATION_CONTEXT(2) 
PARAMETRIC_REPRESENTATION_CONTEXT() REPRESENTATION_CONTEXT('2D SPACE',''
  ) );
#1431 = FACE_BOUND('',#1432,.T.);
#1432 = EDGE_LOOP('',(#1433));
#1433 = ORIENTED_EDGE('',*,*,#1434,.T.);
#1434 = EDGE_CURVE('',#1435,#1435,#1437,.T.);
#1435 = VERTEX_POINT('',#1436);
#1436 = CARTESIAN_POINT('',(-3.,-5.,314.87949192431));
#1437 = SURFACE_CURVE('',#1438,(#1443,#1454),.PCURVE_S1.);
#1438 = CIRCLE('',#1439,2.2);
#1439 = AXIS2_PLACEMENT_3D('',#1440,#1441,#1442);
#1440 = CARTESIAN_POINT('',(-3.,-5.,312.67949192431));
#1441 = DIRECTION('',(1.,0.,0.));
#1442 = DIRECTION('',(-0.,0.,1.));
#1443 = PCURVE('',#126,#1444);
#1444 = DEFINITIONAL_REPRESENTATION('',(#1445),#1453);
#1445 = ( BOUNDED_CURVE() B_SPLINE_CURVE(2,(#1446,#1447,#1448,#1449,
#1450,#1451,#1452),.UNSPECIFIED.,.T.,.F.) B_SPLINE_CURVE_WITH_KNOTS((1,2
    ,2,2,2,1),(-2.094395102393,0.,2.094395102393,4.188790204786,
6.28318530718,8.377580409573),.UNSPECIFIED.) CURVE() 
GEOMETRIC_REPRESENTATION_ITEM() RATIONAL_B_SPLINE_CURVE((1.,0.5,1.,0.5,
1.,0.5,1.)) REPRESENTATION_ITEM('') );
#1446 = CARTESIAN_POINT('',(-244.8794919243,-217.5));
#1447 = CARTESIAN_POINT('',(-244.8794919243,-213.6894882233));
#1448 = CARTESIAN_POINT('',(-241.5794919243,-215.5947441116));
#1449 = CARTESIAN_POINT('',(-238.2794919243,-217.5));
#1450 = CARTESIAN_POINT('',(-241.5794919243,-219.4052558883));
#1451 = CARTESIAN_POINT('',(-244.8794919243,-221.3105117766));
#1452 = CARTESIAN_POINT('',(-244.8794919243,-217.5));
#1453 = ( GEOMETRIC_REPRESENTATION_CONTEXT(2) 
PARAMETRIC_REPRESENTATION_CONTEXT() REPRESENTATION_CONTEXT('2D SPACE',''
  ) );
#1454 = PCURVE('',#1455,#1460);
#1455 = CYLINDRICAL_SURFACE('',#1456,2.2);
#1456 = AXIS2_PLACEMENT_3D('',#1457,#1458,#1459);
#1457 = CARTESIAN_POINT('',(-4.,-5.,312.67949192431));
#1458 = DIRECTION('',(1.,0.,0.));
#1459 = DIRECTION('',(-0.,0.,1.));
#1460 = DEFINITIONAL_REPRESENTATION('',(#1461),#1465);
#1461 = LINE('',#1462,#1463);
#1462 = CARTESIAN_POINT('',(0.,1.));
#1463 = VECTOR('',#1464,1.);
#1464 = DIRECTION('',(1.,0.));
#1465 = ( GEOMETRIC_REPRESENTATION_CONTEXT(2) 
PARAMETRIC_REPRESENTATION_CONTEXT() REPRESENTATION_CONTEXT('2D SPACE',''
  ) );
#1466 = FACE_BOUND('',#1467,.T.);
#1467 = EDGE_LOOP('',(#1468));
#1468 = ORIENTED_EDGE('',*,*,#1469,.T.);
#1469 = EDGE_CURVE('',#1470,#1470,#1472,.T.);
#1470 = VERTEX_POINT('',#1471);
#1471 = CARTESIAN_POINT('',(-3.,5.,344.3375));
#1472 = SURFACE_CURVE('',#1473,(#1478,#1489),.PCURVE_S1.);
#1473 = CIRCLE('',#1474,14.3375);
#1474 = AXIS2_PLACEMENT_3D('',#1475,#1476,#1477);
#1475 = CARTESIAN_POINT('',(-3.,5.,330.));
#1476 = DIRECTION('',(1.,0.,0.));
#1477 = DIRECTION('',(-0.,0.,1.));
#1478 = PCURVE('',#126,#1479);
#1479 = DEFINITIONAL_REPRESENTATION('',(#1480),#1488);
#1480 = ( BOUNDED_CURVE() B_SPLINE_CURVE(2,(#1481,#1482,#1483,#1484,
#1485,#1486,#1487),.UNSPECIFIED.,.T.,.F.) B_SPLINE_CURVE_WITH_KNOTS((1,2
    ,2,2,2,1),(-2.094395102393,0.,2.094395102393,4.188790204786,
6.28318530718,8.377580409573),.UNSPECIFIED.) CURVE() 
GEOMETRIC_REPRESENTATION_ITEM() RATIONAL_B_SPLINE_CURVE((1.,0.5,1.,0.5,
1.,0.5,1.)) REPRESENTATION_ITEM('') );
#1481 = CARTESIAN_POINT('',(-274.3375,-227.5));
#1482 = CARTESIAN_POINT('',(-274.3375,-202.6667215464));
#1483 = CARTESIAN_POINT('',(-252.83125,-215.0833607732));
#1484 = CARTESIAN_POINT('',(-231.325,-227.5));
#1485 = CARTESIAN_POINT('',(-252.83125,-239.9166392267));
#1486 = CARTESIAN_POINT('',(-274.3375,-252.3332784535));
#1487 = CARTESIAN_POINT('',(-274.3375,-227.5));
#1488 = ( GEOMETRIC_REPRESENTATION_CONTEXT(2) 
PARAMETRIC_REPRESENTATION_CONTEXT() REPRESENTATION_CONTEXT('2D SPACE',''
  ) );
#1489 = PCURVE('',#1490,#1495);
#1490 = CYLINDRICAL_SURFACE('',#1491,14.3375);
#1491 = AXIS2_PLACEMENT_3D('',#1492,#1493,#1494);
#1492 = CARTESIAN_POINT('',(-4.,5.,330.));
#1493 = DIRECTION('',(1.,0.,0.));
#1494 = DIRECTION('',(-0.,0.,1.));
#1495 = DEFINITIONAL_REPRESENTATION('',(#1496),#1500);
#1496 = LINE('',#1497,#1498);
#1497 = CARTESIAN_POINT('',(0.,1.));
#1498 = VECTOR('',#1499,1.);
#1499 = DIRECTION('',(1.,0.));
#1500 = ( GEOMETRIC_REPRESENTATION_CONTEXT(2) 
PARAMETRIC_REPRESENTATION_CONTEXT() REPRESENTATION_CONTEXT('2D SPACE',''
  ) );
#1501 = FACE_BOUND('',#1502,.T.);
#1502 = EDGE_LOOP('',(#1503));
#1503 = ORIENTED_EDGE('',*,*,#1504,.T.);
#1504 = EDGE_CURVE('',#1505,#1505,#1507,.T.);
#1505 = VERTEX_POINT('',#1506);
#1506 = CARTESIAN_POINT('',(-3.,-5.,349.52050807568));
#1507 = SURFACE_CURVE('',#1508,(#1513,#1524),.PCURVE_S1.);
#1508 = CIRCLE('',#1509,2.2);
#1509 = AXIS2_PLACEMENT_3D('',#1510,#1511,#1512);
#1510 = CARTESIAN_POINT('',(-3.,-5.,347.32050807568));
#1511 = DIRECTION('',(1.,0.,0.));
#1512 = DIRECTION('',(-0.,0.,1.));
#1513 = PCURVE('',#126,#1514);
#1514 = DEFINITIONAL_REPRESENTATION('',(#1515),#1523);
#1515 = ( BOUNDED_CURVE() B_SPLINE_CURVE(2,(#1516,#1517,#1518,#1519,
#1520,#1521,#1522),.UNSPECIFIED.,.T.,.F.) B_SPLINE_CURVE_WITH_KNOTS((1,2
    ,2,2,2,1),(-2.094395102393,0.,2.094395102393,4.188790204786,
6.28318530718,8.377580409573),.UNSPECIFIED.) CURVE() 
GEOMETRIC_REPRESENTATION_ITEM() RATIONAL_B_SPLINE_CURVE((1.,0.5,1.,0.5,
1.,0.5,1.)) REPRESENTATION_ITEM('') );
#1516 = CARTESIAN_POINT('',(-279.5205080756,-217.5));
#1517 = CARTESIAN_POINT('',(-279.5205080756,-213.6894882233));
#1518 = CARTESIAN_POINT('',(-276.2205080756,-215.5947441116));
#1519 = CARTESIAN_POINT('',(-272.9205080756,-217.5));
#1520 = CARTESIAN_POINT('',(-276.2205080756,-219.4052558883));
#1521 = CARTESIAN_POINT('',(-279.5205080756,-221.3105117766));
#1522 = CARTESIAN_POINT('',(-279.5205080756,-217.5));
#1523 = ( GEOMETRIC_REPRESENTATION_CONTEXT(2) 
PARAMETRIC_REPRESENTATION_CONTEXT() REPRESENTATION_CONTEXT('2D SPACE',''
  ) );
#1524 = PCURVE('',#1525,#1530);
#1525 = CYLINDRICAL_SURFACE('',#1526,2.2);
#1526 = AXIS2_PLACEMENT_3D('',#1527,#1528,#1529);
#1527 = CARTESIAN_POINT('',(-4.,-5.,347.32050807568));
#1528 = DIRECTION('',(1.,0.,0.));
#1529 = DIRECTION('',(-0.,0.,1.));
#1530 = DEFINITIONAL_REPRESENTATION('',(#1531),#1535);
#1531 = LINE('',#1532,#1533);
#1532 = CARTESIAN_POINT('',(0.,1.));
#1533 = VECTOR('',#1534,1.);
#1534 = DIRECTION('',(1.,0.));
#1535 = ( GEOMETRIC_REPRESENTATION_CONTEXT(2) 
PARAMETRIC_REPRESENTATION_CONTEXT() REPRESENTATION_CONTEXT('2D SPACE',''
  ) );
#1536 = FACE_BOUND('',#1537,.T.);
#1537 = EDGE_LOOP('',(#1538));
#1538 = ORIENTED_EDGE('',*,*,#1539,.T.);
#1539 = EDGE_CURVE('',#1540,#1540,#1542,.T.);
#1540 = VERTEX_POINT('',#1541);
#1541 = CARTESIAN_POINT('',(-3.,25.,332.2));
#1542 = SURFACE_CURVE('',#1543,(#1548,#1559),.PCURVE_S1.);
#1543 = CIRCLE('',#1544,2.2);
#1544 = AXIS2_PLACEMENT_3D('',#1545,#1546,#1547);
#1545 = CARTESIAN_POINT('',(-3.,25.,330.));
#1546 = DIRECTION('',(1.,0.,0.));
#1547 = DIRECTION('',(-0.,0.,1.));
#1548 = PCURVE('',#126,#1549);
#1549 = DEFINITIONAL_REPRESENTATION('',(#1550),#1558);
#1550 = ( BOUNDED_CURVE() B_SPLINE_CURVE(2,(#1551,#1552,#1553,#1554,
#1555,#1556,#1557),.UNSPECIFIED.,.T.,.F.) B_SPLINE_CURVE_WITH_KNOTS((1,2
    ,2,2,2,1),(-2.094395102393,0.,2.094395102393,4.188790204786,
6.28318530718,8.377580409573),.UNSPECIFIED.) CURVE() 
GEOMETRIC_REPRESENTATION_ITEM() RATIONAL_B_SPLINE_CURVE((1.,0.5,1.,0.5,
1.,0.5,1.)) REPRESENTATION_ITEM('') );
#1551 = CARTESIAN_POINT('',(-262.2,-247.5));
#1552 = CARTESIAN_POINT('',(-262.2,-243.6894882233));
#1553 = CARTESIAN_POINT('',(-258.9,-245.5947441116));
#1554 = CARTESIAN_POINT('',(-255.6,-247.5));
#1555 = CARTESIAN_POINT('',(-258.9,-249.4052558883));
#1556 = CARTESIAN_POINT('',(-262.2,-251.3105117766));
#1557 = CARTESIAN_POINT('',(-262.2,-247.5));
#1558 = ( GEOMETRIC_REPRESENTATION_CONTEXT(2) 
PARAMETRIC_REPRESENTATION_CONTEXT() REPRESENTATION_CONTEXT('2D SPACE',''
  ) );
#1559 = PCURVE('',#1560,#1565);
#1560 = CYLINDRICAL_SURFACE('',#1561,2.2);
#1561 = AXIS2_PLACEMENT_3D('',#1562,#1563,#1564);
#1562 = CARTESIAN_POINT('',(-4.,25.,330.));
#1563 = DIRECTION('',(1.,0.,0.));
#1564 = DIRECTION('',(-0.,0.,1.));
#1565 = DEFINITIONAL_REPRESENTATION('',(#1566),#1570);
#1566 = LINE('',#1567,#1568);
#1567 = CARTESIAN_POINT('',(0.,1.));
#1568 = VECTOR('',#1569,1.);
#1569 = DIRECTION('',(1.,0.));
#1570 = ( GEOMETRIC_REPRESENTATION_CONTEXT(2) 
PARAMETRIC_REPRESENTATION_CONTEXT() REPRESENTATION_CONTEXT('2D SPACE',''
  ) );
#1571 = FACE_BOUND('',#1572,.T.);
#1572 = EDGE_LOOP('',(#1573));
#1573 = ORIENTED_EDGE('',*,*,#1574,.T.);
#1574 = EDGE_CURVE('',#1575,#1575,#1577,.T.);
#1575 = VERTEX_POINT('',#1576);
#1576 = CARTESIAN_POINT('',(-3.,30.,354.87949192431));
#1577 = SURFACE_CURVE('',#1578,(#1583,#1594),.PCURVE_S1.);
#1578 = CIRCLE('',#1579,2.2);
#1579 = AXIS2_PLACEMENT_3D('',#1580,#1581,#1582);
#1580 = CARTESIAN_POINT('',(-3.,30.,352.67949192431));
#1581 = DIRECTION('',(1.,0.,0.));
#1582 = DIRECTION('',(-0.,0.,1.));
#1583 = PCURVE('',#126,#1584);
#1584 = DEFINITIONAL_REPRESENTATION('',(#1585),#1593);
#1585 = ( BOUNDED_CURVE() B_SPLINE_CURVE(2,(#1586,#1587,#1588,#1589,
#1590,#1591,#1592),.UNSPECIFIED.,.T.,.F.) B_SPLINE_CURVE_WITH_KNOTS((1,2
    ,2,2,2,1),(-2.094395102393,0.,2.094395102393,4.188790204786,
6.28318530718,8.377580409573),.UNSPECIFIED.) CURVE() 
GEOMETRIC_REPRESENTATION_ITEM() RATIONAL_B_SPLINE_CURVE((1.,0.5,1.,0.5,
1.,0.5,1.)) REPRESENTATION_ITEM('') );
#1586 = CARTESIAN_POINT('',(-284.8794919243,-252.5));
#1587 = CARTESIAN_POINT('',(-284.8794919243,-248.6894882233));
#1588 = CARTESIAN_POINT('',(-281.5794919243,-250.5947441116));
#1589 = CARTESIAN_POINT('',(-278.2794919243,-252.5));
#1590 = CARTESIAN_POINT('',(-281.5794919243,-254.4052558883));
#1591 = CARTESIAN_POINT('',(-284.8794919243,-256.3105117766));
#1592 = CARTESIAN_POINT('',(-284.8794919243,-252.5));
#1593 = ( GEOMETRIC_REPRESENTATION_CONTEXT(2) 
PARAMETRIC_REPRESENTATION_CONTEXT() REPRESENTATION_CONTEXT('2D SPACE',''
  ) );
#1594 = PCURVE('',#1595,#1600);
#1595 = CYLINDRICAL_SURFACE('',#1596,2.2);
#1596 = AXIS2_PLACEMENT_3D('',#1597,#1598,#1599);
#1597 = CARTESIAN_POINT('',(-4.,30.,352.67949192431));
#1598 = DIRECTION('',(1.,0.,0.));
#1599 = DIRECTION('',(-0.,0.,1.));
#1600 = DEFINITIONAL_REPRESENTATION('',(#1601),#1605);
#1601 = LINE('',#1602,#1603);
#1602 = CARTESIAN_POINT('',(0.,1.));
#1603 = VECTOR('',#1604,1.);
#1604 = DIRECTION('',(1.,0.));
#1605 = ( GEOMETRIC_REPRESENTATION_CONTEXT(2) 
PARAMETRIC_REPRESENTATION_CONTEXT() REPRESENTATION_CONTEXT('2D SPACE',''
  ) );
#1606 = FACE_BOUND('',#1607,.T.);
#1607 = EDGE_LOOP('',(#1608));
#1608 = ORIENTED_EDGE('',*,*,#1609,.T.);
#1609 = EDGE_CURVE('',#1610,#1610,#1612,.T.);
#1610 = VERTEX_POINT('',#1611);
#1611 = CARTESIAN_POINT('',(-3.,40.,384.3375));
#1612 = SURFACE_CURVE('',#1613,(#1618,#1629),.PCURVE_S1.);
#1613 = CIRCLE('',#1614,14.3375);
#1614 = AXIS2_PLACEMENT_3D('',#1615,#1616,#1617);
#1615 = CARTESIAN_POINT('',(-3.,40.,370.));
#1616 = DIRECTION('',(1.,0.,0.));
#1617 = DIRECTION('',(-0.,0.,1.));
#1618 = PCURVE('',#126,#1619);
#1619 = DEFINITIONAL_REPRESENTATION('',(#1620),#1628);
#1620 = ( BOUNDED_CURVE() B_SPLINE_CURVE(2,(#1621,#1622,#1623,#1624,
#1625,#1626,#1627),.UNSPECIFIED.,.T.,.F.) B_SPLINE_CURVE_WITH_KNOTS((1,2
    ,2,2,2,1),(-2.094395102393,0.,2.094395102393,4.188790204786,
6.28318530718,8.377580409573),.UNSPECIFIED.) CURVE() 
GEOMETRIC_REPRESENTATION_ITEM() RATIONAL_B_SPLINE_CURVE((1.,0.5,1.,0.5,
1.,0.5,1.)) REPRESENTATION_ITEM('') );
#1621 = CARTESIAN_POINT('',(-314.3375,-262.5));
#1622 = CARTESIAN_POINT('',(-314.3375,-237.6667215464));
#1623 = CARTESIAN_POINT('',(-292.83125,-250.0833607732));
#1624 = CARTESIAN_POINT('',(-271.325,-262.5));
#1625 = CARTESIAN_POINT('',(-292.83125,-274.9166392267));
#1626 = CARTESIAN_POINT('',(-314.3375,-287.3332784535));
#1627 = CARTESIAN_POINT('',(-314.3375,-262.5));
#1628 = ( GEOMETRIC_REPRESENTATION_CONTEXT(2) 
PARAMETRIC_REPRESENTATION_CONTEXT() REPRESENTATION_CONTEXT('2D SPACE',''
  ) );
#1629 = PCURVE('',#1630,#1635);
#1630 = CYLINDRICAL_SURFACE('',#1631,14.3375);
#1631 = AXIS2_PLACEMENT_3D('',#1632,#1633,#1634);
#1632 = CARTESIAN_POINT('',(-4.,40.,370.));
#1633 = DIRECTION('',(1.,0.,0.));
#1634 = DIRECTION('',(-0.,0.,1.));
#1635 = DEFINITIONAL_REPRESENTATION('',(#1636),#1640);
#1636 = LINE('',#1637,#1638);
#1637 = CARTESIAN_POINT('',(0.,1.));
#1638 = VECTOR('',#1639,1.);
#1639 = DIRECTION('',(1.,0.));
#1640 = ( GEOMETRIC_REPRESENTATION_CONTEXT(2) 
PARAMETRIC_REPRESENTATION_CONTEXT() REPRESENTATION_CONTEXT('2D SPACE',''
  ) );
#1641 = FACE_BOUND('',#1642,.T.);
#1642 = EDGE_LOOP('',(#1643));
#1643 = ORIENTED_EDGE('',*,*,#1644,.T.);
#1644 = EDGE_CURVE('',#1645,#1645,#1647,.T.);
#1645 = VERTEX_POINT('',#1646);
#1646 = CARTESIAN_POINT('',(-3.,30.,389.52050807568));
#1647 = SURFACE_CURVE('',#1648,(#1653,#1664),.PCURVE_S1.);
#1648 = CIRCLE('',#1649,2.2);
#1649 = AXIS2_PLACEMENT_3D('',#1650,#1651,#1652);
#1650 = CARTESIAN_POINT('',(-3.,30.,387.32050807568));
#1651 = DIRECTION('',(1.,0.,0.));
#1652 = DIRECTION('',(-0.,0.,1.));
#1653 = PCURVE('',#126,#1654);
#1654 = DEFINITIONAL_REPRESENTATION('',(#1655),#1663);
#1655 = ( BOUNDED_CURVE() B_SPLINE_CURVE(2,(#1656,#1657,#1658,#1659,
#1660,#1661,#1662),.UNSPECIFIED.,.T.,.F.) B_SPLINE_CURVE_WITH_KNOTS((1,2
    ,2,2,2,1),(-2.094395102393,0.,2.094395102393,4.188790204786,
6.28318530718,8.377580409573),.UNSPECIFIED.) CURVE() 
GEOMETRIC_REPRESENTATION_ITEM() RATIONAL_B_SPLINE_CURVE((1.,0.5,1.,0.5,
1.,0.5,1.)) REPRESENTATION_ITEM('') );
#1656 = CARTESIAN_POINT('',(-319.5205080756,-252.5));
#1657 = CARTESIAN_POINT('',(-319.5205080756,-248.6894882233));
#1658 = CARTESIAN_POINT('',(-316.2205080756,-250.5947441116));
#1659 = CARTESIAN_POINT('',(-312.9205080756,-252.5));
#1660 = CARTESIAN_POINT('',(-316.2205080756,-254.4052558883));
#1661 = CARTESIAN_POINT('',(-319.5205080756,-256.3105117766));
#1662 = CARTESIAN_POINT('',(-319.5205080756,-252.5));
#1663 = ( GEOMETRIC_REPRESENTATION_CONTEXT(2) 
PARAMETRIC_REPRESENTATION_CONTEXT() REPRESENTATION_CONTEXT('2D SPACE',''
  ) );
#1664 = PCURVE('',#1665,#1670);
#1665 = CYLINDRICAL_SURFACE('',#1666,2.2);
#1666 = AXIS2_PLACEMENT_3D('',#1667,#1668,#1669);
#1667 = CARTESIAN_POINT('',(-4.,30.,387.32050807568));
#1668 = DIRECTION('',(1.,0.,0.));
#1669 = DIRECTION('',(-0.,0.,1.));
#1670 = DEFINITIONAL_REPRESENTATION('',(#1671),#1675);
#1671 = LINE('',#1672,#1673);
#1672 = CARTESIAN_POINT('',(0.,1.));
#1673 = VECTOR('',#1674,1.);
#1674 = DIRECTION('',(1.,0.));
#1675 = ( GEOMETRIC_REPRESENTATION_CONTEXT(2) 
PARAMETRIC_REPRESENTATION_CONTEXT() REPRESENTATION_CONTEXT('2D SPACE',''
  ) );
#1676 = FACE_BOUND('',#1677,.T.);
#1677 = EDGE_LOOP('',(#1678));
#1678 = ORIENTED_EDGE('',*,*,#1679,.T.);
#1679 = EDGE_CURVE('',#1680,#1680,#1682,.T.);
#1680 = VERTEX_POINT('',#1681);
#1681 = CARTESIAN_POINT('',(-3.,60.,372.2));
#1682 = SURFACE_CURVE('',#1683,(#1688,#1699),.PCURVE_S1.);
#1683 = CIRCLE('',#1684,2.2);
#1684 = AXIS2_PLACEMENT_3D('',#1685,#1686,#1687);
#1685 = CARTESIAN_POINT('',(-3.,60.,370.));
#1686 = DIRECTION('',(1.,0.,0.));
#1687 = DIRECTION('',(-0.,0.,1.));
#1688 = PCURVE('',#126,#1689);
#1689 = DEFINITIONAL_REPRESENTATION('',(#1690),#1698);
#1690 = ( BOUNDED_CURVE() B_SPLINE_CURVE(2,(#1691,#1692,#1693,#1694,
#1695,#1696,#1697),.UNSPECIFIED.,.T.,.F.) B_SPLINE_CURVE_WITH_KNOTS((1,2
    ,2,2,2,1),(-2.094395102393,0.,2.094395102393,4.188790204786,
6.28318530718,8.377580409573),.UNSPECIFIED.) CURVE() 
GEOMETRIC_REPRESENTATION_ITEM() RATIONAL_B_SPLINE_CURVE((1.,0.5,1.,0.5,
1.,0.5,1.)) REPRESENTATION_ITEM('') );
#1691 = CARTESIAN_POINT('',(-302.2,-282.5));
#1692 = CARTESIAN_POINT('',(-302.2,-278.6894882233));
#1693 = CARTESIAN_POINT('',(-298.9,-280.5947441116));
#1694 = CARTESIAN_POINT('',(-295.6,-282.5));
#1695 = CARTESIAN_POINT('',(-298.9,-284.4052558883));
#1696 = CARTESIAN_POINT('',(-302.2,-286.3105117766));
#1697 = CARTESIAN_POINT('',(-302.2,-282.5));
#1698 = ( GEOMETRIC_REPRESENTATION_CONTEXT(2) 
PARAMETRIC_REPRESENTATION_CONTEXT() REPRESENTATION_CONTEXT('2D SPACE',''
  ) );
#1699 = PCURVE('',#1700,#1705);
#1700 = CYLINDRICAL_SURFACE('',#1701,2.2);
#1701 = AXIS2_PLACEMENT_3D('',#1702,#1703,#1704);
#1702 = CARTESIAN_POINT('',(-4.,60.,370.));
#1703 = DIRECTION('',(1.,0.,0.));
#1704 = DIRECTION('',(-0.,0.,1.));
#1705 = DEFINITIONAL_REPRESENTATION('',(#1706),#1710);
#1706 = LINE('',#1707,#1708);
#1707 = CARTESIAN_POINT('',(0.,1.));
#1708 = VECTOR('',#1709,1.);
#1709 = DIRECTION('',(1.,0.));
#1710 = ( GEOMETRIC_REPRESENTATION_CONTEXT(2) 
PARAMETRIC_REPRESENTATION_CONTEXT() REPRESENTATION_CONTEXT('2D SPACE',''
  ) );
#1711 = FACE_BOUND('',#1712,.T.);
#1712 = EDGE_LOOP('',(#1713));
#1713 = ORIENTED_EDGE('',*,*,#1714,.T.);
#1714 = EDGE_CURVE('',#1715,#1715,#1717,.T.);
#1715 = VERTEX_POINT('',#1716);
#1716 = CARTESIAN_POINT('',(-3.,80.,354.87949192431));
#1717 = SURFACE_CURVE('',#1718,(#1723,#1734),.PCURVE_S1.);
#1718 = CIRCLE('',#1719,2.2);
#1719 = AXIS2_PLACEMENT_3D('',#1720,#1721,#1722);
#1720 = CARTESIAN_POINT('',(-3.,80.,352.67949192431));
#1721 = DIRECTION('',(1.,0.,0.));
#1722 = DIRECTION('',(-0.,0.,1.));
#1723 = PCURVE('',#126,#1724);
#1724 = DEFINITIONAL_REPRESENTATION('',(#1725),#1733);
#1725 = ( BOUNDED_CURVE() B_SPLINE_CURVE(2,(#1726,#1727,#1728,#1729,
#1730,#1731,#1732),.UNSPECIFIED.,.T.,.F.) B_SPLINE_CURVE_WITH_KNOTS((1,2
    ,2,2,2,1),(-2.094395102393,0.,2.094395102393,4.188790204786,
6.28318530718,8.377580409573),.UNSPECIFIED.) CURVE() 
GEOMETRIC_REPRESENTATION_ITEM() RATIONAL_B_SPLINE_CURVE((1.,0.5,1.,0.5,
1.,0.5,1.)) REPRESENTATION_ITEM('') );
#1726 = CARTESIAN_POINT('',(-284.8794919243,-302.5));
#1727 = CARTESIAN_POINT('',(-284.8794919243,-298.6894882233));
#1728 = CARTESIAN_POINT('',(-281.5794919243,-300.5947441116));
#1729 = CARTESIAN_POINT('',(-278.2794919243,-302.5));
#1730 = CARTESIAN_POINT('',(-281.5794919243,-304.4052558883));
#1731 = CARTESIAN_POINT('',(-284.8794919243,-306.3105117766));
#1732 = CARTESIAN_POINT('',(-284.8794919243,-302.5));
#1733 = ( GEOMETRIC_REPRESENTATION_CONTEXT(2) 
PARAMETRIC_REPRESENTATION_CONTEXT() REPRESENTATION_CONTEXT('2D SPACE',''
  ) );
#1734 = PCURVE('',#1735,#1740);
#1735 = CYLINDRICAL_SURFACE('',#1736,2.2);
#1736 = AXIS2_PLACEMENT_3D('',#1737,#1738,#1739);
#1737 = CARTESIAN_POINT('',(-4.,80.,352.67949192431));
#1738 = DIRECTION('',(1.,0.,0.));
#1739 = DIRECTION('',(-0.,0.,1.));
#1740 = DEFINITIONAL_REPRESENTATION('',(#1741),#1745);
#1741 = LINE('',#1742,#1743);
#1742 = CARTESIAN_POINT('',(0.,1.));
#1743 = VECTOR('',#1744,1.);
#1744 = DIRECTION('',(1.,0.));
#1745 = ( GEOMETRIC_REPRESENTATION_CONTEXT(2) 
PARAMETRIC_REPRESENTATION_CONTEXT() REPRESENTATION_CONTEXT('2D SPACE',''
  ) );
#1746 = FACE_BOUND('',#1747,.T.);
#1747 = EDGE_LOOP('',(#1748));
#1748 = ORIENTED_EDGE('',*,*,#1749,.T.);
#1749 = EDGE_CURVE('',#1750,#1750,#1752,.T.);
#1750 = VERTEX_POINT('',#1751);
#1751 = CARTESIAN_POINT('',(-3.,90.,384.3375));
#1752 = SURFACE_CURVE('',#1753,(#1758,#1769),.PCURVE_S1.);
#1753 = CIRCLE('',#1754,14.3375);
#1754 = AXIS2_PLACEMENT_3D('',#1755,#1756,#1757);
#1755 = CARTESIAN_POINT('',(-3.,90.,370.));
#1756 = DIRECTION('',(1.,0.,0.));
#1757 = DIRECTION('',(-0.,0.,1.));
#1758 = PCURVE('',#126,#1759);
#1759 = DEFINITIONAL_REPRESENTATION('',(#1760),#1768);
#1760 = ( BOUNDED_CURVE() B_SPLINE_CURVE(2,(#1761,#1762,#1763,#1764,
#1765,#1766,#1767),.UNSPECIFIED.,.T.,.F.) B_SPLINE_CURVE_WITH_KNOTS((1,2
    ,2,2,2,1),(-2.094395102393,0.,2.094395102393,4.188790204786,
6.28318530718,8.377580409573),.UNSPECIFIED.) CURVE() 
GEOMETRIC_REPRESENTATION_ITEM() RATIONAL_B_SPLINE_CURVE((1.,0.5,1.,0.5,
1.,0.5,1.)) REPRESENTATION_ITEM('') );
#1761 = CARTESIAN_POINT('',(-314.3375,-312.5));
#1762 = CARTESIAN_POINT('',(-314.3375,-287.6667215464));
#1763 = CARTESIAN_POINT('',(-292.83125,-300.0833607732));
#1764 = CARTESIAN_POINT('',(-271.325,-312.5));
#1765 = CARTESIAN_POINT('',(-292.83125,-324.9166392267));
#1766 = CARTESIAN_POINT('',(-314.3375,-337.3332784535));
#1767 = CARTESIAN_POINT('',(-314.3375,-312.5));
#1768 = ( GEOMETRIC_REPRESENTATION_CONTEXT(2) 
PARAMETRIC_REPRESENTATION_CONTEXT() REPRESENTATION_CONTEXT('2D SPACE',''
  ) );
#1769 = PCURVE('',#1770,#1775);
#1770 = CYLINDRICAL_SURFACE('',#1771,14.3375);
#1771 = AXIS2_PLACEMENT_3D('',#1772,#1773,#1774);
#1772 = CARTESIAN_POINT('',(-4.,90.,370.));
#1773 = DIRECTION('',(1.,0.,0.));
#1774 = DIRECTION('',(-0.,0.,1.));
#1775 = DEFINITIONAL_REPRESENTATION('',(#1776),#1780);
#1776 = LINE('',#1777,#1778);
#1777 = CARTESIAN_POINT('',(0.,1.));
#1778 = VECTOR('',#1779,1.);
#1779 = DIRECTION('',(1.,0.));
#1780 = ( GEOMETRIC_REPRESENTATION_CONTEXT(2) 
PARAMETRIC_REPRESENTATION_CONTEXT() REPRESENTATION_CONTEXT('2D SPACE',''
  ) );
#1781 = FACE_BOUND('',#1782,.T.);
#1782 = EDGE_LOOP('',(#1783));
#1783 = ORIENTED_EDGE('',*,*,#1784,.T.);
#1784 = EDGE_CURVE('',#1785,#1785,#1787,.T.);
#1785 = VERTEX_POINT('',#1786);
#1786 = CARTESIAN_POINT('',(-3.,80.,389.52050807568));
#1787 = SURFACE_CURVE('',#1788,(#1793,#1804),.PCURVE_S1.);
#1788 = CIRCLE('',#1789,2.2);
#1789 = AXIS2_PLACEMENT_3D('',#1790,#1791,#1792);
#1790 = CARTESIAN_POINT('',(-3.,80.,387.32050807568));
#1791 = DIRECTION('',(1.,0.,0.));
#1792 = DIRECTION('',(-0.,0.,1.));
#1793 = PCURVE('',#126,#1794);
#1794 = DEFINITIONAL_REPRESENTATION('',(#1795),#1803);
#1795 = ( BOUNDED_CURVE() B_SPLINE_CURVE(2,(#1796,#1797,#1798,#1799,
#1800,#1801,#1802),.UNSPECIFIED.,.T.,.F.) B_SPLINE_CURVE_WITH_KNOTS((1,2
    ,2,2,2,1),(-2.094395102393,0.,2.094395102393,4.188790204786,
6.28318530718,8.377580409573),.UNSPECIFIED.) CURVE() 
GEOMETRIC_REPRESENTATION_ITEM() RATIONAL_B_SPLINE_CURVE((1.,0.5,1.,0.5,
1.,0.5,1.)) REPRESENTATION_ITEM('') );
#1796 = CARTESIAN_POINT('',(-319.5205080756,-302.5));
#1797 = CARTESIAN_POINT('',(-319.5205080756,-298.6894882233));
#1798 = CARTESIAN_POINT('',(-316.2205080756,-300.5947441116));
#1799 = CARTESIAN_POINT('',(-312.9205080756,-302.5));
#1800 = CARTESIAN_POINT('',(-316.2205080756,-304.4052558883));
#1801 = CARTESIAN_POINT('',(-319.5205080756,-306.3105117766));
#1802 = CARTESIAN_POINT('',(-319.5205080756,-302.5));
#1803 = ( GEOMETRIC_REPRESENTATION_CONTEXT(2) 
PARAMETRIC_REPRESENTATION_CONTEXT() REPRESENTATION_CONTEXT('2D SPACE',''
  ) );
#1804 = PCURVE('',#1805,#1810);
#1805 = CYLINDRICAL_SURFACE('',#1806,2.2);
#1806 = AXIS2_PLACEMENT_3D('',#1807,#1808,#1809);
#1807 = CARTESIAN_POINT('',(-4.,80.,387.32050807568));
#1808 = DIRECTION('',(1.,0.,0.));
#1809 = DIRECTION('',(-0.,0.,1.));
#1810 = DEFINITIONAL_REPRESENTATION('',(#1811),#1815);
#1811 = LINE('',#1812,#1813);
#1812 = CARTESIAN_POINT('',(0.,1.));
#1813 = VECTOR('',#1814,1.);
#1814 = DIRECTION('',(1.,0.));
#1815 = ( GEOMETRIC_REPRESENTATION_CONTEXT(2) 
PARAMETRIC_REPRESENTATION_CONTEXT() REPRESENTATION_CONTEXT('2D SPACE',''
  ) );
#1816 = FACE_BOUND('',#1817,.T.);
#1817 = EDGE_LOOP('',(#1818));
#1818 = ORIENTED_EDGE('',*,*,#1819,.T.);
#1819 = EDGE_CURVE('',#1820,#1820,#1822,.T.);
#1820 = VERTEX_POINT('',#1821);
#1821 = CARTESIAN_POINT('',(-3.,110.,372.2));
#1822 = SURFACE_CURVE('',#1823,(#1828,#1839),.PCURVE_S1.);
#1823 = CIRCLE('',#1824,2.2);
#1824 = AXIS2_PLACEMENT_3D('',#1825,#1826,#1827);
#1825 = CARTESIAN_POINT('',(-3.,110.,370.));
#1826 = DIRECTION('',(1.,0.,0.));
#1827 = DIRECTION('',(-0.,0.,1.));
#1828 = PCURVE('',#126,#1829);
#1829 = DEFINITIONAL_REPRESENTATION('',(#1830),#1838);
#1830 = ( BOUNDED_CURVE() B_SPLINE_CURVE(2,(#1831,#1832,#1833,#1834,
#1835,#1836,#1837),.UNSPECIFIED.,.T.,.F.) B_SPLINE_CURVE_WITH_KNOTS((1,2
    ,2,2,2,1),(-2.094395102393,0.,2.094395102393,4.188790204786,
6.28318530718,8.377580409573),.UNSPECIFIED.) CURVE() 
GEOMETRIC_REPRESENTATION_ITEM() RATIONAL_B_SPLINE_CURVE((1.,0.5,1.,0.5,
1.,0.5,1.)) REPRESENTATION_ITEM('') );
#1831 = CARTESIAN_POINT('',(-302.2,-332.5));
#1832 = CARTESIAN_POINT('',(-302.2,-328.6894882233));
#1833 = CARTESIAN_POINT('',(-298.9,-330.5947441116));
#1834 = CARTESIAN_POINT('',(-295.6,-332.5));
#1835 = CARTESIAN_POINT('',(-298.9,-334.4052558883));
#1836 = CARTESIAN_POINT('',(-302.2,-336.3105117766));
#1837 = CARTESIAN_POINT('',(-302.2,-332.5));
#1838 = ( GEOMETRIC_REPRESENTATION_CONTEXT(2) 
PARAMETRIC_REPRESENTATION_CONTEXT() REPRESENTATION_CONTEXT('2D SPACE',''
  ) );
#1839 = PCURVE('',#1840,#1845);
#1840 = CYLINDRICAL_SURFACE('',#1841,2.2);
#1841 = AXIS2_PLACEMENT_3D('',#1842,#1843,#1844);
#1842 = CARTESIAN_POINT('',(-4.,110.,370.));
#1843 = DIRECTION('',(1.,0.,0.));
#1844 = DIRECTION('',(-0.,0.,1.));
#1845 = DEFINITIONAL_REPRESENTATION('',(#1846),#1850);
#1846 = LINE('',#1847,#1848);
#1847 = CARTESIAN_POINT('',(0.,1.));
#1848 = VECTOR('',#1849,1.);
#1849 = DIRECTION('',(1.,0.));
#1850 = ( GEOMETRIC_REPRESENTATION_CONTEXT(2) 
PARAMETRIC_REPRESENTATION_CONTEXT() REPRESENTATION_CONTEXT('2D SPACE',''
  ) );
#1851 = FACE_BOUND('',#1852,.T.);
#1852 = EDGE_LOOP('',(#1853));
#1853 = ORIENTED_EDGE('',*,*,#1854,.T.);
#1854 = EDGE_CURVE('',#1855,#1855,#1857,.T.);
#1855 = VERTEX_POINT('',#1856);
#1856 = CARTESIAN_POINT('',(-3.,140.,384.3375));
#1857 = SURFACE_CURVE('',#1858,(#1863,#1874),.PCURVE_S1.);
#1858 = CIRCLE('',#1859,14.3375);
#1859 = AXIS2_PLACEMENT_3D('',#1860,#1861,#1862);
#1860 = CARTESIAN_POINT('',(-3.,140.,370.));
#1861 = DIRECTION('',(1.,0.,0.));
#1862 = DIRECTION('',(-0.,0.,1.));
#1863 = PCURVE('',#126,#1864);
#1864 = DEFINITIONAL_REPRESENTATION('',(#1865),#1873);
#1865 = ( BOUNDED_CURVE() B_SPLINE_CURVE(2,(#1866,#1867,#1868,#1869,
#1870,#1871,#1872),.UNSPECIFIED.,.T.,.F.) B_SPLINE_CURVE_WITH_KNOTS((1,2
    ,2,2,2,1),(-2.094395102393,0.,2.094395102393,4.188790204786,
6.28318530718,8.377580409573),.UNSPECIFIED.) CURVE() 
GEOMETRIC_REPRESENTATION_ITEM() RATIONAL_B_SPLINE_CURVE((1.,0.5,1.,0.5,
1.,0.5,1.)) REPRESENTATION_ITEM('') );
#1866 = CARTESIAN_POINT('',(-314.3375,-362.5));
#1867 = CARTESIAN_POINT('',(-314.3375,-337.6667215464));
#1868 = CARTESIAN_POINT('',(-292.83125,-350.0833607732));
#1869 = CARTESIAN_POINT('',(-271.325,-362.5));
#1870 = CARTESIAN_POINT('',(-292.83125,-374.9166392267));
#1871 = CARTESIAN_POINT('',(-314.3375,-387.3332784535));
#1872 = CARTESIAN_POINT('',(-314.3375,-362.5));
#1873 = ( GEOMETRIC_REPRESENTATION_CONTEXT(2) 
PARAMETRIC_REPRESENTATION_CONTEXT() REPRESENTATION_CONTEXT('2D SPACE',''
  ) );
#1874 = PCURVE('',#1875,#1880);
#1875 = CYLINDRICAL_SURFACE('',#1876,14.3375);
#1876 = AXIS2_PLACEMENT_3D('',#1877,#1878,#1879);
#1877 = CARTESIAN_POINT('',(-4.,140.,370.));
#1878 = DIRECTION('',(1.,0.,0.));
#1879 = DIRECTION('',(-0.,0.,1.));
#1880 = DEFINITIONAL_REPRESENTATION('',(#1881),#1885);
#1881 = LINE('',#1882,#1883);
#1882 = CARTESIAN_POINT('',(0.,1.));
#1883 = VECTOR('',#1884,1.);
#1884 = DIRECTION('',(1.,0.));
#1885 = ( GEOMETRIC_REPRESENTATION_CONTEXT(2) 
PARAMETRIC_REPRESENTATION_CONTEXT() REPRESENTATION_CONTEXT('2D SPACE',''
  ) );
#1886 = FACE_BOUND('',#1887,.T.);
#1887 = EDGE_LOOP('',(#1888));
#1888 = ORIENTED_EDGE('',*,*,#1889,.T.);
#1889 = EDGE_CURVE('',#1890,#1890,#1892,.T.);
#1890 = VERTEX_POINT('',#1891);
#1891 = CARTESIAN_POINT('',(-3.,130.,354.87949192431));
#1892 = SURFACE_CURVE('',#1893,(#1898,#1909),.PCURVE_S1.);
#1893 = CIRCLE('',#1894,2.2);
#1894 = AXIS2_PLACEMENT_3D('',#1895,#1896,#1897);
#1895 = CARTESIAN_POINT('',(-3.,130.,352.67949192431));
#1896 = DIRECTION('',(1.,0.,0.));
#1897 = DIRECTION('',(-0.,0.,1.));
#1898 = PCURVE('',#126,#1899);
#1899 = DEFINITIONAL_REPRESENTATION('',(#1900),#1908);
#1900 = ( BOUNDED_CURVE() B_SPLINE_CURVE(2,(#1901,#1902,#1903,#1904,
#1905,#1906,#1907),.UNSPECIFIED.,.T.,.F.) B_SPLINE_CURVE_WITH_KNOTS((1,2
    ,2,2,2,1),(-2.094395102393,0.,2.094395102393,4.188790204786,
6.28318530718,8.377580409573),.UNSPECIFIED.) CURVE() 
GEOMETRIC_REPRESENTATION_ITEM() RATIONAL_B_SPLINE_CURVE((1.,0.5,1.,0.5,
1.,0.5,1.)) REPRESENTATION_ITEM('') );
#1901 = CARTESIAN_POINT('',(-284.8794919243,-352.5));
#1902 = CARTESIAN_POINT('',(-284.8794919243,-348.6894882233));
#1903 = CARTESIAN_POINT('',(-281.5794919243,-350.5947441116));
#1904 = CARTESIAN_POINT('',(-278.2794919243,-352.5));
#1905 = CARTESIAN_POINT('',(-281.5794919243,-354.4052558883));
#1906 = CARTESIAN_POINT('',(-284.8794919243,-356.3105117766));
#1907 = CARTESIAN_POINT('',(-284.8794919243,-352.5));
#1908 = ( GEOMETRIC_REPRESENTATION_CONTEXT(2) 
PARAMETRIC_REPRESENTATION_CONTEXT() REPRESENTATION_CONTEXT('2D SPACE',''
  ) );
#1909 = PCURVE('',#1910,#1915);
#1910 = CYLINDRICAL_SURFACE('',#1911,2.2);
#1911 = AXIS2_PLACEMENT_3D('',#1912,#1913,#1914);
#1912 = CARTESIAN_POINT('',(-4.,130.,352.67949192431));
#1913 = DIRECTION('',(1.,0.,0.));
#1914 = DIRECTION('',(-0.,0.,1.));
#1915 = DEFINITIONAL_REPRESENTATION('',(#1916),#1920);
#1916 = LINE('',#1917,#1918);
#1917 = CARTESIAN_POINT('',(0.,1.));
#1918 = VECTOR('',#1919,1.);
#1919 = DIRECTION('',(1.,0.));
#1920 = ( GEOMETRIC_REPRESENTATION_CONTEXT(2) 
PARAMETRIC_REPRESENTATION_CONTEXT() REPRESENTATION_CONTEXT('2D SPACE',''
  ) );
#1921 = FACE_BOUND('',#1922,.T.);
#1922 = EDGE_LOOP('',(#1923));
#1923 = ORIENTED_EDGE('',*,*,#1924,.T.);
#1924 = EDGE_CURVE('',#1925,#1925,#1927,.T.);
#1925 = VERTEX_POINT('',#1926);
#1926 = CARTESIAN_POINT('',(-3.,130.,389.52050807568));
#1927 = SURFACE_CURVE('',#1928,(#1933,#1944),.PCURVE_S1.);
#1928 = CIRCLE('',#1929,2.2);
#1929 = AXIS2_PLACEMENT_3D('',#1930,#1931,#1932);
#1930 = CARTESIAN_POINT('',(-3.,130.,387.32050807568));
#1931 = DIRECTION('',(1.,0.,0.));
#1932 = DIRECTION('',(-0.,0.,1.));
#1933 = PCURVE('',#126,#1934);
#1934 = DEFINITIONAL_REPRESENTATION('',(#1935),#1943);
#1935 = ( BOUNDED_CURVE() B_SPLINE_CURVE(2,(#1936,#1937,#1938,#1939,
#1940,#1941,#1942),.UNSPECIFIED.,.T.,.F.) B_SPLINE_CURVE_WITH_KNOTS((1,2
    ,2,2,2,1),(-2.094395102393,0.,2.094395102393,4.188790204786,
6.28318530718,8.377580409573),.UNSPECIFIED.) CURVE() 
GEOMETRIC_REPRESENTATION_ITEM() RATIONAL_B_SPLINE_CURVE((1.,0.5,1.,0.5,
1.,0.5,1.)) REPRESENTATION_ITEM('') );
#1936 = CARTESIAN_POINT('',(-319.5205080756,-352.5));
#1937 = CARTESIAN_POINT('',(-319.5205080756,-348.6894882233));
#1938 = CARTESIAN_POINT('',(-316.2205080756,-350.5947441116));
#1939 = CARTESIAN_POINT('',(-312.9205080756,-352.5));
#1940 = CARTESIAN_POINT('',(-316.2205080756,-354.4052558883));
#1941 = CARTESIAN_POINT('',(-319.5205080756,-356.3105117766));
#1942 = CARTESIAN_POINT('',(-319.5205080756,-352.5));
#1943 = ( GEOMETRIC_REPRESENTATION_CONTEXT(2) 
PARAMETRIC_REPRESENTATION_CONTEXT() REPRESENTATION_CONTEXT('2D SPACE',''
  ) );
#1944 = PCURVE('',#1945,#1950);
#1945 = CYLINDRICAL_SURFACE('',#1946,2.2);
#1946 = AXIS2_PLACEMENT_3D('',#1947,#1948,#1949);
#1947 = CARTESIAN_POINT('',(-4.,130.,387.32050807568));
#1948 = DIRECTION('',(1.,0.,0.));
#1949 = DIRECTION('',(-0.,0.,1.));
#1950 = DEFINITIONAL_REPRESENTATION('',(#1951),#1955);
#1951 = LINE('',#1952,#1953);
#1952 = CARTESIAN_POINT('',(0.,1.));
#1953 = VECTOR('',#1954,1.);
#1954 = DIRECTION('',(1.,0.));
#1955 = ( GEOMETRIC_REPRESENTATION_CONTEXT(2) 
PARAMETRIC_REPRESENTATION_CONTEXT() REPRESENTATION_CONTEXT('2D SPACE',''
  ) );
#1956 = FACE_BOUND('',#1957,.T.);
#1957 = EDGE_LOOP('',(#1958));
#1958 = ORIENTED_EDGE('',*,*,#1959,.T.);
#1959 = EDGE_CURVE('',#1960,#1960,#1962,.T.);
#1960 = VERTEX_POINT('',#1961);
#1961 = CARTESIAN_POINT('',(-3.,160.,372.2));
#1962 = SURFACE_CURVE('',#1963,(#1968,#1979),.PCURVE_S1.);
#1963 = CIRCLE('',#1964,2.2);
#1964 = AXIS2_PLACEMENT_3D('',#1965,#1966,#1967);
#1965 = CARTESIAN_POINT('',(-3.,160.,370.));
#1966 = DIRECTION('',(1.,0.,0.));
#1967 = DIRECTION('',(-0.,0.,1.));
#1968 = PCURVE('',#126,#1969);
#1969 = DEFINITIONAL_REPRESENTATION('',(#1970),#1978);
#1970 = ( BOUNDED_CURVE() B_SPLINE_CURVE(2,(#1971,#1972,#1973,#1974,
#1975,#1976,#1977),.UNSPECIFIED.,.T.,.F.) B_SPLINE_CURVE_WITH_KNOTS((1,2
    ,2,2,2,1),(-2.094395102393,0.,2.094395102393,4.188790204786,
6.28318530718,8.377580409573),.UNSPECIFIED.) CURVE() 
GEOMETRIC_REPRESENTATION_ITEM() RATIONAL_B_SPLINE_CURVE((1.,0.5,1.,0.5,
1.,0.5,1.)) REPRESENTATION_ITEM('') );
#1971 = CARTESIAN_POINT('',(-302.2,-382.5));
#1972 = CARTESIAN_POINT('',(-302.2,-378.6894882233));
#1973 = CARTESIAN_POINT('',(-298.9,-380.5947441116));
#1974 = CARTESIAN_POINT('',(-295.6,-382.5));
#1975 = CARTESIAN_POINT('',(-298.9,-384.4052558883));
#1976 = CARTESIAN_POINT('',(-302.2,-386.3105117766));
#1977 = CARTESIAN_POINT('',(-302.2,-382.5));
#1978 = ( GEOMETRIC_REPRESENTATION_CONTEXT(2) 
PARAMETRIC_REPRESENTATION_CONTEXT() REPRESENTATION_CONTEXT('2D SPACE',''
  ) );
#1979 = PCURVE('',#1980,#1985);
#1980 = CYLINDRICAL_SURFACE('',#1981,2.2);
#1981 = AXIS2_PLACEMENT_3D('',#1982,#1983,#1984);
#1982 = CARTESIAN_POINT('',(-4.,160.,370.));
#1983 = DIRECTION('',(1.,0.,0.));
#1984 = DIRECTION('',(-0.,0.,1.));
#1985 = DEFINITIONAL_REPRESENTATION('',(#1986),#1990);
#1986 = LINE('',#1987,#1988);
#1987 = CARTESIAN_POINT('',(0.,1.));
#1988 = VECTOR('',#1989,1.);
#1989 = DIRECTION('',(1.,0.));
#1990 = ( GEOMETRIC_REPRESENTATION_CONTEXT(2) 
PARAMETRIC_REPRESENTATION_CONTEXT() REPRESENTATION_CONTEXT('2D SPACE',''
  ) );
#1991 = FACE_BOUND('',#1992,.T.);
#1992 = EDGE_LOOP('',(#1993));
#1993 = ORIENTED_EDGE('',*,*,#1994,.T.);
#1994 = EDGE_CURVE('',#1995,#1995,#1997,.T.);
#1995 = VERTEX_POINT('',#1996);
#1996 = CARTESIAN_POINT('',(-3.,125.50431098567,423.80431098567));
#1997 = SURFACE_CURVE('',#1998,(#2003,#2014),.PCURVE_S1.);
#1998 = CIRCLE('',#1999,3.3);
#1999 = AXIS2_PLACEMENT_3D('',#2000,#2001,#2002);
#2000 = CARTESIAN_POINT('',(-3.,125.50431098567,420.50431098567));
#2001 = DIRECTION('',(1.,0.,0.));
#2002 = DIRECTION('',(-0.,0.,1.));
#2003 = PCURVE('',#126,#2004);
#2004 = DEFINITIONAL_REPRESENTATION('',(#2005),#2013);
#2005 = ( BOUNDED_CURVE() B_SPLINE_CURVE(2,(#2006,#2007,#2008,#2009,
#2010,#2011,#2012),.UNSPECIFIED.,.T.,.F.) B_SPLINE_CURVE_WITH_KNOTS((1,2
    ,2,2,2,1),(-2.094395102393,0.,2.094395102393,4.188790204786,
6.28318530718,8.377580409573),.UNSPECIFIED.) CURVE() 
GEOMETRIC_REPRESENTATION_ITEM() RATIONAL_B_SPLINE_CURVE((1.,0.5,1.,0.5,
1.,0.5,1.)) REPRESENTATION_ITEM('') );
#2006 = CARTESIAN_POINT('',(-353.8043109856,-348.0043109856));
#2007 = CARTESIAN_POINT('',(-353.8043109856,-342.2885433206));
#2008 = CARTESIAN_POINT('',(-348.8543109856,-345.1464271531));
#2009 = CARTESIAN_POINT('',(-343.9043109856,-348.0043109856));
#2010 = CARTESIAN_POINT('',(-348.8543109856,-350.8621948181));
#2011 = CARTESIAN_POINT('',(-353.8043109856,-353.7200786506));
#2012 = CARTESIAN_POINT('',(-353.8043109856,-348.0043109856));
#2013 = ( GEOMETRIC_REPRESENTATION_CONTEXT(2) 
PARAMETRIC_REPRESENTATION_CONTEXT() REPRESENTATION_CONTEXT('2D SPACE',''
  ) );
#2014 = PCURVE('',#2015,#2020);
#2015 = CYLINDRICAL_SURFACE('',#2016,3.3);
#2016 = AXIS2_PLACEMENT_3D('',#2017,#2018,#2019);
#2017 = CARTESIAN_POINT('',(-4.,125.50431098567,420.50431098567));
#2018 = DIRECTION('',(1.,0.,0.));
#2019 = DIRECTION('',(-0.,0.,1.));
#2020 = DEFINITIONAL_REPRESENTATION('',(#2021),#2025);
#2021 = LINE('',#2022,#2023);
#2022 = CARTESIAN_POINT('',(0.,1.));
#2023 = VECTOR('',#2024,1.);
#2024 = DIRECTION('',(1.,0.));
#2025 = ( GEOMETRIC_REPRESENTATION_CONTEXT(2) 
PARAMETRIC_REPRESENTATION_CONTEXT() REPRESENTATION_CONTEXT('2D SPACE',''
  ) );
#2026 = FACE_BOUND('',#2027,.T.);
#2027 = EDGE_LOOP('',(#2028));
#2028 = ORIENTED_EDGE('',*,*,#2029,.T.);
#2029 = EDGE_CURVE('',#2030,#2030,#2032,.T.);
#2030 = VERTEX_POINT('',#2031);
#2031 = CARTESIAN_POINT('',(-3.,116.8225,439.2));
#2032 = SURFACE_CURVE('',#2033,(#2038,#2049),.PCURVE_S1.);
#2033 = CIRCLE('',#2034,4.2);
#2034 = AXIS2_PLACEMENT_3D('',#2035,#2036,#2037);
#2035 = CARTESIAN_POINT('',(-3.,116.8225,435.));
#2036 = DIRECTION('',(1.,0.,0.));
#2037 = DIRECTION('',(-0.,0.,1.));
#2038 = PCURVE('',#126,#2039);
#2039 = DEFINITIONAL_REPRESENTATION('',(#2040),#2048);
#2040 = ( BOUNDED_CURVE() B_SPLINE_CURVE(2,(#2041,#2042,#2043,#2044,
#2045,#2046,#2047),.UNSPECIFIED.,.T.,.F.) B_SPLINE_CURVE_WITH_KNOTS((1,2
    ,2,2,2,1),(-2.094395102393,0.,2.094395102393,4.188790204786,
6.28318530718,8.377580409573),.UNSPECIFIED.) CURVE() 
GEOMETRIC_REPRESENTATION_ITEM() RATIONAL_B_SPLINE_CURVE((1.,0.5,1.,0.5,
1.,0.5,1.)) REPRESENTATION_ITEM('') );
#2041 = CARTESIAN_POINT('',(-369.2,-339.3225));
#2042 = CARTESIAN_POINT('',(-369.2,-332.0478866082));
#2043 = CARTESIAN_POINT('',(-362.9,-335.6851933041));
#2044 = CARTESIAN_POINT('',(-356.6,-339.3225));
#2045 = CARTESIAN_POINT('',(-362.9,-342.9598066958));
#2046 = CARTESIAN_POINT('',(-369.2,-346.5971133917));
#2047 = CARTESIAN_POINT('',(-369.2,-339.3225));
#2048 = ( GEOMETRIC_REPRESENTATION_CONTEXT(2) 
PARAMETRIC_REPRESENTATION_CONTEXT() REPRESENTATION_CONTEXT('2D SPACE',''
  ) );
#2049 = PCURVE('',#2050,#2055);
#2050 = CYLINDRICAL_SURFACE('',#2051,4.2);
#2051 = AXIS2_PLACEMENT_3D('',#2052,#2053,#2054);
#2052 = CARTESIAN_POINT('',(-4.,116.8225,435.));
#2053 = DIRECTION('',(1.,0.,0.));
#2054 = DIRECTION('',(-0.,0.,1.));
#2055 = DEFINITIONAL_REPRESENTATION('',(#2056),#2060);
#2056 = LINE('',#2057,#2058);
#2057 = CARTESIAN_POINT('',(0.,1.));
#2058 = VECTOR('',#2059,1.);
#2059 = DIRECTION('',(1.,0.));
#2060 = ( GEOMETRIC_REPRESENTATION_CONTEXT(2) 
PARAMETRIC_REPRESENTATION_CONTEXT() REPRESENTATION_CONTEXT('2D SPACE',''
  ) );
#2061 = FACE_BOUND('',#2062,.T.);
#2062 = EDGE_LOOP('',(#2063));
#2063 = ORIENTED_EDGE('',*,*,#2064,.T.);
#2064 = EDGE_CURVE('',#2065,#2065,#2067,.T.);
#2065 = VERTEX_POINT('',#2066);
#2066 = CARTESIAN_POINT('',(-3.,140.,447.6));
#2067 = SURFACE_CURVE('',#2068,(#2073,#2084),.PCURVE_S1.);
#2068 = CIRCLE('',#2069,12.6);
#2069 = AXIS2_PLACEMENT_3D('',#2070,#2071,#2072);
#2070 = CARTESIAN_POINT('',(-3.,140.,435.));
#2071 = DIRECTION('',(1.,0.,0.));
#2072 = DIRECTION('',(-0.,0.,1.));
#2073 = PCURVE('',#126,#2074);
#2074 = DEFINITIONAL_REPRESENTATION('',(#2075),#2083);
#2075 = ( BOUNDED_CURVE() B_SPLINE_CURVE(2,(#2076,#2077,#2078,#2079,
#2080,#2081,#2082),.UNSPECIFIED.,.T.,.F.) B_SPLINE_CURVE_WITH_KNOTS((1,2
    ,2,2,2,1),(-2.094395102393,0.,2.094395102393,4.188790204786,
6.28318530718,8.377580409573),.UNSPECIFIED.) CURVE() 
GEOMETRIC_REPRESENTATION_ITEM() RATIONAL_B_SPLINE_CURVE((1.,0.5,1.,0.5,
1.,0.5,1.)) REPRESENTATION_ITEM('') );
#2076 = CARTESIAN_POINT('',(-377.6,-362.5));
#2077 = CARTESIAN_POINT('',(-377.6,-340.6761598246));
#2078 = CARTESIAN_POINT('',(-358.7,-351.5880799123));
#2079 = CARTESIAN_POINT('',(-339.8,-362.5));
#2080 = CARTESIAN_POINT('',(-358.7,-373.4119200876));
#2081 = CARTESIAN_POINT('',(-377.6,-384.3238401753));
#2082 = CARTESIAN_POINT('',(-377.6,-362.5));
#2083 = ( GEOMETRIC_REPRESENTATION_CONTEXT(2) 
PARAMETRIC_REPRESENTATION_CONTEXT() REPRESENTATION_CONTEXT('2D SPACE',''
  ) );
#2084 = PCURVE('',#2085,#2090);
#2085 = CYLINDRICAL_SURFACE('',#2086,12.6);
#2086 = AXIS2_PLACEMENT_3D('',#2087,#2088,#2089);
#2087 = CARTESIAN_POINT('',(-4.,140.,435.));
#2088 = DIRECTION('',(1.,0.,0.));
#2089 = DIRECTION('',(-0.,0.,1.));
#2090 = DEFINITIONAL_REPRESENTATION('',(#2091),#2095);
#2091 = LINE('',#2092,#2093);
#2092 = CARTESIAN_POINT('',(0.,1.));
#2093 = VECTOR('',#2094,1.);
#2094 = DIRECTION('',(1.,0.));
#2095 = ( GEOMETRIC_REPRESENTATION_CONTEXT(2) 
PARAMETRIC_REPRESENTATION_CONTEXT() REPRESENTATION_CONTEXT('2D SPACE',''
  ) );
#2096 = FACE_BOUND('',#2097,.T.);
#2097 = EDGE_LOOP('',(#2098));
#2098 = ORIENTED_EDGE('',*,*,#2099,.T.);
#2099 = EDGE_CURVE('',#2100,#2100,#2102,.T.);
#2100 = VERTEX_POINT('',#2101);
#2101 = CARTESIAN_POINT('',(-3.,154.49568901432,423.80431098567));
#2102 = SURFACE_CURVE('',#2103,(#2108,#2119),.PCURVE_S1.);
#2103 = CIRCLE('',#2104,3.3);
#2104 = AXIS2_PLACEMENT_3D('',#2105,#2106,#2107);
#2105 = CARTESIAN_POINT('',(-3.,154.49568901432,420.50431098567));
#2106 = DIRECTION('',(1.,0.,0.));
#2107 = DIRECTION('',(-0.,0.,1.));
#2108 = PCURVE('',#126,#2109);
#2109 = DEFINITIONAL_REPRESENTATION('',(#2110),#2118);
#2110 = ( BOUNDED_CURVE() B_SPLINE_CURVE(2,(#2111,#2112,#2113,#2114,
#2115,#2116,#2117),.UNSPECIFIED.,.T.,.F.) B_SPLINE_CURVE_WITH_KNOTS((1,2
    ,2,2,2,1),(-2.094395102393,0.,2.094395102393,4.188790204786,
6.28318530718,8.377580409573),.UNSPECIFIED.) CURVE() 
GEOMETRIC_REPRESENTATION_ITEM() RATIONAL_B_SPLINE_CURVE((1.,0.5,1.,0.5,
1.,0.5,1.)) REPRESENTATION_ITEM('') );
#2111 = CARTESIAN_POINT('',(-353.8043109856,-376.9956890143));
#2112 = CARTESIAN_POINT('',(-353.8043109856,-371.2799213493));
#2113 = CARTESIAN_POINT('',(-348.8543109856,-374.1378051818));
#2114 = CARTESIAN_POINT('',(-343.9043109856,-376.9956890143));
#2115 = CARTESIAN_POINT('',(-348.8543109856,-379.8535728468));
#2116 = CARTESIAN_POINT('',(-353.8043109856,-382.7114566793));
#2117 = CARTESIAN_POINT('',(-353.8043109856,-376.9956890143));
#2118 = ( GEOMETRIC_REPRESENTATION_CONTEXT(2) 
PARAMETRIC_REPRESENTATION_CONTEXT() REPRESENTATION_CONTEXT('2D SPACE',''
  ) );
#2119 = PCURVE('',#2120,#2125);
#2120 = CYLINDRICAL_SURFACE('',#2121,3.3);
#2121 = AXIS2_PLACEMENT_3D('',#2122,#2123,#2124);
#2122 = CARTESIAN_POINT('',(-4.,154.49568901432,420.50431098567));
#2123 = DIRECTION('',(1.,0.,0.));
#2124 = DIRECTION('',(-0.,0.,1.));
#2125 = DEFINITIONAL_REPRESENTATION('',(#2126),#2130);
#2126 = LINE('',#2127,#2128);
#2127 = CARTESIAN_POINT('',(0.,1.));
#2128 = VECTOR('',#2129,1.);
#2129 = DIRECTION('',(1.,0.));
#2130 = ( GEOMETRIC_REPRESENTATION_CONTEXT(2) 
PARAMETRIC_REPRESENTATION_CONTEXT() REPRESENTATION_CONTEXT('2D SPACE',''
  ) );
#2131 = FACE_BOUND('',#2132,.T.);
#2132 = EDGE_LOOP('',(#2133));
#2133 = ORIENTED_EDGE('',*,*,#2134,.T.);
#2134 = EDGE_CURVE('',#2135,#2135,#2137,.T.);
#2135 = VERTEX_POINT('',#2136);
#2136 = CARTESIAN_POINT('',(-3.,154.49568901432,452.79568901432));
#2137 = SURFACE_CURVE('',#2138,(#2143,#2154),.PCURVE_S1.);
#2138 = CIRCLE('',#2139,3.3);
#2139 = AXIS2_PLACEMENT_3D('',#2140,#2141,#2142);
#2140 = CARTESIAN_POINT('',(-3.,154.49568901432,449.49568901432));
#2141 = DIRECTION('',(1.,0.,0.));
#2142 = DIRECTION('',(-0.,0.,1.));
#2143 = PCURVE('',#126,#2144);
#2144 = DEFINITIONAL_REPRESENTATION('',(#2145),#2153);
#2145 = ( BOUNDED_CURVE() B_SPLINE_CURVE(2,(#2146,#2147,#2148,#2149,
#2150,#2151,#2152),.UNSPECIFIED.,.T.,.F.) B_SPLINE_CURVE_WITH_KNOTS((1,2
    ,2,2,2,1),(-2.094395102393,0.,2.094395102393,4.188790204786,
6.28318530718,8.377580409573),.UNSPECIFIED.) CURVE() 
GEOMETRIC_REPRESENTATION_ITEM() RATIONAL_B_SPLINE_CURVE((1.,0.5,1.,0.5,
1.,0.5,1.)) REPRESENTATION_ITEM('') );
#2146 = CARTESIAN_POINT('',(-382.7956890143,-376.9956890143));
#2147 = CARTESIAN_POINT('',(-382.7956890143,-371.2799213493));
#2148 = CARTESIAN_POINT('',(-377.8456890143,-374.1378051818));
#2149 = CARTESIAN_POINT('',(-372.8956890143,-376.9956890143));
#2150 = CARTESIAN_POINT('',(-377.8456890143,-379.8535728468));
#2151 = CARTESIAN_POINT('',(-382.7956890143,-382.7114566793));
#2152 = CARTESIAN_POINT('',(-382.7956890143,-376.9956890143));
#2153 = ( GEOMETRIC_REPRESENTATION_CONTEXT(2) 
PARAMETRIC_REPRESENTATION_CONTEXT() REPRESENTATION_CONTEXT('2D SPACE',''
  ) );
#2154 = PCURVE('',#2155,#2160);
#2155 = CYLINDRICAL_SURFACE('',#2156,3.3);
#2156 = AXIS2_PLACEMENT_3D('',#2157,#2158,#2159);
#2157 = CARTESIAN_POINT('',(-4.,154.49568901432,449.49568901432));
#2158 = DIRECTION('',(1.,0.,0.));
#2159 = DIRECTION('',(-0.,0.,1.));
#2160 = DEFINITIONAL_REPRESENTATION('',(#2161),#2165);
#2161 = LINE('',#2162,#2163);
#2162 = CARTESIAN_POINT('',(0.,1.));
#2163 = VECTOR('',#2164,1.);
#2164 = DIRECTION('',(1.,0.));
#2165 = ( GEOMETRIC_REPRESENTATION_CONTEXT(2) 
PARAMETRIC_REPRESENTATION_CONTEXT() REPRESENTATION_CONTEXT('2D SPACE',''
  ) );
#2166 = FACE_BOUND('',#2167,.T.);
#2167 = EDGE_LOOP('',(#2168));
#2168 = ORIENTED_EDGE('',*,*,#2169,.T.);
#2169 = EDGE_CURVE('',#2170,#2170,#2172,.T.);
#2170 = VERTEX_POINT('',#2171);
#2171 = CARTESIAN_POINT('',(-3.,125.50431098567,452.79568901432));
#2172 = SURFACE_CURVE('',#2173,(#2178,#2189),.PCURVE_S1.);
#2173 = CIRCLE('',#2174,3.3);
#2174 = AXIS2_PLACEMENT_3D('',#2175,#2176,#2177);
#2175 = CARTESIAN_POINT('',(-3.,125.50431098567,449.49568901432));
#2176 = DIRECTION('',(1.,0.,0.));
#2177 = DIRECTION('',(-0.,0.,1.));
#2178 = PCURVE('',#126,#2179);
#2179 = DEFINITIONAL_REPRESENTATION('',(#2180),#2188);
#2180 = ( BOUNDED_CURVE() B_SPLINE_CURVE(2,(#2181,#2182,#2183,#2184,
#2185,#2186,#2187),.UNSPECIFIED.,.T.,.F.) B_SPLINE_CURVE_WITH_KNOTS((1,2
    ,2,2,2,1),(-2.094395102393,0.,2.094395102393,4.188790204786,
6.28318530718,8.377580409573),.UNSPECIFIED.) CURVE() 
GEOMETRIC_REPRESENTATION_ITEM() RATIONAL_B_SPLINE_CURVE((1.,0.5,1.,0.5,
1.,0.5,1.)) REPRESENTATION_ITEM('') );
#2181 = CARTESIAN_POINT('',(-382.7956890143,-348.0043109856));
#2182 = CARTESIAN_POINT('',(-382.7956890143,-342.2885433206));
#2183 = CARTESIAN_POINT('',(-377.8456890143,-345.1464271531));
#2184 = CARTESIAN_POINT('',(-372.8956890143,-348.0043109856));
#2185 = CARTESIAN_POINT('',(-377.8456890143,-350.8621948181));
#2186 = CARTESIAN_POINT('',(-382.7956890143,-353.7200786506));
#2187 = CARTESIAN_POINT('',(-382.7956890143,-348.0043109856));
#2188 = ( GEOMETRIC_REPRESENTATION_CONTEXT(2) 
PARAMETRIC_REPRESENTATION_CONTEXT() REPRESENTATION_CONTEXT('2D SPACE',''
  ) );
#2189 = PCURVE('',#2190,#2195);
#2190 = CYLINDRICAL_SURFACE('',#2191,3.3);
#2191 = AXIS2_PLACEMENT_3D('',#2192,#2193,#2194);
#2192 = CARTESIAN_POINT('',(-4.,125.50431098567,449.49568901432));
#2193 = DIRECTION('',(1.,0.,0.));
#2194 = DIRECTION('',(-0.,0.,1.));
#2195 = DEFINITIONAL_REPRESENTATION('',(#2196),#2200);
#2196 = LINE('',#2197,#2198);
#2197 = CARTESIAN_POINT('',(0.,1.));
#2198 = VECTOR('',#2199,1.);
#2199 = DIRECTION('',(1.,0.));
#2200 = ( GEOMETRIC_REPRESENTATION_CONTEXT(2) 
PARAMETRIC_REPRESENTATION_CONTEXT() REPRESENTATION_CONTEXT('2D SPACE',''
  ) );
#2201 = ADVANCED_FACE('',(#2202,#2403,#2433,#2463,#2489,#2519,#2545,
    #2575,#2605,#2635,#2665,#2691,#2721,#2751,#2781,#2807,#2837,#2867,
    #2897,#2923,#2953,#2983,#3013,#3039,#3069,#3099,#3129,#3155,#3185,
    #3215,#3245,#3271,#3301,#3331,#3361,#3387,#3417,#3447,#3477,#3503,
    #3533,#3563,#3589,#3619,#3649,#3675,#3705,#3731,#3757,#3787,#3817),
  #72,.F.);
#2202 = FACE_BOUND('',#2203,.F.);
#2203 = EDGE_LOOP('',(#2204,#2227,#2228,#2229,#2257,#2280,#2303,#2331,
    #2354,#2382));
#2204 = ORIENTED_EDGE('',*,*,#2205,.F.);
#2205 = EDGE_CURVE('',#142,#2206,#2208,.T.);
#2206 = VERTEX_POINT('',#2207);
#2207 = CARTESIAN_POINT('',(3.,50.890437438204,346.));
#2208 = SURFACE_CURVE('',#2209,(#2213,#2220),.PCURVE_S1.);
#2209 = LINE('',#2210,#2211);
#2210 = CARTESIAN_POINT('',(3.,-221.938159327,34.195889411156));
#2211 = VECTOR('',#2212,1.);
#2212 = DIRECTION('',(0.,0.658504607869,0.752576694707));
#2213 = PCURVE('',#72,#2214);
#2214 = DEFINITIONAL_REPRESENTATION('',(#2215),#2219);
#2215 = LINE('',#2216,#2217);
#2216 = CARTESIAN_POINT('',(35.804110588844,-0.561840672965));
#2217 = VECTOR('',#2218,1.);
#2218 = DIRECTION('',(-0.752576694707,-0.658504607869));
#2219 = ( GEOMETRIC_REPRESENTATION_CONTEXT(2) 
PARAMETRIC_REPRESENTATION_CONTEXT() REPRESENTATION_CONTEXT('2D SPACE',''
  ) );
#2220 = PCURVE('',#212,#2221);
#2221 = DEFINITIONAL_REPRESENTATION('',(#2222),#2226);
#2222 = LINE('',#2223,#2224);
#2223 = CARTESIAN_POINT('',(53.150729063673,-6.));
#2224 = VECTOR('',#2225,1.);
#2225 = DIRECTION('',(-1.,0.));
#2226 = ( GEOMETRIC_REPRESENTATION_CONTEXT(2) 
PARAMETRIC_REPRESENTATION_CONTEXT() REPRESENTATION_CONTEXT('2D SPACE',''
  ) );
#2227 = ORIENTED_EDGE('',*,*,#141,.F.);
#2228 = ORIENTED_EDGE('',*,*,#56,.T.);
#2229 = ORIENTED_EDGE('',*,*,#2230,.F.);
#2230 = EDGE_CURVE('',#2231,#57,#2233,.T.);
#2231 = VERTEX_POINT('',#2232);
#2232 = CARTESIAN_POINT('',(3.,40.,394.));
#2233 = SURFACE_CURVE('',#2234,(#2239,#2250),.PCURVE_S1.);
#2234 = CIRCLE('',#2235,24.);
#2235 = AXIS2_PLACEMENT_3D('',#2236,#2237,#2238);
#2236 = CARTESIAN_POINT('',(3.,40.,370.));
#2237 = DIRECTION('',(1.,0.,0.));
#2238 = DIRECTION('',(-0.,0.,1.));
#2239 = PCURVE('',#72,#2240);
#2240 = DEFINITIONAL_REPRESENTATION('',(#2241),#2249);
#2241 = ( BOUNDED_CURVE() B_SPLINE_CURVE(2,(#2242,#2243,#2244,#2245,
#2246,#2247,#2248),.UNSPECIFIED.,.T.,.F.) B_SPLINE_CURVE_WITH_KNOTS((1,2
    ,2,2,2,1),(-2.094395102393,0.,2.094395102393,4.188790204786,
6.28318530718,8.377580409573),.UNSPECIFIED.) CURVE() 
GEOMETRIC_REPRESENTATION_ITEM() RATIONAL_B_SPLINE_CURVE((1.,0.5,1.,0.5,
1.,0.5,1.)) REPRESENTATION_ITEM('') );
#2242 = CARTESIAN_POINT('',(-324.,-262.5));
#2243 = CARTESIAN_POINT('',(-324.,-220.9307806183));
#2244 = CARTESIAN_POINT('',(-288.,-241.7153903091));
#2245 = CARTESIAN_POINT('',(-252.,-262.5));
#2246 = CARTESIAN_POINT('',(-288.,-283.2846096908));
#2247 = CARTESIAN_POINT('',(-324.,-304.0692193816));
#2248 = CARTESIAN_POINT('',(-324.,-262.5));
#2249 = ( GEOMETRIC_REPRESENTATION_CONTEXT(2) 
PARAMETRIC_REPRESENTATION_CONTEXT() REPRESENTATION_CONTEXT('2D SPACE',''
  ) );
#2250 = PCURVE('',#100,#2251);
#2251 = DEFINITIONAL_REPRESENTATION('',(#2252),#2256);
#2252 = LINE('',#2253,#2254);
#2253 = CARTESIAN_POINT('',(0.,6.));
#2254 = VECTOR('',#2255,1.);
#2255 = DIRECTION('',(1.,0.));
#2256 = ( GEOMETRIC_REPRESENTATION_CONTEXT(2) 
PARAMETRIC_REPRESENTATION_CONTEXT() REPRESENTATION_CONTEXT('2D SPACE',''
  ) );
#2257 = ORIENTED_EDGE('',*,*,#2258,.F.);
#2258 = EDGE_CURVE('',#2259,#2231,#2261,.T.);
#2259 = VERTEX_POINT('',#2260);
#2260 = CARTESIAN_POINT('',(3.,116.,394.));
#2261 = SURFACE_CURVE('',#2262,(#2266,#2273),.PCURVE_S1.);
#2262 = LINE('',#2263,#2264);
#2263 = CARTESIAN_POINT('',(3.,116.,394.));
#2264 = VECTOR('',#2265,1.);
#2265 = DIRECTION('',(0.,-1.,0.));
#2266 = PCURVE('',#72,#2267);
#2267 = DEFINITIONAL_REPRESENTATION('',(#2268),#2272);
#2268 = LINE('',#2269,#2270);
#2269 = CARTESIAN_POINT('',(-324.,-338.5));
#2270 = VECTOR('',#2271,1.);
#2271 = DIRECTION('',(0.,1.));
#2272 = ( GEOMETRIC_REPRESENTATION_CONTEXT(2) 
PARAMETRIC_REPRESENTATION_CONTEXT() REPRESENTATION_CONTEXT('2D SPACE',''
  ) );
#2273 = PCURVE('',#273,#2274);
#2274 = DEFINITIONAL_REPRESENTATION('',(#2275),#2279);
#2275 = LINE('',#2276,#2277);
#2276 = CARTESIAN_POINT('',(76.,-6.));
#2277 = VECTOR('',#2278,1.);
#2278 = DIRECTION('',(-1.,0.));
#2279 = ( GEOMETRIC_REPRESENTATION_CONTEXT(2) 
PARAMETRIC_REPRESENTATION_CONTEXT() REPRESENTATION_CONTEXT('2D SPACE',''
  ) );
#2280 = ORIENTED_EDGE('',*,*,#2281,.T.);
#2281 = EDGE_CURVE('',#2259,#2282,#2284,.T.);
#2282 = VERTEX_POINT('',#2283);
#2283 = CARTESIAN_POINT('',(3.,116.,420.57779489814));
#2284 = SURFACE_CURVE('',#2285,(#2289,#2296),.PCURVE_S1.);
#2285 = LINE('',#2286,#2287);
#2286 = CARTESIAN_POINT('',(3.,116.,370.));
#2287 = VECTOR('',#2288,1.);
#2288 = DIRECTION('',(0.,0.,1.));
#2289 = PCURVE('',#72,#2290);
#2290 = DEFINITIONAL_REPRESENTATION('',(#2291),#2295);
#2291 = LINE('',#2292,#2293);
#2292 = CARTESIAN_POINT('',(-300.,-338.5));
#2293 = VECTOR('',#2294,1.);
#2294 = DIRECTION('',(-1.,0.));
#2295 = ( GEOMETRIC_REPRESENTATION_CONTEXT(2) 
PARAMETRIC_REPRESENTATION_CONTEXT() REPRESENTATION_CONTEXT('2D SPACE',''
  ) );
#2296 = PCURVE('',#301,#2297);
#2297 = DEFINITIONAL_REPRESENTATION('',(#2298),#2302);
#2298 = LINE('',#2299,#2300);
#2299 = CARTESIAN_POINT('',(0.,-6.));
#2300 = VECTOR('',#2301,1.);
#2301 = DIRECTION('',(1.,0.));
#2302 = ( GEOMETRIC_REPRESENTATION_CONTEXT(2) 
PARAMETRIC_REPRESENTATION_CONTEXT() REPRESENTATION_CONTEXT('2D SPACE',''
  ) );
#2303 = ORIENTED_EDGE('',*,*,#2304,.F.);
#2304 = EDGE_CURVE('',#2305,#2282,#2307,.T.);
#2305 = VERTEX_POINT('',#2306);
#2306 = CARTESIAN_POINT('',(3.,164.,420.57779489814));
#2307 = SURFACE_CURVE('',#2308,(#2313,#2324),.PCURVE_S1.);
#2308 = CIRCLE('',#2309,28.);
#2309 = AXIS2_PLACEMENT_3D('',#2310,#2311,#2312);
#2310 = CARTESIAN_POINT('',(3.,140.,435.));
#2311 = DIRECTION('',(1.,-0.,0.));
#2312 = DIRECTION('',(0.,0.857142857143,-0.515078753638));
#2313 = PCURVE('',#72,#2314);
#2314 = DEFINITIONAL_REPRESENTATION('',(#2315),#2323);
#2315 = ( BOUNDED_CURVE() B_SPLINE_CURVE(2,(#2316,#2317,#2318,#2319,
#2320,#2321,#2322),.UNSPECIFIED.,.T.,.F.) B_SPLINE_CURVE_WITH_KNOTS((1,2
    ,2,2,2,1),(-2.094395102393,0.,2.094395102393,4.188790204786,
6.28318530718,8.377580409573),.UNSPECIFIED.) CURVE() 
GEOMETRIC_REPRESENTATION_ITEM() RATIONAL_B_SPLINE_CURVE((1.,0.5,1.,0.5,
1.,0.5,1.)) REPRESENTATION_ITEM('') );
#2316 = CARTESIAN_POINT('',(-350.5777948981,-386.5));
#2317 = CARTESIAN_POINT('',(-392.1470142797,-411.4799919935));
#2318 = CARTESIAN_POINT('',(-392.9957122417,-362.9899959967));
#2319 = CARTESIAN_POINT('',(-393.8444102037,-314.4999999999));
#2320 = CARTESIAN_POINT('',(-351.4264928601,-338.0100040032));
#2321 = CARTESIAN_POINT('',(-309.0085755164,-361.5200080064));
#2322 = CARTESIAN_POINT('',(-350.5777948981,-386.5));
#2323 = ( GEOMETRIC_REPRESENTATION_CONTEXT(2) 
PARAMETRIC_REPRESENTATION_CONTEXT() REPRESENTATION_CONTEXT('2D SPACE',''
  ) );
#2324 = PCURVE('',#330,#2325);
#2325 = DEFINITIONAL_REPRESENTATION('',(#2326),#2330);
#2326 = LINE('',#2327,#2328);
#2327 = CARTESIAN_POINT('',(4.171289454428,6.));
#2328 = VECTOR('',#2329,1.);
#2329 = DIRECTION('',(1.,0.));
#2330 = ( GEOMETRIC_REPRESENTATION_CONTEXT(2) 
PARAMETRIC_REPRESENTATION_CONTEXT() REPRESENTATION_CONTEXT('2D SPACE',''
  ) );
#2331 = ORIENTED_EDGE('',*,*,#2332,.T.);
#2332 = EDGE_CURVE('',#2305,#2333,#2335,.T.);
#2333 = VERTEX_POINT('',#2334);
#2334 = CARTESIAN_POINT('',(3.,164.,370.));
#2335 = SURFACE_CURVE('',#2336,(#2340,#2347),.PCURVE_S1.);
#2336 = LINE('',#2337,#2338);
#2337 = CARTESIAN_POINT('',(3.,164.,435.));
#2338 = VECTOR('',#2339,1.);
#2339 = DIRECTION('',(0.,0.,-1.));
#2340 = PCURVE('',#72,#2341);
#2341 = DEFINITIONAL_REPRESENTATION('',(#2342),#2346);
#2342 = LINE('',#2343,#2344);
#2343 = CARTESIAN_POINT('',(-365.,-386.5));
#2344 = VECTOR('',#2345,1.);
#2345 = DIRECTION('',(1.,0.));
#2346 = ( GEOMETRIC_REPRESENTATION_CONTEXT(2) 
PARAMETRIC_REPRESENTATION_CONTEXT() REPRESENTATION_CONTEXT('2D SPACE',''
  ) );
#2347 = PCURVE('',#358,#2348);
#2348 = DEFINITIONAL_REPRESENTATION('',(#2349),#2353);
#2349 = LINE('',#2350,#2351);
#2350 = CARTESIAN_POINT('',(0.,-6.));
#2351 = VECTOR('',#2352,1.);
#2352 = DIRECTION('',(1.,0.));
#2353 = ( GEOMETRIC_REPRESENTATION_CONTEXT(2) 
PARAMETRIC_REPRESENTATION_CONTEXT() REPRESENTATION_CONTEXT('2D SPACE',''
  ) );
#2354 = ORIENTED_EDGE('',*,*,#2355,.F.);
#2355 = EDGE_CURVE('',#2356,#2333,#2358,.T.);
#2356 = VERTEX_POINT('',#2357);
#2357 = CARTESIAN_POINT('',(3.,140.,346.));
#2358 = SURFACE_CURVE('',#2359,(#2364,#2375),.PCURVE_S1.);
#2359 = CIRCLE('',#2360,24.);
#2360 = AXIS2_PLACEMENT_3D('',#2361,#2362,#2363);
#2361 = CARTESIAN_POINT('',(3.,140.,370.));
#2362 = DIRECTION('',(1.,0.,0.));
#2363 = DIRECTION('',(-0.,0.,1.));
#2364 = PCURVE('',#72,#2365);
#2365 = DEFINITIONAL_REPRESENTATION('',(#2366),#2374);
#2366 = ( BOUNDED_CURVE() B_SPLINE_CURVE(2,(#2367,#2368,#2369,#2370,
#2371,#2372,#2373),.UNSPECIFIED.,.T.,.F.) B_SPLINE_CURVE_WITH_KNOTS((1,2
    ,2,2,2,1),(-2.094395102393,0.,2.094395102393,4.188790204786,
6.28318530718,8.377580409573),.UNSPECIFIED.) CURVE() 
GEOMETRIC_REPRESENTATION_ITEM() RATIONAL_B_SPLINE_CURVE((1.,0.5,1.,0.5,
1.,0.5,1.)) REPRESENTATION_ITEM('') );
#2367 = CARTESIAN_POINT('',(-324.,-362.5));
#2368 = CARTESIAN_POINT('',(-324.,-320.9307806183));
#2369 = CARTESIAN_POINT('',(-288.,-341.7153903091));
#2370 = CARTESIAN_POINT('',(-252.,-362.5));
#2371 = CARTESIAN_POINT('',(-288.,-383.2846096908));
#2372 = CARTESIAN_POINT('',(-324.,-404.0692193816));
#2373 = CARTESIAN_POINT('',(-324.,-362.5));
#2374 = ( GEOMETRIC_REPRESENTATION_CONTEXT(2) 
PARAMETRIC_REPRESENTATION_CONTEXT() REPRESENTATION_CONTEXT('2D SPACE',''
  ) );
#2375 = PCURVE('',#391,#2376);
#2376 = DEFINITIONAL_REPRESENTATION('',(#2377),#2381);
#2377 = LINE('',#2378,#2379);
#2378 = CARTESIAN_POINT('',(0.,6.));
#2379 = VECTOR('',#2380,1.);
#2380 = DIRECTION('',(1.,0.));
#2381 = ( GEOMETRIC_REPRESENTATION_CONTEXT(2) 
PARAMETRIC_REPRESENTATION_CONTEXT() REPRESENTATION_CONTEXT('2D SPACE',''
  ) );
#2382 = ORIENTED_EDGE('',*,*,#2383,.F.);
#2383 = EDGE_CURVE('',#2206,#2356,#2384,.T.);
#2384 = SURFACE_CURVE('',#2385,(#2389,#2396),.PCURVE_S1.);
#2385 = LINE('',#2386,#2387);
#2386 = CARTESIAN_POINT('',(3.,50.890437438204,346.));
#2387 = VECTOR('',#2388,1.);
#2388 = DIRECTION('',(0.,1.,0.));
#2389 = PCURVE('',#72,#2390);
#2390 = DEFINITIONAL_REPRESENTATION('',(#2391),#2395);
#2391 = LINE('',#2392,#2393);
#2392 = CARTESIAN_POINT('',(-276.,-273.3904374382));
#2393 = VECTOR('',#2394,1.);
#2394 = DIRECTION('',(0.,-1.));
#2395 = ( GEOMETRIC_REPRESENTATION_CONTEXT(2) 
PARAMETRIC_REPRESENTATION_CONTEXT() REPRESENTATION_CONTEXT('2D SPACE',''
  ) );
#2396 = PCURVE('',#419,#2397);
#2397 = DEFINITIONAL_REPRESENTATION('',(#2398),#2402);
#2398 = LINE('',#2399,#2400);
#2399 = CARTESIAN_POINT('',(39.109562561796,-6.));
#2400 = VECTOR('',#2401,1.);
#2401 = DIRECTION('',(-1.,-0.));
#2402 = ( GEOMETRIC_REPRESENTATION_CONTEXT(2) 
PARAMETRIC_REPRESENTATION_CONTEXT() REPRESENTATION_CONTEXT('2D SPACE',''
  ) );
#2403 = FACE_BOUND('',#2404,.F.);
#2404 = EDGE_LOOP('',(#2405));
#2405 = ORIENTED_EDGE('',*,*,#2406,.T.);
#2406 = EDGE_CURVE('',#2407,#2407,#2409,.T.);
#2407 = VERTEX_POINT('',#2408);
#2408 = CARTESIAN_POINT('',(3.,-250.,69.520508075689));
#2409 = SURFACE_CURVE('',#2410,(#2415,#2426),.PCURVE_S1.);
#2410 = CIRCLE('',#2411,2.2);
#2411 = AXIS2_PLACEMENT_3D('',#2412,#2413,#2414);
#2412 = CARTESIAN_POINT('',(3.,-250.,67.320508075689));
#2413 = DIRECTION('',(1.,0.,0.));
#2414 = DIRECTION('',(-0.,0.,1.));
#2415 = PCURVE('',#72,#2416);
#2416 = DEFINITIONAL_REPRESENTATION('',(#2417),#2425);
#2417 = ( BOUNDED_CURVE() B_SPLINE_CURVE(2,(#2418,#2419,#2420,#2421,
#2422,#2423,#2424),.UNSPECIFIED.,.T.,.F.) B_SPLINE_CURVE_WITH_KNOTS((1,2
    ,2,2,2,1),(-2.094395102393,0.,2.094395102393,4.188790204786,
6.28318530718,8.377580409573),.UNSPECIFIED.) CURVE() 
GEOMETRIC_REPRESENTATION_ITEM() RATIONAL_B_SPLINE_CURVE((1.,0.5,1.,0.5,
1.,0.5,1.)) REPRESENTATION_ITEM('') );
#2418 = CARTESIAN_POINT('',(0.479491924311,27.5));
#2419 = CARTESIAN_POINT('',(0.479491924311,31.310511776652));
#2420 = CARTESIAN_POINT('',(3.779491924311,29.405255888326));
#2421 = CARTESIAN_POINT('',(7.079491924311,27.5));
#2422 = CARTESIAN_POINT('',(3.779491924311,25.594744111674));
#2423 = CARTESIAN_POINT('',(0.479491924311,23.689488223348));
#2424 = CARTESIAN_POINT('',(0.479491924311,27.5));
#2425 = ( GEOMETRIC_REPRESENTATION_CONTEXT(2) 
PARAMETRIC_REPRESENTATION_CONTEXT() REPRESENTATION_CONTEXT('2D SPACE',''
  ) );
#2426 = PCURVE('',#475,#2427);
#2427 = DEFINITIONAL_REPRESENTATION('',(#2428),#2432);
#2428 = LINE('',#2429,#2430);
#2429 = CARTESIAN_POINT('',(0.,7.));
#2430 = VECTOR('',#2431,1.);
#2431 = DIRECTION('',(1.,0.));
#2432 = ( GEOMETRIC_REPRESENTATION_CONTEXT(2) 
PARAMETRIC_REPRESENTATION_CONTEXT() REPRESENTATION_CONTEXT('2D SPACE',''
  ) );
#2433 = FACE_BOUND('',#2434,.F.);
#2434 = EDGE_LOOP('',(#2435));
#2435 = ORIENTED_EDGE('',*,*,#2436,.T.);
#2436 = EDGE_CURVE('',#2437,#2437,#2439,.T.);
#2437 = VERTEX_POINT('',#2438);
#2438 = CARTESIAN_POINT('',(3.,-220.,52.2));
#2439 = SURFACE_CURVE('',#2440,(#2445,#2456),.PCURVE_S1.);
#2440 = CIRCLE('',#2441,2.2);
#2441 = AXIS2_PLACEMENT_3D('',#2442,#2443,#2444);
#2442 = CARTESIAN_POINT('',(3.,-220.,50.));
#2443 = DIRECTION('',(1.,0.,0.));
#2444 = DIRECTION('',(-0.,0.,1.));
#2445 = PCURVE('',#72,#2446);
#2446 = DEFINITIONAL_REPRESENTATION('',(#2447),#2455);
#2447 = ( BOUNDED_CURVE() B_SPLINE_CURVE(2,(#2448,#2449,#2450,#2451,
#2452,#2453,#2454),.UNSPECIFIED.,.T.,.F.) B_SPLINE_CURVE_WITH_KNOTS((1,2
    ,2,2,2,1),(-2.094395102393,0.,2.094395102393,4.188790204786,
6.28318530718,8.377580409573),.UNSPECIFIED.) CURVE() 
GEOMETRIC_REPRESENTATION_ITEM() RATIONAL_B_SPLINE_CURVE((1.,0.5,1.,0.5,
1.,0.5,1.)) REPRESENTATION_ITEM('') );
#2448 = CARTESIAN_POINT('',(17.8,-2.5));
#2449 = CARTESIAN_POINT('',(17.8,1.310511776652));
#2450 = CARTESIAN_POINT('',(21.1,-0.594744111674));
#2451 = CARTESIAN_POINT('',(24.4,-2.5));
#2452 = CARTESIAN_POINT('',(21.1,-4.405255888326));
#2453 = CARTESIAN_POINT('',(17.8,-6.310511776652));
#2454 = CARTESIAN_POINT('',(17.8,-2.5));
#2455 = ( GEOMETRIC_REPRESENTATION_CONTEXT(2) 
PARAMETRIC_REPRESENTATION_CONTEXT() REPRESENTATION_CONTEXT('2D SPACE',''
  ) );
#2456 = PCURVE('',#510,#2457);
#2457 = DEFINITIONAL_REPRESENTATION('',(#2458),#2462);
#2458 = LINE('',#2459,#2460);
#2459 = CARTESIAN_POINT('',(0.,7.));
#2460 = VECTOR('',#2461,1.);
#2461 = DIRECTION('',(1.,0.));
#2462 = ( GEOMETRIC_REPRESENTATION_CONTEXT(2) 
PARAMETRIC_REPRESENTATION_CONTEXT() REPRESENTATION_CONTEXT('2D SPACE',''
  ) );
#2463 = FACE_BOUND('',#2464,.F.);
#2464 = EDGE_LOOP('',(#2465));
#2465 = ORIENTED_EDGE('',*,*,#2466,.F.);
#2466 = EDGE_CURVE('',#2467,#2467,#2469,.T.);
#2467 = VERTEX_POINT('',#2468);
#2468 = CARTESIAN_POINT('',(3.,-240.,64.3375));
#2469 = SURFACE_CURVE('',#2470,(#2475,#2482),.PCURVE_S1.);
#2470 = CIRCLE('',#2471,14.3375);
#2471 = AXIS2_PLACEMENT_3D('',#2472,#2473,#2474);
#2472 = CARTESIAN_POINT('',(3.,-240.,50.));
#2473 = DIRECTION('',(-1.,0.,0.));
#2474 = DIRECTION('',(0.,0.,1.));
#2475 = PCURVE('',#72,#2476);
#2476 = DEFINITIONAL_REPRESENTATION('',(#2477),#2481);
#2477 = CIRCLE('',#2478,14.3375);
#2478 = AXIS2_PLACEMENT_2D('',#2479,#2480);
#2479 = CARTESIAN_POINT('',(20.,17.5));
#2480 = DIRECTION('',(-1.,0.));
#2481 = ( GEOMETRIC_REPRESENTATION_CONTEXT(2) 
PARAMETRIC_REPRESENTATION_CONTEXT() REPRESENTATION_CONTEXT('2D SPACE',''
  ) );
#2482 = PCURVE('',#545,#2483);
#2483 = DEFINITIONAL_REPRESENTATION('',(#2484),#2488);
#2484 = LINE('',#2485,#2486);
#2485 = CARTESIAN_POINT('',(6.28318530718,7.));
#2486 = VECTOR('',#2487,1.);
#2487 = DIRECTION('',(-1.,-0.));
#2488 = ( GEOMETRIC_REPRESENTATION_CONTEXT(2) 
PARAMETRIC_REPRESENTATION_CONTEXT() REPRESENTATION_CONTEXT('2D SPACE',''
  ) );
#2489 = FACE_BOUND('',#2490,.F.);
#2490 = EDGE_LOOP('',(#2491));
#2491 = ORIENTED_EDGE('',*,*,#2492,.T.);
#2492 = EDGE_CURVE('',#2493,#2493,#2495,.T.);
#2493 = VERTEX_POINT('',#2494);
#2494 = CARTESIAN_POINT('',(3.,-215.,74.879491924311));
#2495 = SURFACE_CURVE('',#2496,(#2501,#2512),.PCURVE_S1.);
#2496 = CIRCLE('',#2497,2.2);
#2497 = AXIS2_PLACEMENT_3D('',#2498,#2499,#2500);
#2498 = CARTESIAN_POINT('',(3.,-215.,72.679491924311));
#2499 = DIRECTION('',(1.,0.,0.));
#2500 = DIRECTION('',(-0.,0.,1.));
#2501 = PCURVE('',#72,#2502);
#2502 = DEFINITIONAL_REPRESENTATION('',(#2503),#2511);
#2503 = ( BOUNDED_CURVE() B_SPLINE_CURVE(2,(#2504,#2505,#2506,#2507,
#2508,#2509,#2510),.UNSPECIFIED.,.T.,.F.) B_SPLINE_CURVE_WITH_KNOTS((1,2
    ,2,2,2,1),(-2.094395102393,0.,2.094395102393,4.188790204786,
6.28318530718,8.377580409573),.UNSPECIFIED.) CURVE() 
GEOMETRIC_REPRESENTATION_ITEM() RATIONAL_B_SPLINE_CURVE((1.,0.5,1.,0.5,
1.,0.5,1.)) REPRESENTATION_ITEM('') );
#2504 = CARTESIAN_POINT('',(-4.879491924311,-7.5));
#2505 = CARTESIAN_POINT('',(-4.879491924311,-3.689488223348));
#2506 = CARTESIAN_POINT('',(-1.579491924311,-5.594744111674));
#2507 = CARTESIAN_POINT('',(1.720508075689,-7.5));
#2508 = CARTESIAN_POINT('',(-1.579491924311,-9.405255888326));
#2509 = CARTESIAN_POINT('',(-4.879491924311,-11.31051177665));
#2510 = CARTESIAN_POINT('',(-4.879491924311,-7.5));
#2511 = ( GEOMETRIC_REPRESENTATION_CONTEXT(2) 
PARAMETRIC_REPRESENTATION_CONTEXT() REPRESENTATION_CONTEXT('2D SPACE',''
  ) );
#2512 = PCURVE('',#580,#2513);
#2513 = DEFINITIONAL_REPRESENTATION('',(#2514),#2518);
#2514 = LINE('',#2515,#2516);
#2515 = CARTESIAN_POINT('',(0.,7.));
#2516 = VECTOR('',#2517,1.);
#2517 = DIRECTION('',(1.,0.));
#2518 = ( GEOMETRIC_REPRESENTATION_CONTEXT(2) 
PARAMETRIC_REPRESENTATION_CONTEXT() REPRESENTATION_CONTEXT('2D SPACE',''
  ) );
#2519 = FACE_BOUND('',#2520,.F.);
#2520 = EDGE_LOOP('',(#2521));
#2521 = ORIENTED_EDGE('',*,*,#2522,.F.);
#2522 = EDGE_CURVE('',#2523,#2523,#2525,.T.);
#2523 = VERTEX_POINT('',#2524);
#2524 = CARTESIAN_POINT('',(3.,-205.,104.3375));
#2525 = SURFACE_CURVE('',#2526,(#2531,#2538),.PCURVE_S1.);
#2526 = CIRCLE('',#2527,14.3375);
#2527 = AXIS2_PLACEMENT_3D('',#2528,#2529,#2530);
#2528 = CARTESIAN_POINT('',(3.,-205.,90.));
#2529 = DIRECTION('',(-1.,0.,0.));
#2530 = DIRECTION('',(0.,0.,1.));
#2531 = PCURVE('',#72,#2532);
#2532 = DEFINITIONAL_REPRESENTATION('',(#2533),#2537);
#2533 = CIRCLE('',#2534,14.3375);
#2534 = AXIS2_PLACEMENT_2D('',#2535,#2536);
#2535 = CARTESIAN_POINT('',(-20.,-17.5));
#2536 = DIRECTION('',(-1.,0.));
#2537 = ( GEOMETRIC_REPRESENTATION_CONTEXT(2) 
PARAMETRIC_REPRESENTATION_CONTEXT() REPRESENTATION_CONTEXT('2D SPACE',''
  ) );
#2538 = PCURVE('',#615,#2539);
#2539 = DEFINITIONAL_REPRESENTATION('',(#2540),#2544);
#2540 = LINE('',#2541,#2542);
#2541 = CARTESIAN_POINT('',(6.28318530718,7.));
#2542 = VECTOR('',#2543,1.);
#2543 = DIRECTION('',(-1.,-0.));
#2544 = ( GEOMETRIC_REPRESENTATION_CONTEXT(2) 
PARAMETRIC_REPRESENTATION_CONTEXT() REPRESENTATION_CONTEXT('2D SPACE',''
  ) );
#2545 = FACE_BOUND('',#2546,.F.);
#2546 = EDGE_LOOP('',(#2547));
#2547 = ORIENTED_EDGE('',*,*,#2548,.T.);
#2548 = EDGE_CURVE('',#2549,#2549,#2551,.T.);
#2549 = VERTEX_POINT('',#2550);
#2550 = CARTESIAN_POINT('',(3.,-250.,34.879491924311));
#2551 = SURFACE_CURVE('',#2552,(#2557,#2568),.PCURVE_S1.);
#2552 = CIRCLE('',#2553,2.2);
#2553 = AXIS2_PLACEMENT_3D('',#2554,#2555,#2556);
#2554 = CARTESIAN_POINT('',(3.,-250.,32.679491924311));
#2555 = DIRECTION('',(1.,0.,0.));
#2556 = DIRECTION('',(-0.,0.,1.));
#2557 = PCURVE('',#72,#2558);
#2558 = DEFINITIONAL_REPRESENTATION('',(#2559),#2567);
#2559 = ( BOUNDED_CURVE() B_SPLINE_CURVE(2,(#2560,#2561,#2562,#2563,
#2564,#2565,#2566),.UNSPECIFIED.,.T.,.F.) B_SPLINE_CURVE_WITH_KNOTS((1,2
    ,2,2,2,1),(-2.094395102393,0.,2.094395102393,4.188790204786,
6.28318530718,8.377580409573),.UNSPECIFIED.) CURVE() 
GEOMETRIC_REPRESENTATION_ITEM() RATIONAL_B_SPLINE_CURVE((1.,0.5,1.,0.5,
1.,0.5,1.)) REPRESENTATION_ITEM('') );
#2560 = CARTESIAN_POINT('',(35.120508075689,27.5));
#2561 = CARTESIAN_POINT('',(35.120508075689,31.310511776652));
#2562 = CARTESIAN_POINT('',(38.420508075689,29.405255888326));
#2563 = CARTESIAN_POINT('',(41.720508075689,27.5));
#2564 = CARTESIAN_POINT('',(38.420508075689,25.594744111674));
#2565 = CARTESIAN_POINT('',(35.120508075689,23.689488223348));
#2566 = CARTESIAN_POINT('',(35.120508075689,27.5));
#2567 = ( GEOMETRIC_REPRESENTATION_CONTEXT(2) 
PARAMETRIC_REPRESENTATION_CONTEXT() REPRESENTATION_CONTEXT('2D SPACE',''
  ) );
#2568 = PCURVE('',#650,#2569);
#2569 = DEFINITIONAL_REPRESENTATION('',(#2570),#2574);
#2570 = LINE('',#2571,#2572);
#2571 = CARTESIAN_POINT('',(0.,7.));
#2572 = VECTOR('',#2573,1.);
#2573 = DIRECTION('',(1.,0.));
#2574 = ( GEOMETRIC_REPRESENTATION_CONTEXT(2) 
PARAMETRIC_REPRESENTATION_CONTEXT() REPRESENTATION_CONTEXT('2D SPACE',''
  ) );
#2575 = FACE_BOUND('',#2576,.F.);
#2576 = EDGE_LOOP('',(#2577));
#2577 = ORIENTED_EDGE('',*,*,#2578,.T.);
#2578 = EDGE_CURVE('',#2579,#2579,#2581,.T.);
#2579 = VERTEX_POINT('',#2580);
#2580 = CARTESIAN_POINT('',(3.,-215.,109.52050807568));
#2581 = SURFACE_CURVE('',#2582,(#2587,#2598),.PCURVE_S1.);
#2582 = CIRCLE('',#2583,2.2);
#2583 = AXIS2_PLACEMENT_3D('',#2584,#2585,#2586);
#2584 = CARTESIAN_POINT('',(3.,-215.,107.32050807568));
#2585 = DIRECTION('',(1.,0.,0.));
#2586 = DIRECTION('',(-0.,0.,1.));
#2587 = PCURVE('',#72,#2588);
#2588 = DEFINITIONAL_REPRESENTATION('',(#2589),#2597);
#2589 = ( BOUNDED_CURVE() B_SPLINE_CURVE(2,(#2590,#2591,#2592,#2593,
#2594,#2595,#2596),.UNSPECIFIED.,.T.,.F.) B_SPLINE_CURVE_WITH_KNOTS((1,2
    ,2,2,2,1),(-2.094395102393,0.,2.094395102393,4.188790204786,
6.28318530718,8.377580409573),.UNSPECIFIED.) CURVE() 
GEOMETRIC_REPRESENTATION_ITEM() RATIONAL_B_SPLINE_CURVE((1.,0.5,1.,0.5,
1.,0.5,1.)) REPRESENTATION_ITEM('') );
#2590 = CARTESIAN_POINT('',(-39.52050807568,-7.5));
#2591 = CARTESIAN_POINT('',(-39.52050807568,-3.689488223348));
#2592 = CARTESIAN_POINT('',(-36.22050807568,-5.594744111674));
#2593 = CARTESIAN_POINT('',(-32.92050807568,-7.5));
#2594 = CARTESIAN_POINT('',(-36.22050807568,-9.405255888326));
#2595 = CARTESIAN_POINT('',(-39.52050807568,-11.31051177665));
#2596 = CARTESIAN_POINT('',(-39.52050807568,-7.5));
#2597 = ( GEOMETRIC_REPRESENTATION_CONTEXT(2) 
PARAMETRIC_REPRESENTATION_CONTEXT() REPRESENTATION_CONTEXT('2D SPACE',''
  ) );
#2598 = PCURVE('',#685,#2599);
#2599 = DEFINITIONAL_REPRESENTATION('',(#2600),#2604);
#2600 = LINE('',#2601,#2602);
#2601 = CARTESIAN_POINT('',(0.,7.));
#2602 = VECTOR('',#2603,1.);
#2603 = DIRECTION('',(1.,0.));
#2604 = ( GEOMETRIC_REPRESENTATION_CONTEXT(2) 
PARAMETRIC_REPRESENTATION_CONTEXT() REPRESENTATION_CONTEXT('2D SPACE',''
  ) );
#2605 = FACE_BOUND('',#2606,.F.);
#2606 = EDGE_LOOP('',(#2607));
#2607 = ORIENTED_EDGE('',*,*,#2608,.T.);
#2608 = EDGE_CURVE('',#2609,#2609,#2611,.T.);
#2609 = VERTEX_POINT('',#2610);
#2610 = CARTESIAN_POINT('',(3.,-185.,92.2));
#2611 = SURFACE_CURVE('',#2612,(#2617,#2628),.PCURVE_S1.);
#2612 = CIRCLE('',#2613,2.2);
#2613 = AXIS2_PLACEMENT_3D('',#2614,#2615,#2616);
#2614 = CARTESIAN_POINT('',(3.,-185.,90.));
#2615 = DIRECTION('',(1.,0.,0.));
#2616 = DIRECTION('',(-0.,0.,1.));
#2617 = PCURVE('',#72,#2618);
#2618 = DEFINITIONAL_REPRESENTATION('',(#2619),#2627);
#2619 = ( BOUNDED_CURVE() B_SPLINE_CURVE(2,(#2620,#2621,#2622,#2623,
#2624,#2625,#2626),.UNSPECIFIED.,.T.,.F.) B_SPLINE_CURVE_WITH_KNOTS((1,2
    ,2,2,2,1),(-2.094395102393,0.,2.094395102393,4.188790204786,
6.28318530718,8.377580409573),.UNSPECIFIED.) CURVE() 
GEOMETRIC_REPRESENTATION_ITEM() RATIONAL_B_SPLINE_CURVE((1.,0.5,1.,0.5,
1.,0.5,1.)) REPRESENTATION_ITEM('') );
#2620 = CARTESIAN_POINT('',(-22.2,-37.5));
#2621 = CARTESIAN_POINT('',(-22.2,-33.68948822334));
#2622 = CARTESIAN_POINT('',(-18.9,-35.59474411167));
#2623 = CARTESIAN_POINT('',(-15.6,-37.5));
#2624 = CARTESIAN_POINT('',(-18.9,-39.40525588832));
#2625 = CARTESIAN_POINT('',(-22.2,-41.31051177665));
#2626 = CARTESIAN_POINT('',(-22.2,-37.5));
#2627 = ( GEOMETRIC_REPRESENTATION_CONTEXT(2) 
PARAMETRIC_REPRESENTATION_CONTEXT() REPRESENTATION_CONTEXT('2D SPACE',''
  ) );
#2628 = PCURVE('',#720,#2629);
#2629 = DEFINITIONAL_REPRESENTATION('',(#2630),#2634);
#2630 = LINE('',#2631,#2632);
#2631 = CARTESIAN_POINT('',(0.,7.));
#2632 = VECTOR('',#2633,1.);
#2633 = DIRECTION('',(1.,0.));
#2634 = ( GEOMETRIC_REPRESENTATION_CONTEXT(2) 
PARAMETRIC_REPRESENTATION_CONTEXT() REPRESENTATION_CONTEXT('2D SPACE',''
  ) );
#2635 = FACE_BOUND('',#2636,.F.);
#2636 = EDGE_LOOP('',(#2637));
#2637 = ORIENTED_EDGE('',*,*,#2638,.T.);
#2638 = EDGE_CURVE('',#2639,#2639,#2641,.T.);
#2639 = VERTEX_POINT('',#2640);
#2640 = CARTESIAN_POINT('',(3.,-180.,114.87949192431));
#2641 = SURFACE_CURVE('',#2642,(#2647,#2658),.PCURVE_S1.);
#2642 = CIRCLE('',#2643,2.2);
#2643 = AXIS2_PLACEMENT_3D('',#2644,#2645,#2646);
#2644 = CARTESIAN_POINT('',(3.,-180.,112.67949192431));
#2645 = DIRECTION('',(1.,0.,0.));
#2646 = DIRECTION('',(-0.,0.,1.));
#2647 = PCURVE('',#72,#2648);
#2648 = DEFINITIONAL_REPRESENTATION('',(#2649),#2657);
#2649 = ( BOUNDED_CURVE() B_SPLINE_CURVE(2,(#2650,#2651,#2652,#2653,
#2654,#2655,#2656),.UNSPECIFIED.,.T.,.F.) B_SPLINE_CURVE_WITH_KNOTS((1,2
    ,2,2,2,1),(-2.094395102393,0.,2.094395102393,4.188790204786,
6.28318530718,8.377580409573),.UNSPECIFIED.) CURVE() 
GEOMETRIC_REPRESENTATION_ITEM() RATIONAL_B_SPLINE_CURVE((1.,0.5,1.,0.5,
1.,0.5,1.)) REPRESENTATION_ITEM('') );
#2650 = CARTESIAN_POINT('',(-44.87949192431,-42.5));
#2651 = CARTESIAN_POINT('',(-44.87949192431,-38.68948822334));
#2652 = CARTESIAN_POINT('',(-41.57949192431,-40.59474411167));
#2653 = CARTESIAN_POINT('',(-38.27949192431,-42.5));
#2654 = CARTESIAN_POINT('',(-41.57949192431,-44.40525588832));
#2655 = CARTESIAN_POINT('',(-44.87949192431,-46.31051177665));
#2656 = CARTESIAN_POINT('',(-44.87949192431,-42.5));
#2657 = ( GEOMETRIC_REPRESENTATION_CONTEXT(2) 
PARAMETRIC_REPRESENTATION_CONTEXT() REPRESENTATION_CONTEXT('2D SPACE',''
  ) );
#2658 = PCURVE('',#755,#2659);
#2659 = DEFINITIONAL_REPRESENTATION('',(#2660),#2664);
#2660 = LINE('',#2661,#2662);
#2661 = CARTESIAN_POINT('',(0.,7.));
#2662 = VECTOR('',#2663,1.);
#2663 = DIRECTION('',(1.,0.));
#2664 = ( GEOMETRIC_REPRESENTATION_CONTEXT(2) 
PARAMETRIC_REPRESENTATION_CONTEXT() REPRESENTATION_CONTEXT('2D SPACE',''
  ) );
#2665 = FACE_BOUND('',#2666,.F.);
#2666 = EDGE_LOOP('',(#2667));
#2667 = ORIENTED_EDGE('',*,*,#2668,.F.);
#2668 = EDGE_CURVE('',#2669,#2669,#2671,.T.);
#2669 = VERTEX_POINT('',#2670);
#2670 = CARTESIAN_POINT('',(3.,-170.,144.3375));
#2671 = SURFACE_CURVE('',#2672,(#2677,#2684),.PCURVE_S1.);
#2672 = CIRCLE('',#2673,14.3375);
#2673 = AXIS2_PLACEMENT_3D('',#2674,#2675,#2676);
#2674 = CARTESIAN_POINT('',(3.,-170.,130.));
#2675 = DIRECTION('',(-1.,0.,0.));
#2676 = DIRECTION('',(0.,0.,1.));
#2677 = PCURVE('',#72,#2678);
#2678 = DEFINITIONAL_REPRESENTATION('',(#2679),#2683);
#2679 = CIRCLE('',#2680,14.3375);
#2680 = AXIS2_PLACEMENT_2D('',#2681,#2682);
#2681 = CARTESIAN_POINT('',(-60.,-52.5));
#2682 = DIRECTION('',(-1.,0.));
#2683 = ( GEOMETRIC_REPRESENTATION_CONTEXT(2) 
PARAMETRIC_REPRESENTATION_CONTEXT() REPRESENTATION_CONTEXT('2D SPACE',''
  ) );
#2684 = PCURVE('',#790,#2685);
#2685 = DEFINITIONAL_REPRESENTATION('',(#2686),#2690);
#2686 = LINE('',#2687,#2688);
#2687 = CARTESIAN_POINT('',(6.28318530718,7.));
#2688 = VECTOR('',#2689,1.);
#2689 = DIRECTION('',(-1.,-0.));
#2690 = ( GEOMETRIC_REPRESENTATION_CONTEXT(2) 
PARAMETRIC_REPRESENTATION_CONTEXT() REPRESENTATION_CONTEXT('2D SPACE',''
  ) );
#2691 = FACE_BOUND('',#2692,.F.);
#2692 = EDGE_LOOP('',(#2693));
#2693 = ORIENTED_EDGE('',*,*,#2694,.T.);
#2694 = EDGE_CURVE('',#2695,#2695,#2697,.T.);
#2695 = VERTEX_POINT('',#2696);
#2696 = CARTESIAN_POINT('',(3.,-180.,149.52050807568));
#2697 = SURFACE_CURVE('',#2698,(#2703,#2714),.PCURVE_S1.);
#2698 = CIRCLE('',#2699,2.2);
#2699 = AXIS2_PLACEMENT_3D('',#2700,#2701,#2702);
#2700 = CARTESIAN_POINT('',(3.,-180.,147.32050807568));
#2701 = DIRECTION('',(1.,0.,0.));
#2702 = DIRECTION('',(-0.,0.,1.));
#2703 = PCURVE('',#72,#2704);
#2704 = DEFINITIONAL_REPRESENTATION('',(#2705),#2713);
#2705 = ( BOUNDED_CURVE() B_SPLINE_CURVE(2,(#2706,#2707,#2708,#2709,
#2710,#2711,#2712),.UNSPECIFIED.,.T.,.F.) B_SPLINE_CURVE_WITH_KNOTS((1,2
    ,2,2,2,1),(-2.094395102393,0.,2.094395102393,4.188790204786,
6.28318530718,8.377580409573),.UNSPECIFIED.) CURVE() 
GEOMETRIC_REPRESENTATION_ITEM() RATIONAL_B_SPLINE_CURVE((1.,0.5,1.,0.5,
1.,0.5,1.)) REPRESENTATION_ITEM('') );
#2706 = CARTESIAN_POINT('',(-79.52050807568,-42.5));
#2707 = CARTESIAN_POINT('',(-79.52050807568,-38.68948822334));
#2708 = CARTESIAN_POINT('',(-76.22050807568,-40.59474411167));
#2709 = CARTESIAN_POINT('',(-72.92050807568,-42.5));
#2710 = CARTESIAN_POINT('',(-76.22050807568,-44.40525588832));
#2711 = CARTESIAN_POINT('',(-79.52050807568,-46.31051177665));
#2712 = CARTESIAN_POINT('',(-79.52050807568,-42.5));
#2713 = ( GEOMETRIC_REPRESENTATION_CONTEXT(2) 
PARAMETRIC_REPRESENTATION_CONTEXT() REPRESENTATION_CONTEXT('2D SPACE',''
  ) );
#2714 = PCURVE('',#825,#2715);
#2715 = DEFINITIONAL_REPRESENTATION('',(#2716),#2720);
#2716 = LINE('',#2717,#2718);
#2717 = CARTESIAN_POINT('',(0.,7.));
#2718 = VECTOR('',#2719,1.);
#2719 = DIRECTION('',(1.,0.));
#2720 = ( GEOMETRIC_REPRESENTATION_CONTEXT(2) 
PARAMETRIC_REPRESENTATION_CONTEXT() REPRESENTATION_CONTEXT('2D SPACE',''
  ) );
#2721 = FACE_BOUND('',#2722,.F.);
#2722 = EDGE_LOOP('',(#2723));
#2723 = ORIENTED_EDGE('',*,*,#2724,.T.);
#2724 = EDGE_CURVE('',#2725,#2725,#2727,.T.);
#2725 = VERTEX_POINT('',#2726);
#2726 = CARTESIAN_POINT('',(3.,-150.,132.2));
#2727 = SURFACE_CURVE('',#2728,(#2733,#2744),.PCURVE_S1.);
#2728 = CIRCLE('',#2729,2.2);
#2729 = AXIS2_PLACEMENT_3D('',#2730,#2731,#2732);
#2730 = CARTESIAN_POINT('',(3.,-150.,130.));
#2731 = DIRECTION('',(1.,0.,0.));
#2732 = DIRECTION('',(-0.,0.,1.));
#2733 = PCURVE('',#72,#2734);
#2734 = DEFINITIONAL_REPRESENTATION('',(#2735),#2743);
#2735 = ( BOUNDED_CURVE() B_SPLINE_CURVE(2,(#2736,#2737,#2738,#2739,
#2740,#2741,#2742),.UNSPECIFIED.,.T.,.F.) B_SPLINE_CURVE_WITH_KNOTS((1,2
    ,2,2,2,1),(-2.094395102393,0.,2.094395102393,4.188790204786,
6.28318530718,8.377580409573),.UNSPECIFIED.) CURVE() 
GEOMETRIC_REPRESENTATION_ITEM() RATIONAL_B_SPLINE_CURVE((1.,0.5,1.,0.5,
1.,0.5,1.)) REPRESENTATION_ITEM('') );
#2736 = CARTESIAN_POINT('',(-62.2,-72.5));
#2737 = CARTESIAN_POINT('',(-62.2,-68.68948822334));
#2738 = CARTESIAN_POINT('',(-58.9,-70.59474411167));
#2739 = CARTESIAN_POINT('',(-55.6,-72.5));
#2740 = CARTESIAN_POINT('',(-58.9,-74.40525588832));
#2741 = CARTESIAN_POINT('',(-62.2,-76.31051177665));
#2742 = CARTESIAN_POINT('',(-62.2,-72.5));
#2743 = ( GEOMETRIC_REPRESENTATION_CONTEXT(2) 
PARAMETRIC_REPRESENTATION_CONTEXT() REPRESENTATION_CONTEXT('2D SPACE',''
  ) );
#2744 = PCURVE('',#860,#2745);
#2745 = DEFINITIONAL_REPRESENTATION('',(#2746),#2750);
#2746 = LINE('',#2747,#2748);
#2747 = CARTESIAN_POINT('',(0.,7.));
#2748 = VECTOR('',#2749,1.);
#2749 = DIRECTION('',(1.,0.));
#2750 = ( GEOMETRIC_REPRESENTATION_CONTEXT(2) 
PARAMETRIC_REPRESENTATION_CONTEXT() REPRESENTATION_CONTEXT('2D SPACE',''
  ) );
#2751 = FACE_BOUND('',#2752,.F.);
#2752 = EDGE_LOOP('',(#2753));
#2753 = ORIENTED_EDGE('',*,*,#2754,.T.);
#2754 = EDGE_CURVE('',#2755,#2755,#2757,.T.);
#2755 = VERTEX_POINT('',#2756);
#2756 = CARTESIAN_POINT('',(3.,-145.,154.87949192431));
#2757 = SURFACE_CURVE('',#2758,(#2763,#2774),.PCURVE_S1.);
#2758 = CIRCLE('',#2759,2.2);
#2759 = AXIS2_PLACEMENT_3D('',#2760,#2761,#2762);
#2760 = CARTESIAN_POINT('',(3.,-145.,152.67949192431));
#2761 = DIRECTION('',(1.,0.,0.));
#2762 = DIRECTION('',(-0.,0.,1.));
#2763 = PCURVE('',#72,#2764);
#2764 = DEFINITIONAL_REPRESENTATION('',(#2765),#2773);
#2765 = ( BOUNDED_CURVE() B_SPLINE_CURVE(2,(#2766,#2767,#2768,#2769,
#2770,#2771,#2772),.UNSPECIFIED.,.T.,.F.) B_SPLINE_CURVE_WITH_KNOTS((1,2
    ,2,2,2,1),(-2.094395102393,0.,2.094395102393,4.188790204786,
6.28318530718,8.377580409573),.UNSPECIFIED.) CURVE() 
GEOMETRIC_REPRESENTATION_ITEM() RATIONAL_B_SPLINE_CURVE((1.,0.5,1.,0.5,
1.,0.5,1.)) REPRESENTATION_ITEM('') );
#2766 = CARTESIAN_POINT('',(-84.87949192431,-77.5));
#2767 = CARTESIAN_POINT('',(-84.87949192431,-73.68948822334));
#2768 = CARTESIAN_POINT('',(-81.57949192431,-75.59474411167));
#2769 = CARTESIAN_POINT('',(-78.27949192431,-77.5));
#2770 = CARTESIAN_POINT('',(-81.57949192431,-79.40525588832));
#2771 = CARTESIAN_POINT('',(-84.87949192431,-81.31051177665));
#2772 = CARTESIAN_POINT('',(-84.87949192431,-77.5));
#2773 = ( GEOMETRIC_REPRESENTATION_CONTEXT(2) 
PARAMETRIC_REPRESENTATION_CONTEXT() REPRESENTATION_CONTEXT('2D SPACE',''
  ) );
#2774 = PCURVE('',#895,#2775);
#2775 = DEFINITIONAL_REPRESENTATION('',(#2776),#2780);
#2776 = LINE('',#2777,#2778);
#2777 = CARTESIAN_POINT('',(0.,7.));
#2778 = VECTOR('',#2779,1.);
#2779 = DIRECTION('',(1.,0.));
#2780 = ( GEOMETRIC_REPRESENTATION_CONTEXT(2) 
PARAMETRIC_REPRESENTATION_CONTEXT() REPRESENTATION_CONTEXT('2D SPACE',''
  ) );
#2781 = FACE_BOUND('',#2782,.F.);
#2782 = EDGE_LOOP('',(#2783));
#2783 = ORIENTED_EDGE('',*,*,#2784,.F.);
#2784 = EDGE_CURVE('',#2785,#2785,#2787,.T.);
#2785 = VERTEX_POINT('',#2786);
#2786 = CARTESIAN_POINT('',(3.,-135.,184.3375));
#2787 = SURFACE_CURVE('',#2788,(#2793,#2800),.PCURVE_S1.);
#2788 = CIRCLE('',#2789,14.3375);
#2789 = AXIS2_PLACEMENT_3D('',#2790,#2791,#2792);
#2790 = CARTESIAN_POINT('',(3.,-135.,170.));
#2791 = DIRECTION('',(-1.,0.,0.));
#2792 = DIRECTION('',(0.,0.,1.));
#2793 = PCURVE('',#72,#2794);
#2794 = DEFINITIONAL_REPRESENTATION('',(#2795),#2799);
#2795 = CIRCLE('',#2796,14.3375);
#2796 = AXIS2_PLACEMENT_2D('',#2797,#2798);
#2797 = CARTESIAN_POINT('',(-100.,-87.5));
#2798 = DIRECTION('',(-1.,0.));
#2799 = ( GEOMETRIC_REPRESENTATION_CONTEXT(2) 
PARAMETRIC_REPRESENTATION_CONTEXT() REPRESENTATION_CONTEXT('2D SPACE',''
  ) );
#2800 = PCURVE('',#930,#2801);
#2801 = DEFINITIONAL_REPRESENTATION('',(#2802),#2806);
#2802 = LINE('',#2803,#2804);
#2803 = CARTESIAN_POINT('',(6.28318530718,7.));
#2804 = VECTOR('',#2805,1.);
#2805 = DIRECTION('',(-1.,-0.));
#2806 = ( GEOMETRIC_REPRESENTATION_CONTEXT(2) 
PARAMETRIC_REPRESENTATION_CONTEXT() REPRESENTATION_CONTEXT('2D SPACE',''
  ) );
#2807 = FACE_BOUND('',#2808,.F.);
#2808 = EDGE_LOOP('',(#2809));
#2809 = ORIENTED_EDGE('',*,*,#2810,.T.);
#2810 = EDGE_CURVE('',#2811,#2811,#2813,.T.);
#2811 = VERTEX_POINT('',#2812);
#2812 = CARTESIAN_POINT('',(3.,-145.,189.52050807568));
#2813 = SURFACE_CURVE('',#2814,(#2819,#2830),.PCURVE_S1.);
#2814 = CIRCLE('',#2815,2.2);
#2815 = AXIS2_PLACEMENT_3D('',#2816,#2817,#2818);
#2816 = CARTESIAN_POINT('',(3.,-145.,187.32050807568));
#2817 = DIRECTION('',(1.,0.,0.));
#2818 = DIRECTION('',(-0.,0.,1.));
#2819 = PCURVE('',#72,#2820);
#2820 = DEFINITIONAL_REPRESENTATION('',(#2821),#2829);
#2821 = ( BOUNDED_CURVE() B_SPLINE_CURVE(2,(#2822,#2823,#2824,#2825,
#2826,#2827,#2828),.UNSPECIFIED.,.T.,.F.) B_SPLINE_CURVE_WITH_KNOTS((1,2
    ,2,2,2,1),(-2.094395102393,0.,2.094395102393,4.188790204786,
6.28318530718,8.377580409573),.UNSPECIFIED.) CURVE() 
GEOMETRIC_REPRESENTATION_ITEM() RATIONAL_B_SPLINE_CURVE((1.,0.5,1.,0.5,
1.,0.5,1.)) REPRESENTATION_ITEM('') );
#2822 = CARTESIAN_POINT('',(-119.5205080756,-77.5));
#2823 = CARTESIAN_POINT('',(-119.5205080756,-73.68948822334));
#2824 = CARTESIAN_POINT('',(-116.2205080756,-75.59474411167));
#2825 = CARTESIAN_POINT('',(-112.9205080756,-77.5));
#2826 = CARTESIAN_POINT('',(-116.2205080756,-79.40525588832));
#2827 = CARTESIAN_POINT('',(-119.5205080756,-81.31051177665));
#2828 = CARTESIAN_POINT('',(-119.5205080756,-77.5));
#2829 = ( GEOMETRIC_REPRESENTATION_CONTEXT(2) 
PARAMETRIC_REPRESENTATION_CONTEXT() REPRESENTATION_CONTEXT('2D SPACE',''
  ) );
#2830 = PCURVE('',#965,#2831);
#2831 = DEFINITIONAL_REPRESENTATION('',(#2832),#2836);
#2832 = LINE('',#2833,#2834);
#2833 = CARTESIAN_POINT('',(0.,7.));
#2834 = VECTOR('',#2835,1.);
#2835 = DIRECTION('',(1.,0.));
#2836 = ( GEOMETRIC_REPRESENTATION_CONTEXT(2) 
PARAMETRIC_REPRESENTATION_CONTEXT() REPRESENTATION_CONTEXT('2D SPACE',''
  ) );
#2837 = FACE_BOUND('',#2838,.F.);
#2838 = EDGE_LOOP('',(#2839));
#2839 = ORIENTED_EDGE('',*,*,#2840,.T.);
#2840 = EDGE_CURVE('',#2841,#2841,#2843,.T.);
#2841 = VERTEX_POINT('',#2842);
#2842 = CARTESIAN_POINT('',(3.,-115.,172.2));
#2843 = SURFACE_CURVE('',#2844,(#2849,#2860),.PCURVE_S1.);
#2844 = CIRCLE('',#2845,2.2);
#2845 = AXIS2_PLACEMENT_3D('',#2846,#2847,#2848);
#2846 = CARTESIAN_POINT('',(3.,-115.,170.));
#2847 = DIRECTION('',(1.,0.,0.));
#2848 = DIRECTION('',(-0.,0.,1.));
#2849 = PCURVE('',#72,#2850);
#2850 = DEFINITIONAL_REPRESENTATION('',(#2851),#2859);
#2851 = ( BOUNDED_CURVE() B_SPLINE_CURVE(2,(#2852,#2853,#2854,#2855,
#2856,#2857,#2858),.UNSPECIFIED.,.T.,.F.) B_SPLINE_CURVE_WITH_KNOTS((1,2
    ,2,2,2,1),(-2.094395102393,0.,2.094395102393,4.188790204786,
6.28318530718,8.377580409573),.UNSPECIFIED.) CURVE() 
GEOMETRIC_REPRESENTATION_ITEM() RATIONAL_B_SPLINE_CURVE((1.,0.5,1.,0.5,
1.,0.5,1.)) REPRESENTATION_ITEM('') );
#2852 = CARTESIAN_POINT('',(-102.2,-107.5));
#2853 = CARTESIAN_POINT('',(-102.2,-103.6894882233));
#2854 = CARTESIAN_POINT('',(-98.9,-105.5947441116));
#2855 = CARTESIAN_POINT('',(-95.6,-107.5));
#2856 = CARTESIAN_POINT('',(-98.9,-109.4052558883));
#2857 = CARTESIAN_POINT('',(-102.2,-111.3105117766));
#2858 = CARTESIAN_POINT('',(-102.2,-107.5));
#2859 = ( GEOMETRIC_REPRESENTATION_CONTEXT(2) 
PARAMETRIC_REPRESENTATION_CONTEXT() REPRESENTATION_CONTEXT('2D SPACE',''
  ) );
#2860 = PCURVE('',#1000,#2861);
#2861 = DEFINITIONAL_REPRESENTATION('',(#2862),#2866);
#2862 = LINE('',#2863,#2864);
#2863 = CARTESIAN_POINT('',(0.,7.));
#2864 = VECTOR('',#2865,1.);
#2865 = DIRECTION('',(1.,0.));
#2866 = ( GEOMETRIC_REPRESENTATION_CONTEXT(2) 
PARAMETRIC_REPRESENTATION_CONTEXT() REPRESENTATION_CONTEXT('2D SPACE',''
  ) );
#2867 = FACE_BOUND('',#2868,.F.);
#2868 = EDGE_LOOP('',(#2869));
#2869 = ORIENTED_EDGE('',*,*,#2870,.T.);
#2870 = EDGE_CURVE('',#2871,#2871,#2873,.T.);
#2871 = VERTEX_POINT('',#2872);
#2872 = CARTESIAN_POINT('',(3.,-110.,194.87949192431));
#2873 = SURFACE_CURVE('',#2874,(#2879,#2890),.PCURVE_S1.);
#2874 = CIRCLE('',#2875,2.2);
#2875 = AXIS2_PLACEMENT_3D('',#2876,#2877,#2878);
#2876 = CARTESIAN_POINT('',(3.,-110.,192.67949192431));
#2877 = DIRECTION('',(1.,0.,0.));
#2878 = DIRECTION('',(-0.,0.,1.));
#2879 = PCURVE('',#72,#2880);
#2880 = DEFINITIONAL_REPRESENTATION('',(#2881),#2889);
#2881 = ( BOUNDED_CURVE() B_SPLINE_CURVE(2,(#2882,#2883,#2884,#2885,
#2886,#2887,#2888),.UNSPECIFIED.,.T.,.F.) B_SPLINE_CURVE_WITH_KNOTS((1,2
    ,2,2,2,1),(-2.094395102393,0.,2.094395102393,4.188790204786,
6.28318530718,8.377580409573),.UNSPECIFIED.) CURVE() 
GEOMETRIC_REPRESENTATION_ITEM() RATIONAL_B_SPLINE_CURVE((1.,0.5,1.,0.5,
1.,0.5,1.)) REPRESENTATION_ITEM('') );
#2882 = CARTESIAN_POINT('',(-124.8794919243,-112.5));
#2883 = CARTESIAN_POINT('',(-124.8794919243,-108.6894882233));
#2884 = CARTESIAN_POINT('',(-121.5794919243,-110.5947441116));
#2885 = CARTESIAN_POINT('',(-118.2794919243,-112.5));
#2886 = CARTESIAN_POINT('',(-121.5794919243,-114.4052558883));
#2887 = CARTESIAN_POINT('',(-124.8794919243,-116.3105117766));
#2888 = CARTESIAN_POINT('',(-124.8794919243,-112.5));
#2889 = ( GEOMETRIC_REPRESENTATION_CONTEXT(2) 
PARAMETRIC_REPRESENTATION_CONTEXT() REPRESENTATION_CONTEXT('2D SPACE',''
  ) );
#2890 = PCURVE('',#1035,#2891);
#2891 = DEFINITIONAL_REPRESENTATION('',(#2892),#2896);
#2892 = LINE('',#2893,#2894);
#2893 = CARTESIAN_POINT('',(0.,7.));
#2894 = VECTOR('',#2895,1.);
#2895 = DIRECTION('',(1.,0.));
#2896 = ( GEOMETRIC_REPRESENTATION_CONTEXT(2) 
PARAMETRIC_REPRESENTATION_CONTEXT() REPRESENTATION_CONTEXT('2D SPACE',''
  ) );
#2897 = FACE_BOUND('',#2898,.F.);
#2898 = EDGE_LOOP('',(#2899));
#2899 = ORIENTED_EDGE('',*,*,#2900,.F.);
#2900 = EDGE_CURVE('',#2901,#2901,#2903,.T.);
#2901 = VERTEX_POINT('',#2902);
#2902 = CARTESIAN_POINT('',(3.,-100.,224.3375));
#2903 = SURFACE_CURVE('',#2904,(#2909,#2916),.PCURVE_S1.);
#2904 = CIRCLE('',#2905,14.3375);
#2905 = AXIS2_PLACEMENT_3D('',#2906,#2907,#2908);
#2906 = CARTESIAN_POINT('',(3.,-100.,210.));
#2907 = DIRECTION('',(-1.,0.,0.));
#2908 = DIRECTION('',(0.,9.91166850232E-16,1.));
#2909 = PCURVE('',#72,#2910);
#2910 = DEFINITIONAL_REPRESENTATION('',(#2911),#2915);
#2911 = CIRCLE('',#2912,14.3375);
#2912 = AXIS2_PLACEMENT_2D('',#2913,#2914);
#2913 = CARTESIAN_POINT('',(-140.,-122.5));
#2914 = DIRECTION('',(-1.,-9.91166850232E-16));
#2915 = ( GEOMETRIC_REPRESENTATION_CONTEXT(2) 
PARAMETRIC_REPRESENTATION_CONTEXT() REPRESENTATION_CONTEXT('2D SPACE',''
  ) );
#2916 = PCURVE('',#1070,#2917);
#2917 = DEFINITIONAL_REPRESENTATION('',(#2918),#2922);
#2918 = LINE('',#2919,#2920);
#2919 = CARTESIAN_POINT('',(6.28318530718,7.));
#2920 = VECTOR('',#2921,1.);
#2921 = DIRECTION('',(-1.,-0.));
#2922 = ( GEOMETRIC_REPRESENTATION_CONTEXT(2) 
PARAMETRIC_REPRESENTATION_CONTEXT() REPRESENTATION_CONTEXT('2D SPACE',''
  ) );
#2923 = FACE_BOUND('',#2924,.F.);
#2924 = EDGE_LOOP('',(#2925));
#2925 = ORIENTED_EDGE('',*,*,#2926,.T.);
#2926 = EDGE_CURVE('',#2927,#2927,#2929,.T.);
#2927 = VERTEX_POINT('',#2928);
#2928 = CARTESIAN_POINT('',(3.,-110.,229.52050807568));
#2929 = SURFACE_CURVE('',#2930,(#2935,#2946),.PCURVE_S1.);
#2930 = CIRCLE('',#2931,2.2);
#2931 = AXIS2_PLACEMENT_3D('',#2932,#2933,#2934);
#2932 = CARTESIAN_POINT('',(3.,-110.,227.32050807568));
#2933 = DIRECTION('',(1.,0.,0.));
#2934 = DIRECTION('',(-0.,0.,1.));
#2935 = PCURVE('',#72,#2936);
#2936 = DEFINITIONAL_REPRESENTATION('',(#2937),#2945);
#2937 = ( BOUNDED_CURVE() B_SPLINE_CURVE(2,(#2938,#2939,#2940,#2941,
#2942,#2943,#2944),.UNSPECIFIED.,.T.,.F.) B_SPLINE_CURVE_WITH_KNOTS((1,2
    ,2,2,2,1),(-2.094395102393,0.,2.094395102393,4.188790204786,
6.28318530718,8.377580409573),.UNSPECIFIED.) CURVE() 
GEOMETRIC_REPRESENTATION_ITEM() RATIONAL_B_SPLINE_CURVE((1.,0.5,1.,0.5,
1.,0.5,1.)) REPRESENTATION_ITEM('') );
#2938 = CARTESIAN_POINT('',(-159.5205080756,-112.5));
#2939 = CARTESIAN_POINT('',(-159.5205080756,-108.6894882233));
#2940 = CARTESIAN_POINT('',(-156.2205080756,-110.5947441116));
#2941 = CARTESIAN_POINT('',(-152.9205080756,-112.5));
#2942 = CARTESIAN_POINT('',(-156.2205080756,-114.4052558883));
#2943 = CARTESIAN_POINT('',(-159.5205080756,-116.3105117766));
#2944 = CARTESIAN_POINT('',(-159.5205080756,-112.5));
#2945 = ( GEOMETRIC_REPRESENTATION_CONTEXT(2) 
PARAMETRIC_REPRESENTATION_CONTEXT() REPRESENTATION_CONTEXT('2D SPACE',''
  ) );
#2946 = PCURVE('',#1105,#2947);
#2947 = DEFINITIONAL_REPRESENTATION('',(#2948),#2952);
#2948 = LINE('',#2949,#2950);
#2949 = CARTESIAN_POINT('',(0.,7.));
#2950 = VECTOR('',#2951,1.);
#2951 = DIRECTION('',(1.,0.));
#2952 = ( GEOMETRIC_REPRESENTATION_CONTEXT(2) 
PARAMETRIC_REPRESENTATION_CONTEXT() REPRESENTATION_CONTEXT('2D SPACE',''
  ) );
#2953 = FACE_BOUND('',#2954,.F.);
#2954 = EDGE_LOOP('',(#2955));
#2955 = ORIENTED_EDGE('',*,*,#2956,.T.);
#2956 = EDGE_CURVE('',#2957,#2957,#2959,.T.);
#2957 = VERTEX_POINT('',#2958);
#2958 = CARTESIAN_POINT('',(3.,-80.,212.2));
#2959 = SURFACE_CURVE('',#2960,(#2965,#2976),.PCURVE_S1.);
#2960 = CIRCLE('',#2961,2.2);
#2961 = AXIS2_PLACEMENT_3D('',#2962,#2963,#2964);
#2962 = CARTESIAN_POINT('',(3.,-80.,210.));
#2963 = DIRECTION('',(1.,0.,0.));
#2964 = DIRECTION('',(-0.,0.,1.));
#2965 = PCURVE('',#72,#2966);
#2966 = DEFINITIONAL_REPRESENTATION('',(#2967),#2975);
#2967 = ( BOUNDED_CURVE() B_SPLINE_CURVE(2,(#2968,#2969,#2970,#2971,
#2972,#2973,#2974),.UNSPECIFIED.,.T.,.F.) B_SPLINE_CURVE_WITH_KNOTS((1,2
    ,2,2,2,1),(-2.094395102393,0.,2.094395102393,4.188790204786,
6.28318530718,8.377580409573),.UNSPECIFIED.) CURVE() 
GEOMETRIC_REPRESENTATION_ITEM() RATIONAL_B_SPLINE_CURVE((1.,0.5,1.,0.5,
1.,0.5,1.)) REPRESENTATION_ITEM('') );
#2968 = CARTESIAN_POINT('',(-142.2,-142.5));
#2969 = CARTESIAN_POINT('',(-142.2,-138.6894882233));
#2970 = CARTESIAN_POINT('',(-138.9,-140.5947441116));
#2971 = CARTESIAN_POINT('',(-135.6,-142.5));
#2972 = CARTESIAN_POINT('',(-138.9,-144.4052558883));
#2973 = CARTESIAN_POINT('',(-142.2,-146.3105117766));
#2974 = CARTESIAN_POINT('',(-142.2,-142.5));
#2975 = ( GEOMETRIC_REPRESENTATION_CONTEXT(2) 
PARAMETRIC_REPRESENTATION_CONTEXT() REPRESENTATION_CONTEXT('2D SPACE',''
  ) );
#2976 = PCURVE('',#1140,#2977);
#2977 = DEFINITIONAL_REPRESENTATION('',(#2978),#2982);
#2978 = LINE('',#2979,#2980);
#2979 = CARTESIAN_POINT('',(0.,7.));
#2980 = VECTOR('',#2981,1.);
#2981 = DIRECTION('',(1.,0.));
#2982 = ( GEOMETRIC_REPRESENTATION_CONTEXT(2) 
PARAMETRIC_REPRESENTATION_CONTEXT() REPRESENTATION_CONTEXT('2D SPACE',''
  ) );
#2983 = FACE_BOUND('',#2984,.F.);
#2984 = EDGE_LOOP('',(#2985));
#2985 = ORIENTED_EDGE('',*,*,#2986,.T.);
#2986 = EDGE_CURVE('',#2987,#2987,#2989,.T.);
#2987 = VERTEX_POINT('',#2988);
#2988 = CARTESIAN_POINT('',(3.,-75.,234.87949192431));
#2989 = SURFACE_CURVE('',#2990,(#2995,#3006),.PCURVE_S1.);
#2990 = CIRCLE('',#2991,2.2);
#2991 = AXIS2_PLACEMENT_3D('',#2992,#2993,#2994);
#2992 = CARTESIAN_POINT('',(3.,-75.,232.67949192431));
#2993 = DIRECTION('',(1.,0.,0.));
#2994 = DIRECTION('',(-0.,0.,1.));
#2995 = PCURVE('',#72,#2996);
#2996 = DEFINITIONAL_REPRESENTATION('',(#2997),#3005);
#2997 = ( BOUNDED_CURVE() B_SPLINE_CURVE(2,(#2998,#2999,#3000,#3001,
#3002,#3003,#3004),.UNSPECIFIED.,.T.,.F.) B_SPLINE_CURVE_WITH_KNOTS((1,2
    ,2,2,2,1),(-2.094395102393,0.,2.094395102393,4.188790204786,
6.28318530718,8.377580409573),.UNSPECIFIED.) CURVE() 
GEOMETRIC_REPRESENTATION_ITEM() RATIONAL_B_SPLINE_CURVE((1.,0.5,1.,0.5,
1.,0.5,1.)) REPRESENTATION_ITEM('') );
#2998 = CARTESIAN_POINT('',(-164.8794919243,-147.5));
#2999 = CARTESIAN_POINT('',(-164.8794919243,-143.6894882233));
#3000 = CARTESIAN_POINT('',(-161.5794919243,-145.5947441116));
#3001 = CARTESIAN_POINT('',(-158.2794919243,-147.5));
#3002 = CARTESIAN_POINT('',(-161.5794919243,-149.4052558883));
#3003 = CARTESIAN_POINT('',(-164.8794919243,-151.3105117766));
#3004 = CARTESIAN_POINT('',(-164.8794919243,-147.5));
#3005 = ( GEOMETRIC_REPRESENTATION_CONTEXT(2) 
PARAMETRIC_REPRESENTATION_CONTEXT() REPRESENTATION_CONTEXT('2D SPACE',''
  ) );
#3006 = PCURVE('',#1175,#3007);
#3007 = DEFINITIONAL_REPRESENTATION('',(#3008),#3012);
#3008 = LINE('',#3009,#3010);
#3009 = CARTESIAN_POINT('',(0.,7.));
#3010 = VECTOR('',#3011,1.);
#3011 = DIRECTION('',(1.,0.));
#3012 = ( GEOMETRIC_REPRESENTATION_CONTEXT(2) 
PARAMETRIC_REPRESENTATION_CONTEXT() REPRESENTATION_CONTEXT('2D SPACE',''
  ) );
#3013 = FACE_BOUND('',#3014,.F.);
#3014 = EDGE_LOOP('',(#3015));
#3015 = ORIENTED_EDGE('',*,*,#3016,.F.);
#3016 = EDGE_CURVE('',#3017,#3017,#3019,.T.);
#3017 = VERTEX_POINT('',#3018);
#3018 = CARTESIAN_POINT('',(3.,-65.,264.3375));
#3019 = SURFACE_CURVE('',#3020,(#3025,#3032),.PCURVE_S1.);
#3020 = CIRCLE('',#3021,14.3375);
#3021 = AXIS2_PLACEMENT_3D('',#3022,#3023,#3024);
#3022 = CARTESIAN_POINT('',(3.,-65.,250.));
#3023 = DIRECTION('',(-1.,0.,0.));
#3024 = DIRECTION('',(-0.,-9.911668502321E-16,1.));
#3025 = PCURVE('',#72,#3026);
#3026 = DEFINITIONAL_REPRESENTATION('',(#3027),#3031);
#3027 = CIRCLE('',#3028,14.3375);
#3028 = AXIS2_PLACEMENT_2D('',#3029,#3030);
#3029 = CARTESIAN_POINT('',(-180.,-157.5));
#3030 = DIRECTION('',(-1.,9.911668502321E-16));
#3031 = ( GEOMETRIC_REPRESENTATION_CONTEXT(2) 
PARAMETRIC_REPRESENTATION_CONTEXT() REPRESENTATION_CONTEXT('2D SPACE',''
  ) );
#3032 = PCURVE('',#1210,#3033);
#3033 = DEFINITIONAL_REPRESENTATION('',(#3034),#3038);
#3034 = LINE('',#3035,#3036);
#3035 = CARTESIAN_POINT('',(6.28318530718,7.));
#3036 = VECTOR('',#3037,1.);
#3037 = DIRECTION('',(-1.,-0.));
#3038 = ( GEOMETRIC_REPRESENTATION_CONTEXT(2) 
PARAMETRIC_REPRESENTATION_CONTEXT() REPRESENTATION_CONTEXT('2D SPACE',''
  ) );
#3039 = FACE_BOUND('',#3040,.F.);
#3040 = EDGE_LOOP('',(#3041));
#3041 = ORIENTED_EDGE('',*,*,#3042,.T.);
#3042 = EDGE_CURVE('',#3043,#3043,#3045,.T.);
#3043 = VERTEX_POINT('',#3044);
#3044 = CARTESIAN_POINT('',(3.,-75.,269.52050807568));
#3045 = SURFACE_CURVE('',#3046,(#3051,#3062),.PCURVE_S1.);
#3046 = CIRCLE('',#3047,2.2);
#3047 = AXIS2_PLACEMENT_3D('',#3048,#3049,#3050);
#3048 = CARTESIAN_POINT('',(3.,-75.,267.32050807568));
#3049 = DIRECTION('',(1.,0.,0.));
#3050 = DIRECTION('',(-0.,0.,1.));
#3051 = PCURVE('',#72,#3052);
#3052 = DEFINITIONAL_REPRESENTATION('',(#3053),#3061);
#3053 = ( BOUNDED_CURVE() B_SPLINE_CURVE(2,(#3054,#3055,#3056,#3057,
#3058,#3059,#3060),.UNSPECIFIED.,.T.,.F.) B_SPLINE_CURVE_WITH_KNOTS((1,2
    ,2,2,2,1),(-2.094395102393,0.,2.094395102393,4.188790204786,
6.28318530718,8.377580409573),.UNSPECIFIED.) CURVE() 
GEOMETRIC_REPRESENTATION_ITEM() RATIONAL_B_SPLINE_CURVE((1.,0.5,1.,0.5,
1.,0.5,1.)) REPRESENTATION_ITEM('') );
#3054 = CARTESIAN_POINT('',(-199.5205080756,-147.5));
#3055 = CARTESIAN_POINT('',(-199.5205080756,-143.6894882233));
#3056 = CARTESIAN_POINT('',(-196.2205080756,-145.5947441116));
#3057 = CARTESIAN_POINT('',(-192.9205080756,-147.5));
#3058 = CARTESIAN_POINT('',(-196.2205080756,-149.4052558883));
#3059 = CARTESIAN_POINT('',(-199.5205080756,-151.3105117766));
#3060 = CARTESIAN_POINT('',(-199.5205080756,-147.5));
#3061 = ( GEOMETRIC_REPRESENTATION_CONTEXT(2) 
PARAMETRIC_REPRESENTATION_CONTEXT() REPRESENTATION_CONTEXT('2D SPACE',''
  ) );
#3062 = PCURVE('',#1245,#3063);
#3063 = DEFINITIONAL_REPRESENTATION('',(#3064),#3068);
#3064 = LINE('',#3065,#3066);
#3065 = CARTESIAN_POINT('',(0.,7.));
#3066 = VECTOR('',#3067,1.);
#3067 = DIRECTION('',(1.,0.));
#3068 = ( GEOMETRIC_REPRESENTATION_CONTEXT(2) 
PARAMETRIC_REPRESENTATION_CONTEXT() REPRESENTATION_CONTEXT('2D SPACE',''
  ) );
#3069 = FACE_BOUND('',#3070,.F.);
#3070 = EDGE_LOOP('',(#3071));
#3071 = ORIENTED_EDGE('',*,*,#3072,.T.);
#3072 = EDGE_CURVE('',#3073,#3073,#3075,.T.);
#3073 = VERTEX_POINT('',#3074);
#3074 = CARTESIAN_POINT('',(3.,-45.,252.2));
#3075 = SURFACE_CURVE('',#3076,(#3081,#3092),.PCURVE_S1.);
#3076 = CIRCLE('',#3077,2.2);
#3077 = AXIS2_PLACEMENT_3D('',#3078,#3079,#3080);
#3078 = CARTESIAN_POINT('',(3.,-45.,250.));
#3079 = DIRECTION('',(1.,0.,0.));
#3080 = DIRECTION('',(-0.,0.,1.));
#3081 = PCURVE('',#72,#3082);
#3082 = DEFINITIONAL_REPRESENTATION('',(#3083),#3091);
#3083 = ( BOUNDED_CURVE() B_SPLINE_CURVE(2,(#3084,#3085,#3086,#3087,
#3088,#3089,#3090),.UNSPECIFIED.,.T.,.F.) B_SPLINE_CURVE_WITH_KNOTS((1,2
    ,2,2,2,1),(-2.094395102393,0.,2.094395102393,4.188790204786,
6.28318530718,8.377580409573),.UNSPECIFIED.) CURVE() 
GEOMETRIC_REPRESENTATION_ITEM() RATIONAL_B_SPLINE_CURVE((1.,0.5,1.,0.5,
1.,0.5,1.)) REPRESENTATION_ITEM('') );
#3084 = CARTESIAN_POINT('',(-182.2,-177.5));
#3085 = CARTESIAN_POINT('',(-182.2,-173.6894882233));
#3086 = CARTESIAN_POINT('',(-178.9,-175.5947441116));
#3087 = CARTESIAN_POINT('',(-175.6,-177.5));
#3088 = CARTESIAN_POINT('',(-178.9,-179.4052558883));
#3089 = CARTESIAN_POINT('',(-182.2,-181.3105117766));
#3090 = CARTESIAN_POINT('',(-182.2,-177.5));
#3091 = ( GEOMETRIC_REPRESENTATION_CONTEXT(2) 
PARAMETRIC_REPRESENTATION_CONTEXT() REPRESENTATION_CONTEXT('2D SPACE',''
  ) );
#3092 = PCURVE('',#1280,#3093);
#3093 = DEFINITIONAL_REPRESENTATION('',(#3094),#3098);
#3094 = LINE('',#3095,#3096);
#3095 = CARTESIAN_POINT('',(0.,7.));
#3096 = VECTOR('',#3097,1.);
#3097 = DIRECTION('',(1.,0.));
#3098 = ( GEOMETRIC_REPRESENTATION_CONTEXT(2) 
PARAMETRIC_REPRESENTATION_CONTEXT() REPRESENTATION_CONTEXT('2D SPACE',''
  ) );
#3099 = FACE_BOUND('',#3100,.F.);
#3100 = EDGE_LOOP('',(#3101));
#3101 = ORIENTED_EDGE('',*,*,#3102,.T.);
#3102 = EDGE_CURVE('',#3103,#3103,#3105,.T.);
#3103 = VERTEX_POINT('',#3104);
#3104 = CARTESIAN_POINT('',(3.,-40.,274.87949192431));
#3105 = SURFACE_CURVE('',#3106,(#3111,#3122),.PCURVE_S1.);
#3106 = CIRCLE('',#3107,2.2);
#3107 = AXIS2_PLACEMENT_3D('',#3108,#3109,#3110);
#3108 = CARTESIAN_POINT('',(3.,-40.,272.67949192431));
#3109 = DIRECTION('',(1.,0.,0.));
#3110 = DIRECTION('',(-0.,0.,1.));
#3111 = PCURVE('',#72,#3112);
#3112 = DEFINITIONAL_REPRESENTATION('',(#3113),#3121);
#3113 = ( BOUNDED_CURVE() B_SPLINE_CURVE(2,(#3114,#3115,#3116,#3117,
#3118,#3119,#3120),.UNSPECIFIED.,.T.,.F.) B_SPLINE_CURVE_WITH_KNOTS((1,2
    ,2,2,2,1),(-2.094395102393,0.,2.094395102393,4.188790204786,
6.28318530718,8.377580409573),.UNSPECIFIED.) CURVE() 
GEOMETRIC_REPRESENTATION_ITEM() RATIONAL_B_SPLINE_CURVE((1.,0.5,1.,0.5,
1.,0.5,1.)) REPRESENTATION_ITEM('') );
#3114 = CARTESIAN_POINT('',(-204.8794919243,-182.5));
#3115 = CARTESIAN_POINT('',(-204.8794919243,-178.6894882233));
#3116 = CARTESIAN_POINT('',(-201.5794919243,-180.5947441116));
#3117 = CARTESIAN_POINT('',(-198.2794919243,-182.5));
#3118 = CARTESIAN_POINT('',(-201.5794919243,-184.4052558883));
#3119 = CARTESIAN_POINT('',(-204.8794919243,-186.3105117766));
#3120 = CARTESIAN_POINT('',(-204.8794919243,-182.5));
#3121 = ( GEOMETRIC_REPRESENTATION_CONTEXT(2) 
PARAMETRIC_REPRESENTATION_CONTEXT() REPRESENTATION_CONTEXT('2D SPACE',''
  ) );
#3122 = PCURVE('',#1315,#3123);
#3123 = DEFINITIONAL_REPRESENTATION('',(#3124),#3128);
#3124 = LINE('',#3125,#3126);
#3125 = CARTESIAN_POINT('',(0.,7.));
#3126 = VECTOR('',#3127,1.);
#3127 = DIRECTION('',(1.,0.));
#3128 = ( GEOMETRIC_REPRESENTATION_CONTEXT(2) 
PARAMETRIC_REPRESENTATION_CONTEXT() REPRESENTATION_CONTEXT('2D SPACE',''
  ) );
#3129 = FACE_BOUND('',#3130,.F.);
#3130 = EDGE_LOOP('',(#3131));
#3131 = ORIENTED_EDGE('',*,*,#3132,.F.);
#3132 = EDGE_CURVE('',#3133,#3133,#3135,.T.);
#3133 = VERTEX_POINT('',#3134);
#3134 = CARTESIAN_POINT('',(3.,-30.,304.3375));
#3135 = SURFACE_CURVE('',#3136,(#3141,#3148),.PCURVE_S1.);
#3136 = CIRCLE('',#3137,14.3375);
#3137 = AXIS2_PLACEMENT_3D('',#3138,#3139,#3140);
#3138 = CARTESIAN_POINT('',(3.,-30.,290.));
#3139 = DIRECTION('',(-1.,0.,0.));
#3140 = DIRECTION('',(-0.,-1.734541987906E-15,1.));
#3141 = PCURVE('',#72,#3142);
#3142 = DEFINITIONAL_REPRESENTATION('',(#3143),#3147);
#3143 = CIRCLE('',#3144,14.3375);
#3144 = AXIS2_PLACEMENT_2D('',#3145,#3146);
#3145 = CARTESIAN_POINT('',(-220.,-192.5));
#3146 = DIRECTION('',(-1.,1.734541987906E-15));
#3147 = ( GEOMETRIC_REPRESENTATION_CONTEXT(2) 
PARAMETRIC_REPRESENTATION_CONTEXT() REPRESENTATION_CONTEXT('2D SPACE',''
  ) );
#3148 = PCURVE('',#1350,#3149);
#3149 = DEFINITIONAL_REPRESENTATION('',(#3150),#3154);
#3150 = LINE('',#3151,#3152);
#3151 = CARTESIAN_POINT('',(6.28318530718,7.));
#3152 = VECTOR('',#3153,1.);
#3153 = DIRECTION('',(-1.,-0.));
#3154 = ( GEOMETRIC_REPRESENTATION_CONTEXT(2) 
PARAMETRIC_REPRESENTATION_CONTEXT() REPRESENTATION_CONTEXT('2D SPACE',''
  ) );
#3155 = FACE_BOUND('',#3156,.F.);
#3156 = EDGE_LOOP('',(#3157));
#3157 = ORIENTED_EDGE('',*,*,#3158,.T.);
#3158 = EDGE_CURVE('',#3159,#3159,#3161,.T.);
#3159 = VERTEX_POINT('',#3160);
#3160 = CARTESIAN_POINT('',(3.,-40.,309.52050807568));
#3161 = SURFACE_CURVE('',#3162,(#3167,#3178),.PCURVE_S1.);
#3162 = CIRCLE('',#3163,2.2);
#3163 = AXIS2_PLACEMENT_3D('',#3164,#3165,#3166);
#3164 = CARTESIAN_POINT('',(3.,-40.,307.32050807568));
#3165 = DIRECTION('',(1.,0.,0.));
#3166 = DIRECTION('',(-0.,0.,1.));
#3167 = PCURVE('',#72,#3168);
#3168 = DEFINITIONAL_REPRESENTATION('',(#3169),#3177);
#3169 = ( BOUNDED_CURVE() B_SPLINE_CURVE(2,(#3170,#3171,#3172,#3173,
#3174,#3175,#3176),.UNSPECIFIED.,.T.,.F.) B_SPLINE_CURVE_WITH_KNOTS((1,2
    ,2,2,2,1),(-2.094395102393,0.,2.094395102393,4.188790204786,
6.28318530718,8.377580409573),.UNSPECIFIED.) CURVE() 
GEOMETRIC_REPRESENTATION_ITEM() RATIONAL_B_SPLINE_CURVE((1.,0.5,1.,0.5,
1.,0.5,1.)) REPRESENTATION_ITEM('') );
#3170 = CARTESIAN_POINT('',(-239.5205080756,-182.5));
#3171 = CARTESIAN_POINT('',(-239.5205080756,-178.6894882233));
#3172 = CARTESIAN_POINT('',(-236.2205080756,-180.5947441116));
#3173 = CARTESIAN_POINT('',(-232.9205080756,-182.5));
#3174 = CARTESIAN_POINT('',(-236.2205080756,-184.4052558883));
#3175 = CARTESIAN_POINT('',(-239.5205080756,-186.3105117766));
#3176 = CARTESIAN_POINT('',(-239.5205080756,-182.5));
#3177 = ( GEOMETRIC_REPRESENTATION_CONTEXT(2) 
PARAMETRIC_REPRESENTATION_CONTEXT() REPRESENTATION_CONTEXT('2D SPACE',''
  ) );
#3178 = PCURVE('',#1385,#3179);
#3179 = DEFINITIONAL_REPRESENTATION('',(#3180),#3184);
#3180 = LINE('',#3181,#3182);
#3181 = CARTESIAN_POINT('',(0.,7.));
#3182 = VECTOR('',#3183,1.);
#3183 = DIRECTION('',(1.,0.));
#3184 = ( GEOMETRIC_REPRESENTATION_CONTEXT(2) 
PARAMETRIC_REPRESENTATION_CONTEXT() REPRESENTATION_CONTEXT('2D SPACE',''
  ) );
#3185 = FACE_BOUND('',#3186,.F.);
#3186 = EDGE_LOOP('',(#3187));
#3187 = ORIENTED_EDGE('',*,*,#3188,.T.);
#3188 = EDGE_CURVE('',#3189,#3189,#3191,.T.);
#3189 = VERTEX_POINT('',#3190);
#3190 = CARTESIAN_POINT('',(3.,-10.,292.2));
#3191 = SURFACE_CURVE('',#3192,(#3197,#3208),.PCURVE_S1.);
#3192 = CIRCLE('',#3193,2.2);
#3193 = AXIS2_PLACEMENT_3D('',#3194,#3195,#3196);
#3194 = CARTESIAN_POINT('',(3.,-10.,290.));
#3195 = DIRECTION('',(1.,0.,0.));
#3196 = DIRECTION('',(-0.,0.,1.));
#3197 = PCURVE('',#72,#3198);
#3198 = DEFINITIONAL_REPRESENTATION('',(#3199),#3207);
#3199 = ( BOUNDED_CURVE() B_SPLINE_CURVE(2,(#3200,#3201,#3202,#3203,
#3204,#3205,#3206),.UNSPECIFIED.,.T.,.F.) B_SPLINE_CURVE_WITH_KNOTS((1,2
    ,2,2,2,1),(-2.094395102393,0.,2.094395102393,4.188790204786,
6.28318530718,8.377580409573),.UNSPECIFIED.) CURVE() 
GEOMETRIC_REPRESENTATION_ITEM() RATIONAL_B_SPLINE_CURVE((1.,0.5,1.,0.5,
1.,0.5,1.)) REPRESENTATION_ITEM('') );
#3200 = CARTESIAN_POINT('',(-222.2,-212.5));
#3201 = CARTESIAN_POINT('',(-222.2,-208.6894882233));
#3202 = CARTESIAN_POINT('',(-218.9,-210.5947441116));
#3203 = CARTESIAN_POINT('',(-215.6,-212.5));
#3204 = CARTESIAN_POINT('',(-218.9,-214.4052558883));
#3205 = CARTESIAN_POINT('',(-222.2,-216.3105117766));
#3206 = CARTESIAN_POINT('',(-222.2,-212.5));
#3207 = ( GEOMETRIC_REPRESENTATION_CONTEXT(2) 
PARAMETRIC_REPRESENTATION_CONTEXT() REPRESENTATION_CONTEXT('2D SPACE',''
  ) );
#3208 = PCURVE('',#1420,#3209);
#3209 = DEFINITIONAL_REPRESENTATION('',(#3210),#3214);
#3210 = LINE('',#3211,#3212);
#3211 = CARTESIAN_POINT('',(0.,7.));
#3212 = VECTOR('',#3213,1.);
#3213 = DIRECTION('',(1.,0.));
#3214 = ( GEOMETRIC_REPRESENTATION_CONTEXT(2) 
PARAMETRIC_REPRESENTATION_CONTEXT() REPRESENTATION_CONTEXT('2D SPACE',''
  ) );
#3215 = FACE_BOUND('',#3216,.F.);
#3216 = EDGE_LOOP('',(#3217));
#3217 = ORIENTED_EDGE('',*,*,#3218,.T.);
#3218 = EDGE_CURVE('',#3219,#3219,#3221,.T.);
#3219 = VERTEX_POINT('',#3220);
#3220 = CARTESIAN_POINT('',(3.,-5.,314.87949192431));
#3221 = SURFACE_CURVE('',#3222,(#3227,#3238),.PCURVE_S1.);
#3222 = CIRCLE('',#3223,2.2);
#3223 = AXIS2_PLACEMENT_3D('',#3224,#3225,#3226);
#3224 = CARTESIAN_POINT('',(3.,-5.,312.67949192431));
#3225 = DIRECTION('',(1.,0.,0.));
#3226 = DIRECTION('',(-0.,0.,1.));
#3227 = PCURVE('',#72,#3228);
#3228 = DEFINITIONAL_REPRESENTATION('',(#3229),#3237);
#3229 = ( BOUNDED_CURVE() B_SPLINE_CURVE(2,(#3230,#3231,#3232,#3233,
#3234,#3235,#3236),.UNSPECIFIED.,.T.,.F.) B_SPLINE_CURVE_WITH_KNOTS((1,2
    ,2,2,2,1),(-2.094395102393,0.,2.094395102393,4.188790204786,
6.28318530718,8.377580409573),.UNSPECIFIED.) CURVE() 
GEOMETRIC_REPRESENTATION_ITEM() RATIONAL_B_SPLINE_CURVE((1.,0.5,1.,0.5,
1.,0.5,1.)) REPRESENTATION_ITEM('') );
#3230 = CARTESIAN_POINT('',(-244.8794919243,-217.5));
#3231 = CARTESIAN_POINT('',(-244.8794919243,-213.6894882233));
#3232 = CARTESIAN_POINT('',(-241.5794919243,-215.5947441116));
#3233 = CARTESIAN_POINT('',(-238.2794919243,-217.5));
#3234 = CARTESIAN_POINT('',(-241.5794919243,-219.4052558883));
#3235 = CARTESIAN_POINT('',(-244.8794919243,-221.3105117766));
#3236 = CARTESIAN_POINT('',(-244.8794919243,-217.5));
#3237 = ( GEOMETRIC_REPRESENTATION_CONTEXT(2) 
PARAMETRIC_REPRESENTATION_CONTEXT() REPRESENTATION_CONTEXT('2D SPACE',''
  ) );
#3238 = PCURVE('',#1455,#3239);
#3239 = DEFINITIONAL_REPRESENTATION('',(#3240),#3244);
#3240 = LINE('',#3241,#3242);
#3241 = CARTESIAN_POINT('',(0.,7.));
#3242 = VECTOR('',#3243,1.);
#3243 = DIRECTION('',(1.,0.));
#3244 = ( GEOMETRIC_REPRESENTATION_CONTEXT(2) 
PARAMETRIC_REPRESENTATION_CONTEXT() REPRESENTATION_CONTEXT('2D SPACE',''
  ) );
#3245 = FACE_BOUND('',#3246,.F.);
#3246 = EDGE_LOOP('',(#3247));
#3247 = ORIENTED_EDGE('',*,*,#3248,.F.);
#3248 = EDGE_CURVE('',#3249,#3249,#3251,.T.);
#3249 = VERTEX_POINT('',#3250);
#3250 = CARTESIAN_POINT('',(3.,5.,344.3375));
#3251 = SURFACE_CURVE('',#3252,(#3257,#3264),.PCURVE_S1.);
#3252 = CIRCLE('',#3253,14.3375);
#3253 = AXIS2_PLACEMENT_3D('',#3254,#3255,#3256);
#3254 = CARTESIAN_POINT('',(3.,5.,330.));
#3255 = DIRECTION('',(-1.,0.,0.));
#3256 = DIRECTION('',(-0.,-1.610646131627E-15,1.));
#3257 = PCURVE('',#72,#3258);
#3258 = DEFINITIONAL_REPRESENTATION('',(#3259),#3263);
#3259 = CIRCLE('',#3260,14.3375);
#3260 = AXIS2_PLACEMENT_2D('',#3261,#3262);
#3261 = CARTESIAN_POINT('',(-260.,-227.5));
#3262 = DIRECTION('',(-1.,1.610646131627E-15));
#3263 = ( GEOMETRIC_REPRESENTATION_CONTEXT(2) 
PARAMETRIC_REPRESENTATION_CONTEXT() REPRESENTATION_CONTEXT('2D SPACE',''
  ) );
#3264 = PCURVE('',#1490,#3265);
#3265 = DEFINITIONAL_REPRESENTATION('',(#3266),#3270);
#3266 = LINE('',#3267,#3268);
#3267 = CARTESIAN_POINT('',(6.28318530718,7.));
#3268 = VECTOR('',#3269,1.);
#3269 = DIRECTION('',(-1.,-0.));
#3270 = ( GEOMETRIC_REPRESENTATION_CONTEXT(2) 
PARAMETRIC_REPRESENTATION_CONTEXT() REPRESENTATION_CONTEXT('2D SPACE',''
  ) );
#3271 = FACE_BOUND('',#3272,.F.);
#3272 = EDGE_LOOP('',(#3273));
#3273 = ORIENTED_EDGE('',*,*,#3274,.T.);
#3274 = EDGE_CURVE('',#3275,#3275,#3277,.T.);
#3275 = VERTEX_POINT('',#3276);
#3276 = CARTESIAN_POINT('',(3.,-5.,349.52050807568));
#3277 = SURFACE_CURVE('',#3278,(#3283,#3294),.PCURVE_S1.);
#3278 = CIRCLE('',#3279,2.2);
#3279 = AXIS2_PLACEMENT_3D('',#3280,#3281,#3282);
#3280 = CARTESIAN_POINT('',(3.,-5.,347.32050807568));
#3281 = DIRECTION('',(1.,0.,0.));
#3282 = DIRECTION('',(-0.,0.,1.));
#3283 = PCURVE('',#72,#3284);
#3284 = DEFINITIONAL_REPRESENTATION('',(#3285),#3293);
#3285 = ( BOUNDED_CURVE() B_SPLINE_CURVE(2,(#3286,#3287,#3288,#3289,
#3290,#3291,#3292),.UNSPECIFIED.,.T.,.F.) B_SPLINE_CURVE_WITH_KNOTS((1,2
    ,2,2,2,1),(-2.094395102393,0.,2.094395102393,4.188790204786,
6.28318530718,8.377580409573),.UNSPECIFIED.) CURVE() 
GEOMETRIC_REPRESENTATION_ITEM() RATIONAL_B_SPLINE_CURVE((1.,0.5,1.,0.5,
1.,0.5,1.)) REPRESENTATION_ITEM('') );
#3286 = CARTESIAN_POINT('',(-279.5205080756,-217.5));
#3287 = CARTESIAN_POINT('',(-279.5205080756,-213.6894882233));
#3288 = CARTESIAN_POINT('',(-276.2205080756,-215.5947441116));
#3289 = CARTESIAN_POINT('',(-272.9205080756,-217.5));
#3290 = CARTESIAN_POINT('',(-276.2205080756,-219.4052558883));
#3291 = CARTESIAN_POINT('',(-279.5205080756,-221.3105117766));
#3292 = CARTESIAN_POINT('',(-279.5205080756,-217.5));
#3293 = ( GEOMETRIC_REPRESENTATION_CONTEXT(2) 
PARAMETRIC_REPRESENTATION_CONTEXT() REPRESENTATION_CONTEXT('2D SPACE',''
  ) );
#3294 = PCURVE('',#1525,#3295);
#3295 = DEFINITIONAL_REPRESENTATION('',(#3296),#3300);
#3296 = LINE('',#3297,#3298);
#3297 = CARTESIAN_POINT('',(0.,7.));
#3298 = VECTOR('',#3299,1.);
#3299 = DIRECTION('',(1.,0.));
#3300 = ( GEOMETRIC_REPRESENTATION_CONTEXT(2) 
PARAMETRIC_REPRESENTATION_CONTEXT() REPRESENTATION_CONTEXT('2D SPACE',''
  ) );
#3301 = FACE_BOUND('',#3302,.F.);
#3302 = EDGE_LOOP('',(#3303));
#3303 = ORIENTED_EDGE('',*,*,#3304,.T.);
#3304 = EDGE_CURVE('',#3305,#3305,#3307,.T.);
#3305 = VERTEX_POINT('',#3306);
#3306 = CARTESIAN_POINT('',(3.,25.,332.2));
#3307 = SURFACE_CURVE('',#3308,(#3313,#3324),.PCURVE_S1.);
#3308 = CIRCLE('',#3309,2.2);
#3309 = AXIS2_PLACEMENT_3D('',#3310,#3311,#3312);
#3310 = CARTESIAN_POINT('',(3.,25.,330.));
#3311 = DIRECTION('',(1.,0.,0.));
#3312 = DIRECTION('',(-0.,0.,1.));
#3313 = PCURVE('',#72,#3314);
#3314 = DEFINITIONAL_REPRESENTATION('',(#3315),#3323);
#3315 = ( BOUNDED_CURVE() B_SPLINE_CURVE(2,(#3316,#3317,#3318,#3319,
#3320,#3321,#3322),.UNSPECIFIED.,.T.,.F.) B_SPLINE_CURVE_WITH_KNOTS((1,2
    ,2,2,2,1),(-2.094395102393,0.,2.094395102393,4.188790204786,
6.28318530718,8.377580409573),.UNSPECIFIED.) CURVE() 
GEOMETRIC_REPRESENTATION_ITEM() RATIONAL_B_SPLINE_CURVE((1.,0.5,1.,0.5,
1.,0.5,1.)) REPRESENTATION_ITEM('') );
#3316 = CARTESIAN_POINT('',(-262.2,-247.5));
#3317 = CARTESIAN_POINT('',(-262.2,-243.6894882233));
#3318 = CARTESIAN_POINT('',(-258.9,-245.5947441116));
#3319 = CARTESIAN_POINT('',(-255.6,-247.5));
#3320 = CARTESIAN_POINT('',(-258.9,-249.4052558883));
#3321 = CARTESIAN_POINT('',(-262.2,-251.3105117766));
#3322 = CARTESIAN_POINT('',(-262.2,-247.5));
#3323 = ( GEOMETRIC_REPRESENTATION_CONTEXT(2) 
PARAMETRIC_REPRESENTATION_CONTEXT() REPRESENTATION_CONTEXT('2D SPACE',''
  ) );
#3324 = PCURVE('',#1560,#3325);
#3325 = DEFINITIONAL_REPRESENTATION('',(#3326),#3330);
#3326 = LINE('',#3327,#3328);
#3327 = CARTESIAN_POINT('',(0.,7.));
#3328 = VECTOR('',#3329,1.);
#3329 = DIRECTION('',(1.,0.));
#3330 = ( GEOMETRIC_REPRESENTATION_CONTEXT(2) 
PARAMETRIC_REPRESENTATION_CONTEXT() REPRESENTATION_CONTEXT('2D SPACE',''
  ) );
#3331 = FACE_BOUND('',#3332,.F.);
#3332 = EDGE_LOOP('',(#3333));
#3333 = ORIENTED_EDGE('',*,*,#3334,.T.);
#3334 = EDGE_CURVE('',#3335,#3335,#3337,.T.);
#3335 = VERTEX_POINT('',#3336);
#3336 = CARTESIAN_POINT('',(3.,30.,354.87949192431));
#3337 = SURFACE_CURVE('',#3338,(#3343,#3354),.PCURVE_S1.);
#3338 = CIRCLE('',#3339,2.2);
#3339 = AXIS2_PLACEMENT_3D('',#3340,#3341,#3342);
#3340 = CARTESIAN_POINT('',(3.,30.,352.67949192431));
#3341 = DIRECTION('',(1.,0.,0.));
#3342 = DIRECTION('',(-0.,0.,1.));
#3343 = PCURVE('',#72,#3344);
#3344 = DEFINITIONAL_REPRESENTATION('',(#3345),#3353);
#3345 = ( BOUNDED_CURVE() B_SPLINE_CURVE(2,(#3346,#3347,#3348,#3349,
#3350,#3351,#3352),.UNSPECIFIED.,.T.,.F.) B_SPLINE_CURVE_WITH_KNOTS((1,2
    ,2,2,2,1),(-2.094395102393,0.,2.094395102393,4.188790204786,
6.28318530718,8.377580409573),.UNSPECIFIED.) CURVE() 
GEOMETRIC_REPRESENTATION_ITEM() RATIONAL_B_SPLINE_CURVE((1.,0.5,1.,0.5,
1.,0.5,1.)) REPRESENTATION_ITEM('') );
#3346 = CARTESIAN_POINT('',(-284.8794919243,-252.5));
#3347 = CARTESIAN_POINT('',(-284.8794919243,-248.6894882233));
#3348 = CARTESIAN_POINT('',(-281.5794919243,-250.5947441116));
#3349 = CARTESIAN_POINT('',(-278.2794919243,-252.5));
#3350 = CARTESIAN_POINT('',(-281.5794919243,-254.4052558883));
#3351 = CARTESIAN_POINT('',(-284.8794919243,-256.3105117766));
#3352 = CARTESIAN_POINT('',(-284.8794919243,-252.5));
#3353 = ( GEOMETRIC_REPRESENTATION_CONTEXT(2) 
PARAMETRIC_REPRESENTATION_CONTEXT() REPRESENTATION_CONTEXT('2D SPACE',''
  ) );
#3354 = PCURVE('',#1595,#3355);
#3355 = DEFINITIONAL_REPRESENTATION('',(#3356),#3360);
#3356 = LINE('',#3357,#3358);
#3357 = CARTESIAN_POINT('',(0.,7.));
#3358 = VECTOR('',#3359,1.);
#3359 = DIRECTION('',(1.,0.));
#3360 = ( GEOMETRIC_REPRESENTATION_CONTEXT(2) 
PARAMETRIC_REPRESENTATION_CONTEXT() REPRESENTATION_CONTEXT('2D SPACE',''
  ) );
#3361 = FACE_BOUND('',#3362,.F.);
#3362 = EDGE_LOOP('',(#3363));
#3363 = ORIENTED_EDGE('',*,*,#3364,.F.);
#3364 = EDGE_CURVE('',#3365,#3365,#3367,.T.);
#3365 = VERTEX_POINT('',#3366);
#3366 = CARTESIAN_POINT('',(3.,40.,384.3375));
#3367 = SURFACE_CURVE('',#3368,(#3373,#3380),.PCURVE_S1.);
#3368 = CIRCLE('',#3369,14.3375);
#3369 = AXIS2_PLACEMENT_3D('',#3370,#3371,#3372);
#3370 = CARTESIAN_POINT('',(3.,40.,370.));
#3371 = DIRECTION('',(-1.,0.,0.));
#3372 = DIRECTION('',(-0.,-1.982333700464E-15,1.));
#3373 = PCURVE('',#72,#3374);
#3374 = DEFINITIONAL_REPRESENTATION('',(#3375),#3379);
#3375 = CIRCLE('',#3376,14.3375);
#3376 = AXIS2_PLACEMENT_2D('',#3377,#3378);
#3377 = CARTESIAN_POINT('',(-300.,-262.5));
#3378 = DIRECTION('',(-1.,1.982333700464E-15));
#3379 = ( GEOMETRIC_REPRESENTATION_CONTEXT(2) 
PARAMETRIC_REPRESENTATION_CONTEXT() REPRESENTATION_CONTEXT('2D SPACE',''
  ) );
#3380 = PCURVE('',#1630,#3381);
#3381 = DEFINITIONAL_REPRESENTATION('',(#3382),#3386);
#3382 = LINE('',#3383,#3384);
#3383 = CARTESIAN_POINT('',(6.28318530718,7.));
#3384 = VECTOR('',#3385,1.);
#3385 = DIRECTION('',(-1.,-0.));
#3386 = ( GEOMETRIC_REPRESENTATION_CONTEXT(2) 
PARAMETRIC_REPRESENTATION_CONTEXT() REPRESENTATION_CONTEXT('2D SPACE',''
  ) );
#3387 = FACE_BOUND('',#3388,.F.);
#3388 = EDGE_LOOP('',(#3389));
#3389 = ORIENTED_EDGE('',*,*,#3390,.T.);
#3390 = EDGE_CURVE('',#3391,#3391,#3393,.T.);
#3391 = VERTEX_POINT('',#3392);
#3392 = CARTESIAN_POINT('',(3.,30.,389.52050807568));
#3393 = SURFACE_CURVE('',#3394,(#3399,#3410),.PCURVE_S1.);
#3394 = CIRCLE('',#3395,2.2);
#3395 = AXIS2_PLACEMENT_3D('',#3396,#3397,#3398);
#3396 = CARTESIAN_POINT('',(3.,30.,387.32050807568));
#3397 = DIRECTION('',(1.,0.,0.));
#3398 = DIRECTION('',(-0.,0.,1.));
#3399 = PCURVE('',#72,#3400);
#3400 = DEFINITIONAL_REPRESENTATION('',(#3401),#3409);
#3401 = ( BOUNDED_CURVE() B_SPLINE_CURVE(2,(#3402,#3403,#3404,#3405,
#3406,#3407,#3408),.UNSPECIFIED.,.T.,.F.) B_SPLINE_CURVE_WITH_KNOTS((1,2
    ,2,2,2,1),(-2.094395102393,0.,2.094395102393,4.188790204786,
6.28318530718,8.377580409573),.UNSPECIFIED.) CURVE() 
GEOMETRIC_REPRESENTATION_ITEM() RATIONAL_B_SPLINE_CURVE((1.,0.5,1.,0.5,
1.,0.5,1.)) REPRESENTATION_ITEM('') );
#3402 = CARTESIAN_POINT('',(-319.5205080756,-252.5));
#3403 = CARTESIAN_POINT('',(-319.5205080756,-248.6894882233));
#3404 = CARTESIAN_POINT('',(-316.2205080756,-250.5947441116));
#3405 = CARTESIAN_POINT('',(-312.9205080756,-252.5));
#3406 = CARTESIAN_POINT('',(-316.2205080756,-254.4052558883));
#3407 = CARTESIAN_POINT('',(-319.5205080756,-256.3105117766));
#3408 = CARTESIAN_POINT('',(-319.5205080756,-252.5));
#3409 = ( GEOMETRIC_REPRESENTATION_CONTEXT(2) 
PARAMETRIC_REPRESENTATION_CONTEXT() REPRESENTATION_CONTEXT('2D SPACE',''
  ) );
#3410 = PCURVE('',#1665,#3411);
#3411 = DEFINITIONAL_REPRESENTATION('',(#3412),#3416);
#3412 = LINE('',#3413,#3414);
#3413 = CARTESIAN_POINT('',(0.,7.));
#3414 = VECTOR('',#3415,1.);
#3415 = DIRECTION('',(1.,0.));
#3416 = ( GEOMETRIC_REPRESENTATION_CONTEXT(2) 
PARAMETRIC_REPRESENTATION_CONTEXT() REPRESENTATION_CONTEXT('2D SPACE',''
  ) );
#3417 = FACE_BOUND('',#3418,.F.);
#3418 = EDGE_LOOP('',(#3419));
#3419 = ORIENTED_EDGE('',*,*,#3420,.T.);
#3420 = EDGE_CURVE('',#3421,#3421,#3423,.T.);
#3421 = VERTEX_POINT('',#3422);
#3422 = CARTESIAN_POINT('',(3.,60.,372.2));
#3423 = SURFACE_CURVE('',#3424,(#3429,#3440),.PCURVE_S1.);
#3424 = CIRCLE('',#3425,2.2);
#3425 = AXIS2_PLACEMENT_3D('',#3426,#3427,#3428);
#3426 = CARTESIAN_POINT('',(3.,60.,370.));
#3427 = DIRECTION('',(1.,0.,0.));
#3428 = DIRECTION('',(-0.,0.,1.));
#3429 = PCURVE('',#72,#3430);
#3430 = DEFINITIONAL_REPRESENTATION('',(#3431),#3439);
#3431 = ( BOUNDED_CURVE() B_SPLINE_CURVE(2,(#3432,#3433,#3434,#3435,
#3436,#3437,#3438),.UNSPECIFIED.,.T.,.F.) B_SPLINE_CURVE_WITH_KNOTS((1,2
    ,2,2,2,1),(-2.094395102393,0.,2.094395102393,4.188790204786,
6.28318530718,8.377580409573),.UNSPECIFIED.) CURVE() 
GEOMETRIC_REPRESENTATION_ITEM() RATIONAL_B_SPLINE_CURVE((1.,0.5,1.,0.5,
1.,0.5,1.)) REPRESENTATION_ITEM('') );
#3432 = CARTESIAN_POINT('',(-302.2,-282.5));
#3433 = CARTESIAN_POINT('',(-302.2,-278.6894882233));
#3434 = CARTESIAN_POINT('',(-298.9,-280.5947441116));
#3435 = CARTESIAN_POINT('',(-295.6,-282.5));
#3436 = CARTESIAN_POINT('',(-298.9,-284.4052558883));
#3437 = CARTESIAN_POINT('',(-302.2,-286.3105117766));
#3438 = CARTESIAN_POINT('',(-302.2,-282.5));
#3439 = ( GEOMETRIC_REPRESENTATION_CONTEXT(2) 
PARAMETRIC_REPRESENTATION_CONTEXT() REPRESENTATION_CONTEXT('2D SPACE',''
  ) );
#3440 = PCURVE('',#1700,#3441);
#3441 = DEFINITIONAL_REPRESENTATION('',(#3442),#3446);
#3442 = LINE('',#3443,#3444);
#3443 = CARTESIAN_POINT('',(0.,7.));
#3444 = VECTOR('',#3445,1.);
#3445 = DIRECTION('',(1.,0.));
#3446 = ( GEOMETRIC_REPRESENTATION_CONTEXT(2) 
PARAMETRIC_REPRESENTATION_CONTEXT() REPRESENTATION_CONTEXT('2D SPACE',''
  ) );
#3447 = FACE_BOUND('',#3448,.F.);
#3448 = EDGE_LOOP('',(#3449));
#3449 = ORIENTED_EDGE('',*,*,#3450,.T.);
#3450 = EDGE_CURVE('',#3451,#3451,#3453,.T.);
#3451 = VERTEX_POINT('',#3452);
#3452 = CARTESIAN_POINT('',(3.,80.,354.87949192431));
#3453 = SURFACE_CURVE('',#3454,(#3459,#3470),.PCURVE_S1.);
#3454 = CIRCLE('',#3455,2.2);
#3455 = AXIS2_PLACEMENT_3D('',#3456,#3457,#3458);
#3456 = CARTESIAN_POINT('',(3.,80.,352.67949192431));
#3457 = DIRECTION('',(1.,0.,0.));
#3458 = DIRECTION('',(-0.,0.,1.));
#3459 = PCURVE('',#72,#3460);
#3460 = DEFINITIONAL_REPRESENTATION('',(#3461),#3469);
#3461 = ( BOUNDED_CURVE() B_SPLINE_CURVE(2,(#3462,#3463,#3464,#3465,
#3466,#3467,#3468),.UNSPECIFIED.,.T.,.F.) B_SPLINE_CURVE_WITH_KNOTS((1,2
    ,2,2,2,1),(-2.094395102393,0.,2.094395102393,4.188790204786,
6.28318530718,8.377580409573),.UNSPECIFIED.) CURVE() 
GEOMETRIC_REPRESENTATION_ITEM() RATIONAL_B_SPLINE_CURVE((1.,0.5,1.,0.5,
1.,0.5,1.)) REPRESENTATION_ITEM('') );
#3462 = CARTESIAN_POINT('',(-284.8794919243,-302.5));
#3463 = CARTESIAN_POINT('',(-284.8794919243,-298.6894882233));
#3464 = CARTESIAN_POINT('',(-281.5794919243,-300.5947441116));
#3465 = CARTESIAN_POINT('',(-278.2794919243,-302.5));
#3466 = CARTESIAN_POINT('',(-281.5794919243,-304.4052558883));
#3467 = CARTESIAN_POINT('',(-284.8794919243,-306.3105117766));
#3468 = CARTESIAN_POINT('',(-284.8794919243,-302.5));
#3469 = ( GEOMETRIC_REPRESENTATION_CONTEXT(2) 
PARAMETRIC_REPRESENTATION_CONTEXT() REPRESENTATION_CONTEXT('2D SPACE',''
  ) );
#3470 = PCURVE('',#1735,#3471);
#3471 = DEFINITIONAL_REPRESENTATION('',(#3472),#3476);
#3472 = LINE('',#3473,#3474);
#3473 = CARTESIAN_POINT('',(0.,7.));
#3474 = VECTOR('',#3475,1.);
#3475 = DIRECTION('',(1.,0.));
#3476 = ( GEOMETRIC_REPRESENTATION_CONTEXT(2) 
PARAMETRIC_REPRESENTATION_CONTEXT() REPRESENTATION_CONTEXT('2D SPACE',''
  ) );
#3477 = FACE_BOUND('',#3478,.F.);
#3478 = EDGE_LOOP('',(#3479));
#3479 = ORIENTED_EDGE('',*,*,#3480,.F.);
#3480 = EDGE_CURVE('',#3481,#3481,#3483,.T.);
#3481 = VERTEX_POINT('',#3482);
#3482 = CARTESIAN_POINT('',(3.,90.,384.3375));
#3483 = SURFACE_CURVE('',#3484,(#3489,#3496),.PCURVE_S1.);
#3484 = CIRCLE('',#3485,14.3375);
#3485 = AXIS2_PLACEMENT_3D('',#3486,#3487,#3488);
#3486 = CARTESIAN_POINT('',(3.,90.,370.));
#3487 = DIRECTION('',(-1.,0.,0.));
#3488 = DIRECTION('',(-0.,-1.982333700464E-15,1.));
#3489 = PCURVE('',#72,#3490);
#3490 = DEFINITIONAL_REPRESENTATION('',(#3491),#3495);
#3491 = CIRCLE('',#3492,14.3375);
#3492 = AXIS2_PLACEMENT_2D('',#3493,#3494);
#3493 = CARTESIAN_POINT('',(-300.,-312.5));
#3494 = DIRECTION('',(-1.,1.982333700464E-15));
#3495 = ( GEOMETRIC_REPRESENTATION_CONTEXT(2) 
PARAMETRIC_REPRESENTATION_CONTEXT() REPRESENTATION_CONTEXT('2D SPACE',''
  ) );
#3496 = PCURVE('',#1770,#3497);
#3497 = DEFINITIONAL_REPRESENTATION('',(#3498),#3502);
#3498 = LINE('',#3499,#3500);
#3499 = CARTESIAN_POINT('',(6.28318530718,7.));
#3500 = VECTOR('',#3501,1.);
#3501 = DIRECTION('',(-1.,-0.));
#3502 = ( GEOMETRIC_REPRESENTATION_CONTEXT(2) 
PARAMETRIC_REPRESENTATION_CONTEXT() REPRESENTATION_CONTEXT('2D SPACE',''
  ) );
#3503 = FACE_BOUND('',#3504,.F.);
#3504 = EDGE_LOOP('',(#3505));
#3505 = ORIENTED_EDGE('',*,*,#3506,.T.);
#3506 = EDGE_CURVE('',#3507,#3507,#3509,.T.);
#3507 = VERTEX_POINT('',#3508);
#3508 = CARTESIAN_POINT('',(3.,80.,389.52050807568));
#3509 = SURFACE_CURVE('',#3510,(#3515,#3526),.PCURVE_S1.);
#3510 = CIRCLE('',#3511,2.2);
#3511 = AXIS2_PLACEMENT_3D('',#3512,#3513,#3514);
#3512 = CARTESIAN_POINT('',(3.,80.,387.32050807568));
#3513 = DIRECTION('',(1.,0.,0.));
#3514 = DIRECTION('',(-0.,0.,1.));
#3515 = PCURVE('',#72,#3516);
#3516 = DEFINITIONAL_REPRESENTATION('',(#3517),#3525);
#3517 = ( BOUNDED_CURVE() B_SPLINE_CURVE(2,(#3518,#3519,#3520,#3521,
#3522,#3523,#3524),.UNSPECIFIED.,.T.,.F.) B_SPLINE_CURVE_WITH_KNOTS((1,2
    ,2,2,2,1),(-2.094395102393,0.,2.094395102393,4.188790204786,
6.28318530718,8.377580409573),.UNSPECIFIED.) CURVE() 
GEOMETRIC_REPRESENTATION_ITEM() RATIONAL_B_SPLINE_CURVE((1.,0.5,1.,0.5,
1.,0.5,1.)) REPRESENTATION_ITEM('') );
#3518 = CARTESIAN_POINT('',(-319.5205080756,-302.5));
#3519 = CARTESIAN_POINT('',(-319.5205080756,-298.6894882233));
#3520 = CARTESIAN_POINT('',(-316.2205080756,-300.5947441116));
#3521 = CARTESIAN_POINT('',(-312.9205080756,-302.5));
#3522 = CARTESIAN_POINT('',(-316.2205080756,-304.4052558883));
#3523 = CARTESIAN_POINT('',(-319.5205080756,-306.3105117766));
#3524 = CARTESIAN_POINT('',(-319.5205080756,-302.5));
#3525 = ( GEOMETRIC_REPRESENTATION_CONTEXT(2) 
PARAMETRIC_REPRESENTATION_CONTEXT() REPRESENTATION_CONTEXT('2D SPACE',''
  ) );
#3526 = PCURVE('',#1805,#3527);
#3527 = DEFINITIONAL_REPRESENTATION('',(#3528),#3532);
#3528 = LINE('',#3529,#3530);
#3529 = CARTESIAN_POINT('',(0.,7.));
#3530 = VECTOR('',#3531,1.);
#3531 = DIRECTION('',(1.,0.));
#3532 = ( GEOMETRIC_REPRESENTATION_CONTEXT(2) 
PARAMETRIC_REPRESENTATION_CONTEXT() REPRESENTATION_CONTEXT('2D SPACE',''
  ) );
#3533 = FACE_BOUND('',#3534,.F.);
#3534 = EDGE_LOOP('',(#3535));
#3535 = ORIENTED_EDGE('',*,*,#3536,.T.);
#3536 = EDGE_CURVE('',#3537,#3537,#3539,.T.);
#3537 = VERTEX_POINT('',#3538);
#3538 = CARTESIAN_POINT('',(3.,110.,372.2));
#3539 = SURFACE_CURVE('',#3540,(#3545,#3556),.PCURVE_S1.);
#3540 = CIRCLE('',#3541,2.2);
#3541 = AXIS2_PLACEMENT_3D('',#3542,#3543,#3544);
#3542 = CARTESIAN_POINT('',(3.,110.,370.));
#3543 = DIRECTION('',(1.,0.,0.));
#3544 = DIRECTION('',(-0.,0.,1.));
#3545 = PCURVE('',#72,#3546);
#3546 = DEFINITIONAL_REPRESENTATION('',(#3547),#3555);
#3547 = ( BOUNDED_CURVE() B_SPLINE_CURVE(2,(#3548,#3549,#3550,#3551,
#3552,#3553,#3554),.UNSPECIFIED.,.T.,.F.) B_SPLINE_CURVE_WITH_KNOTS((1,2
    ,2,2,2,1),(-2.094395102393,0.,2.094395102393,4.188790204786,
6.28318530718,8.377580409573),.UNSPECIFIED.) CURVE() 
GEOMETRIC_REPRESENTATION_ITEM() RATIONAL_B_SPLINE_CURVE((1.,0.5,1.,0.5,
1.,0.5,1.)) REPRESENTATION_ITEM('') );
#3548 = CARTESIAN_POINT('',(-302.2,-332.5));
#3549 = CARTESIAN_POINT('',(-302.2,-328.6894882233));
#3550 = CARTESIAN_POINT('',(-298.9,-330.5947441116));
#3551 = CARTESIAN_POINT('',(-295.6,-332.5));
#3552 = CARTESIAN_POINT('',(-298.9,-334.4052558883));
#3553 = CARTESIAN_POINT('',(-302.2,-336.3105117766));
#3554 = CARTESIAN_POINT('',(-302.2,-332.5));
#3555 = ( GEOMETRIC_REPRESENTATION_CONTEXT(2) 
PARAMETRIC_REPRESENTATION_CONTEXT() REPRESENTATION_CONTEXT('2D SPACE',''
  ) );
#3556 = PCURVE('',#1840,#3557);
#3557 = DEFINITIONAL_REPRESENTATION('',(#3558),#3562);
#3558 = LINE('',#3559,#3560);
#3559 = CARTESIAN_POINT('',(0.,7.));
#3560 = VECTOR('',#3561,1.);
#3561 = DIRECTION('',(1.,0.));
#3562 = ( GEOMETRIC_REPRESENTATION_CONTEXT(2) 
PARAMETRIC_REPRESENTATION_CONTEXT() REPRESENTATION_CONTEXT('2D SPACE',''
  ) );
#3563 = FACE_BOUND('',#3564,.F.);
#3564 = EDGE_LOOP('',(#3565));
#3565 = ORIENTED_EDGE('',*,*,#3566,.F.);
#3566 = EDGE_CURVE('',#3567,#3567,#3569,.T.);
#3567 = VERTEX_POINT('',#3568);
#3568 = CARTESIAN_POINT('',(3.,140.,384.3375));
#3569 = SURFACE_CURVE('',#3570,(#3575,#3582),.PCURVE_S1.);
#3570 = CIRCLE('',#3571,14.3375);
#3571 = AXIS2_PLACEMENT_3D('',#3572,#3573,#3574);
#3572 = CARTESIAN_POINT('',(3.,140.,370.));
#3573 = DIRECTION('',(-1.,0.,0.));
#3574 = DIRECTION('',(0.,1.982333700464E-15,1.));
#3575 = PCURVE('',#72,#3576);
#3576 = DEFINITIONAL_REPRESENTATION('',(#3577),#3581);
#3577 = CIRCLE('',#3578,14.3375);
#3578 = AXIS2_PLACEMENT_2D('',#3579,#3580);
#3579 = CARTESIAN_POINT('',(-300.,-362.5));
#3580 = DIRECTION('',(-1.,-1.982333700464E-15));
#3581 = ( GEOMETRIC_REPRESENTATION_CONTEXT(2) 
PARAMETRIC_REPRESENTATION_CONTEXT() REPRESENTATION_CONTEXT('2D SPACE',''
  ) );
#3582 = PCURVE('',#1875,#3583);
#3583 = DEFINITIONAL_REPRESENTATION('',(#3584),#3588);
#3584 = LINE('',#3585,#3586);
#3585 = CARTESIAN_POINT('',(6.28318530718,7.));
#3586 = VECTOR('',#3587,1.);
#3587 = DIRECTION('',(-1.,-0.));
#3588 = ( GEOMETRIC_REPRESENTATION_CONTEXT(2) 
PARAMETRIC_REPRESENTATION_CONTEXT() REPRESENTATION_CONTEXT('2D SPACE',''
  ) );
#3589 = FACE_BOUND('',#3590,.F.);
#3590 = EDGE_LOOP('',(#3591));
#3591 = ORIENTED_EDGE('',*,*,#3592,.T.);
#3592 = EDGE_CURVE('',#3593,#3593,#3595,.T.);
#3593 = VERTEX_POINT('',#3594);
#3594 = CARTESIAN_POINT('',(3.,130.,354.87949192431));
#3595 = SURFACE_CURVE('',#3596,(#3601,#3612),.PCURVE_S1.);
#3596 = CIRCLE('',#3597,2.2);
#3597 = AXIS2_PLACEMENT_3D('',#3598,#3599,#3600);
#3598 = CARTESIAN_POINT('',(3.,130.,352.67949192431));
#3599 = DIRECTION('',(1.,0.,0.));
#3600 = DIRECTION('',(-0.,0.,1.));
#3601 = PCURVE('',#72,#3602);
#3602 = DEFINITIONAL_REPRESENTATION('',(#3603),#3611);
#3603 = ( BOUNDED_CURVE() B_SPLINE_CURVE(2,(#3604,#3605,#3606,#3607,
#3608,#3609,#3610),.UNSPECIFIED.,.T.,.F.) B_SPLINE_CURVE_WITH_KNOTS((1,2
    ,2,2,2,1),(-2.094395102393,0.,2.094395102393,4.188790204786,
6.28318530718,8.377580409573),.UNSPECIFIED.) CURVE() 
GEOMETRIC_REPRESENTATION_ITEM() RATIONAL_B_SPLINE_CURVE((1.,0.5,1.,0.5,
1.,0.5,1.)) REPRESENTATION_ITEM('') );
#3604 = CARTESIAN_POINT('',(-284.8794919243,-352.5));
#3605 = CARTESIAN_POINT('',(-284.8794919243,-348.6894882233));
#3606 = CARTESIAN_POINT('',(-281.5794919243,-350.5947441116));
#3607 = CARTESIAN_POINT('',(-278.2794919243,-352.5));
#3608 = CARTESIAN_POINT('',(-281.5794919243,-354.4052558883));
#3609 = CARTESIAN_POINT('',(-284.8794919243,-356.3105117766));
#3610 = CARTESIAN_POINT('',(-284.8794919243,-352.5));
#3611 = ( GEOMETRIC_REPRESENTATION_CONTEXT(2) 
PARAMETRIC_REPRESENTATION_CONTEXT() REPRESENTATION_CONTEXT('2D SPACE',''
  ) );
#3612 = PCURVE('',#1910,#3613);
#3613 = DEFINITIONAL_REPRESENTATION('',(#3614),#3618);
#3614 = LINE('',#3615,#3616);
#3615 = CARTESIAN_POINT('',(0.,7.));
#3616 = VECTOR('',#3617,1.);
#3617 = DIRECTION('',(1.,0.));
#3618 = ( GEOMETRIC_REPRESENTATION_CONTEXT(2) 
PARAMETRIC_REPRESENTATION_CONTEXT() REPRESENTATION_CONTEXT('2D SPACE',''
  ) );
#3619 = FACE_BOUND('',#3620,.F.);
#3620 = EDGE_LOOP('',(#3621));
#3621 = ORIENTED_EDGE('',*,*,#3622,.T.);
#3622 = EDGE_CURVE('',#3623,#3623,#3625,.T.);
#3623 = VERTEX_POINT('',#3624);
#3624 = CARTESIAN_POINT('',(3.,130.,389.52050807568));
#3625 = SURFACE_CURVE('',#3626,(#3631,#3642),.PCURVE_S1.);
#3626 = CIRCLE('',#3627,2.2);
#3627 = AXIS2_PLACEMENT_3D('',#3628,#3629,#3630);
#3628 = CARTESIAN_POINT('',(3.,130.,387.32050807568));
#3629 = DIRECTION('',(1.,0.,0.));
#3630 = DIRECTION('',(-0.,0.,1.));
#3631 = PCURVE('',#72,#3632);
#3632 = DEFINITIONAL_REPRESENTATION('',(#3633),#3641);
#3633 = ( BOUNDED_CURVE() B_SPLINE_CURVE(2,(#3634,#3635,#3636,#3637,
#3638,#3639,#3640),.UNSPECIFIED.,.T.,.F.) B_SPLINE_CURVE_WITH_KNOTS((1,2
    ,2,2,2,1),(-2.094395102393,0.,2.094395102393,4.188790204786,
6.28318530718,8.377580409573),.UNSPECIFIED.) CURVE() 
GEOMETRIC_REPRESENTATION_ITEM() RATIONAL_B_SPLINE_CURVE((1.,0.5,1.,0.5,
1.,0.5,1.)) REPRESENTATION_ITEM('') );
#3634 = CARTESIAN_POINT('',(-319.5205080756,-352.5));
#3635 = CARTESIAN_POINT('',(-319.5205080756,-348.6894882233));
#3636 = CARTESIAN_POINT('',(-316.2205080756,-350.5947441116));
#3637 = CARTESIAN_POINT('',(-312.9205080756,-352.5));
#3638 = CARTESIAN_POINT('',(-316.2205080756,-354.4052558883));
#3639 = CARTESIAN_POINT('',(-319.5205080756,-356.3105117766));
#3640 = CARTESIAN_POINT('',(-319.5205080756,-352.5));
#3641 = ( GEOMETRIC_REPRESENTATION_CONTEXT(2) 
PARAMETRIC_REPRESENTATION_CONTEXT() REPRESENTATION_CONTEXT('2D SPACE',''
  ) );
#3642 = PCURVE('',#1945,#3643);
#3643 = DEFINITIONAL_REPRESENTATION('',(#3644),#3648);
#3644 = LINE('',#3645,#3646);
#3645 = CARTESIAN_POINT('',(0.,7.));
#3646 = VECTOR('',#3647,1.);
#3647 = DIRECTION('',(1.,0.));
#3648 = ( GEOMETRIC_REPRESENTATION_CONTEXT(2) 
PARAMETRIC_REPRESENTATION_CONTEXT() REPRESENTATION_CONTEXT('2D SPACE',''
  ) );
#3649 = FACE_BOUND('',#3650,.F.);
#3650 = EDGE_LOOP('',(#3651));
#3651 = ORIENTED_EDGE('',*,*,#3652,.F.);
#3652 = EDGE_CURVE('',#3653,#3653,#3655,.T.);
#3653 = VERTEX_POINT('',#3654);
#3654 = CARTESIAN_POINT('',(3.,160.,372.2));
#3655 = SURFACE_CURVE('',#3656,(#3661,#3668),.PCURVE_S1.);
#3656 = CIRCLE('',#3657,2.2);
#3657 = AXIS2_PLACEMENT_3D('',#3658,#3659,#3660);
#3658 = CARTESIAN_POINT('',(3.,160.,370.));
#3659 = DIRECTION('',(-1.,0.,0.));
#3660 = DIRECTION('',(0.,1.2918958832E-14,1.));
#3661 = PCURVE('',#72,#3662);
#3662 = DEFINITIONAL_REPRESENTATION('',(#3663),#3667);
#3663 = CIRCLE('',#3664,2.2);
#3664 = AXIS2_PLACEMENT_2D('',#3665,#3666);
#3665 = CARTESIAN_POINT('',(-300.,-382.5));
#3666 = DIRECTION('',(-1.,-1.2918958832E-14));
#3667 = ( GEOMETRIC_REPRESENTATION_CONTEXT(2) 
PARAMETRIC_REPRESENTATION_CONTEXT() REPRESENTATION_CONTEXT('2D SPACE',''
  ) );
#3668 = PCURVE('',#1980,#3669);
#3669 = DEFINITIONAL_REPRESENTATION('',(#3670),#3674);
#3670 = LINE('',#3671,#3672);
#3671 = CARTESIAN_POINT('',(6.28318530718,7.));
#3672 = VECTOR('',#3673,1.);
#3673 = DIRECTION('',(-1.,-0.));
#3674 = ( GEOMETRIC_REPRESENTATION_CONTEXT(2) 
PARAMETRIC_REPRESENTATION_CONTEXT() REPRESENTATION_CONTEXT('2D SPACE',''
  ) );
#3675 = FACE_BOUND('',#3676,.F.);
#3676 = EDGE_LOOP('',(#3677));
#3677 = ORIENTED_EDGE('',*,*,#3678,.T.);
#3678 = EDGE_CURVE('',#3679,#3679,#3681,.T.);
#3679 = VERTEX_POINT('',#3680);
#3680 = CARTESIAN_POINT('',(3.,125.50431098567,423.80431098567));
#3681 = SURFACE_CURVE('',#3682,(#3687,#3698),.PCURVE_S1.);
#3682 = CIRCLE('',#3683,3.3);
#3683 = AXIS2_PLACEMENT_3D('',#3684,#3685,#3686);
#3684 = CARTESIAN_POINT('',(3.,125.50431098567,420.50431098567));
#3685 = DIRECTION('',(1.,0.,0.));
#3686 = DIRECTION('',(-0.,0.,1.));
#3687 = PCURVE('',#72,#3688);
#3688 = DEFINITIONAL_REPRESENTATION('',(#3689),#3697);
#3689 = ( BOUNDED_CURVE() B_SPLINE_CURVE(2,(#3690,#3691,#3692,#3693,
#3694,#3695,#3696),.UNSPECIFIED.,.T.,.F.) B_SPLINE_CURVE_WITH_KNOTS((1,2
    ,2,2,2,1),(-2.094395102393,0.,2.094395102393,4.188790204786,
6.28318530718,8.377580409573),.UNSPECIFIED.) CURVE() 
GEOMETRIC_REPRESENTATION_ITEM() RATIONAL_B_SPLINE_CURVE((1.,0.5,1.,0.5,
1.,0.5,1.)) REPRESENTATION_ITEM('') );
#3690 = CARTESIAN_POINT('',(-353.8043109856,-348.0043109856));
#3691 = CARTESIAN_POINT('',(-353.8043109856,-342.2885433206));
#3692 = CARTESIAN_POINT('',(-348.8543109856,-345.1464271531));
#3693 = CARTESIAN_POINT('',(-343.9043109856,-348.0043109856));
#3694 = CARTESIAN_POINT('',(-348.8543109856,-350.8621948181));
#3695 = CARTESIAN_POINT('',(-353.8043109856,-353.7200786506));
#3696 = CARTESIAN_POINT('',(-353.8043109856,-348.0043109856));
#3697 = ( GEOMETRIC_REPRESENTATION_CONTEXT(2) 
PARAMETRIC_REPRESENTATION_CONTEXT() REPRESENTATION_CONTEXT('2D SPACE',''
  ) );
#3698 = PCURVE('',#2015,#3699);
#3699 = DEFINITIONAL_REPRESENTATION('',(#3700),#3704);
#3700 = LINE('',#3701,#3702);
#3701 = CARTESIAN_POINT('',(0.,7.));
#3702 = VECTOR('',#3703,1.);
#3703 = DIRECTION('',(1.,0.));
#3704 = ( GEOMETRIC_REPRESENTATION_CONTEXT(2) 
PARAMETRIC_REPRESENTATION_CONTEXT() REPRESENTATION_CONTEXT('2D SPACE',''
  ) );
#3705 = FACE_BOUND('',#3706,.F.);
#3706 = EDGE_LOOP('',(#3707));
#3707 = ORIENTED_EDGE('',*,*,#3708,.F.);
#3708 = EDGE_CURVE('',#3709,#3709,#3711,.T.);
#3709 = VERTEX_POINT('',#3710);
#3710 = CARTESIAN_POINT('',(3.,116.8225,439.2));
#3711 = SURFACE_CURVE('',#3712,(#3717,#3724),.PCURVE_S1.);
#3712 = CIRCLE('',#3713,4.2);
#3713 = AXIS2_PLACEMENT_3D('',#3714,#3715,#3716);
#3714 = CARTESIAN_POINT('',(3.,116.8225,435.));
#3715 = DIRECTION('',(-1.,0.,0.));
#3716 = DIRECTION('',(0.,-3.383536836953E-15,1.));
#3717 = PCURVE('',#72,#3718);
#3718 = DEFINITIONAL_REPRESENTATION('',(#3719),#3723);
#3719 = CIRCLE('',#3720,4.2);
#3720 = AXIS2_PLACEMENT_2D('',#3721,#3722);
#3721 = CARTESIAN_POINT('',(-365.,-339.3225));
#3722 = DIRECTION('',(-1.,3.383536836953E-15));
#3723 = ( GEOMETRIC_REPRESENTATION_CONTEXT(2) 
PARAMETRIC_REPRESENTATION_CONTEXT() REPRESENTATION_CONTEXT('2D SPACE',''
  ) );
#3724 = PCURVE('',#2050,#3725);
#3725 = DEFINITIONAL_REPRESENTATION('',(#3726),#3730);
#3726 = LINE('',#3727,#3728);
#3727 = CARTESIAN_POINT('',(6.28318530718,7.));
#3728 = VECTOR('',#3729,1.);
#3729 = DIRECTION('',(-1.,-0.));
#3730 = ( GEOMETRIC_REPRESENTATION_CONTEXT(2) 
PARAMETRIC_REPRESENTATION_CONTEXT() REPRESENTATION_CONTEXT('2D SPACE',''
  ) );
#3731 = FACE_BOUND('',#3732,.F.);
#3732 = EDGE_LOOP('',(#3733));
#3733 = ORIENTED_EDGE('',*,*,#3734,.F.);
#3734 = EDGE_CURVE('',#3735,#3735,#3737,.T.);
#3735 = VERTEX_POINT('',#3736);
#3736 = CARTESIAN_POINT('',(3.,140.,447.6));
#3737 = SURFACE_CURVE('',#3738,(#3743,#3750),.PCURVE_S1.);
#3738 = CIRCLE('',#3739,12.6);
#3739 = AXIS2_PLACEMENT_3D('',#3740,#3741,#3742);
#3740 = CARTESIAN_POINT('',(3.,140.,435.));
#3741 = DIRECTION('',(-1.,0.,0.));
#3742 = DIRECTION('',(0.,2.255691224635E-15,1.));
#3743 = PCURVE('',#72,#3744);
#3744 = DEFINITIONAL_REPRESENTATION('',(#3745),#3749);
#3745 = CIRCLE('',#3746,12.6);
#3746 = AXIS2_PLACEMENT_2D('',#3747,#3748);
#3747 = CARTESIAN_POINT('',(-365.,-362.5));
#3748 = DIRECTION('',(-1.,-2.255691224635E-15));
#3749 = ( GEOMETRIC_REPRESENTATION_CONTEXT(2) 
PARAMETRIC_REPRESENTATION_CONTEXT() REPRESENTATION_CONTEXT('2D SPACE',''
  ) );
#3750 = PCURVE('',#2085,#3751);
#3751 = DEFINITIONAL_REPRESENTATION('',(#3752),#3756);
#3752 = LINE('',#3753,#3754);
#3753 = CARTESIAN_POINT('',(6.28318530718,7.));
#3754 = VECTOR('',#3755,1.);
#3755 = DIRECTION('',(-1.,-0.));
#3756 = ( GEOMETRIC_REPRESENTATION_CONTEXT(2) 
PARAMETRIC_REPRESENTATION_CONTEXT() REPRESENTATION_CONTEXT('2D SPACE',''
  ) );
#3757 = FACE_BOUND('',#3758,.F.);
#3758 = EDGE_LOOP('',(#3759));
#3759 = ORIENTED_EDGE('',*,*,#3760,.T.);
#3760 = EDGE_CURVE('',#3761,#3761,#3763,.T.);
#3761 = VERTEX_POINT('',#3762);
#3762 = CARTESIAN_POINT('',(3.,154.49568901432,423.80431098567));
#3763 = SURFACE_CURVE('',#3764,(#3769,#3780),.PCURVE_S1.);
#3764 = CIRCLE('',#3765,3.3);
#3765 = AXIS2_PLACEMENT_3D('',#3766,#3767,#3768);
#3766 = CARTESIAN_POINT('',(3.,154.49568901432,420.50431098567));
#3767 = DIRECTION('',(1.,0.,0.));
#3768 = DIRECTION('',(-0.,0.,1.));
#3769 = PCURVE('',#72,#3770);
#3770 = DEFINITIONAL_REPRESENTATION('',(#3771),#3779);
#3771 = ( BOUNDED_CURVE() B_SPLINE_CURVE(2,(#3772,#3773,#3774,#3775,
#3776,#3777,#3778),.UNSPECIFIED.,.T.,.F.) B_SPLINE_CURVE_WITH_KNOTS((1,2
    ,2,2,2,1),(-2.094395102393,0.,2.094395102393,4.188790204786,
6.28318530718,8.377580409573),.UNSPECIFIED.) CURVE() 
GEOMETRIC_REPRESENTATION_ITEM() RATIONAL_B_SPLINE_CURVE((1.,0.5,1.,0.5,
1.,0.5,1.)) REPRESENTATION_ITEM('') );
#3772 = CARTESIAN_POINT('',(-353.8043109856,-376.9956890143));
#3773 = CARTESIAN_POINT('',(-353.8043109856,-371.2799213493));
#3774 = CARTESIAN_POINT('',(-348.8543109856,-374.1378051818));
#3775 = CARTESIAN_POINT('',(-343.9043109856,-376.9956890143));
#3776 = CARTESIAN_POINT('',(-348.8543109856,-379.8535728468));
#3777 = CARTESIAN_POINT('',(-353.8043109856,-382.7114566793));
#3778 = CARTESIAN_POINT('',(-353.8043109856,-376.9956890143));
#3779 = ( GEOMETRIC_REPRESENTATION_CONTEXT(2) 
PARAMETRIC_REPRESENTATION_CONTEXT() REPRESENTATION_CONTEXT('2D SPACE',''
  ) );
#3780 = PCURVE('',#2120,#3781);
#3781 = DEFINITIONAL_REPRESENTATION('',(#3782),#3786);
#3782 = LINE('',#3783,#3784);
#3783 = CARTESIAN_POINT('',(0.,7.));
#3784 = VECTOR('',#3785,1.);
#3785 = DIRECTION('',(1.,0.));
#3786 = ( GEOMETRIC_REPRESENTATION_CONTEXT(2) 
PARAMETRIC_REPRESENTATION_CONTEXT() REPRESENTATION_CONTEXT('2D SPACE',''
  ) );
#3787 = FACE_BOUND('',#3788,.F.);
#3788 = EDGE_LOOP('',(#3789));
#3789 = ORIENTED_EDGE('',*,*,#3790,.T.);
#3790 = EDGE_CURVE('',#3791,#3791,#3793,.T.);
#3791 = VERTEX_POINT('',#3792);
#3792 = CARTESIAN_POINT('',(3.,154.49568901432,452.79568901432));
#3793 = SURFACE_CURVE('',#3794,(#3799,#3810),.PCURVE_S1.);
#3794 = CIRCLE('',#3795,3.3);
#3795 = AXIS2_PLACEMENT_3D('',#3796,#3797,#3798);
#3796 = CARTESIAN_POINT('',(3.,154.49568901432,449.49568901432));
#3797 = DIRECTION('',(1.,0.,0.));
#3798 = DIRECTION('',(-0.,0.,1.));
#3799 = PCURVE('',#72,#3800);
#3800 = DEFINITIONAL_REPRESENTATION('',(#3801),#3809);
#3801 = ( BOUNDED_CURVE() B_SPLINE_CURVE(2,(#3802,#3803,#3804,#3805,
#3806,#3807,#3808),.UNSPECIFIED.,.T.,.F.) B_SPLINE_CURVE_WITH_KNOTS((1,2
    ,2,2,2,1),(-2.094395102393,0.,2.094395102393,4.188790204786,
6.28318530718,8.377580409573),.UNSPECIFIED.) CURVE() 
GEOMETRIC_REPRESENTATION_ITEM() RATIONAL_B_SPLINE_CURVE((1.,0.5,1.,0.5,
1.,0.5,1.)) REPRESENTATION_ITEM('') );
#3802 = CARTESIAN_POINT('',(-382.7956890143,-376.9956890143));
#3803 = CARTESIAN_POINT('',(-382.7956890143,-371.2799213493));
#3804 = CARTESIAN_POINT('',(-377.8456890143,-374.1378051818));
#3805 = CARTESIAN_POINT('',(-372.8956890143,-376.9956890143));
#3806 = CARTESIAN_POINT('',(-377.8456890143,-379.8535728468));
#3807 = CARTESIAN_POINT('',(-382.7956890143,-382.7114566793));
#3808 = CARTESIAN_POINT('',(-382.7956890143,-376.9956890143));
#3809 = ( GEOMETRIC_REPRESENTATION_CONTEXT(2) 
PARAMETRIC_REPRESENTATION_CONTEXT() REPRESENTATION_CONTEXT('2D SPACE',''
  ) );
#3810 = PCURVE('',#2155,#3811);
#3811 = DEFINITIONAL_REPRESENTATION('',(#3812),#3816);
#3812 = LINE('',#3813,#3814);
#3813 = CARTESIAN_POINT('',(0.,7.));
#3814 = VECTOR('',#3815,1.);
#3815 = DIRECTION('',(1.,0.));
#3816 = ( GEOMETRIC_REPRESENTATION_CONTEXT(2) 
PARAMETRIC_REPRESENTATION_CONTEXT() REPRESENTATION_CONTEXT('2D SPACE',''
  ) );
#3817 = FACE_BOUND('',#3818,.F.);
#3818 = EDGE_LOOP('',(#3819));
#3819 = ORIENTED_EDGE('',*,*,#3820,.T.);
#3820 = EDGE_CURVE('',#3821,#3821,#3823,.T.);
#3821 = VERTEX_POINT('',#3822);
#3822 = CARTESIAN_POINT('',(3.,125.50431098567,452.79568901432));
#3823 = SURFACE_CURVE('',#3824,(#3829,#3840),.PCURVE_S1.);
#3824 = CIRCLE('',#3825,3.3);
#3825 = AXIS2_PLACEMENT_3D('',#3826,#3827,#3828);
#3826 = CARTESIAN_POINT('',(3.,125.50431098567,449.49568901432));
#3827 = DIRECTION('',(1.,0.,0.));
#3828 = DIRECTION('',(-0.,0.,1.));
#3829 = PCURVE('',#72,#3830);
#3830 = DEFINITIONAL_REPRESENTATION('',(#3831),#3839);
#3831 = ( BOUNDED_CURVE() B_SPLINE_CURVE(2,(#3832,#3833,#3834,#3835,
#3836,#3837,#3838),.UNSPECIFIED.,.T.,.F.) B_SPLINE_CURVE_WITH_KNOTS((1,2
    ,2,2,2,1),(-2.094395102393,0.,2.094395102393,4.188790204786,
6.28318530718,8.377580409573),.UNSPECIFIED.) CURVE() 
GEOMETRIC_REPRESENTATION_ITEM() RATIONAL_B_SPLINE_CURVE((1.,0.5,1.,0.5,
1.,0.5,1.)) REPRESENTATION_ITEM('') );
#3832 = CARTESIAN_POINT('',(-382.7956890143,-348.0043109856));
#3833 = CARTESIAN_POINT('',(-382.7956890143,-342.2885433206));
#3834 = CARTESIAN_POINT('',(-377.8456890143,-345.1464271531));
#3835 = CARTESIAN_POINT('',(-372.8956890143,-348.0043109856));
#3836 = CARTESIAN_POINT('',(-377.8456890143,-350.8621948181));
#3837 = CARTESIAN_POINT('',(-382.7956890143,-353.7200786506));
#3838 = CARTESIAN_POINT('',(-382.7956890143,-348.0043109856));
#3839 = ( GEOMETRIC_REPRESENTATION_CONTEXT(2) 
PARAMETRIC_REPRESENTATION_CONTEXT() REPRESENTATION_CONTEXT('2D SPACE',''
  ) );
#3840 = PCURVE('',#2190,#3841);
#3841 = DEFINITIONAL_REPRESENTATION('',(#3842),#3846);
#3842 = LINE('',#3843,#3844);
#3843 = CARTESIAN_POINT('',(0.,7.));
#3844 = VECTOR('',#3845,1.);
#3845 = DIRECTION('',(1.,0.));
#3846 = ( GEOMETRIC_REPRESENTATION_CONTEXT(2) 
PARAMETRIC_REPRESENTATION_CONTEXT() REPRESENTATION_CONTEXT('2D SPACE',''
  ) );
#3847 = ADVANCED_FACE('',(#3848),#212,.T.);
#3848 = FACE_BOUND('',#3849,.T.);
#3849 = EDGE_LOOP('',(#3850,#3851,#3852,#3873));
#3850 = ORIENTED_EDGE('',*,*,#198,.F.);
#3851 = ORIENTED_EDGE('',*,*,#431,.F.);
#3852 = ORIENTED_EDGE('',*,*,#3853,.F.);
#3853 = EDGE_CURVE('',#2206,#404,#3854,.T.);
#3854 = SURFACE_CURVE('',#3855,(#3859,#3866),.PCURVE_S1.);
#3855 = LINE('',#3856,#3857);
#3856 = CARTESIAN_POINT('',(-3.,50.890437438204,346.));
#3857 = VECTOR('',#3858,1.);
#3858 = DIRECTION('',(-1.,0.,0.));
#3859 = PCURVE('',#212,#3860);
#3860 = DEFINITIONAL_REPRESENTATION('',(#3861),#3865);
#3861 = LINE('',#3862,#3863);
#3862 = CARTESIAN_POINT('',(-361.1646660075,0.));
#3863 = VECTOR('',#3864,1.);
#3864 = DIRECTION('',(-0.,1.));
#3865 = ( GEOMETRIC_REPRESENTATION_CONTEXT(2) 
PARAMETRIC_REPRESENTATION_CONTEXT() REPRESENTATION_CONTEXT('2D SPACE',''
  ) );
#3866 = PCURVE('',#419,#3867);
#3867 = DEFINITIONAL_REPRESENTATION('',(#3868),#3872);
#3868 = LINE('',#3869,#3870);
#3869 = CARTESIAN_POINT('',(39.109562561796,0.));
#3870 = VECTOR('',#3871,1.);
#3871 = DIRECTION('',(0.,1.));
#3872 = ( GEOMETRIC_REPRESENTATION_CONTEXT(2) 
PARAMETRIC_REPRESENTATION_CONTEXT() REPRESENTATION_CONTEXT('2D SPACE',''
  ) );
#3873 = ORIENTED_EDGE('',*,*,#2205,.F.);
#3874 = ADVANCED_FACE('',(#3875),#545,.F.);
#3875 = FACE_BOUND('',#3876,.F.);
#3876 = EDGE_LOOP('',(#3877,#3878,#3899,#3900));
#3877 = ORIENTED_EDGE('',*,*,#2466,.T.);
#3878 = ORIENTED_EDGE('',*,*,#3879,.F.);
#3879 = EDGE_CURVE('',#525,#2467,#3880,.T.);
#3880 = SEAM_CURVE('',#3881,(#3885,#3892),.PCURVE_S1.);
#3881 = LINE('',#3882,#3883);
#3882 = CARTESIAN_POINT('',(-4.,-240.,64.3375));
#3883 = VECTOR('',#3884,1.);
#3884 = DIRECTION('',(1.,0.,0.));
#3885 = PCURVE('',#545,#3886);
#3886 = DEFINITIONAL_REPRESENTATION('',(#3887),#3891);
#3887 = LINE('',#3888,#3889);
#3888 = CARTESIAN_POINT('',(0.,-0.));
#3889 = VECTOR('',#3890,1.);
#3890 = DIRECTION('',(0.,1.));
#3891 = ( GEOMETRIC_REPRESENTATION_CONTEXT(2) 
PARAMETRIC_REPRESENTATION_CONTEXT() REPRESENTATION_CONTEXT('2D SPACE',''
  ) );
#3892 = PCURVE('',#545,#3893);
#3893 = DEFINITIONAL_REPRESENTATION('',(#3894),#3898);
#3894 = LINE('',#3895,#3896);
#3895 = CARTESIAN_POINT('',(6.28318530718,-0.));
#3896 = VECTOR('',#3897,1.);
#3897 = DIRECTION('',(0.,1.));
#3898 = ( GEOMETRIC_REPRESENTATION_CONTEXT(2) 
PARAMETRIC_REPRESENTATION_CONTEXT() REPRESENTATION_CONTEXT('2D SPACE',''
  ) );
#3899 = ORIENTED_EDGE('',*,*,#524,.T.);
#3900 = ORIENTED_EDGE('',*,*,#3879,.T.);
#3901 = ADVANCED_FACE('',(#3902),#650,.F.);
#3902 = FACE_BOUND('',#3903,.F.);
#3903 = EDGE_LOOP('',(#3904,#3905,#3926,#3927));
#3904 = ORIENTED_EDGE('',*,*,#2548,.F.);
#3905 = ORIENTED_EDGE('',*,*,#3906,.F.);
#3906 = EDGE_CURVE('',#630,#2549,#3907,.T.);
#3907 = SEAM_CURVE('',#3908,(#3912,#3919),.PCURVE_S1.);
#3908 = LINE('',#3909,#3910);
#3909 = CARTESIAN_POINT('',(-4.,-250.,34.879491924311));
#3910 = VECTOR('',#3911,1.);
#3911 = DIRECTION('',(1.,0.,0.));
#3912 = PCURVE('',#650,#3913);
#3913 = DEFINITIONAL_REPRESENTATION('',(#3914),#3918);
#3914 = LINE('',#3915,#3916);
#3915 = CARTESIAN_POINT('',(6.28318530718,-0.));
#3916 = VECTOR('',#3917,1.);
#3917 = DIRECTION('',(0.,1.));
#3918 = ( GEOMETRIC_REPRESENTATION_CONTEXT(2) 
PARAMETRIC_REPRESENTATION_CONTEXT() REPRESENTATION_CONTEXT('2D SPACE',''
  ) );
#3919 = PCURVE('',#650,#3920);
#3920 = DEFINITIONAL_REPRESENTATION('',(#3921),#3925);
#3921 = LINE('',#3922,#3923);
#3922 = CARTESIAN_POINT('',(0.,-0.));
#3923 = VECTOR('',#3924,1.);
#3924 = DIRECTION('',(0.,1.));
#3925 = ( GEOMETRIC_REPRESENTATION_CONTEXT(2) 
PARAMETRIC_REPRESENTATION_CONTEXT() REPRESENTATION_CONTEXT('2D SPACE',''
  ) );
#3926 = ORIENTED_EDGE('',*,*,#629,.T.);
#3927 = ORIENTED_EDGE('',*,*,#3906,.T.);
#3928 = ADVANCED_FACE('',(#3929),#510,.F.);
#3929 = FACE_BOUND('',#3930,.F.);
#3930 = EDGE_LOOP('',(#3931,#3932,#3953,#3954));
#3931 = ORIENTED_EDGE('',*,*,#2436,.F.);
#3932 = ORIENTED_EDGE('',*,*,#3933,.F.);
#3933 = EDGE_CURVE('',#490,#2437,#3934,.T.);
#3934 = SEAM_CURVE('',#3935,(#3939,#3946),.PCURVE_S1.);
#3935 = LINE('',#3936,#3937);
#3936 = CARTESIAN_POINT('',(-4.,-220.,52.2));
#3937 = VECTOR('',#3938,1.);
#3938 = DIRECTION('',(1.,0.,0.));
#3939 = PCURVE('',#510,#3940);
#3940 = DEFINITIONAL_REPRESENTATION('',(#3941),#3945);
#3941 = LINE('',#3942,#3943);
#3942 = CARTESIAN_POINT('',(6.28318530718,-0.));
#3943 = VECTOR('',#3944,1.);
#3944 = DIRECTION('',(0.,1.));
#3945 = ( GEOMETRIC_REPRESENTATION_CONTEXT(2) 
PARAMETRIC_REPRESENTATION_CONTEXT() REPRESENTATION_CONTEXT('2D SPACE',''
  ) );
#3946 = PCURVE('',#510,#3947);
#3947 = DEFINITIONAL_REPRESENTATION('',(#3948),#3952);
#3948 = LINE('',#3949,#3950);
#3949 = CARTESIAN_POINT('',(0.,-0.));
#3950 = VECTOR('',#3951,1.);
#3951 = DIRECTION('',(0.,1.));
#3952 = ( GEOMETRIC_REPRESENTATION_CONTEXT(2) 
PARAMETRIC_REPRESENTATION_CONTEXT() REPRESENTATION_CONTEXT('2D SPACE',''
  ) );
#3953 = ORIENTED_EDGE('',*,*,#489,.T.);
#3954 = ORIENTED_EDGE('',*,*,#3933,.T.);
#3955 = ADVANCED_FACE('',(#3956),#475,.F.);
#3956 = FACE_BOUND('',#3957,.F.);
#3957 = EDGE_LOOP('',(#3958,#3959,#3980,#3981));
#3958 = ORIENTED_EDGE('',*,*,#2406,.F.);
#3959 = ORIENTED_EDGE('',*,*,#3960,.F.);
#3960 = EDGE_CURVE('',#455,#2407,#3961,.T.);
#3961 = SEAM_CURVE('',#3962,(#3966,#3973),.PCURVE_S1.);
#3962 = LINE('',#3963,#3964);
#3963 = CARTESIAN_POINT('',(-4.,-250.,69.520508075689));
#3964 = VECTOR('',#3965,1.);
#3965 = DIRECTION('',(1.,0.,0.));
#3966 = PCURVE('',#475,#3967);
#3967 = DEFINITIONAL_REPRESENTATION('',(#3968),#3972);
#3968 = LINE('',#3969,#3970);
#3969 = CARTESIAN_POINT('',(6.28318530718,-0.));
#3970 = VECTOR('',#3971,1.);
#3971 = DIRECTION('',(0.,1.));
#3972 = ( GEOMETRIC_REPRESENTATION_CONTEXT(2) 
PARAMETRIC_REPRESENTATION_CONTEXT() REPRESENTATION_CONTEXT('2D SPACE',''
  ) );
#3973 = PCURVE('',#475,#3974);
#3974 = DEFINITIONAL_REPRESENTATION('',(#3975),#3979);
#3975 = LINE('',#3976,#3977);
#3976 = CARTESIAN_POINT('',(0.,-0.));
#3977 = VECTOR('',#3978,1.);
#3978 = DIRECTION('',(0.,1.));
#3979 = ( GEOMETRIC_REPRESENTATION_CONTEXT(2) 
PARAMETRIC_REPRESENTATION_CONTEXT() REPRESENTATION_CONTEXT('2D SPACE',''
  ) );
#3980 = ORIENTED_EDGE('',*,*,#454,.T.);
#3981 = ORIENTED_EDGE('',*,*,#3960,.T.);
#3982 = ADVANCED_FACE('',(#3983),#615,.F.);
#3983 = FACE_BOUND('',#3984,.F.);
#3984 = EDGE_LOOP('',(#3985,#3986,#4007,#4008));
#3985 = ORIENTED_EDGE('',*,*,#2522,.T.);
#3986 = ORIENTED_EDGE('',*,*,#3987,.F.);
#3987 = EDGE_CURVE('',#595,#2523,#3988,.T.);
#3988 = SEAM_CURVE('',#3989,(#3993,#4000),.PCURVE_S1.);
#3989 = LINE('',#3990,#3991);
#3990 = CARTESIAN_POINT('',(-4.,-205.,104.3375));
#3991 = VECTOR('',#3992,1.);
#3992 = DIRECTION('',(1.,0.,0.));
#3993 = PCURVE('',#615,#3994);
#3994 = DEFINITIONAL_REPRESENTATION('',(#3995),#3999);
#3995 = LINE('',#3996,#3997);
#3996 = CARTESIAN_POINT('',(0.,-0.));
#3997 = VECTOR('',#3998,1.);
#3998 = DIRECTION('',(0.,1.));
#3999 = ( GEOMETRIC_REPRESENTATION_CONTEXT(2) 
PARAMETRIC_REPRESENTATION_CONTEXT() REPRESENTATION_CONTEXT('2D SPACE',''
  ) );
#4000 = PCURVE('',#615,#4001);
#4001 = DEFINITIONAL_REPRESENTATION('',(#4002),#4006);
#4002 = LINE('',#4003,#4004);
#4003 = CARTESIAN_POINT('',(6.28318530718,-0.));
#4004 = VECTOR('',#4005,1.);
#4005 = DIRECTION('',(0.,1.));
#4006 = ( GEOMETRIC_REPRESENTATION_CONTEXT(2) 
PARAMETRIC_REPRESENTATION_CONTEXT() REPRESENTATION_CONTEXT('2D SPACE',''
  ) );
#4007 = ORIENTED_EDGE('',*,*,#594,.T.);
#4008 = ORIENTED_EDGE('',*,*,#3987,.T.);
#4009 = ADVANCED_FACE('',(#4010),#580,.F.);
#4010 = FACE_BOUND('',#4011,.F.);
#4011 = EDGE_LOOP('',(#4012,#4013,#4034,#4035));
#4012 = ORIENTED_EDGE('',*,*,#2492,.F.);
#4013 = ORIENTED_EDGE('',*,*,#4014,.F.);
#4014 = EDGE_CURVE('',#560,#2493,#4015,.T.);
#4015 = SEAM_CURVE('',#4016,(#4020,#4027),.PCURVE_S1.);
#4016 = LINE('',#4017,#4018);
#4017 = CARTESIAN_POINT('',(-4.,-215.,74.879491924311));
#4018 = VECTOR('',#4019,1.);
#4019 = DIRECTION('',(1.,0.,0.));
#4020 = PCURVE('',#580,#4021);
#4021 = DEFINITIONAL_REPRESENTATION('',(#4022),#4026);
#4022 = LINE('',#4023,#4024);
#4023 = CARTESIAN_POINT('',(6.28318530718,-0.));
#4024 = VECTOR('',#4025,1.);
#4025 = DIRECTION('',(0.,1.));
#4026 = ( GEOMETRIC_REPRESENTATION_CONTEXT(2) 
PARAMETRIC_REPRESENTATION_CONTEXT() REPRESENTATION_CONTEXT('2D SPACE',''
  ) );
#4027 = PCURVE('',#580,#4028);
#4028 = DEFINITIONAL_REPRESENTATION('',(#4029),#4033);
#4029 = LINE('',#4030,#4031);
#4030 = CARTESIAN_POINT('',(0.,-0.));
#4031 = VECTOR('',#4032,1.);
#4032 = DIRECTION('',(0.,1.));
#4033 = ( GEOMETRIC_REPRESENTATION_CONTEXT(2) 
PARAMETRIC_REPRESENTATION_CONTEXT() REPRESENTATION_CONTEXT('2D SPACE',''
  ) );
#4034 = ORIENTED_EDGE('',*,*,#559,.T.);
#4035 = ORIENTED_EDGE('',*,*,#4014,.T.);
#4036 = ADVANCED_FACE('',(#4037),#720,.F.);
#4037 = FACE_BOUND('',#4038,.F.);
#4038 = EDGE_LOOP('',(#4039,#4040,#4061,#4062));
#4039 = ORIENTED_EDGE('',*,*,#2608,.F.);
#4040 = ORIENTED_EDGE('',*,*,#4041,.F.);
#4041 = EDGE_CURVE('',#700,#2609,#4042,.T.);
#4042 = SEAM_CURVE('',#4043,(#4047,#4054),.PCURVE_S1.);
#4043 = LINE('',#4044,#4045);
#4044 = CARTESIAN_POINT('',(-4.,-185.,92.2));
#4045 = VECTOR('',#4046,1.);
#4046 = DIRECTION('',(1.,0.,0.));
#4047 = PCURVE('',#720,#4048);
#4048 = DEFINITIONAL_REPRESENTATION('',(#4049),#4053);
#4049 = LINE('',#4050,#4051);
#4050 = CARTESIAN_POINT('',(6.28318530718,-0.));
#4051 = VECTOR('',#4052,1.);
#4052 = DIRECTION('',(0.,1.));
#4053 = ( GEOMETRIC_REPRESENTATION_CONTEXT(2) 
PARAMETRIC_REPRESENTATION_CONTEXT() REPRESENTATION_CONTEXT('2D SPACE',''
  ) );
#4054 = PCURVE('',#720,#4055);
#4055 = DEFINITIONAL_REPRESENTATION('',(#4056),#4060);
#4056 = LINE('',#4057,#4058);
#4057 = CARTESIAN_POINT('',(0.,-0.));
#4058 = VECTOR('',#4059,1.);
#4059 = DIRECTION('',(0.,1.));
#4060 = ( GEOMETRIC_REPRESENTATION_CONTEXT(2) 
PARAMETRIC_REPRESENTATION_CONTEXT() REPRESENTATION_CONTEXT('2D SPACE',''
  ) );
#4061 = ORIENTED_EDGE('',*,*,#699,.T.);
#4062 = ORIENTED_EDGE('',*,*,#4041,.T.);
#4063 = ADVANCED_FACE('',(#4064),#685,.F.);
#4064 = FACE_BOUND('',#4065,.F.);
#4065 = EDGE_LOOP('',(#4066,#4067,#4088,#4089));
#4066 = ORIENTED_EDGE('',*,*,#2578,.F.);
#4067 = ORIENTED_EDGE('',*,*,#4068,.F.);
#4068 = EDGE_CURVE('',#665,#2579,#4069,.T.);
#4069 = SEAM_CURVE('',#4070,(#4074,#4081),.PCURVE_S1.);
#4070 = LINE('',#4071,#4072);
#4071 = CARTESIAN_POINT('',(-4.,-215.,109.52050807568));
#4072 = VECTOR('',#4073,1.);
#4073 = DIRECTION('',(1.,0.,0.));
#4074 = PCURVE('',#685,#4075);
#4075 = DEFINITIONAL_REPRESENTATION('',(#4076),#4080);
#4076 = LINE('',#4077,#4078);
#4077 = CARTESIAN_POINT('',(6.28318530718,-0.));
#4078 = VECTOR('',#4079,1.);
#4079 = DIRECTION('',(0.,1.));
#4080 = ( GEOMETRIC_REPRESENTATION_CONTEXT(2) 
PARAMETRIC_REPRESENTATION_CONTEXT() REPRESENTATION_CONTEXT('2D SPACE',''
  ) );
#4081 = PCURVE('',#685,#4082);
#4082 = DEFINITIONAL_REPRESENTATION('',(#4083),#4087);
#4083 = LINE('',#4084,#4085);
#4084 = CARTESIAN_POINT('',(0.,-0.));
#4085 = VECTOR('',#4086,1.);
#4086 = DIRECTION('',(0.,1.));
#4087 = ( GEOMETRIC_REPRESENTATION_CONTEXT(2) 
PARAMETRIC_REPRESENTATION_CONTEXT() REPRESENTATION_CONTEXT('2D SPACE',''
  ) );
#4088 = ORIENTED_EDGE('',*,*,#664,.T.);
#4089 = ORIENTED_EDGE('',*,*,#4068,.T.);
#4090 = ADVANCED_FACE('',(#4091),#790,.F.);
#4091 = FACE_BOUND('',#4092,.F.);
#4092 = EDGE_LOOP('',(#4093,#4094,#4115,#4116));
#4093 = ORIENTED_EDGE('',*,*,#2668,.T.);
#4094 = ORIENTED_EDGE('',*,*,#4095,.F.);
#4095 = EDGE_CURVE('',#770,#2669,#4096,.T.);
#4096 = SEAM_CURVE('',#4097,(#4101,#4108),.PCURVE_S1.);
#4097 = LINE('',#4098,#4099);
#4098 = CARTESIAN_POINT('',(-4.,-170.,144.3375));
#4099 = VECTOR('',#4100,1.);
#4100 = DIRECTION('',(1.,0.,0.));
#4101 = PCURVE('',#790,#4102);
#4102 = DEFINITIONAL_REPRESENTATION('',(#4103),#4107);
#4103 = LINE('',#4104,#4105);
#4104 = CARTESIAN_POINT('',(0.,-0.));
#4105 = VECTOR('',#4106,1.);
#4106 = DIRECTION('',(0.,1.));
#4107 = ( GEOMETRIC_REPRESENTATION_CONTEXT(2) 
PARAMETRIC_REPRESENTATION_CONTEXT() REPRESENTATION_CONTEXT('2D SPACE',''
  ) );
#4108 = PCURVE('',#790,#4109);
#4109 = DEFINITIONAL_REPRESENTATION('',(#4110),#4114);
#4110 = LINE('',#4111,#4112);
#4111 = CARTESIAN_POINT('',(6.28318530718,-0.));
#4112 = VECTOR('',#4113,1.);
#4113 = DIRECTION('',(0.,1.));
#4114 = ( GEOMETRIC_REPRESENTATION_CONTEXT(2) 
PARAMETRIC_REPRESENTATION_CONTEXT() REPRESENTATION_CONTEXT('2D SPACE',''
  ) );
#4115 = ORIENTED_EDGE('',*,*,#769,.T.);
#4116 = ORIENTED_EDGE('',*,*,#4095,.T.);
#4117 = ADVANCED_FACE('',(#4118),#755,.F.);
#4118 = FACE_BOUND('',#4119,.F.);
#4119 = EDGE_LOOP('',(#4120,#4121,#4142,#4143));
#4120 = ORIENTED_EDGE('',*,*,#2638,.F.);
#4121 = ORIENTED_EDGE('',*,*,#4122,.F.);
#4122 = EDGE_CURVE('',#735,#2639,#4123,.T.);
#4123 = SEAM_CURVE('',#4124,(#4128,#4135),.PCURVE_S1.);
#4124 = LINE('',#4125,#4126);
#4125 = CARTESIAN_POINT('',(-4.,-180.,114.87949192431));
#4126 = VECTOR('',#4127,1.);
#4127 = DIRECTION('',(1.,0.,0.));
#4128 = PCURVE('',#755,#4129);
#4129 = DEFINITIONAL_REPRESENTATION('',(#4130),#4134);
#4130 = LINE('',#4131,#4132);
#4131 = CARTESIAN_POINT('',(6.28318530718,-0.));
#4132 = VECTOR('',#4133,1.);
#4133 = DIRECTION('',(0.,1.));
#4134 = ( GEOMETRIC_REPRESENTATION_CONTEXT(2) 
PARAMETRIC_REPRESENTATION_CONTEXT() REPRESENTATION_CONTEXT('2D SPACE',''
  ) );
#4135 = PCURVE('',#755,#4136);
#4136 = DEFINITIONAL_REPRESENTATION('',(#4137),#4141);
#4137 = LINE('',#4138,#4139);
#4138 = CARTESIAN_POINT('',(0.,-0.));
#4139 = VECTOR('',#4140,1.);
#4140 = DIRECTION('',(0.,1.));
#4141 = ( GEOMETRIC_REPRESENTATION_CONTEXT(2) 
PARAMETRIC_REPRESENTATION_CONTEXT() REPRESENTATION_CONTEXT('2D SPACE',''
  ) );
#4142 = ORIENTED_EDGE('',*,*,#734,.T.);
#4143 = ORIENTED_EDGE('',*,*,#4122,.T.);
#4144 = ADVANCED_FACE('',(#4145),#860,.F.);
#4145 = FACE_BOUND('',#4146,.F.);
#4146 = EDGE_LOOP('',(#4147,#4148,#4169,#4170));
#4147 = ORIENTED_EDGE('',*,*,#2724,.F.);
#4148 = ORIENTED_EDGE('',*,*,#4149,.F.);
#4149 = EDGE_CURVE('',#840,#2725,#4150,.T.);
#4150 = SEAM_CURVE('',#4151,(#4155,#4162),.PCURVE_S1.);
#4151 = LINE('',#4152,#4153);
#4152 = CARTESIAN_POINT('',(-4.,-150.,132.2));
#4153 = VECTOR('',#4154,1.);
#4154 = DIRECTION('',(1.,0.,0.));
#4155 = PCURVE('',#860,#4156);
#4156 = DEFINITIONAL_REPRESENTATION('',(#4157),#4161);
#4157 = LINE('',#4158,#4159);
#4158 = CARTESIAN_POINT('',(6.28318530718,-0.));
#4159 = VECTOR('',#4160,1.);
#4160 = DIRECTION('',(0.,1.));
#4161 = ( GEOMETRIC_REPRESENTATION_CONTEXT(2) 
PARAMETRIC_REPRESENTATION_CONTEXT() REPRESENTATION_CONTEXT('2D SPACE',''
  ) );
#4162 = PCURVE('',#860,#4163);
#4163 = DEFINITIONAL_REPRESENTATION('',(#4164),#4168);
#4164 = LINE('',#4165,#4166);
#4165 = CARTESIAN_POINT('',(0.,-0.));
#4166 = VECTOR('',#4167,1.);
#4167 = DIRECTION('',(0.,1.));
#4168 = ( GEOMETRIC_REPRESENTATION_CONTEXT(2) 
PARAMETRIC_REPRESENTATION_CONTEXT() REPRESENTATION_CONTEXT('2D SPACE',''
  ) );
#4169 = ORIENTED_EDGE('',*,*,#839,.T.);
#4170 = ORIENTED_EDGE('',*,*,#4149,.T.);
#4171 = ADVANCED_FACE('',(#4172),#825,.F.);
#4172 = FACE_BOUND('',#4173,.F.);
#4173 = EDGE_LOOP('',(#4174,#4175,#4196,#4197));
#4174 = ORIENTED_EDGE('',*,*,#2694,.F.);
#4175 = ORIENTED_EDGE('',*,*,#4176,.F.);
#4176 = EDGE_CURVE('',#805,#2695,#4177,.T.);
#4177 = SEAM_CURVE('',#4178,(#4182,#4189),.PCURVE_S1.);
#4178 = LINE('',#4179,#4180);
#4179 = CARTESIAN_POINT('',(-4.,-180.,149.52050807568));
#4180 = VECTOR('',#4181,1.);
#4181 = DIRECTION('',(1.,0.,0.));
#4182 = PCURVE('',#825,#4183);
#4183 = DEFINITIONAL_REPRESENTATION('',(#4184),#4188);
#4184 = LINE('',#4185,#4186);
#4185 = CARTESIAN_POINT('',(6.28318530718,-0.));
#4186 = VECTOR('',#4187,1.);
#4187 = DIRECTION('',(0.,1.));
#4188 = ( GEOMETRIC_REPRESENTATION_CONTEXT(2) 
PARAMETRIC_REPRESENTATION_CONTEXT() REPRESENTATION_CONTEXT('2D SPACE',''
  ) );
#4189 = PCURVE('',#825,#4190);
#4190 = DEFINITIONAL_REPRESENTATION('',(#4191),#4195);
#4191 = LINE('',#4192,#4193);
#4192 = CARTESIAN_POINT('',(0.,-0.));
#4193 = VECTOR('',#4194,1.);
#4194 = DIRECTION('',(0.,1.));
#4195 = ( GEOMETRIC_REPRESENTATION_CONTEXT(2) 
PARAMETRIC_REPRESENTATION_CONTEXT() REPRESENTATION_CONTEXT('2D SPACE',''
  ) );
#4196 = ORIENTED_EDGE('',*,*,#804,.T.);
#4197 = ORIENTED_EDGE('',*,*,#4176,.T.);
#4198 = ADVANCED_FACE('',(#4199),#930,.F.);
#4199 = FACE_BOUND('',#4200,.F.);
#4200 = EDGE_LOOP('',(#4201,#4202,#4223,#4224));
#4201 = ORIENTED_EDGE('',*,*,#2784,.T.);
#4202 = ORIENTED_EDGE('',*,*,#4203,.F.);
#4203 = EDGE_CURVE('',#910,#2785,#4204,.T.);
#4204 = SEAM_CURVE('',#4205,(#4209,#4216),.PCURVE_S1.);
#4205 = LINE('',#4206,#4207);
#4206 = CARTESIAN_POINT('',(-4.,-135.,184.3375));
#4207 = VECTOR('',#4208,1.);
#4208 = DIRECTION('',(1.,0.,0.));
#4209 = PCURVE('',#930,#4210);
#4210 = DEFINITIONAL_REPRESENTATION('',(#4211),#4215);
#4211 = LINE('',#4212,#4213);
#4212 = CARTESIAN_POINT('',(0.,-0.));
#4213 = VECTOR('',#4214,1.);
#4214 = DIRECTION('',(0.,1.));
#4215 = ( GEOMETRIC_REPRESENTATION_CONTEXT(2) 
PARAMETRIC_REPRESENTATION_CONTEXT() REPRESENTATION_CONTEXT('2D SPACE',''
  ) );
#4216 = PCURVE('',#930,#4217);
#4217 = DEFINITIONAL_REPRESENTATION('',(#4218),#4222);
#4218 = LINE('',#4219,#4220);
#4219 = CARTESIAN_POINT('',(6.28318530718,-0.));
#4220 = VECTOR('',#4221,1.);
#4221 = DIRECTION('',(0.,1.));
#4222 = ( GEOMETRIC_REPRESENTATION_CONTEXT(2) 
PARAMETRIC_REPRESENTATION_CONTEXT() REPRESENTATION_CONTEXT('2D SPACE',''
  ) );
#4223 = ORIENTED_EDGE('',*,*,#909,.T.);
#4224 = ORIENTED_EDGE('',*,*,#4203,.T.);
#4225 = ADVANCED_FACE('',(#4226),#895,.F.);
#4226 = FACE_BOUND('',#4227,.F.);
#4227 = EDGE_LOOP('',(#4228,#4229,#4250,#4251));
#4228 = ORIENTED_EDGE('',*,*,#2754,.F.);
#4229 = ORIENTED_EDGE('',*,*,#4230,.F.);
#4230 = EDGE_CURVE('',#875,#2755,#4231,.T.);
#4231 = SEAM_CURVE('',#4232,(#4236,#4243),.PCURVE_S1.);
#4232 = LINE('',#4233,#4234);
#4233 = CARTESIAN_POINT('',(-4.,-145.,154.87949192431));
#4234 = VECTOR('',#4235,1.);
#4235 = DIRECTION('',(1.,0.,0.));
#4236 = PCURVE('',#895,#4237);
#4237 = DEFINITIONAL_REPRESENTATION('',(#4238),#4242);
#4238 = LINE('',#4239,#4240);
#4239 = CARTESIAN_POINT('',(6.28318530718,-0.));
#4240 = VECTOR('',#4241,1.);
#4241 = DIRECTION('',(0.,1.));
#4242 = ( GEOMETRIC_REPRESENTATION_CONTEXT(2) 
PARAMETRIC_REPRESENTATION_CONTEXT() REPRESENTATION_CONTEXT('2D SPACE',''
  ) );
#4243 = PCURVE('',#895,#4244);
#4244 = DEFINITIONAL_REPRESENTATION('',(#4245),#4249);
#4245 = LINE('',#4246,#4247);
#4246 = CARTESIAN_POINT('',(0.,-0.));
#4247 = VECTOR('',#4248,1.);
#4248 = DIRECTION('',(0.,1.));
#4249 = ( GEOMETRIC_REPRESENTATION_CONTEXT(2) 
PARAMETRIC_REPRESENTATION_CONTEXT() REPRESENTATION_CONTEXT('2D SPACE',''
  ) );
#4250 = ORIENTED_EDGE('',*,*,#874,.T.);
#4251 = ORIENTED_EDGE('',*,*,#4230,.T.);
#4252 = ADVANCED_FACE('',(#4253),#1000,.F.);
#4253 = FACE_BOUND('',#4254,.F.);
#4254 = EDGE_LOOP('',(#4255,#4256,#4277,#4278));
#4255 = ORIENTED_EDGE('',*,*,#2840,.F.);
#4256 = ORIENTED_EDGE('',*,*,#4257,.F.);
#4257 = EDGE_CURVE('',#980,#2841,#4258,.T.);
#4258 = SEAM_CURVE('',#4259,(#4263,#4270),.PCURVE_S1.);
#4259 = LINE('',#4260,#4261);
#4260 = CARTESIAN_POINT('',(-4.,-115.,172.2));
#4261 = VECTOR('',#4262,1.);
#4262 = DIRECTION('',(1.,0.,0.));
#4263 = PCURVE('',#1000,#4264);
#4264 = DEFINITIONAL_REPRESENTATION('',(#4265),#4269);
#4265 = LINE('',#4266,#4267);
#4266 = CARTESIAN_POINT('',(6.28318530718,-0.));
#4267 = VECTOR('',#4268,1.);
#4268 = DIRECTION('',(0.,1.));
#4269 = ( GEOMETRIC_REPRESENTATION_CONTEXT(2) 
PARAMETRIC_REPRESENTATION_CONTEXT() REPRESENTATION_CONTEXT('2D SPACE',''
  ) );
#4270 = PCURVE('',#1000,#4271);
#4271 = DEFINITIONAL_REPRESENTATION('',(#4272),#4276);
#4272 = LINE('',#4273,#4274);
#4273 = CARTESIAN_POINT('',(0.,-0.));
#4274 = VECTOR('',#4275,1.);
#4275 = DIRECTION('',(0.,1.));
#4276 = ( GEOMETRIC_REPRESENTATION_CONTEXT(2) 
PARAMETRIC_REPRESENTATION_CONTEXT() REPRESENTATION_CONTEXT('2D SPACE',''
  ) );
#4277 = ORIENTED_EDGE('',*,*,#979,.T.);
#4278 = ORIENTED_EDGE('',*,*,#4257,.T.);
#4279 = ADVANCED_FACE('',(#4280),#965,.F.);
#4280 = FACE_BOUND('',#4281,.F.);
#4281 = EDGE_LOOP('',(#4282,#4283,#4304,#4305));
#4282 = ORIENTED_EDGE('',*,*,#2810,.F.);
#4283 = ORIENTED_EDGE('',*,*,#4284,.F.);
#4284 = EDGE_CURVE('',#945,#2811,#4285,.T.);
#4285 = SEAM_CURVE('',#4286,(#4290,#4297),.PCURVE_S1.);
#4286 = LINE('',#4287,#4288);
#4287 = CARTESIAN_POINT('',(-4.,-145.,189.52050807568));
#4288 = VECTOR('',#4289,1.);
#4289 = DIRECTION('',(1.,0.,0.));
#4290 = PCURVE('',#965,#4291);
#4291 = DEFINITIONAL_REPRESENTATION('',(#4292),#4296);
#4292 = LINE('',#4293,#4294);
#4293 = CARTESIAN_POINT('',(6.28318530718,-0.));
#4294 = VECTOR('',#4295,1.);
#4295 = DIRECTION('',(0.,1.));
#4296 = ( GEOMETRIC_REPRESENTATION_CONTEXT(2) 
PARAMETRIC_REPRESENTATION_CONTEXT() REPRESENTATION_CONTEXT('2D SPACE',''
  ) );
#4297 = PCURVE('',#965,#4298);
#4298 = DEFINITIONAL_REPRESENTATION('',(#4299),#4303);
#4299 = LINE('',#4300,#4301);
#4300 = CARTESIAN_POINT('',(0.,-0.));
#4301 = VECTOR('',#4302,1.);
#4302 = DIRECTION('',(0.,1.));
#4303 = ( GEOMETRIC_REPRESENTATION_CONTEXT(2) 
PARAMETRIC_REPRESENTATION_CONTEXT() REPRESENTATION_CONTEXT('2D SPACE',''
  ) );
#4304 = ORIENTED_EDGE('',*,*,#944,.T.);
#4305 = ORIENTED_EDGE('',*,*,#4284,.T.);
#4306 = ADVANCED_FACE('',(#4307),#1070,.F.);
#4307 = FACE_BOUND('',#4308,.F.);
#4308 = EDGE_LOOP('',(#4309,#4310,#4331,#4332));
#4309 = ORIENTED_EDGE('',*,*,#2900,.T.);
#4310 = ORIENTED_EDGE('',*,*,#4311,.F.);
#4311 = EDGE_CURVE('',#1050,#2901,#4312,.T.);
#4312 = SEAM_CURVE('',#4313,(#4317,#4324),.PCURVE_S1.);
#4313 = LINE('',#4314,#4315);
#4314 = CARTESIAN_POINT('',(-4.,-100.,224.3375));
#4315 = VECTOR('',#4316,1.);
#4316 = DIRECTION('',(1.,0.,0.));
#4317 = PCURVE('',#1070,#4318);
#4318 = DEFINITIONAL_REPRESENTATION('',(#4319),#4323);
#4319 = LINE('',#4320,#4321);
#4320 = CARTESIAN_POINT('',(0.,-0.));
#4321 = VECTOR('',#4322,1.);
#4322 = DIRECTION('',(0.,1.));
#4323 = ( GEOMETRIC_REPRESENTATION_CONTEXT(2) 
PARAMETRIC_REPRESENTATION_CONTEXT() REPRESENTATION_CONTEXT('2D SPACE',''
  ) );
#4324 = PCURVE('',#1070,#4325);
#4325 = DEFINITIONAL_REPRESENTATION('',(#4326),#4330);
#4326 = LINE('',#4327,#4328);
#4327 = CARTESIAN_POINT('',(6.28318530718,-0.));
#4328 = VECTOR('',#4329,1.);
#4329 = DIRECTION('',(0.,1.));
#4330 = ( GEOMETRIC_REPRESENTATION_CONTEXT(2) 
PARAMETRIC_REPRESENTATION_CONTEXT() REPRESENTATION_CONTEXT('2D SPACE',''
  ) );
#4331 = ORIENTED_EDGE('',*,*,#1049,.T.);
#4332 = ORIENTED_EDGE('',*,*,#4311,.T.);
#4333 = ADVANCED_FACE('',(#4334),#1035,.F.);
#4334 = FACE_BOUND('',#4335,.F.);
#4335 = EDGE_LOOP('',(#4336,#4337,#4358,#4359));
#4336 = ORIENTED_EDGE('',*,*,#2870,.F.);
#4337 = ORIENTED_EDGE('',*,*,#4338,.F.);
#4338 = EDGE_CURVE('',#1015,#2871,#4339,.T.);
#4339 = SEAM_CURVE('',#4340,(#4344,#4351),.PCURVE_S1.);
#4340 = LINE('',#4341,#4342);
#4341 = CARTESIAN_POINT('',(-4.,-110.,194.87949192431));
#4342 = VECTOR('',#4343,1.);
#4343 = DIRECTION('',(1.,0.,0.));
#4344 = PCURVE('',#1035,#4345);
#4345 = DEFINITIONAL_REPRESENTATION('',(#4346),#4350);
#4346 = LINE('',#4347,#4348);
#4347 = CARTESIAN_POINT('',(6.28318530718,-0.));
#4348 = VECTOR('',#4349,1.);
#4349 = DIRECTION('',(0.,1.));
#4350 = ( GEOMETRIC_REPRESENTATION_CONTEXT(2) 
PARAMETRIC_REPRESENTATION_CONTEXT() REPRESENTATION_CONTEXT('2D SPACE',''
  ) );
#4351 = PCURVE('',#1035,#4352);
#4352 = DEFINITIONAL_REPRESENTATION('',(#4353),#4357);
#4353 = LINE('',#4354,#4355);
#4354 = CARTESIAN_POINT('',(0.,-0.));
#4355 = VECTOR('',#4356,1.);
#4356 = DIRECTION('',(0.,1.));
#4357 = ( GEOMETRIC_REPRESENTATION_CONTEXT(2) 
PARAMETRIC_REPRESENTATION_CONTEXT() REPRESENTATION_CONTEXT('2D SPACE',''
  ) );
#4358 = ORIENTED_EDGE('',*,*,#1014,.T.);
#4359 = ORIENTED_EDGE('',*,*,#4338,.T.);
#4360 = ADVANCED_FACE('',(#4361),#1140,.F.);
#4361 = FACE_BOUND('',#4362,.F.);
#4362 = EDGE_LOOP('',(#4363,#4364,#4385,#4386));
#4363 = ORIENTED_EDGE('',*,*,#2956,.F.);
#4364 = ORIENTED_EDGE('',*,*,#4365,.F.);
#4365 = EDGE_CURVE('',#1120,#2957,#4366,.T.);
#4366 = SEAM_CURVE('',#4367,(#4371,#4378),.PCURVE_S1.);
#4367 = LINE('',#4368,#4369);
#4368 = CARTESIAN_POINT('',(-4.,-80.,212.2));
#4369 = VECTOR('',#4370,1.);
#4370 = DIRECTION('',(1.,0.,0.));
#4371 = PCURVE('',#1140,#4372);
#4372 = DEFINITIONAL_REPRESENTATION('',(#4373),#4377);
#4373 = LINE('',#4374,#4375);
#4374 = CARTESIAN_POINT('',(6.28318530718,-0.));
#4375 = VECTOR('',#4376,1.);
#4376 = DIRECTION('',(0.,1.));
#4377 = ( GEOMETRIC_REPRESENTATION_CONTEXT(2) 
PARAMETRIC_REPRESENTATION_CONTEXT() REPRESENTATION_CONTEXT('2D SPACE',''
  ) );
#4378 = PCURVE('',#1140,#4379);
#4379 = DEFINITIONAL_REPRESENTATION('',(#4380),#4384);
#4380 = LINE('',#4381,#4382);
#4381 = CARTESIAN_POINT('',(0.,-0.));
#4382 = VECTOR('',#4383,1.);
#4383 = DIRECTION('',(0.,1.));
#4384 = ( GEOMETRIC_REPRESENTATION_CONTEXT(2) 
PARAMETRIC_REPRESENTATION_CONTEXT() REPRESENTATION_CONTEXT('2D SPACE',''
  ) );
#4385 = ORIENTED_EDGE('',*,*,#1119,.T.);
#4386 = ORIENTED_EDGE('',*,*,#4365,.T.);
#4387 = ADVANCED_FACE('',(#4388),#1105,.F.);
#4388 = FACE_BOUND('',#4389,.F.);
#4389 = EDGE_LOOP('',(#4390,#4391,#4412,#4413));
#4390 = ORIENTED_EDGE('',*,*,#2926,.F.);
#4391 = ORIENTED_EDGE('',*,*,#4392,.F.);
#4392 = EDGE_CURVE('',#1085,#2927,#4393,.T.);
#4393 = SEAM_CURVE('',#4394,(#4398,#4405),.PCURVE_S1.);
#4394 = LINE('',#4395,#4396);
#4395 = CARTESIAN_POINT('',(-4.,-110.,229.52050807568));
#4396 = VECTOR('',#4397,1.);
#4397 = DIRECTION('',(1.,0.,0.));
#4398 = PCURVE('',#1105,#4399);
#4399 = DEFINITIONAL_REPRESENTATION('',(#4400),#4404);
#4400 = LINE('',#4401,#4402);
#4401 = CARTESIAN_POINT('',(6.28318530718,-0.));
#4402 = VECTOR('',#4403,1.);
#4403 = DIRECTION('',(0.,1.));
#4404 = ( GEOMETRIC_REPRESENTATION_CONTEXT(2) 
PARAMETRIC_REPRESENTATION_CONTEXT() REPRESENTATION_CONTEXT('2D SPACE',''
  ) );
#4405 = PCURVE('',#1105,#4406);
#4406 = DEFINITIONAL_REPRESENTATION('',(#4407),#4411);
#4407 = LINE('',#4408,#4409);
#4408 = CARTESIAN_POINT('',(0.,-0.));
#4409 = VECTOR('',#4410,1.);
#4410 = DIRECTION('',(0.,1.));
#4411 = ( GEOMETRIC_REPRESENTATION_CONTEXT(2) 
PARAMETRIC_REPRESENTATION_CONTEXT() REPRESENTATION_CONTEXT('2D SPACE',''
  ) );
#4412 = ORIENTED_EDGE('',*,*,#1084,.T.);
#4413 = ORIENTED_EDGE('',*,*,#4392,.T.);
#4414 = ADVANCED_FACE('',(#4415),#1210,.F.);
#4415 = FACE_BOUND('',#4416,.F.);
#4416 = EDGE_LOOP('',(#4417,#4418,#4439,#4440));
#4417 = ORIENTED_EDGE('',*,*,#3016,.T.);
#4418 = ORIENTED_EDGE('',*,*,#4419,.F.);
#4419 = EDGE_CURVE('',#1190,#3017,#4420,.T.);
#4420 = SEAM_CURVE('',#4421,(#4425,#4432),.PCURVE_S1.);
#4421 = LINE('',#4422,#4423);
#4422 = CARTESIAN_POINT('',(-4.,-65.,264.3375));
#4423 = VECTOR('',#4424,1.);
#4424 = DIRECTION('',(1.,0.,0.));
#4425 = PCURVE('',#1210,#4426);
#4426 = DEFINITIONAL_REPRESENTATION('',(#4427),#4431);
#4427 = LINE('',#4428,#4429);
#4428 = CARTESIAN_POINT('',(0.,-0.));
#4429 = VECTOR('',#4430,1.);
#4430 = DIRECTION('',(0.,1.));
#4431 = ( GEOMETRIC_REPRESENTATION_CONTEXT(2) 
PARAMETRIC_REPRESENTATION_CONTEXT() REPRESENTATION_CONTEXT('2D SPACE',''
  ) );
#4432 = PCURVE('',#1210,#4433);
#4433 = DEFINITIONAL_REPRESENTATION('',(#4434),#4438);
#4434 = LINE('',#4435,#4436);
#4435 = CARTESIAN_POINT('',(6.28318530718,-0.));
#4436 = VECTOR('',#4437,1.);
#4437 = DIRECTION('',(0.,1.));
#4438 = ( GEOMETRIC_REPRESENTATION_CONTEXT(2) 
PARAMETRIC_REPRESENTATION_CONTEXT() REPRESENTATION_CONTEXT('2D SPACE',''
  ) );
#4439 = ORIENTED_EDGE('',*,*,#1189,.T.);
#4440 = ORIENTED_EDGE('',*,*,#4419,.T.);
#4441 = ADVANCED_FACE('',(#4442),#1175,.F.);
#4442 = FACE_BOUND('',#4443,.F.);
#4443 = EDGE_LOOP('',(#4444,#4445,#4466,#4467));
#4444 = ORIENTED_EDGE('',*,*,#2986,.F.);
#4445 = ORIENTED_EDGE('',*,*,#4446,.F.);
#4446 = EDGE_CURVE('',#1155,#2987,#4447,.T.);
#4447 = SEAM_CURVE('',#4448,(#4452,#4459),.PCURVE_S1.);
#4448 = LINE('',#4449,#4450);
#4449 = CARTESIAN_POINT('',(-4.,-75.,234.87949192431));
#4450 = VECTOR('',#4451,1.);
#4451 = DIRECTION('',(1.,0.,0.));
#4452 = PCURVE('',#1175,#4453);
#4453 = DEFINITIONAL_REPRESENTATION('',(#4454),#4458);
#4454 = LINE('',#4455,#4456);
#4455 = CARTESIAN_POINT('',(6.28318530718,-0.));
#4456 = VECTOR('',#4457,1.);
#4457 = DIRECTION('',(0.,1.));
#4458 = ( GEOMETRIC_REPRESENTATION_CONTEXT(2) 
PARAMETRIC_REPRESENTATION_CONTEXT() REPRESENTATION_CONTEXT('2D SPACE',''
  ) );
#4459 = PCURVE('',#1175,#4460);
#4460 = DEFINITIONAL_REPRESENTATION('',(#4461),#4465);
#4461 = LINE('',#4462,#4463);
#4462 = CARTESIAN_POINT('',(0.,-0.));
#4463 = VECTOR('',#4464,1.);
#4464 = DIRECTION('',(0.,1.));
#4465 = ( GEOMETRIC_REPRESENTATION_CONTEXT(2) 
PARAMETRIC_REPRESENTATION_CONTEXT() REPRESENTATION_CONTEXT('2D SPACE',''
  ) );
#4466 = ORIENTED_EDGE('',*,*,#1154,.T.);
#4467 = ORIENTED_EDGE('',*,*,#4446,.T.);
#4468 = ADVANCED_FACE('',(#4469),#100,.T.);
#4469 = FACE_BOUND('',#4470,.T.);
#4470 = EDGE_LOOP('',(#4471,#4472,#4492,#4493));
#4471 = ORIENTED_EDGE('',*,*,#2230,.F.);
#4472 = ORIENTED_EDGE('',*,*,#4473,.F.);
#4473 = EDGE_CURVE('',#230,#2231,#4474,.T.);
#4474 = SURFACE_CURVE('',#4475,(#4479,#4485),.PCURVE_S1.);
#4475 = LINE('',#4476,#4477);
#4476 = CARTESIAN_POINT('',(-3.,40.,394.));
#4477 = VECTOR('',#4478,1.);
#4478 = DIRECTION('',(1.,0.,0.));
#4479 = PCURVE('',#100,#4480);
#4480 = DEFINITIONAL_REPRESENTATION('',(#4481),#4484);
#4481 = B_SPLINE_CURVE_WITH_KNOTS('',1,(#4482,#4483),.UNSPECIFIED.,.F.,
  .F.,(2,2),(0.,6.),.PIECEWISE_BEZIER_KNOTS.);
#4482 = CARTESIAN_POINT('',(0.,0.));
#4483 = CARTESIAN_POINT('',(0.,6.));
#4484 = ( GEOMETRIC_REPRESENTATION_CONTEXT(2) 
PARAMETRIC_REPRESENTATION_CONTEXT() REPRESENTATION_CONTEXT('2D SPACE',''
  ) );
#4485 = PCURVE('',#273,#4486);
#4486 = DEFINITIONAL_REPRESENTATION('',(#4487),#4491);
#4487 = LINE('',#4488,#4489);
#4488 = CARTESIAN_POINT('',(0.,0.));
#4489 = VECTOR('',#4490,1.);
#4490 = DIRECTION('',(0.,-1.));
#4491 = ( GEOMETRIC_REPRESENTATION_CONTEXT(2) 
PARAMETRIC_REPRESENTATION_CONTEXT() REPRESENTATION_CONTEXT('2D SPACE',''
  ) );
#4492 = ORIENTED_EDGE('',*,*,#229,.T.);
#4493 = ORIENTED_EDGE('',*,*,#84,.T.);
#4494 = ADVANCED_FACE('',(#4495),#1280,.F.);
#4495 = FACE_BOUND('',#4496,.F.);
#4496 = EDGE_LOOP('',(#4497,#4498,#4519,#4520));
#4497 = ORIENTED_EDGE('',*,*,#3072,.F.);
#4498 = ORIENTED_EDGE('',*,*,#4499,.F.);
#4499 = EDGE_CURVE('',#1260,#3073,#4500,.T.);
#4500 = SEAM_CURVE('',#4501,(#4505,#4512),.PCURVE_S1.);
#4501 = LINE('',#4502,#4503);
#4502 = CARTESIAN_POINT('',(-4.,-45.,252.2));
#4503 = VECTOR('',#4504,1.);
#4504 = DIRECTION('',(1.,0.,0.));
#4505 = PCURVE('',#1280,#4506);
#4506 = DEFINITIONAL_REPRESENTATION('',(#4507),#4511);
#4507 = LINE('',#4508,#4509);
#4508 = CARTESIAN_POINT('',(6.28318530718,-0.));
#4509 = VECTOR('',#4510,1.);
#4510 = DIRECTION('',(0.,1.));
#4511 = ( GEOMETRIC_REPRESENTATION_CONTEXT(2) 
PARAMETRIC_REPRESENTATION_CONTEXT() REPRESENTATION_CONTEXT('2D SPACE',''
  ) );
#4512 = PCURVE('',#1280,#4513);
#4513 = DEFINITIONAL_REPRESENTATION('',(#4514),#4518);
#4514 = LINE('',#4515,#4516);
#4515 = CARTESIAN_POINT('',(0.,-0.));
#4516 = VECTOR('',#4517,1.);
#4517 = DIRECTION('',(0.,1.));
#4518 = ( GEOMETRIC_REPRESENTATION_CONTEXT(2) 
PARAMETRIC_REPRESENTATION_CONTEXT() REPRESENTATION_CONTEXT('2D SPACE',''
  ) );
#4519 = ORIENTED_EDGE('',*,*,#1259,.T.);
#4520 = ORIENTED_EDGE('',*,*,#4499,.T.);
#4521 = ADVANCED_FACE('',(#4522),#1245,.F.);
#4522 = FACE_BOUND('',#4523,.F.);
#4523 = EDGE_LOOP('',(#4524,#4525,#4546,#4547));
#4524 = ORIENTED_EDGE('',*,*,#3042,.F.);
#4525 = ORIENTED_EDGE('',*,*,#4526,.F.);
#4526 = EDGE_CURVE('',#1225,#3043,#4527,.T.);
#4527 = SEAM_CURVE('',#4528,(#4532,#4539),.PCURVE_S1.);
#4528 = LINE('',#4529,#4530);
#4529 = CARTESIAN_POINT('',(-4.,-75.,269.52050807568));
#4530 = VECTOR('',#4531,1.);
#4531 = DIRECTION('',(1.,0.,0.));
#4532 = PCURVE('',#1245,#4533);
#4533 = DEFINITIONAL_REPRESENTATION('',(#4534),#4538);
#4534 = LINE('',#4535,#4536);
#4535 = CARTESIAN_POINT('',(6.28318530718,-0.));
#4536 = VECTOR('',#4537,1.);
#4537 = DIRECTION('',(0.,1.));
#4538 = ( GEOMETRIC_REPRESENTATION_CONTEXT(2) 
PARAMETRIC_REPRESENTATION_CONTEXT() REPRESENTATION_CONTEXT('2D SPACE',''
  ) );
#4539 = PCURVE('',#1245,#4540);
#4540 = DEFINITIONAL_REPRESENTATION('',(#4541),#4545);
#4541 = LINE('',#4542,#4543);
#4542 = CARTESIAN_POINT('',(0.,-0.));
#4543 = VECTOR('',#4544,1.);
#4544 = DIRECTION('',(0.,1.));
#4545 = ( GEOMETRIC_REPRESENTATION_CONTEXT(2) 
PARAMETRIC_REPRESENTATION_CONTEXT() REPRESENTATION_CONTEXT('2D SPACE',''
  ) );
#4546 = ORIENTED_EDGE('',*,*,#1224,.T.);
#4547 = ORIENTED_EDGE('',*,*,#4526,.T.);
#4548 = ADVANCED_FACE('',(#4549),#1350,.F.);
#4549 = FACE_BOUND('',#4550,.F.);
#4550 = EDGE_LOOP('',(#4551,#4552,#4573,#4574));
#4551 = ORIENTED_EDGE('',*,*,#3132,.T.);
#4552 = ORIENTED_EDGE('',*,*,#4553,.F.);
#4553 = EDGE_CURVE('',#1330,#3133,#4554,.T.);
#4554 = SEAM_CURVE('',#4555,(#4559,#4566),.PCURVE_S1.);
#4555 = LINE('',#4556,#4557);
#4556 = CARTESIAN_POINT('',(-4.,-30.,304.3375));
#4557 = VECTOR('',#4558,1.);
#4558 = DIRECTION('',(1.,0.,0.));
#4559 = PCURVE('',#1350,#4560);
#4560 = DEFINITIONAL_REPRESENTATION('',(#4561),#4565);
#4561 = LINE('',#4562,#4563);
#4562 = CARTESIAN_POINT('',(0.,-0.));
#4563 = VECTOR('',#4564,1.);
#4564 = DIRECTION('',(0.,1.));
#4565 = ( GEOMETRIC_REPRESENTATION_CONTEXT(2) 
PARAMETRIC_REPRESENTATION_CONTEXT() REPRESENTATION_CONTEXT('2D SPACE',''
  ) );
#4566 = PCURVE('',#1350,#4567);
#4567 = DEFINITIONAL_REPRESENTATION('',(#4568),#4572);
#4568 = LINE('',#4569,#4570);
#4569 = CARTESIAN_POINT('',(6.28318530718,-0.));
#4570 = VECTOR('',#4571,1.);
#4571 = DIRECTION('',(0.,1.));
#4572 = ( GEOMETRIC_REPRESENTATION_CONTEXT(2) 
PARAMETRIC_REPRESENTATION_CONTEXT() REPRESENTATION_CONTEXT('2D SPACE',''
  ) );
#4573 = ORIENTED_EDGE('',*,*,#1329,.T.);
#4574 = ORIENTED_EDGE('',*,*,#4553,.T.);
#4575 = ADVANCED_FACE('',(#4576),#1315,.F.);
#4576 = FACE_BOUND('',#4577,.F.);
#4577 = EDGE_LOOP('',(#4578,#4579,#4600,#4601));
#4578 = ORIENTED_EDGE('',*,*,#3102,.F.);
#4579 = ORIENTED_EDGE('',*,*,#4580,.F.);
#4580 = EDGE_CURVE('',#1295,#3103,#4581,.T.);
#4581 = SEAM_CURVE('',#4582,(#4586,#4593),.PCURVE_S1.);
#4582 = LINE('',#4583,#4584);
#4583 = CARTESIAN_POINT('',(-4.,-40.,274.87949192431));
#4584 = VECTOR('',#4585,1.);
#4585 = DIRECTION('',(1.,0.,0.));
#4586 = PCURVE('',#1315,#4587);
#4587 = DEFINITIONAL_REPRESENTATION('',(#4588),#4592);
#4588 = LINE('',#4589,#4590);
#4589 = CARTESIAN_POINT('',(6.28318530718,-0.));
#4590 = VECTOR('',#4591,1.);
#4591 = DIRECTION('',(0.,1.));
#4592 = ( GEOMETRIC_REPRESENTATION_CONTEXT(2) 
PARAMETRIC_REPRESENTATION_CONTEXT() REPRESENTATION_CONTEXT('2D SPACE',''
  ) );
#4593 = PCURVE('',#1315,#4594);
#4594 = DEFINITIONAL_REPRESENTATION('',(#4595),#4599);
#4595 = LINE('',#4596,#4597);
#4596 = CARTESIAN_POINT('',(0.,-0.));
#4597 = VECTOR('',#4598,1.);
#4598 = DIRECTION('',(0.,1.));
#4599 = ( GEOMETRIC_REPRESENTATION_CONTEXT(2) 
PARAMETRIC_REPRESENTATION_CONTEXT() REPRESENTATION_CONTEXT('2D SPACE',''
  ) );
#4600 = ORIENTED_EDGE('',*,*,#1294,.T.);
#4601 = ORIENTED_EDGE('',*,*,#4580,.T.);
#4602 = ADVANCED_FACE('',(#4603),#273,.T.);
#4603 = FACE_BOUND('',#4604,.T.);
#4604 = EDGE_LOOP('',(#4605,#4606,#4607,#4627));
#4605 = ORIENTED_EDGE('',*,*,#4473,.T.);
#4606 = ORIENTED_EDGE('',*,*,#2258,.F.);
#4607 = ORIENTED_EDGE('',*,*,#4608,.F.);
#4608 = EDGE_CURVE('',#258,#2259,#4609,.T.);
#4609 = SURFACE_CURVE('',#4610,(#4614,#4621),.PCURVE_S1.);
#4610 = LINE('',#4611,#4612);
#4611 = CARTESIAN_POINT('',(-3.,116.,394.));
#4612 = VECTOR('',#4613,1.);
#4613 = DIRECTION('',(1.,0.,-0.));
#4614 = PCURVE('',#273,#4615);
#4615 = DEFINITIONAL_REPRESENTATION('',(#4616),#4620);
#4616 = LINE('',#4617,#4618);
#4617 = CARTESIAN_POINT('',(76.,0.));
#4618 = VECTOR('',#4619,1.);
#4619 = DIRECTION('',(0.,-1.));
#4620 = ( GEOMETRIC_REPRESENTATION_CONTEXT(2) 
PARAMETRIC_REPRESENTATION_CONTEXT() REPRESENTATION_CONTEXT('2D SPACE',''
  ) );
#4621 = PCURVE('',#301,#4622);
#4622 = DEFINITIONAL_REPRESENTATION('',(#4623),#4626);
#4623 = B_SPLINE_CURVE_WITH_KNOTS('',1,(#4624,#4625),.UNSPECIFIED.,.F.,
  .F.,(2,2),(0.,6.),.PIECEWISE_BEZIER_KNOTS.);
#4624 = CARTESIAN_POINT('',(24.,0.));
#4625 = CARTESIAN_POINT('',(24.,-6.));
#4626 = ( GEOMETRIC_REPRESENTATION_CONTEXT(2) 
PARAMETRIC_REPRESENTATION_CONTEXT() REPRESENTATION_CONTEXT('2D SPACE',''
  ) );
#4627 = ORIENTED_EDGE('',*,*,#257,.F.);
#4628 = ADVANCED_FACE('',(#4629),#1420,.F.);
#4629 = FACE_BOUND('',#4630,.F.);
#4630 = EDGE_LOOP('',(#4631,#4632,#4653,#4654));
#4631 = ORIENTED_EDGE('',*,*,#3188,.F.);
#4632 = ORIENTED_EDGE('',*,*,#4633,.F.);
#4633 = EDGE_CURVE('',#1400,#3189,#4634,.T.);
#4634 = SEAM_CURVE('',#4635,(#4639,#4646),.PCURVE_S1.);
#4635 = LINE('',#4636,#4637);
#4636 = CARTESIAN_POINT('',(-4.,-10.,292.2));
#4637 = VECTOR('',#4638,1.);
#4638 = DIRECTION('',(1.,0.,0.));
#4639 = PCURVE('',#1420,#4640);
#4640 = DEFINITIONAL_REPRESENTATION('',(#4641),#4645);
#4641 = LINE('',#4642,#4643);
#4642 = CARTESIAN_POINT('',(6.28318530718,-0.));
#4643 = VECTOR('',#4644,1.);
#4644 = DIRECTION('',(0.,1.));
#4645 = ( GEOMETRIC_REPRESENTATION_CONTEXT(2) 
PARAMETRIC_REPRESENTATION_CONTEXT() REPRESENTATION_CONTEXT('2D SPACE',''
  ) );
#4646 = PCURVE('',#1420,#4647);
#4647 = DEFINITIONAL_REPRESENTATION('',(#4648),#4652);
#4648 = LINE('',#4649,#4650);
#4649 = CARTESIAN_POINT('',(0.,-0.));
#4650 = VECTOR('',#4651,1.);
#4651 = DIRECTION('',(0.,1.));
#4652 = ( GEOMETRIC_REPRESENTATION_CONTEXT(2) 
PARAMETRIC_REPRESENTATION_CONTEXT() REPRESENTATION_CONTEXT('2D SPACE',''
  ) );
#4653 = ORIENTED_EDGE('',*,*,#1399,.T.);
#4654 = ORIENTED_EDGE('',*,*,#4633,.T.);
#4655 = ADVANCED_FACE('',(#4656),#1385,.F.);
#4656 = FACE_BOUND('',#4657,.F.);
#4657 = EDGE_LOOP('',(#4658,#4659,#4680,#4681));
#4658 = ORIENTED_EDGE('',*,*,#3158,.F.);
#4659 = ORIENTED_EDGE('',*,*,#4660,.F.);
#4660 = EDGE_CURVE('',#1365,#3159,#4661,.T.);
#4661 = SEAM_CURVE('',#4662,(#4666,#4673),.PCURVE_S1.);
#4662 = LINE('',#4663,#4664);
#4663 = CARTESIAN_POINT('',(-4.,-40.,309.52050807568));
#4664 = VECTOR('',#4665,1.);
#4665 = DIRECTION('',(1.,0.,0.));
#4666 = PCURVE('',#1385,#4667);
#4667 = DEFINITIONAL_REPRESENTATION('',(#4668),#4672);
#4668 = LINE('',#4669,#4670);
#4669 = CARTESIAN_POINT('',(6.28318530718,-0.));
#4670 = VECTOR('',#4671,1.);
#4671 = DIRECTION('',(0.,1.));
#4672 = ( GEOMETRIC_REPRESENTATION_CONTEXT(2) 
PARAMETRIC_REPRESENTATION_CONTEXT() REPRESENTATION_CONTEXT('2D SPACE',''
  ) );
#4673 = PCURVE('',#1385,#4674);
#4674 = DEFINITIONAL_REPRESENTATION('',(#4675),#4679);
#4675 = LINE('',#4676,#4677);
#4676 = CARTESIAN_POINT('',(0.,-0.));
#4677 = VECTOR('',#4678,1.);
#4678 = DIRECTION('',(0.,1.));
#4679 = ( GEOMETRIC_REPRESENTATION_CONTEXT(2) 
PARAMETRIC_REPRESENTATION_CONTEXT() REPRESENTATION_CONTEXT('2D SPACE',''
  ) );
#4680 = ORIENTED_EDGE('',*,*,#1364,.T.);
#4681 = ORIENTED_EDGE('',*,*,#4660,.T.);
#4682 = ADVANCED_FACE('',(#4683),#1490,.F.);
#4683 = FACE_BOUND('',#4684,.F.);
#4684 = EDGE_LOOP('',(#4685,#4686,#4707,#4708));
#4685 = ORIENTED_EDGE('',*,*,#3248,.T.);
#4686 = ORIENTED_EDGE('',*,*,#4687,.F.);
#4687 = EDGE_CURVE('',#1470,#3249,#4688,.T.);
#4688 = SEAM_CURVE('',#4689,(#4693,#4700),.PCURVE_S1.);
#4689 = LINE('',#4690,#4691);
#4690 = CARTESIAN_POINT('',(-4.,5.,344.3375));
#4691 = VECTOR('',#4692,1.);
#4692 = DIRECTION('',(1.,0.,0.));
#4693 = PCURVE('',#1490,#4694);
#4694 = DEFINITIONAL_REPRESENTATION('',(#4695),#4699);
#4695 = LINE('',#4696,#4697);
#4696 = CARTESIAN_POINT('',(0.,-0.));
#4697 = VECTOR('',#4698,1.);
#4698 = DIRECTION('',(0.,1.));
#4699 = ( GEOMETRIC_REPRESENTATION_CONTEXT(2) 
PARAMETRIC_REPRESENTATION_CONTEXT() REPRESENTATION_CONTEXT('2D SPACE',''
  ) );
#4700 = PCURVE('',#1490,#4701);
#4701 = DEFINITIONAL_REPRESENTATION('',(#4702),#4706);
#4702 = LINE('',#4703,#4704);
#4703 = CARTESIAN_POINT('',(6.28318530718,-0.));
#4704 = VECTOR('',#4705,1.);
#4705 = DIRECTION('',(0.,1.));
#4706 = ( GEOMETRIC_REPRESENTATION_CONTEXT(2) 
PARAMETRIC_REPRESENTATION_CONTEXT() REPRESENTATION_CONTEXT('2D SPACE',''
  ) );
#4707 = ORIENTED_EDGE('',*,*,#1469,.T.);
#4708 = ORIENTED_EDGE('',*,*,#4687,.T.);
#4709 = ADVANCED_FACE('',(#4710),#1455,.F.);
#4710 = FACE_BOUND('',#4711,.F.);
#4711 = EDGE_LOOP('',(#4712,#4713,#4734,#4735));
#4712 = ORIENTED_EDGE('',*,*,#3218,.F.);
#4713 = ORIENTED_EDGE('',*,*,#4714,.F.);
#4714 = EDGE_CURVE('',#1435,#3219,#4715,.T.);
#4715 = SEAM_CURVE('',#4716,(#4720,#4727),.PCURVE_S1.);
#4716 = LINE('',#4717,#4718);
#4717 = CARTESIAN_POINT('',(-4.,-5.,314.87949192431));
#4718 = VECTOR('',#4719,1.);
#4719 = DIRECTION('',(1.,0.,0.));
#4720 = PCURVE('',#1455,#4721);
#4721 = DEFINITIONAL_REPRESENTATION('',(#4722),#4726);
#4722 = LINE('',#4723,#4724);
#4723 = CARTESIAN_POINT('',(6.28318530718,-0.));
#4724 = VECTOR('',#4725,1.);
#4725 = DIRECTION('',(0.,1.));
#4726 = ( GEOMETRIC_REPRESENTATION_CONTEXT(2) 
PARAMETRIC_REPRESENTATION_CONTEXT() REPRESENTATION_CONTEXT('2D SPACE',''
  ) );
#4727 = PCURVE('',#1455,#4728);
#4728 = DEFINITIONAL_REPRESENTATION('',(#4729),#4733);
#4729 = LINE('',#4730,#4731);
#4730 = CARTESIAN_POINT('',(0.,-0.));
#4731 = VECTOR('',#4732,1.);
#4732 = DIRECTION('',(0.,1.));
#4733 = ( GEOMETRIC_REPRESENTATION_CONTEXT(2) 
PARAMETRIC_REPRESENTATION_CONTEXT() REPRESENTATION_CONTEXT('2D SPACE',''
  ) );
#4734 = ORIENTED_EDGE('',*,*,#1434,.T.);
#4735 = ORIENTED_EDGE('',*,*,#4714,.T.);
#4736 = ADVANCED_FACE('',(#4737),#419,.T.);
#4737 = FACE_BOUND('',#4738,.T.);
#4738 = EDGE_LOOP('',(#4739,#4740,#4761,#4762));
#4739 = ORIENTED_EDGE('',*,*,#403,.F.);
#4740 = ORIENTED_EDGE('',*,*,#4741,.T.);
#4741 = EDGE_CURVE('',#371,#2356,#4742,.T.);
#4742 = SURFACE_CURVE('',#4743,(#4747,#4754),.PCURVE_S1.);
#4743 = LINE('',#4744,#4745);
#4744 = CARTESIAN_POINT('',(-3.,140.,346.));
#4745 = VECTOR('',#4746,1.);
#4746 = DIRECTION('',(1.,0.,0.));
#4747 = PCURVE('',#419,#4748);
#4748 = DEFINITIONAL_REPRESENTATION('',(#4749),#4753);
#4749 = LINE('',#4750,#4751);
#4750 = CARTESIAN_POINT('',(-50.,-0.));
#4751 = VECTOR('',#4752,1.);
#4752 = DIRECTION('',(0.,-1.));
#4753 = ( GEOMETRIC_REPRESENTATION_CONTEXT(2) 
PARAMETRIC_REPRESENTATION_CONTEXT() REPRESENTATION_CONTEXT('2D SPACE',''
  ) );
#4754 = PCURVE('',#391,#4755);
#4755 = DEFINITIONAL_REPRESENTATION('',(#4756),#4760);
#4756 = LINE('',#4757,#4758);
#4757 = CARTESIAN_POINT('',(3.14159265359,0.));
#4758 = VECTOR('',#4759,1.);
#4759 = DIRECTION('',(0.,1.));
#4760 = ( GEOMETRIC_REPRESENTATION_CONTEXT(2) 
PARAMETRIC_REPRESENTATION_CONTEXT() REPRESENTATION_CONTEXT('2D SPACE',''
  ) );
#4761 = ORIENTED_EDGE('',*,*,#2383,.F.);
#4762 = ORIENTED_EDGE('',*,*,#3853,.T.);
#4763 = ADVANCED_FACE('',(#4764),#1630,.F.);
#4764 = FACE_BOUND('',#4765,.F.);
#4765 = EDGE_LOOP('',(#4766,#4767,#4788,#4789));
#4766 = ORIENTED_EDGE('',*,*,#3364,.T.);
#4767 = ORIENTED_EDGE('',*,*,#4768,.F.);
#4768 = EDGE_CURVE('',#1610,#3365,#4769,.T.);
#4769 = SEAM_CURVE('',#4770,(#4774,#4781),.PCURVE_S1.);
#4770 = LINE('',#4771,#4772);
#4771 = CARTESIAN_POINT('',(-4.,40.,384.3375));
#4772 = VECTOR('',#4773,1.);
#4773 = DIRECTION('',(1.,0.,0.));
#4774 = PCURVE('',#1630,#4775);
#4775 = DEFINITIONAL_REPRESENTATION('',(#4776),#4780);
#4776 = LINE('',#4777,#4778);
#4777 = CARTESIAN_POINT('',(0.,-0.));
#4778 = VECTOR('',#4779,1.);
#4779 = DIRECTION('',(0.,1.));
#4780 = ( GEOMETRIC_REPRESENTATION_CONTEXT(2) 
PARAMETRIC_REPRESENTATION_CONTEXT() REPRESENTATION_CONTEXT('2D SPACE',''
  ) );
#4781 = PCURVE('',#1630,#4782);
#4782 = DEFINITIONAL_REPRESENTATION('',(#4783),#4787);
#4783 = LINE('',#4784,#4785);
#4784 = CARTESIAN_POINT('',(6.28318530718,-0.));
#4785 = VECTOR('',#4786,1.);
#4786 = DIRECTION('',(0.,1.));
#4787 = ( GEOMETRIC_REPRESENTATION_CONTEXT(2) 
PARAMETRIC_REPRESENTATION_CONTEXT() REPRESENTATION_CONTEXT('2D SPACE',''
  ) );
#4788 = ORIENTED_EDGE('',*,*,#1609,.T.);
#4789 = ORIENTED_EDGE('',*,*,#4768,.T.);
#4790 = ADVANCED_FACE('',(#4791),#1665,.F.);
#4791 = FACE_BOUND('',#4792,.F.);
#4792 = EDGE_LOOP('',(#4793,#4794,#4815,#4816));
#4793 = ORIENTED_EDGE('',*,*,#3390,.F.);
#4794 = ORIENTED_EDGE('',*,*,#4795,.F.);
#4795 = EDGE_CURVE('',#1645,#3391,#4796,.T.);
#4796 = SEAM_CURVE('',#4797,(#4801,#4808),.PCURVE_S1.);
#4797 = LINE('',#4798,#4799);
#4798 = CARTESIAN_POINT('',(-4.,30.,389.52050807568));
#4799 = VECTOR('',#4800,1.);
#4800 = DIRECTION('',(1.,0.,0.));
#4801 = PCURVE('',#1665,#4802);
#4802 = DEFINITIONAL_REPRESENTATION('',(#4803),#4807);
#4803 = LINE('',#4804,#4805);
#4804 = CARTESIAN_POINT('',(6.28318530718,-0.));
#4805 = VECTOR('',#4806,1.);
#4806 = DIRECTION('',(0.,1.));
#4807 = ( GEOMETRIC_REPRESENTATION_CONTEXT(2) 
PARAMETRIC_REPRESENTATION_CONTEXT() REPRESENTATION_CONTEXT('2D SPACE',''
  ) );
#4808 = PCURVE('',#1665,#4809);
#4809 = DEFINITIONAL_REPRESENTATION('',(#4810),#4814);
#4810 = LINE('',#4811,#4812);
#4811 = CARTESIAN_POINT('',(0.,-0.));
#4812 = VECTOR('',#4813,1.);
#4813 = DIRECTION('',(0.,1.));
#4814 = ( GEOMETRIC_REPRESENTATION_CONTEXT(2) 
PARAMETRIC_REPRESENTATION_CONTEXT() REPRESENTATION_CONTEXT('2D SPACE',''
  ) );
#4815 = ORIENTED_EDGE('',*,*,#1644,.T.);
#4816 = ORIENTED_EDGE('',*,*,#4795,.T.);
#4817 = ADVANCED_FACE('',(#4818),#1560,.F.);
#4818 = FACE_BOUND('',#4819,.F.);
#4819 = EDGE_LOOP('',(#4820,#4821,#4842,#4843));
#4820 = ORIENTED_EDGE('',*,*,#3304,.F.);
#4821 = ORIENTED_EDGE('',*,*,#4822,.F.);
#4822 = EDGE_CURVE('',#1540,#3305,#4823,.T.);
#4823 = SEAM_CURVE('',#4824,(#4828,#4835),.PCURVE_S1.);
#4824 = LINE('',#4825,#4826);
#4825 = CARTESIAN_POINT('',(-4.,25.,332.2));
#4826 = VECTOR('',#4827,1.);
#4827 = DIRECTION('',(1.,0.,0.));
#4828 = PCURVE('',#1560,#4829);
#4829 = DEFINITIONAL_REPRESENTATION('',(#4830),#4834);
#4830 = LINE('',#4831,#4832);
#4831 = CARTESIAN_POINT('',(6.28318530718,-0.));
#4832 = VECTOR('',#4833,1.);
#4833 = DIRECTION('',(0.,1.));
#4834 = ( GEOMETRIC_REPRESENTATION_CONTEXT(2) 
PARAMETRIC_REPRESENTATION_CONTEXT() REPRESENTATION_CONTEXT('2D SPACE',''
  ) );
#4835 = PCURVE('',#1560,#4836);
#4836 = DEFINITIONAL_REPRESENTATION('',(#4837),#4841);
#4837 = LINE('',#4838,#4839);
#4838 = CARTESIAN_POINT('',(0.,-0.));
#4839 = VECTOR('',#4840,1.);
#4840 = DIRECTION('',(0.,1.));
#4841 = ( GEOMETRIC_REPRESENTATION_CONTEXT(2) 
PARAMETRIC_REPRESENTATION_CONTEXT() REPRESENTATION_CONTEXT('2D SPACE',''
  ) );
#4842 = ORIENTED_EDGE('',*,*,#1539,.T.);
#4843 = ORIENTED_EDGE('',*,*,#4822,.T.);
#4844 = ADVANCED_FACE('',(#4845),#1525,.F.);
#4845 = FACE_BOUND('',#4846,.F.);
#4846 = EDGE_LOOP('',(#4847,#4848,#4869,#4870));
#4847 = ORIENTED_EDGE('',*,*,#3274,.F.);
#4848 = ORIENTED_EDGE('',*,*,#4849,.F.);
#4849 = EDGE_CURVE('',#1505,#3275,#4850,.T.);
#4850 = SEAM_CURVE('',#4851,(#4855,#4862),.PCURVE_S1.);
#4851 = LINE('',#4852,#4853);
#4852 = CARTESIAN_POINT('',(-4.,-5.,349.52050807568));
#4853 = VECTOR('',#4854,1.);
#4854 = DIRECTION('',(1.,0.,0.));
#4855 = PCURVE('',#1525,#4856);
#4856 = DEFINITIONAL_REPRESENTATION('',(#4857),#4861);
#4857 = LINE('',#4858,#4859);
#4858 = CARTESIAN_POINT('',(6.28318530718,-0.));
#4859 = VECTOR('',#4860,1.);
#4860 = DIRECTION('',(0.,1.));
#4861 = ( GEOMETRIC_REPRESENTATION_CONTEXT(2) 
PARAMETRIC_REPRESENTATION_CONTEXT() REPRESENTATION_CONTEXT('2D SPACE',''
  ) );
#4862 = PCURVE('',#1525,#4863);
#4863 = DEFINITIONAL_REPRESENTATION('',(#4864),#4868);
#4864 = LINE('',#4865,#4866);
#4865 = CARTESIAN_POINT('',(0.,-0.));
#4866 = VECTOR('',#4867,1.);
#4867 = DIRECTION('',(0.,1.));
#4868 = ( GEOMETRIC_REPRESENTATION_CONTEXT(2) 
PARAMETRIC_REPRESENTATION_CONTEXT() REPRESENTATION_CONTEXT('2D SPACE',''
  ) );
#4869 = ORIENTED_EDGE('',*,*,#1504,.T.);
#4870 = ORIENTED_EDGE('',*,*,#4849,.T.);
#4871 = ADVANCED_FACE('',(#4872),#1595,.F.);
#4872 = FACE_BOUND('',#4873,.F.);
#4873 = EDGE_LOOP('',(#4874,#4875,#4896,#4897));
#4874 = ORIENTED_EDGE('',*,*,#3334,.F.);
#4875 = ORIENTED_EDGE('',*,*,#4876,.F.);
#4876 = EDGE_CURVE('',#1575,#3335,#4877,.T.);
#4877 = SEAM_CURVE('',#4878,(#4882,#4889),.PCURVE_S1.);
#4878 = LINE('',#4879,#4880);
#4879 = CARTESIAN_POINT('',(-4.,30.,354.87949192431));
#4880 = VECTOR('',#4881,1.);
#4881 = DIRECTION('',(1.,0.,0.));
#4882 = PCURVE('',#1595,#4883);
#4883 = DEFINITIONAL_REPRESENTATION('',(#4884),#4888);
#4884 = LINE('',#4885,#4886);
#4885 = CARTESIAN_POINT('',(6.28318530718,-0.));
#4886 = VECTOR('',#4887,1.);
#4887 = DIRECTION('',(0.,1.));
#4888 = ( GEOMETRIC_REPRESENTATION_CONTEXT(2) 
PARAMETRIC_REPRESENTATION_CONTEXT() REPRESENTATION_CONTEXT('2D SPACE',''
  ) );
#4889 = PCURVE('',#1595,#4890);
#4890 = DEFINITIONAL_REPRESENTATION('',(#4891),#4895);
#4891 = LINE('',#4892,#4893);
#4892 = CARTESIAN_POINT('',(0.,-0.));
#4893 = VECTOR('',#4894,1.);
#4894 = DIRECTION('',(0.,1.));
#4895 = ( GEOMETRIC_REPRESENTATION_CONTEXT(2) 
PARAMETRIC_REPRESENTATION_CONTEXT() REPRESENTATION_CONTEXT('2D SPACE',''
  ) );
#4896 = ORIENTED_EDGE('',*,*,#1574,.T.);
#4897 = ORIENTED_EDGE('',*,*,#4876,.T.);
#4898 = ADVANCED_FACE('',(#4899),#1700,.F.);
#4899 = FACE_BOUND('',#4900,.F.);
#4900 = EDGE_LOOP('',(#4901,#4902,#4923,#4924));
#4901 = ORIENTED_EDGE('',*,*,#3420,.F.);
#4902 = ORIENTED_EDGE('',*,*,#4903,.F.);
#4903 = EDGE_CURVE('',#1680,#3421,#4904,.T.);
#4904 = SEAM_CURVE('',#4905,(#4909,#4916),.PCURVE_S1.);
#4905 = LINE('',#4906,#4907);
#4906 = CARTESIAN_POINT('',(-4.,60.,372.2));
#4907 = VECTOR('',#4908,1.);
#4908 = DIRECTION('',(1.,0.,0.));
#4909 = PCURVE('',#1700,#4910);
#4910 = DEFINITIONAL_REPRESENTATION('',(#4911),#4915);
#4911 = LINE('',#4912,#4913);
#4912 = CARTESIAN_POINT('',(6.28318530718,-0.));
#4913 = VECTOR('',#4914,1.);
#4914 = DIRECTION('',(0.,1.));
#4915 = ( GEOMETRIC_REPRESENTATION_CONTEXT(2) 
PARAMETRIC_REPRESENTATION_CONTEXT() REPRESENTATION_CONTEXT('2D SPACE',''
  ) );
#4916 = PCURVE('',#1700,#4917);
#4917 = DEFINITIONAL_REPRESENTATION('',(#4918),#4922);
#4918 = LINE('',#4919,#4920);
#4919 = CARTESIAN_POINT('',(0.,-0.));
#4920 = VECTOR('',#4921,1.);
#4921 = DIRECTION('',(0.,1.));
#4922 = ( GEOMETRIC_REPRESENTATION_CONTEXT(2) 
PARAMETRIC_REPRESENTATION_CONTEXT() REPRESENTATION_CONTEXT('2D SPACE',''
  ) );
#4923 = ORIENTED_EDGE('',*,*,#1679,.T.);
#4924 = ORIENTED_EDGE('',*,*,#4903,.T.);
#4925 = ADVANCED_FACE('',(#4926),#301,.T.);
#4926 = FACE_BOUND('',#4927,.T.);
#4927 = EDGE_LOOP('',(#4928,#4929,#4930,#4931));
#4928 = ORIENTED_EDGE('',*,*,#285,.F.);
#4929 = ORIENTED_EDGE('',*,*,#4608,.T.);
#4930 = ORIENTED_EDGE('',*,*,#2281,.T.);
#4931 = ORIENTED_EDGE('',*,*,#4932,.F.);
#4932 = EDGE_CURVE('',#286,#2282,#4933,.T.);
#4933 = SURFACE_CURVE('',#4934,(#4938,#4944),.PCURVE_S1.);
#4934 = LINE('',#4935,#4936);
#4935 = CARTESIAN_POINT('',(-3.,116.,420.57779489814));
#4936 = VECTOR('',#4937,1.);
#4937 = DIRECTION('',(1.,0.,0.));
#4938 = PCURVE('',#301,#4939);
#4939 = DEFINITIONAL_REPRESENTATION('',(#4940),#4943);
#4940 = B_SPLINE_CURVE_WITH_KNOTS('',1,(#4941,#4942),.UNSPECIFIED.,.F.,
  .F.,(2,2),(-5.999999999062E-07,6.0000006),.PIECEWISE_BEZIER_KNOTS.);
#4941 = CARTESIAN_POINT('',(50.577794898144,5.999999999062E-07));
#4942 = CARTESIAN_POINT('',(50.577794898144,-6.0000006));
#4943 = ( GEOMETRIC_REPRESENTATION_CONTEXT(2) 
PARAMETRIC_REPRESENTATION_CONTEXT() REPRESENTATION_CONTEXT('2D SPACE',''
  ) );
#4944 = PCURVE('',#330,#4945);
#4945 = DEFINITIONAL_REPRESENTATION('',(#4946),#4949);
#4946 = B_SPLINE_CURVE_WITH_KNOTS('',1,(#4947,#4948),.UNSPECIFIED.,.F.,
  .F.,(2,2),(0.,6.),.PIECEWISE_BEZIER_KNOTS.);
#4947 = CARTESIAN_POINT('',(8.395081159932,0.));
#4948 = CARTESIAN_POINT('',(8.395081159932,6.));
#4949 = ( GEOMETRIC_REPRESENTATION_CONTEXT(2) 
PARAMETRIC_REPRESENTATION_CONTEXT() REPRESENTATION_CONTEXT('2D SPACE',''
  ) );
#4950 = ADVANCED_FACE('',(#4951),#391,.T.);
#4951 = FACE_BOUND('',#4952,.T.);
#4952 = EDGE_LOOP('',(#4953,#4954,#4975,#4976));
#4953 = ORIENTED_EDGE('',*,*,#370,.T.);
#4954 = ORIENTED_EDGE('',*,*,#4955,.T.);
#4955 = EDGE_CURVE('',#343,#2333,#4956,.T.);
#4956 = SURFACE_CURVE('',#4957,(#4961,#4968),.PCURVE_S1.);
#4957 = LINE('',#4958,#4959);
#4958 = CARTESIAN_POINT('',(-3.,164.,370.));
#4959 = VECTOR('',#4960,1.);
#4960 = DIRECTION('',(1.,0.,0.));
#4961 = PCURVE('',#391,#4962);
#4962 = DEFINITIONAL_REPRESENTATION('',(#4963),#4967);
#4963 = LINE('',#4964,#4965);
#4964 = CARTESIAN_POINT('',(4.712388980385,0.));
#4965 = VECTOR('',#4966,1.);
#4966 = DIRECTION('',(0.,1.));
#4967 = ( GEOMETRIC_REPRESENTATION_CONTEXT(2) 
PARAMETRIC_REPRESENTATION_CONTEXT() REPRESENTATION_CONTEXT('2D SPACE',''
  ) );
#4968 = PCURVE('',#358,#4969);
#4969 = DEFINITIONAL_REPRESENTATION('',(#4970),#4974);
#4970 = LINE('',#4971,#4972);
#4971 = CARTESIAN_POINT('',(65.,0.));
#4972 = VECTOR('',#4973,1.);
#4973 = DIRECTION('',(0.,-1.));
#4974 = ( GEOMETRIC_REPRESENTATION_CONTEXT(2) 
PARAMETRIC_REPRESENTATION_CONTEXT() REPRESENTATION_CONTEXT('2D SPACE',''
  ) );
#4975 = ORIENTED_EDGE('',*,*,#2355,.F.);
#4976 = ORIENTED_EDGE('',*,*,#4741,.F.);
#4977 = ADVANCED_FACE('',(#4978),#330,.T.);
#4978 = FACE_BOUND('',#4979,.T.);
#4979 = EDGE_LOOP('',(#4980,#4981,#5000,#5001));
#4980 = ORIENTED_EDGE('',*,*,#2304,.F.);
#4981 = ORIENTED_EDGE('',*,*,#4982,.F.);
#4982 = EDGE_CURVE('',#314,#2305,#4983,.T.);
#4983 = SURFACE_CURVE('',#4984,(#4988,#4994),.PCURVE_S1.);
#4984 = LINE('',#4985,#4986);
#4985 = CARTESIAN_POINT('',(-3.,164.,420.57779489814));
#4986 = VECTOR('',#4987,1.);
#4987 = DIRECTION('',(1.,0.,0.));
#4988 = PCURVE('',#330,#4989);
#4989 = DEFINITIONAL_REPRESENTATION('',(#4990),#4993);
#4990 = B_SPLINE_CURVE_WITH_KNOTS('',1,(#4991,#4992),.UNSPECIFIED.,.F.,
  .F.,(2,2),(0.,6.),.PIECEWISE_BEZIER_KNOTS.);
#4991 = CARTESIAN_POINT('',(4.171289454428,0.));
#4992 = CARTESIAN_POINT('',(4.171289454428,6.));
#4993 = ( GEOMETRIC_REPRESENTATION_CONTEXT(2) 
PARAMETRIC_REPRESENTATION_CONTEXT() REPRESENTATION_CONTEXT('2D SPACE',''
  ) );
#4994 = PCURVE('',#358,#4995);
#4995 = DEFINITIONAL_REPRESENTATION('',(#4996),#4999);
#4996 = B_SPLINE_CURVE_WITH_KNOTS('',1,(#4997,#4998),.UNSPECIFIED.,.F.,
  .F.,(2,2),(-5.999999999062E-07,6.0000006),.PIECEWISE_BEZIER_KNOTS.);
#4997 = CARTESIAN_POINT('',(14.422205101856,5.999999999062E-07));
#4998 = CARTESIAN_POINT('',(14.422205101856,-6.0000006));
#4999 = ( GEOMETRIC_REPRESENTATION_CONTEXT(2) 
PARAMETRIC_REPRESENTATION_CONTEXT() REPRESENTATION_CONTEXT('2D SPACE',''
  ) );
#5000 = ORIENTED_EDGE('',*,*,#313,.F.);
#5001 = ORIENTED_EDGE('',*,*,#4932,.T.);
#5002 = ADVANCED_FACE('',(#5003),#1770,.F.);
#5003 = FACE_BOUND('',#5004,.F.);
#5004 = EDGE_LOOP('',(#5005,#5006,#5027,#5028));
#5005 = ORIENTED_EDGE('',*,*,#3480,.T.);
#5006 = ORIENTED_EDGE('',*,*,#5007,.F.);
#5007 = EDGE_CURVE('',#1750,#3481,#5008,.T.);
#5008 = SEAM_CURVE('',#5009,(#5013,#5020),.PCURVE_S1.);
#5009 = LINE('',#5010,#5011);
#5010 = CARTESIAN_POINT('',(-4.,90.,384.3375));
#5011 = VECTOR('',#5012,1.);
#5012 = DIRECTION('',(1.,0.,0.));
#5013 = PCURVE('',#1770,#5014);
#5014 = DEFINITIONAL_REPRESENTATION('',(#5015),#5019);
#5015 = LINE('',#5016,#5017);
#5016 = CARTESIAN_POINT('',(0.,-0.));
#5017 = VECTOR('',#5018,1.);
#5018 = DIRECTION('',(0.,1.));
#5019 = ( GEOMETRIC_REPRESENTATION_CONTEXT(2) 
PARAMETRIC_REPRESENTATION_CONTEXT() REPRESENTATION_CONTEXT('2D SPACE',''
  ) );
#5020 = PCURVE('',#1770,#5021);
#5021 = DEFINITIONAL_REPRESENTATION('',(#5022),#5026);
#5022 = LINE('',#5023,#5024);
#5023 = CARTESIAN_POINT('',(6.28318530718,-0.));
#5024 = VECTOR('',#5025,1.);
#5025 = DIRECTION('',(0.,1.));
#5026 = ( GEOMETRIC_REPRESENTATION_CONTEXT(2) 
PARAMETRIC_REPRESENTATION_CONTEXT() REPRESENTATION_CONTEXT('2D SPACE',''
  ) );
#5027 = ORIENTED_EDGE('',*,*,#1749,.T.);
#5028 = ORIENTED_EDGE('',*,*,#5007,.T.);
#5029 = ADVANCED_FACE('',(#5030),#1805,.F.);
#5030 = FACE_BOUND('',#5031,.F.);
#5031 = EDGE_LOOP('',(#5032,#5033,#5054,#5055));
#5032 = ORIENTED_EDGE('',*,*,#3506,.F.);
#5033 = ORIENTED_EDGE('',*,*,#5034,.F.);
#5034 = EDGE_CURVE('',#1785,#3507,#5035,.T.);
#5035 = SEAM_CURVE('',#5036,(#5040,#5047),.PCURVE_S1.);
#5036 = LINE('',#5037,#5038);
#5037 = CARTESIAN_POINT('',(-4.,80.,389.52050807568));
#5038 = VECTOR('',#5039,1.);
#5039 = DIRECTION('',(1.,0.,0.));
#5040 = PCURVE('',#1805,#5041);
#5041 = DEFINITIONAL_REPRESENTATION('',(#5042),#5046);
#5042 = LINE('',#5043,#5044);
#5043 = CARTESIAN_POINT('',(6.28318530718,-0.));
#5044 = VECTOR('',#5045,1.);
#5045 = DIRECTION('',(0.,1.));
#5046 = ( GEOMETRIC_REPRESENTATION_CONTEXT(2) 
PARAMETRIC_REPRESENTATION_CONTEXT() REPRESENTATION_CONTEXT('2D SPACE',''
  ) );
#5047 = PCURVE('',#1805,#5048);
#5048 = DEFINITIONAL_REPRESENTATION('',(#5049),#5053);
#5049 = LINE('',#5050,#5051);
#5050 = CARTESIAN_POINT('',(0.,-0.));
#5051 = VECTOR('',#5052,1.);
#5052 = DIRECTION('',(0.,1.));
#5053 = ( GEOMETRIC_REPRESENTATION_CONTEXT(2) 
PARAMETRIC_REPRESENTATION_CONTEXT() REPRESENTATION_CONTEXT('2D SPACE',''
  ) );
#5054 = ORIENTED_EDGE('',*,*,#1784,.T.);
#5055 = ORIENTED_EDGE('',*,*,#5034,.T.);
#5056 = ADVANCED_FACE('',(#5057),#1735,.F.);
#5057 = FACE_BOUND('',#5058,.F.);
#5058 = EDGE_LOOP('',(#5059,#5060,#5081,#5082));
#5059 = ORIENTED_EDGE('',*,*,#3450,.F.);
#5060 = ORIENTED_EDGE('',*,*,#5061,.F.);
#5061 = EDGE_CURVE('',#1715,#3451,#5062,.T.);
#5062 = SEAM_CURVE('',#5063,(#5067,#5074),.PCURVE_S1.);
#5063 = LINE('',#5064,#5065);
#5064 = CARTESIAN_POINT('',(-4.,80.,354.87949192431));
#5065 = VECTOR('',#5066,1.);
#5066 = DIRECTION('',(1.,0.,0.));
#5067 = PCURVE('',#1735,#5068);
#5068 = DEFINITIONAL_REPRESENTATION('',(#5069),#5073);
#5069 = LINE('',#5070,#5071);
#5070 = CARTESIAN_POINT('',(6.28318530718,-0.));
#5071 = VECTOR('',#5072,1.);
#5072 = DIRECTION('',(0.,1.));
#5073 = ( GEOMETRIC_REPRESENTATION_CONTEXT(2) 
PARAMETRIC_REPRESENTATION_CONTEXT() REPRESENTATION_CONTEXT('2D SPACE',''
  ) );
#5074 = PCURVE('',#1735,#5075);
#5075 = DEFINITIONAL_REPRESENTATION('',(#5076),#5080);
#5076 = LINE('',#5077,#5078);
#5077 = CARTESIAN_POINT('',(0.,-0.));
#5078 = VECTOR('',#5079,1.);
#5079 = DIRECTION('',(0.,1.));
#5080 = ( GEOMETRIC_REPRESENTATION_CONTEXT(2) 
PARAMETRIC_REPRESENTATION_CONTEXT() REPRESENTATION_CONTEXT('2D SPACE',''
  ) );
#5081 = ORIENTED_EDGE('',*,*,#1714,.T.);
#5082 = ORIENTED_EDGE('',*,*,#5061,.T.);
#5083 = ADVANCED_FACE('',(#5084),#358,.T.);
#5084 = FACE_BOUND('',#5085,.T.);
#5085 = EDGE_LOOP('',(#5086,#5087,#5088,#5089));
#5086 = ORIENTED_EDGE('',*,*,#342,.F.);
#5087 = ORIENTED_EDGE('',*,*,#4982,.T.);
#5088 = ORIENTED_EDGE('',*,*,#2332,.T.);
#5089 = ORIENTED_EDGE('',*,*,#4955,.F.);
#5090 = ADVANCED_FACE('',(#5091),#1875,.F.);
#5091 = FACE_BOUND('',#5092,.F.);
#5092 = EDGE_LOOP('',(#5093,#5094,#5115,#5116));
#5093 = ORIENTED_EDGE('',*,*,#3566,.T.);
#5094 = ORIENTED_EDGE('',*,*,#5095,.F.);
#5095 = EDGE_CURVE('',#1855,#3567,#5096,.T.);
#5096 = SEAM_CURVE('',#5097,(#5101,#5108),.PCURVE_S1.);
#5097 = LINE('',#5098,#5099);
#5098 = CARTESIAN_POINT('',(-4.,140.,384.3375));
#5099 = VECTOR('',#5100,1.);
#5100 = DIRECTION('',(1.,0.,0.));
#5101 = PCURVE('',#1875,#5102);
#5102 = DEFINITIONAL_REPRESENTATION('',(#5103),#5107);
#5103 = LINE('',#5104,#5105);
#5104 = CARTESIAN_POINT('',(0.,-0.));
#5105 = VECTOR('',#5106,1.);
#5106 = DIRECTION('',(0.,1.));
#5107 = ( GEOMETRIC_REPRESENTATION_CONTEXT(2) 
PARAMETRIC_REPRESENTATION_CONTEXT() REPRESENTATION_CONTEXT('2D SPACE',''
  ) );
#5108 = PCURVE('',#1875,#5109);
#5109 = DEFINITIONAL_REPRESENTATION('',(#5110),#5114);
#5110 = LINE('',#5111,#5112);
#5111 = CARTESIAN_POINT('',(6.28318530718,-0.));
#5112 = VECTOR('',#5113,1.);
#5113 = DIRECTION('',(0.,1.));
#5114 = ( GEOMETRIC_REPRESENTATION_CONTEXT(2) 
PARAMETRIC_REPRESENTATION_CONTEXT() REPRESENTATION_CONTEXT('2D SPACE',''
  ) );
#5115 = ORIENTED_EDGE('',*,*,#1854,.T.);
#5116 = ORIENTED_EDGE('',*,*,#5095,.T.);
#5117 = ADVANCED_FACE('',(#5118),#1910,.F.);
#5118 = FACE_BOUND('',#5119,.F.);
#5119 = EDGE_LOOP('',(#5120,#5121,#5142,#5143));
#5120 = ORIENTED_EDGE('',*,*,#3592,.F.);
#5121 = ORIENTED_EDGE('',*,*,#5122,.F.);
#5122 = EDGE_CURVE('',#1890,#3593,#5123,.T.);
#5123 = SEAM_CURVE('',#5124,(#5128,#5135),.PCURVE_S1.);
#5124 = LINE('',#5125,#5126);
#5125 = CARTESIAN_POINT('',(-4.,130.,354.87949192431));
#5126 = VECTOR('',#5127,1.);
#5127 = DIRECTION('',(1.,0.,0.));
#5128 = PCURVE('',#1910,#5129);
#5129 = DEFINITIONAL_REPRESENTATION('',(#5130),#5134);
#5130 = LINE('',#5131,#5132);
#5131 = CARTESIAN_POINT('',(6.28318530718,-0.));
#5132 = VECTOR('',#5133,1.);
#5133 = DIRECTION('',(0.,1.));
#5134 = ( GEOMETRIC_REPRESENTATION_CONTEXT(2) 
PARAMETRIC_REPRESENTATION_CONTEXT() REPRESENTATION_CONTEXT('2D SPACE',''
  ) );
#5135 = PCURVE('',#1910,#5136);
#5136 = DEFINITIONAL_REPRESENTATION('',(#5137),#5141);
#5137 = LINE('',#5138,#5139);
#5138 = CARTESIAN_POINT('',(0.,-0.));
#5139 = VECTOR('',#5140,1.);
#5140 = DIRECTION('',(0.,1.));
#5141 = ( GEOMETRIC_REPRESENTATION_CONTEXT(2) 
PARAMETRIC_REPRESENTATION_CONTEXT() REPRESENTATION_CONTEXT('2D SPACE',''
  ) );
#5142 = ORIENTED_EDGE('',*,*,#1889,.T.);
#5143 = ORIENTED_EDGE('',*,*,#5122,.T.);
#5144 = ADVANCED_FACE('',(#5145),#1840,.F.);
#5145 = FACE_BOUND('',#5146,.F.);
#5146 = EDGE_LOOP('',(#5147,#5148,#5169,#5170));
#5147 = ORIENTED_EDGE('',*,*,#3536,.F.);
#5148 = ORIENTED_EDGE('',*,*,#5149,.F.);
#5149 = EDGE_CURVE('',#1820,#3537,#5150,.T.);
#5150 = SEAM_CURVE('',#5151,(#5155,#5162),.PCURVE_S1.);
#5151 = LINE('',#5152,#5153);
#5152 = CARTESIAN_POINT('',(-4.,110.,372.2));
#5153 = VECTOR('',#5154,1.);
#5154 = DIRECTION('',(1.,0.,0.));
#5155 = PCURVE('',#1840,#5156);
#5156 = DEFINITIONAL_REPRESENTATION('',(#5157),#5161);
#5157 = LINE('',#5158,#5159);
#5158 = CARTESIAN_POINT('',(6.28318530718,-0.));
#5159 = VECTOR('',#5160,1.);
#5160 = DIRECTION('',(0.,1.));
#5161 = ( GEOMETRIC_REPRESENTATION_CONTEXT(2) 
PARAMETRIC_REPRESENTATION_CONTEXT() REPRESENTATION_CONTEXT('2D SPACE',''
  ) );
#5162 = PCURVE('',#1840,#5163);
#5163 = DEFINITIONAL_REPRESENTATION('',(#5164),#5168);
#5164 = LINE('',#5165,#5166);
#5165 = CARTESIAN_POINT('',(0.,-0.));
#5166 = VECTOR('',#5167,1.);
#5167 = DIRECTION('',(0.,1.));
#5168 = ( GEOMETRIC_REPRESENTATION_CONTEXT(2) 
PARAMETRIC_REPRESENTATION_CONTEXT() REPRESENTATION_CONTEXT('2D SPACE',''
  ) );
#5169 = ORIENTED_EDGE('',*,*,#1819,.T.);
#5170 = ORIENTED_EDGE('',*,*,#5149,.T.);
#5171 = ADVANCED_FACE('',(#5172),#1980,.F.);
#5172 = FACE_BOUND('',#5173,.F.);
#5173 = EDGE_LOOP('',(#5174,#5175,#5196,#5197));
#5174 = ORIENTED_EDGE('',*,*,#3652,.T.);
#5175 = ORIENTED_EDGE('',*,*,#5176,.F.);
#5176 = EDGE_CURVE('',#1960,#3653,#5177,.T.);
#5177 = SEAM_CURVE('',#5178,(#5182,#5189),.PCURVE_S1.);
#5178 = LINE('',#5179,#5180);
#5179 = CARTESIAN_POINT('',(-4.,160.,372.2));
#5180 = VECTOR('',#5181,1.);
#5181 = DIRECTION('',(1.,0.,0.));
#5182 = PCURVE('',#1980,#5183);
#5183 = DEFINITIONAL_REPRESENTATION('',(#5184),#5188);
#5184 = LINE('',#5185,#5186);
#5185 = CARTESIAN_POINT('',(0.,-0.));
#5186 = VECTOR('',#5187,1.);
#5187 = DIRECTION('',(0.,1.));
#5188 = ( GEOMETRIC_REPRESENTATION_CONTEXT(2) 
PARAMETRIC_REPRESENTATION_CONTEXT() REPRESENTATION_CONTEXT('2D SPACE',''
  ) );
#5189 = PCURVE('',#1980,#5190);
#5190 = DEFINITIONAL_REPRESENTATION('',(#5191),#5195);
#5191 = LINE('',#5192,#5193);
#5192 = CARTESIAN_POINT('',(6.28318530718,-0.));
#5193 = VECTOR('',#5194,1.);
#5194 = DIRECTION('',(0.,1.));
#5195 = ( GEOMETRIC_REPRESENTATION_CONTEXT(2) 
PARAMETRIC_REPRESENTATION_CONTEXT() REPRESENTATION_CONTEXT('2D SPACE',''
  ) );
#5196 = ORIENTED_EDGE('',*,*,#1959,.T.);
#5197 = ORIENTED_EDGE('',*,*,#5176,.T.);
#5198 = ADVANCED_FACE('',(#5199),#1945,.F.);
#5199 = FACE_BOUND('',#5200,.F.);
#5200 = EDGE_LOOP('',(#5201,#5202,#5223,#5224));
#5201 = ORIENTED_EDGE('',*,*,#3622,.F.);
#5202 = ORIENTED_EDGE('',*,*,#5203,.F.);
#5203 = EDGE_CURVE('',#1925,#3623,#5204,.T.);
#5204 = SEAM_CURVE('',#5205,(#5209,#5216),.PCURVE_S1.);
#5205 = LINE('',#5206,#5207);
#5206 = CARTESIAN_POINT('',(-4.,130.,389.52050807568));
#5207 = VECTOR('',#5208,1.);
#5208 = DIRECTION('',(1.,0.,0.));
#5209 = PCURVE('',#1945,#5210);
#5210 = DEFINITIONAL_REPRESENTATION('',(#5211),#5215);
#5211 = LINE('',#5212,#5213);
#5212 = CARTESIAN_POINT('',(6.28318530718,-0.));
#5213 = VECTOR('',#5214,1.);
#5214 = DIRECTION('',(0.,1.));
#5215 = ( GEOMETRIC_REPRESENTATION_CONTEXT(2) 
PARAMETRIC_REPRESENTATION_CONTEXT() REPRESENTATION_CONTEXT('2D SPACE',''
  ) );
#5216 = PCURVE('',#1945,#5217);
#5217 = DEFINITIONAL_REPRESENTATION('',(#5218),#5222);
#5218 = LINE('',#5219,#5220);
#5219 = CARTESIAN_POINT('',(0.,-0.));
#5220 = VECTOR('',#5221,1.);
#5221 = DIRECTION('',(0.,1.));
#5222 = ( GEOMETRIC_REPRESENTATION_CONTEXT(2) 
PARAMETRIC_REPRESENTATION_CONTEXT() REPRESENTATION_CONTEXT('2D SPACE',''
  ) );
#5223 = ORIENTED_EDGE('',*,*,#1924,.T.);
#5224 = ORIENTED_EDGE('',*,*,#5203,.T.);
#5225 = ADVANCED_FACE('',(#5226),#2050,.F.);
#5226 = FACE_BOUND('',#5227,.F.);
#5227 = EDGE_LOOP('',(#5228,#5229,#5250,#5251));
#5228 = ORIENTED_EDGE('',*,*,#3708,.T.);
#5229 = ORIENTED_EDGE('',*,*,#5230,.F.);
#5230 = EDGE_CURVE('',#2030,#3709,#5231,.T.);
#5231 = SEAM_CURVE('',#5232,(#5236,#5243),.PCURVE_S1.);
#5232 = LINE('',#5233,#5234);
#5233 = CARTESIAN_POINT('',(-4.,116.8225,439.2));
#5234 = VECTOR('',#5235,1.);
#5235 = DIRECTION('',(1.,0.,0.));
#5236 = PCURVE('',#2050,#5237);
#5237 = DEFINITIONAL_REPRESENTATION('',(#5238),#5242);
#5238 = LINE('',#5239,#5240);
#5239 = CARTESIAN_POINT('',(0.,-0.));
#5240 = VECTOR('',#5241,1.);
#5241 = DIRECTION('',(0.,1.));
#5242 = ( GEOMETRIC_REPRESENTATION_CONTEXT(2) 
PARAMETRIC_REPRESENTATION_CONTEXT() REPRESENTATION_CONTEXT('2D SPACE',''
  ) );
#5243 = PCURVE('',#2050,#5244);
#5244 = DEFINITIONAL_REPRESENTATION('',(#5245),#5249);
#5245 = LINE('',#5246,#5247);
#5246 = CARTESIAN_POINT('',(6.28318530718,-0.));
#5247 = VECTOR('',#5248,1.);
#5248 = DIRECTION('',(0.,1.));
#5249 = ( GEOMETRIC_REPRESENTATION_CONTEXT(2) 
PARAMETRIC_REPRESENTATION_CONTEXT() REPRESENTATION_CONTEXT('2D SPACE',''
  ) );
#5250 = ORIENTED_EDGE('',*,*,#2029,.T.);
#5251 = ORIENTED_EDGE('',*,*,#5230,.T.);
#5252 = ADVANCED_FACE('',(#5253),#2085,.F.);
#5253 = FACE_BOUND('',#5254,.F.);
#5254 = EDGE_LOOP('',(#5255,#5256,#5277,#5278));
#5255 = ORIENTED_EDGE('',*,*,#3734,.T.);
#5256 = ORIENTED_EDGE('',*,*,#5257,.F.);
#5257 = EDGE_CURVE('',#2065,#3735,#5258,.T.);
#5258 = SEAM_CURVE('',#5259,(#5263,#5270),.PCURVE_S1.);
#5259 = LINE('',#5260,#5261);
#5260 = CARTESIAN_POINT('',(-4.,140.,447.6));
#5261 = VECTOR('',#5262,1.);
#5262 = DIRECTION('',(1.,0.,0.));
#5263 = PCURVE('',#2085,#5264);
#5264 = DEFINITIONAL_REPRESENTATION('',(#5265),#5269);
#5265 = LINE('',#5266,#5267);
#5266 = CARTESIAN_POINT('',(0.,-0.));
#5267 = VECTOR('',#5268,1.);
#5268 = DIRECTION('',(0.,1.));
#5269 = ( GEOMETRIC_REPRESENTATION_CONTEXT(2) 
PARAMETRIC_REPRESENTATION_CONTEXT() REPRESENTATION_CONTEXT('2D SPACE',''
  ) );
#5270 = PCURVE('',#2085,#5271);
#5271 = DEFINITIONAL_REPRESENTATION('',(#5272),#5276);
#5272 = LINE('',#5273,#5274);
#5273 = CARTESIAN_POINT('',(6.28318530718,-0.));
#5274 = VECTOR('',#5275,1.);
#5275 = DIRECTION('',(0.,1.));
#5276 = ( GEOMETRIC_REPRESENTATION_CONTEXT(2) 
PARAMETRIC_REPRESENTATION_CONTEXT() REPRESENTATION_CONTEXT('2D SPACE',''
  ) );
#5277 = ORIENTED_EDGE('',*,*,#2064,.T.);
#5278 = ORIENTED_EDGE('',*,*,#5257,.T.);
#5279 = ADVANCED_FACE('',(#5280),#2120,.F.);
#5280 = FACE_BOUND('',#5281,.F.);
#5281 = EDGE_LOOP('',(#5282,#5283,#5304,#5305));
#5282 = ORIENTED_EDGE('',*,*,#3760,.F.);
#5283 = ORIENTED_EDGE('',*,*,#5284,.F.);
#5284 = EDGE_CURVE('',#2100,#3761,#5285,.T.);
#5285 = SEAM_CURVE('',#5286,(#5290,#5297),.PCURVE_S1.);
#5286 = LINE('',#5287,#5288);
#5287 = CARTESIAN_POINT('',(-4.,154.49568901432,423.80431098567));
#5288 = VECTOR('',#5289,1.);
#5289 = DIRECTION('',(1.,0.,0.));
#5290 = PCURVE('',#2120,#5291);
#5291 = DEFINITIONAL_REPRESENTATION('',(#5292),#5296);
#5292 = LINE('',#5293,#5294);
#5293 = CARTESIAN_POINT('',(6.28318530718,-0.));
#5294 = VECTOR('',#5295,1.);
#5295 = DIRECTION('',(0.,1.));
#5296 = ( GEOMETRIC_REPRESENTATION_CONTEXT(2) 
PARAMETRIC_REPRESENTATION_CONTEXT() REPRESENTATION_CONTEXT('2D SPACE',''
  ) );
#5297 = PCURVE('',#2120,#5298);
#5298 = DEFINITIONAL_REPRESENTATION('',(#5299),#5303);
#5299 = LINE('',#5300,#5301);
#5300 = CARTESIAN_POINT('',(0.,-0.));
#5301 = VECTOR('',#5302,1.);
#5302 = DIRECTION('',(0.,1.));
#5303 = ( GEOMETRIC_REPRESENTATION_CONTEXT(2) 
PARAMETRIC_REPRESENTATION_CONTEXT() REPRESENTATION_CONTEXT('2D SPACE',''
  ) );
#5304 = ORIENTED_EDGE('',*,*,#2099,.T.);
#5305 = ORIENTED_EDGE('',*,*,#5284,.T.);
#5306 = ADVANCED_FACE('',(#5307),#2015,.F.);
#5307 = FACE_BOUND('',#5308,.F.);
#5308 = EDGE_LOOP('',(#5309,#5310,#5331,#5332));
#5309 = ORIENTED_EDGE('',*,*,#3678,.F.);
#5310 = ORIENTED_EDGE('',*,*,#5311,.F.);
#5311 = EDGE_CURVE('',#1995,#3679,#5312,.T.);
#5312 = SEAM_CURVE('',#5313,(#5317,#5324),.PCURVE_S1.);
#5313 = LINE('',#5314,#5315);
#5314 = CARTESIAN_POINT('',(-4.,125.50431098567,423.80431098567));
#5315 = VECTOR('',#5316,1.);
#5316 = DIRECTION('',(1.,0.,0.));
#5317 = PCURVE('',#2015,#5318);
#5318 = DEFINITIONAL_REPRESENTATION('',(#5319),#5323);
#5319 = LINE('',#5320,#5321);
#5320 = CARTESIAN_POINT('',(6.28318530718,-0.));
#5321 = VECTOR('',#5322,1.);
#5322 = DIRECTION('',(0.,1.));
#5323 = ( GEOMETRIC_REPRESENTATION_CONTEXT(2) 
PARAMETRIC_REPRESENTATION_CONTEXT() REPRESENTATION_CONTEXT('2D SPACE',''
  ) );
#5324 = PCURVE('',#2015,#5325);
#5325 = DEFINITIONAL_REPRESENTATION('',(#5326),#5330);
#5326 = LINE('',#5327,#5328);
#5327 = CARTESIAN_POINT('',(0.,-0.));
#5328 = VECTOR('',#5329,1.);
#5329 = DIRECTION('',(0.,1.));
#5330 = ( GEOMETRIC_REPRESENTATION_CONTEXT(2) 
PARAMETRIC_REPRESENTATION_CONTEXT() REPRESENTATION_CONTEXT('2D SPACE',''
  ) );
#5331 = ORIENTED_EDGE('',*,*,#1994,.T.);
#5332 = ORIENTED_EDGE('',*,*,#5311,.T.);
#5333 = ADVANCED_FACE('',(#5334),#2155,.F.);
#5334 = FACE_BOUND('',#5335,.F.);
#5335 = EDGE_LOOP('',(#5336,#5337,#5358,#5359));
#5336 = ORIENTED_EDGE('',*,*,#3790,.F.);
#5337 = ORIENTED_EDGE('',*,*,#5338,.F.);
#5338 = EDGE_CURVE('',#2135,#3791,#5339,.T.);
#5339 = SEAM_CURVE('',#5340,(#5344,#5351),.PCURVE_S1.);
#5340 = LINE('',#5341,#5342);
#5341 = CARTESIAN_POINT('',(-4.,154.49568901432,452.79568901432));
#5342 = VECTOR('',#5343,1.);
#5343 = DIRECTION('',(1.,0.,0.));
#5344 = PCURVE('',#2155,#5345);
#5345 = DEFINITIONAL_REPRESENTATION('',(#5346),#5350);
#5346 = LINE('',#5347,#5348);
#5347 = CARTESIAN_POINT('',(6.28318530718,-0.));
#5348 = VECTOR('',#5349,1.);
#5349 = DIRECTION('',(0.,1.));
#5350 = ( GEOMETRIC_REPRESENTATION_CONTEXT(2) 
PARAMETRIC_REPRESENTATION_CONTEXT() REPRESENTATION_CONTEXT('2D SPACE',''
  ) );
#5351 = PCURVE('',#2155,#5352);
#5352 = DEFINITIONAL_REPRESENTATION('',(#5353),#5357);
#5353 = LINE('',#5354,#5355);
#5354 = CARTESIAN_POINT('',(0.,-0.));
#5355 = VECTOR('',#5356,1.);
#5356 = DIRECTION('',(0.,1.));
#5357 = ( GEOMETRIC_REPRESENTATION_CONTEXT(2) 
PARAMETRIC_REPRESENTATION_CONTEXT() REPRESENTATION_CONTEXT('2D SPACE',''
  ) );
#5358 = ORIENTED_EDGE('',*,*,#2134,.T.);
#5359 = ORIENTED_EDGE('',*,*,#5338,.T.);
#5360 = ADVANCED_FACE('',(#5361),#2190,.F.);
#5361 = FACE_BOUND('',#5362,.F.);
#5362 = EDGE_LOOP('',(#5363,#5364,#5385,#5386));
#5363 = ORIENTED_EDGE('',*,*,#3820,.F.);
#5364 = ORIENTED_EDGE('',*,*,#5365,.F.);
#5365 = EDGE_CURVE('',#2170,#3821,#5366,.T.);
#5366 = SEAM_CURVE('',#5367,(#5371,#5378),.PCURVE_S1.);
#5367 = LINE('',#5368,#5369);
#5368 = CARTESIAN_POINT('',(-4.,125.50431098567,452.79568901432));
#5369 = VECTOR('',#5370,1.);
#5370 = DIRECTION('',(1.,0.,0.));
#5371 = PCURVE('',#2190,#5372);
#5372 = DEFINITIONAL_REPRESENTATION('',(#5373),#5377);
#5373 = LINE('',#5374,#5375);
#5374 = CARTESIAN_POINT('',(6.28318530718,-0.));
#5375 = VECTOR('',#5376,1.);
#5376 = DIRECTION('',(0.,1.));
#5377 = ( GEOMETRIC_REPRESENTATION_CONTEXT(2) 
PARAMETRIC_REPRESENTATION_CONTEXT() REPRESENTATION_CONTEXT('2D SPACE',''
  ) );
#5378 = PCURVE('',#2190,#5379);
#5379 = DEFINITIONAL_REPRESENTATION('',(#5380),#5384);
#5380 = LINE('',#5381,#5382);
#5381 = CARTESIAN_POINT('',(0.,-0.));
#5382 = VECTOR('',#5383,1.);
#5383 = DIRECTION('',(0.,1.));
#5384 = ( GEOMETRIC_REPRESENTATION_CONTEXT(2) 
PARAMETRIC_REPRESENTATION_CONTEXT() REPRESENTATION_CONTEXT('2D SPACE',''
  ) );
#5385 = ORIENTED_EDGE('',*,*,#2169,.T.);
#5386 = ORIENTED_EDGE('',*,*,#5365,.T.);
#5387 = ( GEOMETRIC_REPRESENTATION_CONTEXT(3) 
GLOBAL_UNCERTAINTY_ASSIGNED_CONTEXT((#5391)) 
GLOBAL_UNIT_ASSIGNED_CONTEXT((#5388,#5389,#5390)) REPRESENTATION_CONTEXT
('Context #1','3D Context with UNIT and UNCERTAINTY') );
#5388 = ( LENGTH_UNIT() NAMED_UNIT(*) SI_UNIT(.MILLI.,.METRE.) );
#5389 = ( NAMED_UNIT(*) PLANE_ANGLE_UNIT() SI_UNIT($,.RADIAN.) );
#5390 = ( NAMED_UNIT(*) SI_UNIT($,.STERADIAN.) SOLID_ANGLE_UNIT() );
#5391 = UNCERTAINTY_MEASURE_WITH_UNIT(LENGTH_MEASURE(1.E-07),#5388,
  'distance_accuracy_value','confusion accuracy');
#5392 = PRODUCT_RELATED_PRODUCT_CATEGORY('part',$,(#7));
ENDSEC;
END-ISO-10303-21;
